Timestamp,Steps,Avg_Reward_50,Epsilon,Done_Count
08:07:20,40,4.1690,0.9963,0
08:07:25,84,1.5260,0.9921,0
08:07:30,105,3.2760,0.9902,0
08:07:37,121,4.4970,0.9887,0
08:07:42,140,1.7880,0.9869,0
08:07:47,181,1.1250,0.9831,0
08:07:52,222,0.2200,0.9792,0
08:07:58,254,0.0920,0.9763,0
08:08:03,273,3.6430,0.9745,0
08:08:08,312,0.3810,0.9709,0
08:08:13,354,1.2890,0.9670,0
08:08:18,396,1.2830,0.9632,0
08:08:25,433,4.1560,0.9598,0
08:08:30,450,2.0860,0.9583,0
08:08:35,491,-0.0820,0.9546,0
08:08:40,531,-0.0440,0.9510,0
08:08:45,572,-0.0010,0.9473,0
08:08:50,610,-0.0370,0.9439,0
08:08:57,624,2.3870,0.9426,0
08:09:03,640,2.0800,0.9412,0
08:09:08,654,2.0820,0.9399,0
08:09:13,689,6.3460,0.9368,0
08:09:18,707,0.8670,0.9352,0
08:09:23,738,2.0860,0.9325,0
08:09:28,765,-0.0510,0.9301,0
08:09:33,796,-0.0610,0.9274,0
08:09:38,814,-0.0150,0.9258,0
08:09:43,849,0.5980,0.9228,0
08:09:48,869,0.6450,0.9210,0
08:09:53,905,0.5070,0.9179,0
08:09:58,941,6.0040,0.9148,0
08:10:05,961,5.4240,0.9130,0
08:10:11,991,4.7870,0.9105,0
08:10:16,1028,3.2660,0.9073,0
08:10:21,1069,3.0330,0.9038,1
08:10:27,1077,3.0060,0.9031,0
08:10:33,1104,1.5320,0.9008,0
08:10:38,1143,5.4000,0.8975,0
08:10:43,1162,4.4950,0.8959,0
08:10:48,1202,0.5220,0.8925,0
08:10:53,1235,5.3960,0.8897,0
08:11:00,1250,1.4790,0.8885,0
08:11:06,1282,6.1440,0.8858,0
08:11:14,1303,1.4760,0.8840,0
08:11:20,1328,4.5500,0.8819,0
08:11:25,1364,5.5450,0.8790,0
08:11:30,1382,4.8230,0.8775,0
08:11:35,1420,3.5730,0.8743,0
08:11:40,1453,3.4750,0.8716,0
08:11:45,1479,0.7040,0.8695,0
08:11:50,1515,0.6590,0.8665,0
08:11:55,1557,-0.0840,0.8631,0
08:12:02,1573,3.2900,0.8618,0
08:12:09,1599,4.5750,0.8597,0
08:12:14,1618,4.8950,0.8582,0
08:12:19,1653,4.1820,0.8553,0
08:12:26,1677,2.4060,0.8534,0
08:12:31,1695,-0.0320,0.8520,0
08:12:36,1735,-0.0790,0.8488,0
08:12:41,1753,4.2900,0.8473,0
08:12:47,1788,1.5520,0.8445,0
08:12:53,1818,1.4450,0.8422,0
08:12:58,1834,2.4620,0.8409,0
08:13:03,1863,2.0150,0.8386,0
08:13:08,1893,0.9650,0.8362,0
08:13:13,1924,0.1400,0.8338,0
08:13:19,1957,0.9920,0.8312,0
08:13:25,1983,2.3710,0.8292,0
08:13:30,1998,2.6910,0.8280,0
08:13:36,2025,0.8580,0.8259,0
08:13:41,2063,5.3530,0.8230,0
08:13:46,2104,2.1880,0.8198,0
08:13:54,2137,4.2090,0.8173,0
08:13:59,2175,1.2090,0.8144,0
08:14:05,2201,5.1650,0.8124,0
08:14:11,2228,10.3090,0.8103,0
08:14:17,2247,0.4030,0.8089,0
08:14:22,2283,0.8420,0.8062,0
08:14:28,2316,-0.0240,0.8037,0
08:14:33,2349,4.9790,0.8012,0
08:14:39,2373,4.8010,0.7994,0
08:14:44,2388,3.6680,0.7983,0
08:14:49,2401,1.5970,0.7973,0
08:14:54,2440,3.0000,0.7944,0
08:14:59,2482,1.1230,0.7913,0
08:15:05,2507,1.4590,0.7894,0
08:15:12,2535,8.8420,0.7873,0
08:15:17,2563,3.7890,0.7853,0
08:15:22,2604,0.0030,0.7823,0
08:15:27,2643,-0.0370,0.7794,0
08:15:32,2686,0.6690,0.7763,1
08:15:38,2693,-0.0080,0.7758,0
08:15:43,2709,1.2930,0.7746,0
08:15:48,2740,0.5070,0.7724,0
08:15:54,2757,2.1620,0.7712,0
08:16:00,2788,7.8190,0.7689,0
08:16:05,2823,2.9640,0.7664,0
08:16:10,2840,7.8060,0.7652,0
08:16:16,2859,1.8090,0.7638,0
08:16:21,2903,-0.0030,0.7607,0
08:16:26,2944,1.5890,0.7578,0
08:16:31,2969,4.7840,0.7560,0
08:16:36,3010,2.6910,0.7531,0
08:16:41,3049,0.0520,0.7504,0
08:16:46,3078,0.0590,0.7484,0
08:16:52,3103,0.0980,0.7466,0
08:16:57,3130,0.1450,0.7448,0
08:17:02,3159,0.1220,0.7427,0
08:17:07,3186,0.0920,0.7409,0
08:17:12,3213,0.0590,0.7390,0
08:17:17,3250,-0.0030,0.7365,0
08:17:22,3290,-0.0360,0.7337,0
08:17:27,3320,-0.0560,0.7317,0
08:17:32,3355,-0.0670,0.7293,0
08:17:38,3395,0.2210,0.7266,0
08:17:43,3438,-0.0820,0.7237,0
08:17:48,3457,3.2910,0.7224,0
08:17:55,3497,6.4890,0.7197,0
08:18:00,3515,6.9720,0.7185,0
08:18:05,3543,3.3750,0.7166,0
08:18:10,3573,0.3660,0.7147,0
08:18:17,3602,2.4680,0.7127,0
08:18:22,3622,3.5920,0.7114,0
08:18:27,3658,2.4020,0.7090,0
08:18:32,3697,2.3350,0.7065,0
08:18:39,3732,2.6460,0.7042,0
08:18:44,3746,6.3140,0.7033,0
08:18:49,3762,1.0100,0.7022,0
08:18:54,3787,1.0510,0.7006,0
08:18:59,3825,4.2610,0.6981,0
08:19:04,3845,1.3510,0.6968,0
08:19:09,3879,2.3290,0.6946,0
08:19:14,3915,1.5820,0.6923,0
08:19:21,3946,2.9580,0.6903,0
08:19:26,3964,2.5120,0.6892,0
08:19:31,3992,2.3380,0.6874,0
08:19:36,4031,4.6070,0.6849,0
08:19:41,4059,6.6510,0.6831,0
08:19:46,4094,0.1800,0.6809,0
08:19:51,4128,0.1700,0.6788,0
08:19:56,4165,0.2720,0.6764,0
08:20:01,4202,0.1110,0.6741,0
08:20:06,4236,0.0030,0.6720,0
08:20:11,4268,-0.0560,0.6700,0
08:20:16,4302,0.0700,0.6679,0
08:20:21,4334,0.1170,0.6659,0
08:20:27,4375,0.0430,0.6634,0
08:20:32,4417,-0.0160,0.6609,0
08:20:37,4457,0.0460,0.6584,0
08:20:42,4493,0.1180,0.6562,0
08:20:47,4531,0.3100,0.6539,0
08:20:53,4555,3.5820,0.6525,0
08:20:58,4589,4.5150,0.6504,0
08:21:03,4618,5.1080,0.6487,0
08:21:08,4635,2.6990,0.6477,0
08:21:13,4675,0.3480,0.6453,0
08:21:18,4716,1.2170,0.6429,0
08:21:23,4755,0.2280,0.6406,0
08:21:30,4792,1.6440,0.6384,0
08:21:36,4811,5.7190,0.6373,0
08:21:41,4850,3.5940,0.6350,0
08:21:47,4867,7.5140,0.6340,0
08:21:53,4888,7.8540,0.6328,0
08:21:59,4901,3.8940,0.6320,0
08:22:05,4921,0.7210,0.6308,0
08:22:10,4961,1.5120,0.6285,0
08:22:17,4981,3.0540,0.6274,0
08:22:22,5027,3.3730,0.6247,0
08:22:27,5073,0.8600,0.6221,0
08:22:32,5119,0.5440,0.6194,0
08:22:37,5165,0.0320,0.6168,0
08:22:42,5190,-0.0320,0.6154,0
08:22:49,5235,7.8250,0.6129,0
08:22:54,5260,3.1320,0.6115,0
08:22:59,5306,4.6920,0.6089,0
08:23:04,5331,2.7960,0.6075,0
08:23:10,5361,3.6740,0.6058,0
08:23:16,5393,5.9000,0.6041,0
08:23:21,5439,0.4910,0.6015,0
08:23:26,5485,0.6620,0.5990,0
08:23:31,5531,0.0920,0.5965,0
08:23:36,5577,0.6940,0.5940,0
08:23:41,5623,5.2350,0.5915,0
08:23:46,5650,7.5630,0.5900,0
08:23:51,5675,4.0360,0.5886,0
08:23:57,5703,8.2660,0.5871,0
08:24:02,5749,-0.0340,0.5847,0
08:24:09,5794,0.2480,0.5823,0
08:24:14,5840,1.8380,0.5798,0
08:24:19,5886,2.6170,0.5774,0
08:24:24,5932,0.3930,0.5750,0
08:24:30,5965,1.8000,0.5733,0
08:24:35,6011,1.5060,0.5708,0
08:24:41,6041,4.7790,0.5693,0
08:24:46,6087,0.2770,0.5669,0
08:24:51,6112,5.7380,0.5656,0
08:24:56,6137,-0.0470,0.5643,0
08:25:01,6162,4.8710,0.5630,0
08:25:06,6187,7.8910,0.5618,0
08:25:11,6233,5.9760,0.5594,0
08:25:16,6258,3.1300,0.5581,0
08:25:21,6304,2.9250,0.5558,0
08:25:26,6350,7.5140,0.5535,0
08:25:32,6385,3.5970,0.5517,0
08:25:37,6410,4.2460,0.5505,0
08:25:42,6435,1.5330,0.5492,0
08:25:48,6481,5.2690,0.5469,0
08:25:53,6506,1.4630,0.5457,0
08:25:58,6552,-0.0920,0.5434,0
08:26:03,6598,2.1040,0.5412,0
08:26:08,6622,0.7500,0.5400,1
08:26:13,6647,1.7860,0.5388,0
08:26:18,6693,0.1070,0.5365,0
08:26:23,6718,0.4420,0.5353,0
08:26:28,6764,0.9750,0.5331,0
08:26:33,6810,2.2260,0.5309,0
08:26:38,6856,3.6120,0.5286,0
08:26:43,6881,3.7720,0.5275,0
08:26:48,6927,5.4530,0.5253,0
08:26:55,6973,6.3300,0.5231,0
08:27:00,7019,5.4160,0.5209,0
08:27:06,7044,4.5080,0.5197,0
08:27:11,7069,2.0800,0.5186,0
08:27:16,7115,11.2170,0.5164,0
08:27:23,7136,5.1090,0.5154,0
08:27:28,7162,7.8210,0.5142,0
08:27:33,7208,5.6070,0.5121,0
08:27:39,7241,3.5680,0.5106,0
08:27:44,7266,4.3100,0.5094,0
08:27:49,7293,3.6760,0.5082,0
08:27:56,7333,0.2650,0.5064,0
08:28:01,7379,6.0750,0.5043,0
08:28:07,7414,7.5510,0.5027,0
08:28:12,7460,7.2340,0.5006,0
08:28:19,7502,3.8660,0.4987,0
08:28:26,7542,8.6650,0.4969,0
08:28:31,7567,1.9260,0.4958,0
08:28:36,7593,5.4970,0.4946,0
08:28:41,7639,1.9830,0.4926,0
08:28:46,7685,9.5860,0.4906,0
08:28:51,7710,4.1080,0.4895,0
08:28:56,7735,3.2840,0.4884,0
08:29:01,7760,7.3650,0.4873,0
08:29:06,7806,4.9300,0.4853,0
08:29:12,7837,6.9980,0.4839,0
08:29:17,7862,5.8090,0.4828,0
08:29:22,7887,6.1440,0.4818,0
08:29:27,7933,6.1420,0.4798,0
08:29:32,7958,4.9730,0.4787,0
08:29:39,7996,11.0040,0.4771,0
08:29:46,8038,9.6840,0.4753,0
08:29:51,8084,1.8010,0.4733,0
08:29:56,8130,0.5100,0.4714,0
08:30:01,8176,0.2090,0.4695,0
08:30:06,8222,0.2120,0.4675,0
08:30:13,8262,-0.0740,0.4659,0
08:30:20,8307,9.8380,0.4640,0
08:30:25,8332,3.7490,0.4630,0
08:30:31,8362,9.1160,0.4617,0
08:30:36,8408,3.2540,0.4598,0
08:30:41,8438,4.4830,0.4586,0
08:30:47,8463,3.4440,0.4576,0
08:30:53,8505,11.0510,0.4559,0
08:30:59,8530,1.2450,0.4549,0
08:31:04,8555,7.6470,0.4539,0
08:31:09,8601,1.7960,0.4520,0
08:31:14,8647,-0.0920,0.4502,0
08:31:20,8687,0.2300,0.4486,0
08:31:25,8733,9.0630,0.4467,0
08:31:33,8755,6.7070,0.4459,0
08:31:38,8801,2.0900,0.4440,0
08:31:43,8833,8.7460,0.4428,0
08:31:49,8858,2.3840,0.4418,0
08:31:55,8895,11.2300,0.4404,0
08:32:00,8920,8.5450,0.4394,0
08:32:05,8966,10.6230,0.4376,0
08:32:10,8991,8.8400,0.4366,0
08:32:15,9037,17.1420,0.4349,0
08:32:20,9083,9.2250,0.4331,0
08:32:25,9108,1.7810,0.4321,0
08:32:30,9154,8.2570,0.4304,1
08:32:35,9179,9.0840,0.4294,1
08:32:40,9204,0.6300,0.4285,0
08:32:47,9239,8.3830,0.4272,0
08:32:53,9273,6.0460,0.4259,0
08:32:59,9305,2.9900,0.4247,0
08:33:05,9346,9.6700,0.4231,0
08:33:11,9379,7.1340,0.4219,0
08:33:18,9417,10.7630,0.4205,0
08:33:25,9460,4.9010,0.4189,0
08:33:30,9487,4.8910,0.4179,0
08:33:35,9533,8.6110,0.4162,0
08:33:40,9558,5.1100,0.4153,0
08:33:46,9572,2.9920,0.4148,0
08:33:52,9618,7.8920,0.4131,0
08:33:57,9649,4.5620,0.4120,0
08:34:04,9693,11.1370,0.4104,0
08:34:09,9739,6.4260,0.4088,0
08:34:15,9764,7.0100,0.4079,0
08:34:20,9789,4.5690,0.4070,0
08:34:25,9835,0.6690,0.4053,0
08:34:30,9881,1.1420,0.4037,0
08:34:35,9927,2.5140,0.4021,0
08:34:40,9952,4.2020,0.4012,0
08:34:45,9977,2.9860,0.4003,0
08:34:50,10002,5.5760,0.3995,0
08:34:55,10048,7.9870,0.3978,0
08:35:01,10077,6.0220,0.3968,0
08:35:06,10102,8.4490,0.3960,0
08:35:11,10130,8.5890,0.3950,0
08:35:17,10166,8.6410,0.3938,0
08:35:22,10212,9.9330,0.3922,0
08:35:27,10237,6.1830,0.3913,0
08:35:32,10283,-0.0780,0.3898,0
08:35:39,10318,11.6010,0.3886,0
08:35:44,10364,9.1070,0.3870,0
08:35:49,10410,2.8360,0.3855,0
08:35:56,10451,0.3590,0.3841,0
08:36:01,10497,9.6130,0.3826,0
08:36:06,10521,0.5720,0.3818,0
08:36:11,10567,6.2240,0.3803,0
08:36:16,10613,5.1350,0.3787,0
08:36:21,10639,1.7840,0.3779,0
08:36:26,10685,12.5990,0.3764,0
08:36:31,10731,3.0250,0.3749,0
08:36:36,10777,4.9160,0.3734,0
08:36:43,10820,7.6350,0.3720,0
08:36:48,10845,6.0440,0.3712,0
08:36:53,10891,12.8100,0.3697,0
08:36:59,10927,1.4390,0.3686,0
08:37:06,10964,12.2550,0.3674,0
08:37:12,11002,9.2680,0.3662,0
08:37:19,11039,9.0110,0.3650,0
08:37:24,11085,13.8030,0.3636,0
08:37:29,11131,1.3140,0.3621,0
08:37:34,11177,2.4430,0.3607,0
08:37:39,11202,7.6340,0.3599,0
08:37:44,11228,8.3050,0.3591,0
08:37:49,11274,7.9350,0.3577,0
08:37:54,11320,5.7930,0.3563,0
08:37:59,11345,0.5650,0.3555,0
08:38:04,11370,-0.0440,0.3548,0
08:38:09,11395,-0.0440,0.3540,0
08:38:14,11441,2.8400,0.3526,0
08:38:19,11487,8.6310,0.3512,0
08:38:25,11516,3.9360,0.3504,0
08:38:30,11562,1.8750,0.3490,0
08:38:36,11592,8.1550,0.3481,0
08:38:42,11628,5.7640,0.3470,0
08:38:47,11674,5.1190,0.3456,0
08:38:52,11699,0.6230,0.3449,0
08:38:57,11745,12.3180,0.3436,0
08:39:02,11770,2.4260,0.3428,0
08:39:07,11795,1.7780,0.3421,0
08:39:14,11834,7.9570,0.3410,0
08:39:21,11875,7.9110,0.3398,0
08:39:28,11918,11.3050,0.3385,0
08:39:35,11959,9.8710,0.3373,0
08:39:40,12005,10.9060,0.3360,0
08:39:45,12030,4.9700,0.3353,0
08:39:51,12062,6.7300,0.3344,0
08:39:56,12108,15.1290,0.3331,0
08:40:01,12133,2.8850,0.3324,0
08:40:06,12179,13.0150,0.3311,0
08:40:11,12204,0.8820,0.3304,0
08:40:16,12250,8.6440,0.3291,0
08:40:21,12275,0.8800,0.3284,0
08:40:26,12321,1.7690,0.3271,0
08:40:31,12348,4.4820,0.3264,0
08:40:36,12394,7.9360,0.3251,0
08:40:41,12419,4.8850,0.3244,0
08:40:46,12444,1.9140,0.3237,0
08:40:53,12482,11.3600,0.3227,0
08:40:58,12528,7.5200,0.3214,0
08:41:03,12553,5.8250,0.3208,0
08:41:08,12599,3.9090,0.3195,0
08:41:13,12645,0.2090,0.3183,0
08:41:19,12676,-0.0580,0.3175,0
08:41:26,12721,5.7930,0.3163,0
08:41:31,12767,14.3790,0.3150,0
08:41:36,12792,7.9760,0.3144,0
08:41:41,12817,6.9430,0.3137,0
08:41:47,12842,6.9240,0.3131,0
08:41:52,12867,0.6390,0.3124,0
08:41:59,12911,11.2500,0.3112,0
08:42:05,12944,1.7820,0.3104,0
08:42:10,12990,13.8440,0.3092,0
08:42:15,13015,3.1890,0.3085,0
08:42:20,13061,2.1270,0.3074,0
08:42:25,13107,2.0860,0.3062,0
08:42:30,13153,4.6210,0.3050,0
08:42:35,13178,7.6620,0.3044,0
08:42:40,13224,6.0510,0.3032,0
08:42:46,13260,1.7460,0.3023,0
08:42:53,13297,11.3590,0.3014,0
08:42:58,13343,5.0840,0.3002,0
08:43:05,13387,10.3730,0.2991,0
08:43:12,13426,11.0430,0.2981,0
08:43:17,13458,8.9590,0.2973,0
08:43:25,13503,9.2750,0.2962,0
08:43:32,13545,7.3010,0.2952,0
08:43:37,13591,5.8630,0.2941,0
08:43:42,13616,6.0060,0.2935,0
08:43:47,13662,0.2170,0.2923,0
08:43:53,13697,6.6970,0.2915,0
08:43:58,13722,8.2100,0.2909,0
08:44:04,13753,11.6660,0.2901,0
08:44:09,13784,11.8580,0.2894,0
08:44:15,13812,4.8090,0.2887,0
08:44:20,13858,12.6530,0.2876,0
08:44:25,13883,5.2730,0.2870,0
08:44:32,13903,4.5370,0.2866,0
08:44:37,13949,13.4790,0.2855,0
08:44:42,13973,7.1170,0.2849,0
08:44:47,13998,9.7750,0.2843,0
08:44:52,14023,9.4860,0.2838,0
08:44:58,14059,10.7240,0.2829,0
08:45:03,14105,13.8890,0.2818,0
08:45:09,14130,5.2830,0.2813,0
08:45:15,14166,12.1720,0.2804,0
08:45:21,14197,9.0560,0.2797,0
08:45:26,14243,15.1470,0.2787,0
08:45:31,14267,7.9120,0.2781,0
08:45:36,14298,9.7790,0.2774,0
08:45:41,14323,7.9020,0.2768,0
08:45:48,14360,5.7070,0.2760,0
08:45:53,14406,10.9740,0.2750,0
08:45:59,14444,9.7840,0.2741,0
08:46:05,14470,8.5970,0.2735,0
08:46:10,14516,12.0590,0.2725,0
08:46:15,14562,2.0950,0.2715,0
08:46:20,14608,1.5980,0.2705,0
08:46:26,14648,8.9280,0.2696,0
08:46:32,14676,7.0350,0.2690,0
08:46:37,14701,5.7170,0.2684,0
08:46:42,14747,11.0970,0.2674,0
08:46:47,14772,3.0440,0.2669,0
08:46:53,14803,8.1880,0.2662,0
08:46:58,14828,7.0300,0.2657,0
08:47:04,14860,8.6470,0.2650,0
08:47:09,14906,5.2510,0.2640,0
08:47:14,14931,1.4730,0.2635,0
08:47:19,14977,10.1320,0.2625,0
08:47:24,15001,-0.0430,0.2620,0
08:47:29,15047,16.8220,0.2610,0
08:47:34,15072,10.3070,0.2605,0
08:47:39,15097,6.4930,0.2599,0
08:47:44,15143,13.6620,0.2590,0
08:47:49,15168,6.9930,0.2585,0
08:47:54,15193,7.8970,0.2579,0
08:47:59,15218,7.0590,0.2574,0
08:48:05,15252,11.0040,0.2567,0
08:48:11,15284,7.5120,0.2561,0
08:48:16,15330,14.7390,0.2551,0
08:48:24,15376,11.5790,0.2542,0
08:48:29,15422,18.4580,0.2532,0
08:48:36,15466,2.8010,0.2523,0
08:48:41,15494,6.6980,0.2518,0
08:48:47,15524,4.5220,0.2512,0
08:48:52,15552,7.6880,0.2506,0
08:48:57,15577,6.9320,0.2501,0
08:49:02,15602,4.8560,0.2496,0
08:49:09,15637,0.0460,0.2489,0
08:49:14,15662,0.1880,0.2484,0
08:49:19,15687,0.4890,0.2479,0
08:49:25,15721,6.4300,0.2472,0
08:49:30,15767,13.2210,0.2463,0
08:49:35,15792,0.3200,0.2459,0
08:49:40,15818,6.6890,0.2453,0
08:49:47,15856,13.2470,0.2446,0
08:49:53,15893,10.7190,0.2439,0
08:49:58,15917,9.3930,0.2434,0
08:50:03,15963,15.6010,0.2425,0
08:50:08,15988,10.3300,0.2421,0
08:50:13,16013,7.6550,0.2416,0
08:50:18,16038,10.3330,0.2411,0
08:50:23,16062,3.0520,0.2406,0
08:50:28,16108,7.5750,0.2398,0
08:50:34,16133,5.7030,0.2393,0
08:50:39,16158,9.6700,0.2388,0
08:50:44,16183,8.5560,0.2383,0
08:50:51,16225,11.3420,0.2376,0
08:50:58,16269,12.8920,0.2367,0
08:51:03,16315,12.6570,0.2359,0
08:51:09,16350,8.2230,0.2352,0
08:51:14,16396,3.7150,0.2344,0
08:51:19,16442,3.7660,0.2335,0
08:51:24,16488,7.2720,0.2327,0
08:51:29,16534,0.0360,0.2318,0
08:51:34,16559,2.7760,0.2314,0
08:51:39,16584,6.3780,0.2309,0
08:51:45,16609,3.4180,0.2305,0
08:51:50,16636,3.0140,0.2300,0
08:51:55,16660,4.9040,0.2296,0
08:52:01,16695,8.1960,0.2289,0
08:52:07,16732,4.6110,0.2283,0
08:52:13,16766,6.7450,0.2277,0
08:52:19,16812,13.7770,0.2269,0
08:52:24,16837,4.2820,0.2264,0
08:52:31,16881,12.7580,0.2256,0
08:52:36,16927,13.5060,0.2248,0
08:52:41,16952,0.3930,0.2244,0
08:52:46,16998,14.0670,0.2236,0
08:52:51,17023,1.5380,0.2232,0
08:52:58,17064,14.6610,0.2225,0
08:53:05,17110,15.9230,0.2217,0
08:53:10,17135,6.1350,0.2212,0
08:53:15,17160,2.9970,0.2208,0
08:53:21,17185,0.2950,0.2204,0
08:53:26,17231,16.1710,0.2196,0
08:53:31,17256,1.8480,0.2192,0
08:53:36,17302,15.4720,0.2184,0
08:53:41,17348,9.8100,0.2176,0
08:53:46,17373,4.6010,0.2172,0
08:53:52,17410,14.0510,0.2166,0
08:53:59,17455,14.3460,0.2158,0
08:54:05,17480,4.7970,0.2154,0
08:54:11,17516,11.0030,0.2148,0
08:54:16,17562,14.2220,0.2141,0
08:54:21,17587,4.9090,0.2137,0
08:54:28,17628,11.7760,0.2130,0
08:54:33,17653,8.7470,0.2126,0
08:54:40,17695,11.0560,0.2119,0
08:54:45,17741,14.4590,0.2112,0
08:54:50,17766,1.2080,0.2108,0
08:54:55,17812,8.5070,0.2100,0
08:55:00,17858,8.5180,0.2093,0
08:55:06,17894,6.1720,0.2087,0
08:55:11,17940,10.0860,0.2080,0
08:55:16,17965,6.7640,0.2076,0
08:55:22,17990,6.6540,0.2072,0
08:55:27,18036,8.9810,0.2065,0
08:55:32,18082,9.7860,0.2058,0
08:55:37,18107,3.6180,0.2054,0
08:55:42,18153,15.5930,0.2047,0
08:55:47,18178,10.3350,0.2043,0
08:55:52,18203,7.1250,0.2039,0
08:55:58,18237,13.4420,0.2034,0
08:56:03,18283,14.0930,0.2027,0
08:56:08,18308,10.4030,0.2023,0
08:56:13,18333,5.5320,0.2019,0
08:56:20,18374,13.7970,0.2013,0
08:56:26,18409,11.5340,0.2008,0
08:56:31,18455,-0.0890,0.2001,0
08:56:36,18480,3.8950,0.1997,0
08:56:43,18520,11.6390,0.1991,0
08:56:48,18566,14.4190,0.1984,0
08:56:53,18612,8.1770,0.1977,0
08:56:58,18636,3.3450,0.1974,0
08:57:03,18682,11.6290,0.1967,0
08:57:08,18707,8.8320,0.1963,0
08:57:14,18736,9.8470,0.1959,0
08:57:19,18782,13.5790,0.1952,0
08:57:24,18828,3.3580,0.1946,0
08:57:29,18874,2.6080,0.1939,0
08:57:34,18920,0.1710,0.1932,0
08:57:39,18966,-0.0920,0.1926,0
08:57:44,19012,-0.0910,0.1919,0
08:57:49,19058,-0.0910,0.1913,0
08:57:54,19083,2.1960,0.1909,0
08:57:59,19107,9.7600,0.1906,0
08:58:04,19153,15.5380,0.1899,0
08:58:09,19178,2.1860,0.1896,0
08:58:14,19224,17.8220,0.1890,0
08:58:20,19249,10.9260,0.1886,0
08:58:25,19282,9.2360,0.1882,0
08:58:31,19328,12.8690,0.1875,0
08:58:36,19353,8.2080,0.1872,0
08:58:41,19378,6.1150,0.1868,0
08:58:46,19403,7.5820,0.1865,0
08:58:51,19449,13.2720,0.1859,0
08:58:57,19488,13.0960,0.1853,0
08:59:02,19534,13.9520,0.1847,0
08:59:10,19578,11.9810,0.1841,0
08:59:15,19624,14.0180,0.1835,0
08:59:20,19649,8.5320,0.1832,0
08:59:25,19673,8.4590,0.1829,0
08:59:31,19706,10.9520,0.1824,0
08:59:36,19737,8.5110,0.1820,0
08:59:41,19783,6.7420,0.1814,0
08:59:46,19807,8.7810,0.1811,0
08:59:52,19832,3.0150,0.1808,0
08:59:57,19878,9.9610,0.1802,0
09:00:02,19903,2.0870,0.1798,0
09:00:07,19949,3.8670,0.1792,0
09:00:12,19995,9.9700,0.1786,0
09:00:17,20022,4.8720,0.1783,0
09:00:22,20068,11.6950,0.1777,0
09:00:27,20114,5.4500,0.1771,0
09:00:32,20160,0.5120,0.1765,0
09:00:37,20185,1.5600,0.1762,0
09:00:42,20210,9.1520,0.1759,0
09:00:47,20256,3.1190,0.1753,0
09:00:54,20292,8.8420,0.1749,0
09:00:59,20338,10.2820,0.1743,0
09:01:04,20363,5.5250,0.1740,0
09:01:09,20409,16.3050,0.1734,1
09:01:14,20434,5.9430,0.1731,0
09:01:21,20473,16.6130,0.1726,0
09:01:26,20519,9.1190,0.1721,0
09:01:31,20565,11.9360,0.1715,0
09:01:36,20590,5.5610,0.1712,0
09:01:42,20629,12.4860,0.1707,0
09:01:47,20675,10.3720,0.1702,0
09:01:52,20721,10.7110,0.1696,0
09:01:57,20767,5.7600,0.1691,0
09:02:02,20813,8.5320,0.1685,0
09:02:08,20838,4.2210,0.1682,0
09:02:13,20884,14.3320,0.1677,0
09:02:18,20930,11.1730,0.1672,0
09:02:23,20955,6.7510,0.1669,0
09:02:28,20982,6.6580,0.1666,0
09:02:33,21028,10.7690,0.1660,0
09:02:38,21074,9.6740,0.1655,0
09:02:45,21119,10.0180,0.1650,0
09:02:50,21165,15.9260,0.1644,0
09:02:56,21190,7.3220,0.1642,0
09:03:01,21236,12.8060,0.1636,0
09:03:06,21261,6.4010,0.1633,0
09:03:11,21307,9.1060,0.1628,0
09:03:18,21348,6.6120,0.1624,0
09:03:23,21394,18.0070,0.1619,0
09:03:28,21419,2.4800,0.1616,0
09:03:33,21465,16.4770,0.1611,0
09:03:38,21511,7.9890,0.1605,0
09:03:43,21557,9.4030,0.1600,0
09:03:49,21592,6.8080,0.1597,0
09:03:54,21638,16.1240,0.1592,0
09:03:59,21663,1.7700,0.1589,0
09:04:05,21694,11.5650,0.1585,0
09:04:10,21740,15.4930,0.1580,0
09:04:15,21786,4.5390,0.1576,0
09:04:21,21821,4.7730,0.1572,0
09:04:26,21846,7.0720,0.1569,0
09:04:32,21880,16.4380,0.1565,0
09:04:37,21926,14.9390,0.1561,0
09:04:42,21972,4.1850,0.1556,0
09:04:47,22018,1.5610,0.1551,0
09:04:52,22064,-0.0530,0.1546,0
09:04:57,22089,7.2900,0.1543,0
09:05:03,22122,9.7800,0.1540,0
09:05:08,22168,11.6540,0.1535,0
09:05:14,22193,7.0900,0.1533,0
09:05:19,22239,16.2040,0.1528,0
09:05:24,22285,7.0230,0.1523,0
09:05:29,22331,11.3610,0.1518,0
09:05:34,22355,9.0330,0.1516,0
09:05:39,22382,12.2540,0.1513,0
09:05:46,22423,14.7220,0.1509,0
09:05:53,22465,12.8280,0.1505,0
09:05:58,22490,9.6900,0.1502,0
09:06:03,22515,7.9770,0.1500,0
09:06:10,22556,19.2250,0.1496,0
09:06:15,22581,7.5850,0.1493,0
09:06:20,22606,4.5410,0.1491,0
09:06:26,22636,7.6130,0.1488,0
09:06:31,22682,14.3970,0.1483,0
09:06:36,22707,3.0720,0.1481,0
09:06:41,22753,14.1330,0.1476,0
09:06:46,22799,3.0200,0.1472,0
09:06:51,22823,4.9320,0.1470,0
09:06:56,22869,12.5860,0.1465,0
09:07:01,22894,9.7620,0.1463,0
09:07:06,22940,12.2640,0.1458,0
09:07:11,22964,4.6350,0.1456,0
09:07:18,23006,14.4150,0.1452,0
09:07:23,23052,11.9430,0.1448,0
09:07:28,23098,11.3320,0.1443,0
09:07:33,23123,1.8270,0.1441,0
09:07:38,23169,15.3700,0.1437,0
09:07:43,23194,5.1830,0.1434,0
09:07:50,23234,13.2920,0.1431,0
09:07:55,23280,13.1640,0.1426,0
09:08:00,23305,2.7400,0.1424,0
09:08:05,23351,14.8670,0.1420,0
09:08:10,23376,4.3010,0.1417,0
09:08:16,23408,10.7060,0.1414,0
09:08:22,23446,14.7410,0.1411,0
09:08:27,23492,17.0090,0.1407,0
09:08:33,23517,6.4650,0.1405,0
09:08:40,23563,14.6150,0.1400,0
09:08:45,23609,7.9100,0.1396,0
09:08:50,23655,7.3210,0.1392,0
09:08:55,23701,-0.0900,0.1388,0
09:09:00,23747,3.5830,0.1384,0
09:09:05,23772,5.2000,0.1382,0
09:09:10,23818,16.2790,0.1378,0
09:09:15,23864,3.2070,0.1374,0
09:09:20,23889,2.7190,0.1372,0
09:09:26,23922,12.5280,0.1369,0
09:09:32,23952,3.0140,0.1366,0
09:09:37,23998,16.8980,0.1362,0
09:09:42,24023,11.5910,0.1360,0
09:09:47,24048,6.4460,0.1358,0
09:09:52,24094,16.6340,0.1354,0
09:09:57,24119,6.4890,0.1352,0
09:10:02,24165,15.0800,0.1348,0
09:10:08,24197,1.7500,0.1345,0
09:10:13,24243,15.0290,0.1341,0
09:10:21,24288,3.8630,0.1337,0
09:10:26,24334,13.2390,0.1334,0
09:10:33,24378,10.7190,0.1330,0
09:10:38,24424,15.7370,0.1326,0
09:10:43,24449,4.9110,0.1324,0
09:10:48,24495,15.6500,0.1320,0
09:10:53,24541,6.6450,0.1317,0
09:10:58,24566,5.2530,0.1314,0
09:11:03,24612,7.4970,0.1311,0
09:11:09,24646,11.3810,0.1308,0
09:11:14,24692,10.9990,0.1304,0
09:11:19,24717,6.7430,0.1302,0
09:11:24,24763,16.6470,0.1299,0
09:11:29,24809,10.9690,0.1295,0
09:11:34,24855,7.4300,0.1291,0
09:11:40,24880,9.3670,0.1289,0
09:11:45,24926,16.6510,0.1286,0
09:11:50,24972,12.0440,0.1282,0
09:11:55,24997,10.1620,0.1280,0
09:12:00,25043,15.2200,0.1277,0
09:12:05,25067,5.6210,0.1275,0
09:12:10,25113,17.1450,0.1271,0
09:12:15,25159,10.8300,0.1268,0
09:12:21,25194,9.1380,0.1265,0
09:12:26,25240,16.8660,0.1261,0
09:12:31,25265,9.4740,0.1259,0
09:12:36,25290,6.4580,0.1258,0
09:12:41,25315,-0.0380,0.1256,0
09:12:46,25361,15.9430,0.1252,0
09:12:51,25407,8.2590,0.1249,0
09:12:58,25445,0.0150,0.1246,0
09:13:03,25491,11.2570,0.1243,0
09:13:08,25515,6.4830,0.1241,0
09:13:13,25561,5.2680,0.1237,0
09:13:18,25607,2.8450,0.1234,0
09:13:23,25653,0.9090,0.1231,0
09:13:28,25699,11.3790,0.1227,0
09:13:33,25724,10.3680,0.1225,0
09:13:38,25770,14.7760,0.1222,0
09:13:43,25795,3.1000,0.1220,0
09:13:48,25841,19.5460,0.1217,0
09:13:54,25871,6.7360,0.1215,0
09:13:59,25917,13.6050,0.1212,0
09:14:04,25963,16.3220,0.1208,0
09:14:11,26003,11.4230,0.1205,0
09:14:16,26049,14.0200,0.1202,0
09:14:21,26095,11.3350,0.1199,0
09:14:26,26141,5.8390,0.1196,0
09:14:31,26166,6.0280,0.1194,0
09:14:38,26209,14.0550,0.1191,0
09:14:43,26255,13.6840,0.1188,0
09:14:48,26279,9.1900,0.1186,0
09:14:55,26324,17.2280,0.1183,0
09:15:01,26349,7.8320,0.1181,0
09:15:06,26374,9.8110,0.1180,0
09:15:11,26420,11.8550,0.1177,0
09:15:16,26445,4.9120,0.1175,0
09:15:21,26491,15.2020,0.1172,0
09:15:26,26517,6.7640,0.1170,0
09:15:31,26563,12.3000,0.1167,0
09:15:36,26588,11.9140,0.1165,0
09:15:41,26634,13.8230,0.1162,0
09:15:46,26680,13.4630,0.1159,0
09:15:53,26717,14.0230,0.1157,0
09:15:58,26763,19.6580,0.1154,0
09:16:03,26790,7.5880,0.1152,0
09:16:08,26815,10.6670,0.1150,0
09:16:13,26861,16.1900,0.1147,0
09:16:19,26892,2.9960,0.1145,0
09:16:24,26938,15.0190,0.1142,0
09:16:29,26984,6.6310,0.1140,0
09:16:34,27008,1.1680,0.1138,0
09:16:39,27054,15.2910,0.1135,0
09:16:44,27079,7.3850,0.1133,0
09:16:49,27125,11.8580,0.1131,0
09:16:56,27165,11.3520,0.1128,0
09:17:01,27193,4.2180,0.1126,0
09:17:06,27239,14.3890,0.1123,0
09:17:11,27285,10.7230,0.1121,0
09:17:16,27331,10.2290,0.1118,0
09:17:21,27356,11.7720,0.1116,0
09:17:26,27402,14.6270,0.1113,0
09:17:31,27427,8.5170,0.1112,0
09:17:37,27473,10.3790,0.1109,0
09:17:42,27498,3.0480,0.1107,0
09:17:47,27544,16.8360,0.1105,0
09:17:52,27590,12.9740,0.1102,0
09:17:59,27631,8.3620,0.1099,0
09:18:04,27677,14.5390,0.1097,0
09:18:09,27723,12.9420,0.1094,0
09:18:14,27769,8.0360,0.1091,0
09:18:19,27794,10.9190,0.1090,0
09:18:24,27840,17.8230,0.1087,0
09:18:29,27865,9.7560,0.1086,0
09:18:34,27911,14.4320,0.1083,0
09:18:39,27957,5.4740,0.1080,0
09:18:44,28003,6.1010,0.1078,0
09:18:49,28028,6.8730,0.1076,0
09:18:54,28074,16.9200,0.1073,0
09:18:59,28099,2.1420,0.1072,0
09:19:04,28145,17.1580,0.1069,0
09:19:09,28170,6.5570,0.1068,0
09:19:15,28216,20.2720,0.1065,0
09:19:20,28241,2.4100,0.1064,0
09:19:25,28287,15.0410,0.1061,0
09:19:30,28333,10.3980,0.1059,0
09:19:35,28379,2.9880,0.1056,0
09:19:40,28404,8.5070,0.1055,0
09:19:47,28448,17.2740,0.1052,0
09:19:52,28494,14.6900,0.1050,0
09:19:57,28521,7.6940,0.1048,0
09:20:02,28567,17.4520,0.1046,0
09:20:07,28592,8.2880,0.1045,0
09:20:12,28638,20.1920,0.1042,0
09:20:17,28662,7.3720,0.1041,0
09:20:23,28708,12.7590,0.1038,0
09:20:28,28733,3.9110,0.1037,0
09:20:34,28768,8.5070,0.1035,0
09:20:39,28793,10.6710,0.1034,0
09:20:44,28817,10.8980,0.1032,0
09:20:51,28861,11.9120,0.1030,0
09:20:56,28907,17.8180,0.1028,0
09:21:01,28953,5.8150,0.1025,0
09:21:06,28999,-0.0810,0.1023,0
09:21:13,29038,-0.0600,0.1021,0
09:21:18,29084,16.2250,0.1018,0
09:21:24,29115,8.6540,0.1017,0
09:21:29,29161,13.4630,0.1014,0
09:21:34,29186,4.0160,0.1013,0
09:21:39,29211,7.3910,0.1012,0
09:21:44,29236,10.2990,0.1011,0
09:21:49,29282,11.2310,0.1008,0
09:21:54,29328,9.4670,0.1006,0
09:22:01,29367,11.2330,0.1004,0
09:22:08,29388,4.8650,0.1003,0
09:22:13,29434,15.6660,0.1001,0
09:22:18,29480,5.1790,0.0998,0
09:22:24,29518,6.7400,0.0996,0
09:22:29,29564,17.2340,0.0994,0
09:22:34,29610,13.3250,0.0992,0
09:22:39,29635,4.2810,0.0991,0
09:22:44,29681,16.2720,0.0988,0
09:22:49,29727,11.4470,0.0986,0
09:22:57,29772,10.7820,0.0984,0
09:23:02,29818,18.0870,0.0982,0
09:23:07,29843,4.5900,0.0981,0
09:23:12,29889,18.0250,0.0978,0
09:23:17,29914,4.5760,0.0977,0
09:23:22,29960,18.6840,0.0975,0
09:23:27,29985,3.9590,0.0974,0
09:23:32,30010,9.2050,0.0973,0
09:23:37,30056,17.9070,0.0970,0
09:23:44,30100,11.6750,0.0968,0
09:23:49,30146,13.1460,0.0966,0
09:23:56,30181,10.1810,0.0965,0
09:24:01,30227,10.2490,0.0962,0
09:24:06,30273,12.8530,0.0960,0
09:24:11,30319,1.8390,0.0958,0
09:24:16,30365,0.1990,0.0956,0
09:24:21,30411,5.3310,0.0954,0
09:24:26,30457,2.5980,0.0952,0
09:24:31,30482,3.4250,0.0951,0
09:24:37,30517,12.5250,0.0949,0
09:24:42,30563,15.6060,0.0947,0
09:24:47,30589,7.6340,0.0946,0
09:24:52,30635,12.5910,0.0944,0
09:24:57,30660,10.3520,0.0943,0
09:25:05,30706,18.1050,0.0941,0
09:25:10,30752,14.4570,0.0939,0
09:25:15,30798,14.0830,0.0937,0
09:25:22,30842,12.5130,0.0935,0
09:25:29,30882,18.0500,0.0933,0
09:25:34,30928,15.9310,0.0931,0
09:25:40,30958,7.8940,0.0930,0
09:25:45,31004,10.2780,0.0928,0
09:25:50,31050,15.0740,0.0926,1
09:25:55,31074,2.7380,0.0925,0
09:26:00,31099,11.6730,0.0924,0
09:26:07,31141,17.2820,0.0922,0
09:26:12,31166,7.9060,0.0921,0
09:26:17,31196,8.5730,0.0920,0
09:26:22,31242,15.6110,0.0918,0
09:26:27,31267,8.4360,0.0917,0
09:26:33,31292,7.3480,0.0916,0
09:26:38,31338,15.5210,0.0914,0
09:26:43,31364,8.9410,0.0913,0
09:26:49,31397,11.9760,0.0911,0
09:26:54,31443,16.3070,0.0909,0
09:26:59,31467,9.5260,0.0908,0
09:27:06,31512,16.2020,0.0907,0
09:27:12,31549,2.7050,0.0905,0
09:27:17,31595,16.6450,0.0903,0
09:27:24,31631,10.0320,0.0902,0
09:27:29,31677,12.7730,0.0900,0
09:27:34,31702,7.6330,0.0899,0
09:27:39,31748,18.6320,0.0897,0
09:27:44,31794,12.8310,0.0895,0
09:27:49,31818,8.1880,0.0894,0
09:27:54,31864,11.1230,0.0893,0
09:27:59,31910,14.4710,0.0891,0
09:28:06,31955,14.0470,0.0889,0
09:28:11,32001,13.6460,0.0887,0
09:28:17,32034,10.8040,0.0886,0
09:28:22,32080,13.4520,0.0884,0
09:28:27,32126,13.8640,0.0882,0
09:28:33,32172,7.6370,0.0881,0
09:28:38,32200,5.9700,0.0880,0
09:28:43,32246,5.0830,0.0878,0
09:28:49,32277,1.4490,0.0877,0
09:28:54,32323,13.0780,0.0875,0
09:28:59,32352,10.1520,0.0874,0
09:29:04,32398,14.4210,0.0872,0
09:29:09,32444,13.2980,0.0870,0
09:29:14,32490,6.4550,0.0869,0
09:29:20,32519,7.1560,0.0868,0
09:29:25,32565,18.7680,0.0866,0
09:29:30,32611,12.6480,0.0864,0
09:29:36,32645,7.5020,0.0863,0
09:29:41,32691,14.4940,0.0861,0
09:29:48,32733,10.5580,0.0860,0
09:29:53,32758,7.9340,0.0859,0
09:29:58,32783,6.1170,0.0858,0
09:30:05,32822,14.9630,0.0857,0
09:30:10,32849,9.1740,0.0856,0
09:30:15,32895,14.2880,0.0854,0
09:30:20,32920,2.4190,0.0853,0
09:30:27,32962,2.9650,0.0852,0
09:30:32,33008,13.2920,0.0850,0
09:30:37,33054,13.2280,0.0849,0
09:30:42,33100,9.2280,0.0847,0
09:30:47,33125,7.6060,0.0846,0
09:30:53,33171,19.0330,0.0844,0
09:30:58,33196,1.8330,0.0844,0
09:31:03,33242,18.6940,0.0842,0
09:31:08,33288,12.4150,0.0840,0
09:31:13,33317,8.1520,0.0839,0
09:31:18,33363,13.6970,0.0838,0
09:31:23,33388,11.0790,0.0837,0
09:31:28,33434,16.8130,0.0836,0
09:31:33,33459,11.9130,0.0835,0
09:31:39,33505,13.4280,0.0833,0
09:31:44,33530,8.7800,0.0832,0
09:31:50,33570,18.1250,0.0831,0
09:31:55,33616,16.6390,0.0829,0
09:32:00,33641,7.9780,0.0829,0
09:32:06,33687,15.2380,0.0827,0
09:32:12,33720,10.1720,0.0826,0
09:32:17,33766,20.0340,0.0825,0
09:32:22,33812,10.9750,0.0823,0
09:32:27,33837,10.4620,0.0822,0
09:32:32,33883,16.9640,0.0821,0
09:32:37,33908,4.2920,0.0820,0
09:32:42,33954,17.0500,0.0819,0
09:32:47,34000,11.9150,0.0817,0
09:32:52,34025,2.9940,0.0816,0
09:32:58,34056,11.2540,0.0815,0
09:33:03,34102,17.2340,0.0814,0
09:33:08,34127,8.2970,0.0813,0
09:33:13,34173,22.3460,0.0812,0
09:33:18,34198,7.9950,0.0811,0
09:33:23,34244,18.2290,0.0809,0
09:33:28,34290,8.8330,0.0808,0
09:33:33,34315,7.3720,0.0807,0
09:33:38,34361,16.3170,0.0806,0
09:33:43,34386,6.4100,0.0805,0
09:33:48,34432,13.6750,0.0804,0
09:33:53,34478,12.7120,0.0802,0
09:34:00,34514,9.7160,0.0801,0
09:34:05,34560,10.6620,0.0800,1
09:34:10,34585,7.6460,0.0799,0
09:34:15,34610,7.3850,0.0798,0
09:34:20,34656,15.4860,0.0797,0
09:34:25,34702,12.5030,0.0796,0
09:34:32,34745,8.5640,0.0794,0
09:34:37,34791,18.6610,0.0793,0
09:34:42,34815,4.8940,0.0792,0
09:34:47,34861,15.9210,0.0791,0
09:34:54,34899,13.0910,0.0790,0
09:34:59,34945,18.3640,0.0788,0
09:35:04,34970,10.0420,0.0788,0
09:35:09,35016,20.1820,0.0786,0
09:35:14,35062,9.5330,0.0785,0
09:35:19,35087,6.9220,0.0784,0
09:35:24,35133,16.8520,0.0783,0
09:35:29,35158,0.5960,0.0782,0
09:35:34,35204,8.7970,0.0781,0
09:35:39,35229,6.7680,0.0780,0
09:35:44,35275,14.7550,0.0779,0
09:35:49,35321,8.7250,0.0778,0
09:35:54,35367,0.8170,0.0777,0
09:35:59,35413,2.6660,0.0775,0
09:36:05,35459,8.8460,0.0774,0
09:36:10,35505,-0.0860,0.0773,0
09:36:15,35551,-0.0890,0.0772,0
09:36:20,35597,-0.0480,0.0770,0
09:36:25,35643,0.1800,0.0769,0
09:36:30,35689,0.1850,0.0768,0
09:36:35,35735,0.1010,0.0767,0
09:36:40,35781,0.5110,0.0765,0
09:36:45,35827,1.3330,0.0764,0
09:36:50,35851,10.5520,0.0763,0
09:36:55,35897,16.9400,0.0762,1
09:37:02,35922,10.0610,0.0762,0
09:37:07,35968,14.9390,0.0760,0
09:37:12,36014,10.0360,0.0759,0
09:37:18,36047,1.5000,0.0758,0
09:37:23,36093,18.9760,0.0757,0
09:37:29,36119,4.6390,0.0757,0
09:37:34,36165,18.4420,0.0755,0
09:37:41,36207,7.5790,0.0754,0
09:37:46,36253,15.6740,0.0753,0
09:37:51,36299,8.3580,0.0752,0
09:37:56,36323,7.6390,0.0751,0
09:38:01,36354,13.5270,0.0751,0
09:38:06,36400,15.0130,0.0749,0
09:38:11,36446,16.6220,0.0748,0
09:38:16,36470,4.9460,0.0748,0
09:38:22,36516,17.8830,0.0747,0
09:38:27,36562,11.7670,0.0745,0
09:38:33,36599,10.3940,0.0745,0
09:38:38,36645,15.3660,0.0743,0
09:38:43,36691,8.1320,0.0742,0
09:38:48,36737,11.0400,0.0741,0
09:38:53,36761,8.0640,0.0741,0
09:38:59,36793,13.4700,0.0740,0
09:39:04,36839,11.6160,0.0739,0
09:39:10,36877,13.5770,0.0738,0
09:39:16,36923,15.8400,0.0737,0
09:39:21,36969,12.6520,0.0736,0
09:39:26,37015,8.6000,0.0735,0
09:39:31,37040,11.3940,0.0734,0
09:39:36,37064,9.8010,0.0733,0
09:39:43,37109,13.4490,0.0732,0
09:39:48,37155,17.5330,0.0731,0
09:39:53,37180,11.5900,0.0731,0
09:39:58,37204,10.9470,0.0730,0
09:40:03,37250,17.3760,0.0729,0
09:40:08,37296,9.2620,0.0728,0
09:40:13,37321,9.1080,0.0727,0
09:40:18,37346,4.5900,0.0727,0
09:40:26,37392,19.9970,0.0726,0
09:40:31,37438,13.9630,0.0725,0
09:40:36,37484,12.5410,0.0724,0
09:40:43,37529,9.8060,0.0723,0
09:40:48,37575,18.9920,0.0722,0
09:40:53,37621,10.7250,0.0721,0
09:40:58,37646,2.1410,0.0720,0
09:41:03,37692,21.8020,0.0719,0
09:41:11,37737,12.7050,0.0718,0
09:41:16,37783,13.4000,0.0717,0
09:41:21,37807,10.0690,0.0717,0
09:41:26,37838,15.2520,0.0716,0
09:41:31,37884,21.8170,0.0715,0
09:41:36,37930,13.8660,0.0714,0
09:41:41,37954,5.6940,0.0714,0
09:41:47,37982,13.1360,0.0713,0
09:41:52,38028,21.3990,0.0712,0
09:41:57,38074,13.0180,0.0711,0
09:42:02,38099,10.0100,0.0710,0
09:42:07,38145,19.6420,0.0709,0
09:42:13,38174,7.0930,0.0709,0
09:42:18,38220,20.4720,0.0708,0
09:42:23,38266,12.9540,0.0707,0
09:42:28,38291,11.1450,0.0706,0
09:42:33,38337,19.6390,0.0706,0
09:42:38,38362,12.2960,0.0705,0
09:42:45,38401,18.3340,0.0704,0
09:42:50,38447,21.4530,0.0703,0
09:42:55,38472,4.5860,0.0703,0
09:43:00,38518,17.8020,0.0702,1
09:43:05,38543,9.9090,0.0701,0
09:43:10,38568,8.8850,0.0701,0
09:43:15,38614,14.9700,0.0700,0
09:43:21,38646,11.4150,0.0699,0
09:43:26,38692,11.3690,0.0698,1
09:43:31,38717,3.0480,0.0698,0
09:43:38,38756,17.8100,0.0697,0
09:43:43,38802,17.4670,0.0696,0
09:43:48,38848,12.3760,0.0695,0
09:43:54,38885,9.0590,0.0695,0
09:43:59,38931,12.6030,0.0694,0
09:44:04,38977,11.4520,0.0693,0
09:44:09,39023,13.3600,0.0692,0
09:44:14,39048,13.9760,0.0691,0
09:44:19,39094,15.2970,0.0691,0
09:44:27,39140,11.4850,0.0690,0
09:44:32,39186,17.5730,0.0689,0
09:44:37,39212,7.9290,0.0688,0
09:44:42,39258,16.0690,0.0687,0
09:44:49,39299,9.7120,0.0687,0
09:44:54,39345,15.0680,0.0686,0
09:44:59,39370,10.3810,0.0685,0
09:45:04,39416,15.3480,0.0684,0
09:45:09,39462,14.5160,0.0684,0
09:45:15,39494,6.1580,0.0683,0
09:45:20,39540,16.5030,0.0682,0
09:45:26,39576,10.8970,0.0682,0
09:45:31,39622,18.0850,0.0681,0
09:45:36,39668,13.1450,0.0680,0
09:45:41,39693,4.3300,0.0679,0
09:45:46,39739,13.5120,0.0679,0
09:45:52,39785,12.2800,0.0678,0
09:45:57,39831,6.2050,0.0677,0
09:46:02,39859,5.4960,0.0676,0
09:46:07,39887,10.1010,0.0676,0
09:46:12,39933,16.5470,0.0675,0
09:46:18,39979,13.2500,0.0674,0
09:46:24,40020,10.3680,0.0674,0
09:46:29,40066,22.3530,0.0673,0
09:46:37,40110,6.0070,0.0672,0
09:46:42,40156,18.8990,0.0671,0
09:46:47,40202,10.1310,0.0671,0
09:46:52,40232,11.2610,0.0670,0
09:46:57,40257,9.4710,0.0670,0
09:47:03,40287,9.3990,0.0669,0
09:47:08,40333,20.1600,0.0668,0
09:47:13,40379,6.4450,0.0668,0
09:47:18,40425,0.1440,0.0667,0
09:47:23,40471,0.2430,0.0666,0
09:47:28,40496,1.5590,0.0666,0
09:47:33,40542,19.2430,0.0665,0
09:47:38,40588,11.7210,0.0664,0
09:47:43,40613,5.2990,0.0664,0
09:47:48,40659,13.7480,0.0663,0
09:47:55,40698,14.9610,0.0662,0
09:48:02,40740,17.6810,0.0662,0
09:48:07,40786,22.0040,0.0661,0
09:48:12,40832,14.2020,0.0660,0
09:48:17,40857,12.0360,0.0660,0
09:48:22,40903,20.2460,0.0659,0
09:48:29,40940,10.0840,0.0658,0
09:48:34,40986,13.7660,0.0658,0
09:48:39,41032,7.6620,0.0657,0
09:48:44,41078,0.0610,0.0656,0
09:48:49,41124,0.0410,0.0656,0
09:48:54,41170,0.0390,0.0655,0
09:48:59,41195,2.1730,0.0654,0
09:49:04,41241,23.0540,0.0654,0
09:49:09,41287,10.7610,0.0653,0
09:49:14,41312,3.8770,0.0653,0
09:49:19,41358,20.8520,0.0652,0
09:49:24,41404,11.3220,0.0651,0
09:49:31,41446,9.0150,0.0651,0
09:49:36,41492,19.9450,0.0650,0
09:49:41,41538,10.1170,0.0649,0
09:49:47,41571,10.0530,0.0649,0
09:49:52,41617,19.9510,0.0648,0
09:49:57,41663,12.8960,0.0647,0
09:50:03,41688,10.6170,0.0647,0
09:50:09,41730,18.1180,0.0646,0
09:50:15,41776,14.8550,0.0646,0
09:50:20,41822,10.2950,0.0645,0
09:50:25,41847,7.8120,0.0645,0
09:50:30,41893,16.5460,0.0644,0
09:50:35,41918,6.4670,0.0644,0
09:50:40,41948,13.2030,0.0643,0
09:50:45,41994,15.8520,0.0643,0
09:50:50,42018,9.2100,0.0642,0
09:50:55,42064,18.0690,0.0642,0
09:51:00,42110,9.4010,0.0641,0
09:51:06,42135,2.4420,0.0641,0
09:51:11,42181,18.0650,0.0640,0
09:51:16,42227,14.4720,0.0639,0
09:51:21,42252,4.7210,0.0639,0
09:51:26,42298,20.5840,0.0638,0
09:51:32,42336,2.1210,0.0638,0
09:51:37,42382,18.2570,0.0637,0
09:51:42,42428,17.6570,0.0637,0
09:51:47,42452,2.7580,0.0636,0
09:51:52,42498,17.2670,0.0636,0
09:51:57,42544,11.0460,0.0635,0
09:52:03,42569,5.3030,0.0635,0
09:52:08,42615,18.4890,0.0634,0
09:52:13,42661,16.9600,0.0633,0
09:52:18,42686,4.3190,0.0633,0
09:52:23,42732,24.0040,0.0632,0
09:52:30,42776,9.5930,0.0632,0
09:52:35,42822,18.2370,0.0631,0
09:52:40,42847,5.2080,0.0631,0
09:52:45,42893,19.4060,0.0630,0
09:52:52,42932,13.7790,0.0630,0
09:52:59,42974,16.8140,0.0629,0
09:53:04,43020,14.1160,0.0629,0
09:53:09,43066,21.4540,0.0628,0
09:53:14,43091,7.4250,0.0628,0
09:53:19,43137,18.0890,0.0627,0
09:53:24,43162,6.4750,0.0627,0
09:53:29,43208,21.1700,0.0626,0
09:53:34,43233,10.3720,0.0626,0
09:53:39,43279,20.6020,0.0625,0
09:53:44,43304,5.5290,0.0625,0
09:53:49,43350,20.2570,0.0624,0
09:53:54,43396,14.2110,0.0624,0
09:53:59,43421,9.1210,0.0624,0
09:54:07,43465,21.5000,0.0623,0
09:54:12,43511,17.4830,0.0622,0
09:54:17,43557,12.2630,0.0622,0
09:54:23,43594,10.4100,0.0621,0
09:54:28,43640,20.3150,0.0621,0
09:54:33,43686,14.5760,0.0620,0
09:54:38,43711,5.7500,0.0620,0
09:54:43,43757,20.2600,0.0620,0
09:54:48,43803,16.0310,0.0619,0
09:54:54,43828,13.6760,0.0619,0
09:54:59,43874,19.3500,0.0618,0
09:55:04,43900,7.6940,0.0618,0
09:55:09,43946,17.8170,0.0617,0
09:55:15,43977,10.7150,0.0617,0
09:55:20,44023,20.3840,0.0616,0
09:55:25,44055,11.6420,0.0616,0
09:55:30,44101,18.5060,0.0615,0
09:55:36,44147,15.4130,0.0615,0
09:55:41,44172,5.2390,0.0615,0
09:55:46,44218,22.7400,0.0614,0
09:55:51,44264,10.8190,0.0614,0
09:55:56,44289,14.3240,0.0613,0
09:56:01,44335,22.1020,0.0613,0
09:56:06,44360,10.5210,0.0613,0
09:56:13,44406,21.7340,0.0612,0
09:56:18,44452,20.8910,0.0611,0
09:56:24,44477,4.9280,0.0611,0
09:56:30,44511,14.6630,0.0611,0
09:56:36,44552,14.6940,0.0610,0
09:56:44,44597,17.5170,0.0610,0
09:56:49,44643,18.4170,0.0609,0
09:56:54,44689,15.4220,0.0609,0
09:56:59,44714,2.7480,0.0609,0
09:57:04,44760,21.1280,0.0608,0
09:57:09,44785,5.8380,0.0608,0
09:57:16,44823,15.9210,0.0607,0
09:57:23,44865,13.5400,0.0607,0
09:57:29,44901,13.5830,0.0607,0
09:57:34,44947,17.1380,0.0606,0
09:57:39,44972,11.2780,0.0606,0
09:57:44,44997,8.9630,0.0606,0
09:57:49,45043,16.8830,0.0605,0
09:57:54,45089,9.0810,0.0605,0
09:57:59,45135,7.9000,0.0604,0
09:58:04,45159,11.2390,0.0604,0
09:58:09,45186,9.2270,0.0604,0
09:58:15,45232,14.6110,0.0603,0
09:58:20,45278,14.6230,0.0603,0
09:58:25,45303,11.7940,0.0602,0
09:58:30,45349,19.5910,0.0602,0
09:58:35,45395,13.5720,0.0601,0
09:58:40,45419,8.7240,0.0601,0
09:58:45,45465,18.8470,0.0601,0
09:58:50,45491,6.7840,0.0600,0
09:58:55,45537,16.2160,0.0600,0
09:59:00,45583,16.6690,0.0600,0
09:59:05,45607,7.1050,0.0599,0
09:59:12,45625,6.9180,0.0599,0
09:59:17,45671,19.3550,0.0599,0
09:59:22,45717,14.8160,0.0598,0
09:59:27,45742,4.0100,0.0598,0
09:59:32,45788,18.4550,0.0598,0
09:59:37,45834,13.2800,0.0597,0
09:59:42,45859,7.2710,0.0597,0
09:59:47,45884,1.7750,0.0597,0
09:59:53,45914,2.9730,0.0596,0
09:59:58,45960,20.9920,0.0596,0
10:00:03,46006,12.9280,0.0595,0
10:00:08,46031,11.7720,0.0595,0
10:00:13,46059,12.8680,0.0595,0
10:00:20,46099,16.8660,0.0595,0
10:00:25,46145,19.6750,0.0594,0
10:00:30,46191,12.3220,0.0594,0
10:00:36,46223,8.1410,0.0593,0
10:00:41,46269,16.6120,0.0593,0
10:00:47,46303,13.2400,0.0593,0
10:00:52,46349,16.8230,0.0592,0
10:00:57,46373,8.5880,0.0592,0
10:01:02,46419,16.7620,0.0592,0
10:01:07,46444,6.0910,0.0591,0
10:01:12,46469,9.9910,0.0591,0
10:01:18,46494,6.9890,0.0591,0
10:01:24,46533,17.7280,0.0591,0
10:01:29,46579,15.6510,0.0590,0
10:01:34,46604,10.6010,0.0590,0
10:01:39,46650,17.7030,0.0589,0
10:01:44,46696,13.7980,0.0589,1
10:01:49,46721,4.9250,0.0589,0
10:01:56,46758,18.4340,0.0589,0
10:02:01,46804,20.3130,0.0588,0
10:02:06,46829,10.3620,0.0588,0
10:02:11,46875,18.7750,0.0588,0
10:02:16,46921,10.5610,0.0587,0
10:02:21,46946,2.1420,0.0587,0
10:02:26,46992,21.7400,0.0586,1
10:02:33,47008,7.5370,0.0586,0
10:02:38,47054,16.7890,0.0586,0
10:02:43,47100,11.6660,0.0586,0
10:02:49,47131,11.2270,0.0585,0
10:02:54,47177,19.6970,0.0585,0
10:02:59,47223,13.8450,0.0585,0
10:03:04,47248,6.4030,0.0584,0
10:03:09,47294,21.0610,0.0584,0
10:03:14,47340,14.7540,0.0584,0
10:03:19,47365,4.8240,0.0583,0
10:03:26,47404,14.7100,0.0583,0
10:03:31,47450,19.9600,0.0583,0
10:03:36,47496,14.4760,0.0582,0
10:03:41,47521,5.4230,0.0582,0
10:03:46,47567,18.6920,0.0582,0
10:03:51,47592,6.8160,0.0581,0
10:03:56,47638,21.4500,0.0581,0
10:04:01,47663,8.3170,0.0581,0
10:04:06,47709,20.2900,0.0580,0
10:04:11,47734,10.9570,0.0580,0
10:04:17,47762,13.1550,0.0580,0
10:04:22,47808,16.5490,0.0580,0
10:04:27,47833,4.6080,0.0580,0
10:04:32,47859,12.2530,0.0579,0
10:04:37,47905,16.2750,0.0579,0
10:04:42,47951,19.2140,0.0579,0
10:04:47,47976,12.9860,0.0578,0
10:04:52,48022,19.6580,0.0578,0
10:04:58,48055,12.5500,0.0578,0
10:05:03,48101,22.6080,0.0577,0
10:05:08,48126,12.5070,0.0577,0
10:05:14,48155,11.9260,0.0577,0
10:05:21,48200,14.0920,0.0577,0
10:05:26,48246,14.4130,0.0576,0
10:05:31,48292,14.6750,0.0576,0
10:05:37,48320,10.6890,0.0576,0
10:05:42,48366,16.5430,0.0575,0
10:05:47,48391,10.4200,0.0575,0
10:05:52,48437,23.5820,0.0575,0
10:05:57,48462,8.5120,0.0575,0
10:06:02,48487,7.3280,0.0574,0
10:06:07,48533,19.0410,0.0574,0
10:06:12,48560,11.7000,0.0574,0
10:06:17,48606,21.0990,0.0574,0
10:06:22,48631,7.9290,0.0573,0
10:06:27,48677,18.3760,0.0573,0
10:06:33,48702,5.4810,0.0573,0
10:06:38,48748,17.6450,0.0573,0
10:06:43,48794,17.4400,0.0572,0
10:06:48,48819,2.7910,0.0572,0
10:06:53,48865,19.3160,0.0572,0
10:06:58,48911,15.7020,0.0571,0
10:07:03,48936,13.5750,0.0571,0
10:07:08,48982,17.3860,0.0571,0
10:07:14,49017,9.6190,0.0571,0
10:07:19,49063,19.0570,0.0570,0
10:07:24,49109,14.0090,0.0570,0
10:07:29,49134,12.0370,0.0570,0
10:07:34,49180,23.3050,0.0569,1
10:07:39,49204,8.0130,0.0569,0
10:07:47,49250,21.4890,0.0569,0
10:07:52,49296,19.0380,0.0569,0
10:07:57,49321,10.9670,0.0569,0
10:08:02,49367,20.7210,0.0568,0
10:08:07,49392,7.7290,0.0568,0
10:08:12,49417,7.3810,0.0568,0
10:08:18,49454,12.6490,0.0568,0
10:08:23,49500,15.1550,0.0567,0
10:08:28,49524,8.3590,0.0567,0
10:08:34,49553,9.8300,0.0567,0
10:08:39,49599,19.9890,0.0567,0
10:08:44,49645,14.1700,0.0566,0
10:08:49,49669,6.3700,0.0566,0
10:08:54,49715,20.5520,0.0566,0
10:08:59,49740,8.7750,0.0566,0
10:09:04,49786,17.7770,0.0565,0
10:09:09,49811,5.1500,0.0565,0
10:09:14,49857,20.2210,0.0565,0
10:09:20,49892,13.2120,0.0565,0
10:09:25,49938,21.8140,0.0564,0
10:09:30,49962,9.7890,0.0564,0
10:09:36,50008,19.0240,0.0564,0
10:09:41,50054,15.5060,0.0564,0
10:09:46,50079,12.6380,0.0564,0
10:09:51,50104,6.4450,0.0563,0
10:09:56,50150,17.0290,0.0563,0
10:10:01,50180,3.8830,0.0563,0
10:10:06,50226,19.3210,0.0563,0
10:10:12,50272,8.7860,0.0562,0
10:10:17,50299,6.2280,0.0562,0
10:10:22,50345,12.8110,0.0562,0
10:10:27,50391,18.2310,0.0562,0
10:10:33,50423,9.1330,0.0561,0
10:10:38,50469,14.9050,0.0561,0
10:10:43,50515,15.4730,0.0561,0
10:10:48,50542,6.7430,0.0561,0
10:10:53,50588,17.1310,0.0560,0
10:10:58,50634,17.5130,0.0560,0
10:11:03,50659,12.6920,0.0560,0
10:11:08,50705,15.8380,0.0560,0
10:11:13,50751,11.6790,0.0559,0
10:11:19,50776,5.8820,0.0559,0
10:11:24,50822,22.1520,0.0559,0
10:11:29,50868,12.6590,0.0559,0
10:11:34,50893,10.3440,0.0559,0
10:11:39,50939,16.5960,0.0558,0
10:11:46,50980,15.0100,0.0558,0
10:11:51,51026,19.7020,0.0558,0
10:11:56,51072,8.2260,0.0558,0
10:12:02,51112,10.7510,0.0557,0
10:12:07,51158,22.2630,0.0557,0
10:12:13,51204,13.3280,0.0557,0
10:12:18,51229,6.9080,0.0557,0
10:12:23,51275,22.0360,0.0556,0
10:12:29,51315,13.7650,0.0556,0
10:12:34,51361,15.2870,0.0556,0
10:12:39,51407,15.6300,0.0556,0
10:12:45,51436,8.7920,0.0555,0
10:12:50,51482,15.7470,0.0555,0
10:12:55,51528,18.7200,0.0555,0
10:13:00,51574,2.0790,0.0555,0
10:13:06,51605,3.5310,0.0555,0
10:13:11,51651,16.2980,0.0554,0
10:13:16,51697,17.1360,0.0554,0
10:13:21,51722,12.3680,0.0554,0
10:13:26,51768,20.4430,0.0554,0
10:13:33,51810,7.9480,0.0553,0
10:13:38,51856,17.7550,0.0553,0
10:13:43,51902,14.4620,0.0553,0
10:13:48,51927,8.6640,0.0553,0
10:13:53,51952,9.8490,0.0553,0
10:13:58,51998,20.3080,0.0552,0
10:14:03,52044,12.8680,0.0552,0
10:14:08,52068,10.6120,0.0552,0
10:14:14,52099,11.0120,0.0552,0
10:14:19,52145,17.4630,0.0552,0
10:14:24,52170,4.3100,0.0552,0
10:14:29,52216,19.6160,0.0551,0
10:14:34,52262,10.5970,0.0551,0
10:14:39,52308,0.3060,0.0551,0
10:14:44,52354,0.1070,0.0551,0
10:14:49,52400,2.9690,0.0550,0
10:14:54,52425,4.7830,0.0550,0
10:15:00,52457,17.0800,0.0550,0
10:15:05,52503,19.2320,0.0550,0
10:15:12,52539,9.8720,0.0550,0
10:15:17,52585,16.9730,0.0549,0
10:15:22,52610,8.3370,0.0549,0
10:15:27,52656,21.5380,0.0549,0
10:15:32,52681,7.3970,0.0549,0
10:15:37,52727,18.6940,0.0549,0
10:15:44,52767,15.8890,0.0549,0
10:15:49,52813,20.8120,0.0548,0
10:15:54,52859,11.0320,0.0548,0
10:15:59,52887,6.8880,0.0548,0
10:16:04,52912,6.1370,0.0548,0
10:16:10,52943,11.5490,0.0548,0
10:16:17,52984,18.5790,0.0548,0
10:16:22,53030,20.4600,0.0547,0
10:16:29,53071,11.0130,0.0547,0
10:16:34,53117,16.8390,0.0547,0
10:16:39,53163,17.8480,0.0547,0
10:16:44,53188,12.3640,0.0547,0
10:16:51,53230,17.7200,0.0546,0
10:16:56,53276,22.3190,0.0546,0
10:17:01,53322,11.7430,0.0546,0
10:17:06,53347,9.2710,0.0546,0
10:17:11,53393,15.9370,0.0546,0
10:17:16,53439,15.3750,0.0545,0
10:17:21,53485,-0.0840,0.0545,0
10:17:26,53531,-0.0770,0.0545,0
10:17:31,53577,-0.0760,0.0545,0
10:17:36,53623,-0.0700,0.0545,0
10:17:41,53669,-0.0810,0.0544,0
10:17:46,53715,-0.0890,0.0544,0
10:17:52,53749,1.1990,0.0544,0
10:17:57,53795,21.7730,0.0544,0
10:18:02,53841,8.3700,0.0544,0
10:18:07,53865,2.4200,0.0543,0
10:18:12,53911,24.5100,0.0543,0
10:18:17,53936,7.9820,0.0543,0
10:18:23,53982,21.9280,0.0543,0
10:18:28,54006,9.8510,0.0543,0
10:18:33,54052,15.9600,0.0543,0
10:18:38,54098,9.6440,0.0542,0
10:18:45,54140,14.0240,0.0542,0
10:18:50,54186,16.2260,0.0542,0
10:18:55,54232,12.8880,0.0542,0
10:19:00,54257,7.0540,0.0542,0
10:19:05,54303,21.4900,0.0542,0
10:19:10,54328,4.6260,0.0542,0
10:19:15,54353,3.3110,0.0541,0
10:19:20,54382,7.6200,0.0541,0
10:19:26,54412,7.0000,0.0541,0
10:19:32,54446,8.8540,0.0541,0
10:19:37,54492,15.0470,0.0541,0
10:19:42,54538,17.7280,0.0541,0
10:19:47,54563,7.3380,0.0541,0
10:19:52,54609,22.4200,0.0540,0
10:19:57,54634,3.7000,0.0540,0
10:20:03,54680,24.8120,0.0540,0
10:20:09,54721,13.7790,0.0540,0
10:20:14,54767,19.9360,0.0540,0
10:20:19,54792,4.5970,0.0540,0
10:20:25,54838,22.2480,0.0539,1
10:20:30,54863,5.5600,0.0539,0
10:20:35,54888,9.4960,0.0539,0
10:20:40,54934,18.0580,0.0539,0
10:20:45,54980,13.2200,0.0539,0
10:20:50,55007,9.9670,0.0539,0
10:20:55,55053,21.5460,0.0539,0
10:21:00,55099,12.0670,0.0538,0
10:21:05,55124,5.4850,0.0538,0
10:21:10,55170,22.6220,0.0538,0
10:21:15,55195,10.0330,0.0538,0
10:21:20,55219,8.3270,0.0538,0
10:21:25,55265,18.3880,0.0538,0
10:21:30,55311,14.4280,0.0538,0
10:21:36,55336,10.5580,0.0538,0
10:21:41,55382,18.9950,0.0537,0
10:21:46,55414,8.3080,0.0537,0
10:21:52,55460,18.7320,0.0537,0
10:21:59,55506,14.1400,0.0537,0
10:22:04,55552,15.5910,0.0537,0
10:22:09,55598,17.6510,0.0537,0
10:22:14,55644,2.1930,0.0536,0
10:22:19,55668,4.7980,0.0536,0
10:22:24,55714,16.6060,0.0536,0
10:22:29,55760,13.2170,0.0536,0
10:22:36,55800,10.3360,0.0536,0
10:22:41,55846,16.8640,0.0536,0
10:22:46,55871,5.2060,0.0536,0
10:22:51,55896,11.2920,0.0536,0
10:22:57,55927,14.0470,0.0535,0
10:23:04,55972,14.9750,0.0535,0
10:23:09,56018,18.1320,0.0535,0
10:23:14,56043,8.5890,0.0535,0
10:23:19,56089,18.9490,0.0535,0
10:23:25,56122,11.0870,0.0535,0
10:23:30,56168,17.9960,0.0535,0
10:23:35,56193,4.5360,0.0534,0
10:23:40,56239,18.0780,0.0534,0
10:23:45,56263,4.6290,0.0534,0
10:23:50,56309,21.7340,0.0534,0
10:23:55,56334,8.6140,0.0534,0
10:24:01,56380,20.2730,0.0534,0
10:24:08,56425,19.7630,0.0534,0
10:24:13,56471,22.6220,0.0534,0
10:24:18,56517,13.6040,0.0533,0
10:24:23,56542,10.5570,0.0533,0
10:24:28,56588,21.2760,0.0533,0
10:24:33,56613,7.0990,0.0533,0
10:24:38,56659,19.0510,0.0533,0
10:24:43,56705,15.8060,0.0533,0
10:24:48,56730,4.8150,0.0533,0
10:24:53,56776,18.4320,0.0533,0
10:24:58,56822,11.4270,0.0532,0
10:25:04,56855,10.0960,0.0532,0
10:25:09,56901,15.4030,0.0532,0
10:25:14,56947,14.8280,0.0532,0
10:25:19,56972,7.4200,0.0532,0
10:25:24,56997,8.0070,0.0532,0
10:25:30,57043,17.7550,0.0532,0
10:25:35,57068,11.5590,0.0532,0
10:25:40,57114,17.4830,0.0531,0
10:25:45,57141,6.7950,0.0531,0
10:25:50,57187,21.4280,0.0531,0
10:25:55,57233,14.5730,0.0531,0
10:26:00,57258,9.0730,0.0531,0
10:26:05,57283,9.2170,0.0531,0
10:26:10,57309,10.7320,0.0531,0
10:26:15,57355,18.7610,0.0531,0
10:26:21,57401,13.4560,0.0531,0
10:26:26,57447,2.3060,0.0530,0
10:26:31,57493,1.7520,0.0530,0
10:26:36,57539,0.1580,0.0530,0
10:26:42,57577,4.2340,0.0530,0
10:26:47,57623,16.4790,0.0530,0
10:26:55,57669,23.4790,0.0530,0
10:27:00,57715,17.2020,0.0530,0
10:27:05,57761,13.8140,0.0529,0
10:27:10,57786,5.2790,0.0529,0
10:27:15,57832,23.9380,0.0529,0
10:27:22,57873,15.3630,0.0529,0
10:27:27,57919,16.1210,0.0529,0
10:27:32,57965,19.3120,0.0529,0
10:27:37,57990,13.9480,0.0529,0
10:27:42,58015,8.2020,0.0529,0
10:27:47,58061,18.1850,0.0529,0
10:27:52,58107,17.8210,0.0528,0
10:27:57,58132,12.6620,0.0528,0
10:28:02,58178,5.2550,0.0528,0
10:28:07,58224,0.0350,0.0528,0
10:28:12,58270,0.0520,0.0528,0
10:28:17,58295,1.6700,0.0528,0
10:28:22,58341,21.7040,0.0528,0
10:28:27,58387,14.1560,0.0528,0
10:28:33,58412,9.4250,0.0528,0
10:28:38,58458,23.8850,0.0527,0
10:28:44,58492,10.6400,0.0527,0
10:28:49,58538,19.4300,0.0527,0
10:28:54,58584,13.9020,0.0527,0
10:28:59,58612,5.6850,0.0527,0
10:29:04,58658,11.8840,0.0527,0
10:29:10,58693,15.3340,0.0527,0
10:29:15,58739,20.0230,0.0527,0
10:29:21,58764,8.8800,0.0527,0
10:29:26,58810,14.6770,0.0527,0
10:29:32,58846,15.2190,0.0526,0
10:29:38,58881,17.2210,0.0526,0
10:29:43,58927,15.8840,0.0526,0
10:29:48,58973,16.7830,0.0526,0
10:29:54,59006,8.5400,0.0526,0
10:29:59,59052,24.5720,0.0526,0
10:30:04,59098,11.7310,0.0526,0
10:30:09,59122,13.0350,0.0526,0
10:30:16,59167,20.8450,0.0526,0
10:30:23,59207,16.4990,0.0525,0
10:30:28,59253,18.2220,0.0525,0
10:30:33,59278,8.2800,0.0525,0
10:30:38,59324,24.8620,0.0525,0
10:30:43,59370,8.4220,0.0525,0
10:30:48,59416,0.5190,0.0525,0
10:30:53,59462,0.2790,0.0525,0
10:30:59,59508,0.2750,0.0525,0
10:31:04,59554,0.1780,0.0525,0
10:31:09,59600,0.1030,0.0525,0
10:31:14,59646,0.1800,0.0524,0
10:31:19,59692,0.0810,0.0524,0
10:31:25,59726,0.0240,0.0524,0
10:31:30,59772,2.0610,0.0524,0
10:31:35,59818,19.2030,0.0524,0
10:31:40,59864,9.4970,0.0524,0
10:31:45,59910,0.9620,0.0524,0
10:31:50,59956,2.0770,0.0524,0
10:31:55,60002,1.1780,0.0524,0
10:32:00,60048,0.1020,0.0523,0
10:32:05,60094,-0.0120,0.0523,0
10:32:10,60140,0.3390,0.0523,0
10:32:15,60186,0.2740,0.0523,0
10:32:20,60232,0.2720,0.0523,0
10:32:25,60278,0.2420,0.0523,0
10:32:30,60324,0.2120,0.0523,0
10:32:35,60370,0.1160,0.0523,0
10:32:40,60416,0.2110,0.0523,0
10:32:45,60462,0.2000,0.0522,0
10:32:50,60508,0.2000,0.0522,0
10:32:55,60554,1.1470,0.0522,0
10:33:01,60579,3.8400,0.0522,0
10:33:06,60625,19.3920,0.0522,1
10:33:11,60650,9.5430,0.0522,0
10:33:16,60696,18.4480,0.0522,0
10:33:21,60721,5.3240,0.0522,0
10:33:26,60767,21.2400,0.0522,0
10:33:31,60813,13.9270,0.0522,0
10:33:36,60838,6.9880,0.0522,0
10:33:41,60884,19.6520,0.0522,0
10:33:46,60930,8.3260,0.0521,0
10:33:52,60961,8.5610,0.0521,0
10:33:57,61007,15.9860,0.0521,0
10:34:03,61038,14.0140,0.0521,0
10:34:08,61084,19.8480,0.0521,0
10:34:13,61109,8.5040,0.0521,0
10:34:18,61134,7.6790,0.0521,0
10:34:24,61169,15.1670,0.0521,0
10:34:31,61210,15.2880,0.0521,0
10:34:36,61256,14.6590,0.0521,0
10:34:41,61302,16.8910,0.0521,0
10:34:46,61327,8.2450,0.0521,0
10:34:53,61367,15.9220,0.0521,0
10:34:58,61413,15.6940,0.0520,0
10:35:03,61438,6.7500,0.0520,0
10:35:08,61484,17.2040,0.0520,0
10:35:13,61509,11.5920,0.0520,0
10:35:18,61555,20.7700,0.0520,0
10:35:24,61590,12.3290,0.0520,0
10:35:29,61636,22.1370,0.0520,0
10:35:34,61661,11.3040,0.0520,1
10:35:39,61686,4.5610,0.0520,0
10:35:45,61715,12.5990,0.0520,0
10:35:50,61761,15.5960,0.0520,0
10:35:55,61786,2.7400,0.0520,0
10:36:00,61832,19.8940,0.0520,0
10:36:05,61857,9.4330,0.0520,0
10:36:10,61903,17.2170,0.0519,0
10:36:16,61935,10.0130,0.0519,0
10:36:23,61976,16.7560,0.0519,0
10:36:28,62022,14.0530,0.0519,0
10:36:33,62047,4.5890,0.0519,0
10:36:38,62093,21.1540,0.0519,0
10:36:43,62117,6.2990,0.0519,0
10:36:48,62163,19.2750,0.0519,0
10:36:53,62209,14.4620,0.0519,0
10:36:58,62234,12.3770,0.0519,0
10:37:03,62280,15.8650,0.0519,0
10:37:08,62305,8.1680,0.0519,0
10:37:13,62351,20.3990,0.0519,0
10:37:18,62397,14.2110,0.0519,0
10:37:23,62422,6.9250,0.0518,0
10:37:29,62468,23.2520,0.0518,0
10:37:34,62499,13.3730,0.0518,0
10:37:39,62545,22.2610,0.0518,0
10:37:46,62582,11.9970,0.0518,0
10:37:51,62628,17.4530,0.0518,0
10:37:56,62653,6.7440,0.0518,0
10:38:01,62699,17.8060,0.0518,0
10:38:06,62745,15.4070,0.0518,0
10:38:11,62770,12.7060,0.0518,0
10:38:17,62805,19.2760,0.0518,0
10:38:24,62842,15.4090,0.0518,0
10:38:30,62878,15.8630,0.0518,0
10:38:35,62924,21.9890,0.0518,1
10:38:40,62949,6.4110,0.0518,0
10:38:45,62995,17.7310,0.0517,0
10:38:50,63041,12.4240,0.0517,0
10:38:55,63066,8.0160,0.0517,0
10:39:00,63091,8.3110,0.0517,0
10:39:05,63137,20.6140,0.0517,0
10:39:10,63183,14.8640,0.0517,0
10:39:16,63208,11.2690,0.0517,0
10:39:21,63254,19.5280,0.0517,0
10:39:27,63294,11.5820,0.0517,0
10:39:32,63340,14.3730,0.0517,0
10:39:37,63365,6.4340,0.0517,0
10:39:42,63411,19.9100,0.0517,0
10:39:48,63457,12.6250,0.0517,0
10:39:53,63489,8.1590,0.0517,0
10:39:59,63520,13.3760,0.0517,0
10:40:04,63566,19.6050,0.0516,0
10:40:09,63591,9.7580,0.0516,0
10:40:14,63637,20.2100,0.0516,0
10:40:19,63683,11.7850,0.0516,0
10:40:27,63728,0.6120,0.0516,0
10:40:32,63774,16.8530,0.0516,0
10:40:37,63799,11.5590,0.0516,0
10:40:42,63824,8.0120,0.0516,0
10:40:47,63870,17.2020,0.0516,0
10:40:52,63916,12.7660,0.0516,0
10:40:57,63941,10.9260,0.0516,0
10:41:02,63987,20.8840,0.0516,0
10:41:07,64012,5.1980,0.0516,0
10:41:12,64058,14.9430,0.0516,0
10:41:17,64083,11.6200,0.0516,0
10:41:24,64124,19.6240,0.0516,0
10:41:29,64170,21.1790,0.0516,0
10:41:34,64195,12.4740,0.0515,0
10:41:39,64241,22.9460,0.0515,0
10:41:46,64278,7.2960,0.0515,0
10:41:53,64323,15.8740,0.0515,0
10:41:58,64369,20.9760,0.0515,0
10:42:04,64405,18.4880,0.0515,0
10:42:09,64451,21.5300,0.0515,0
10:42:14,64476,6.1170,0.0515,0
10:42:21,64514,16.7930,0.0515,0
10:42:26,64560,18.6200,0.0515,0
10:42:31,64606,17.1510,0.0515,0
10:42:36,64631,13.9060,0.0515,0
10:42:41,64656,4.8820,0.0515,0
10:42:46,64702,20.8150,0.0515,0
10:42:51,64748,11.9850,0.0515,0
10:42:57,64777,8.1560,0.0515,0
10:43:02,64823,20.5640,0.0515,0
10:43:09,64865,18.1910,0.0514,0
10:43:14,64911,13.2280,0.0514,0
10:43:21,64957,20.4720,0.0514,0
10:43:26,65003,19.3680,0.0514,0
10:43:31,65049,12.7100,0.0514,0
10:43:36,65074,7.2520,0.0514,0
10:43:41,65120,22.4180,0.0514,0
10:43:48,65160,8.5430,0.0514,0
10:43:53,65206,19.7750,0.0514,0
10:43:59,65233,12.2680,0.0514,0
10:44:04,65278,18.1830,0.0514,0
10:44:09,65324,16.3100,0.0514,0
10:44:14,65349,5.7350,0.0514,0
10:44:19,65395,23.8640,0.0514,0
10:44:24,65441,10.9820,0.0514,0
10:44:29,65487,2.1350,0.0514,0
10:44:34,65512,1.9240,0.0514,0
10:44:39,65558,19.0700,0.0514,0
10:44:44,65604,13.9060,0.0513,0
10:44:49,65629,9.6790,0.0513,0
10:44:54,65675,22.3480,0.0513,0
10:44:59,65700,14.2340,0.0513,0
10:45:04,65746,21.1030,0.0513,0
10:45:09,65771,5.9120,0.0513,0
10:45:14,65817,21.8380,0.0513,0
10:45:19,65842,6.5390,0.0513,0
10:45:25,65888,18.0910,0.0513,0
10:45:30,65934,15.1280,0.0513,0
10:45:35,65959,7.5660,0.0513,0
10:45:40,66005,18.9040,0.0513,0
10:45:45,66030,4.5440,0.0513,0
10:45:50,66076,22.1220,0.0513,0
10:45:55,66122,12.7070,0.0513,0
10:46:00,66168,1.0360,0.0513,0
10:46:05,66214,0.2380,0.0513,0
10:46:10,66260,0.1990,0.0513,0
10:46:15,66285,7.7940,0.0513,0
10:46:20,66310,10.7080,0.0513,0
10:46:25,66356,16.5040,0.0512,0
10:46:30,66402,19.9160,0.0512,0
10:46:35,66427,13.9960,0.0512,0
10:46:40,66473,24.1800,0.0512,0
10:46:45,66498,7.3120,0.0512,0
10:46:51,66544,22.3380,0.0512,0
10:46:56,66569,6.1210,0.0512,0
10:47:01,66615,20.4850,0.0512,0
10:47:08,66657,15.3940,0.0512,0
10:47:13,66703,14.4280,0.0512,0
10:47:18,66749,16.9960,0.0512,0
10:47:24,66781,8.5000,0.0512,0
10:47:29,66827,16.5860,0.0512,0
10:47:34,66873,19.1800,0.0512,0
10:47:39,66898,5.0980,0.0512,0
10:47:44,66944,20.3160,0.0512,0
10:47:49,66990,12.5930,0.0512,0
10:47:54,67016,6.3580,0.0512,0
10:47:59,67062,18.4010,0.0512,0
10:48:04,67108,12.2330,0.0512,0
10:48:11,67146,7.0880,0.0512,0
10:48:16,67192,16.5270,0.0511,0
10:48:22,67229,13.7400,0.0511,0
10:48:27,67275,19.9790,0.0511,0
10:48:34,67317,15.9290,0.0511,0
10:48:39,67363,15.8620,0.0511,0
10:48:44,67409,16.9280,0.0511,0
10:48:50,67443,7.2650,0.0511,0
10:48:55,67489,19.8950,0.0511,0
10:49:00,67535,15.4890,0.0511,0
10:49:05,67581,2.3740,0.0511,0
10:49:10,67606,12.0500,0.0511,0
10:49:16,67631,6.0720,0.0511,0
10:49:22,67671,17.3290,0.0511,0
10:49:27,67717,25.6010,0.0511,0
10:49:34,67754,10.2240,0.0511,0
10:49:39,67800,15.6770,0.0511,0
10:49:46,67844,24.9580,0.0511,0
10:49:51,67890,19.6040,0.0511,0
10:49:56,67915,12.2460,0.0511,0
10:50:01,67961,21.1900,0.0511,0
10:50:07,67992,12.4750,0.0511,0
10:50:12,68038,22.5940,0.0511,0
10:50:17,68084,14.5050,0.0510,0
10:50:22,68108,9.3770,0.0510,0
10:50:27,68154,19.8770,0.0510,0
10:50:32,68179,9.3760,0.0510,0
10:50:37,68206,15.5220,0.0510,0
10:50:42,68252,22.6040,0.0510,0
10:50:48,68298,11.0560,0.0510,0
10:50:53,68323,5.3980,0.0510,0
10:50:58,68369,18.4370,0.0510,0
10:51:03,68415,15.5180,0.0510,0
10:51:08,68440,6.5150,0.0510,0
10:51:13,68486,21.7630,0.0510,0
10:51:18,68513,9.8720,0.0510,0
10:51:24,68545,12.8050,0.0510,0
10:51:29,68591,17.6910,0.0510,0
10:51:34,68616,5.5480,0.0510,0
10:51:41,68656,22.3740,0.0510,0
10:51:46,68702,22.8940,0.0510,0
10:51:51,68727,10.6520,0.0510,0
10:51:56,68752,14.3320,0.0510,0
10:52:01,68798,21.7410,0.0510,0
10:52:06,68823,8.0230,0.0510,0
10:52:11,68869,19.5990,0.0510,0
10:52:16,68915,10.5110,0.0510,0
10:52:21,68961,0.2450,0.0510,0
10:52:26,69007,0.2520,0.0510,0
10:52:31,69053,0.7240,0.0510,0
10:52:37,69081,5.3310,0.0509,0
10:52:42,69127,23.1060,0.0509,1
10:52:47,69151,7.9730,0.0509,0
10:52:52,69197,23.9040,0.0509,0
10:52:57,69224,5.8710,0.0509,0
10:53:02,69270,19.5940,0.0509,0
10:53:07,69316,17.1940,0.0509,0
10:53:12,69341,4.7990,0.0509,0
10:53:17,69387,21.5120,0.0509,0
10:53:22,69433,11.3760,0.0509,0
10:53:28,69465,6.0320,0.0509,0
10:53:33,69511,22.9180,0.0509,0
10:53:38,69557,7.4660,0.0509,0
10:53:44,69588,9.6420,0.0509,0
10:53:49,69634,19.9830,0.0509,0
10:53:57,69680,18.8650,0.0509,0
10:54:02,69726,12.2030,0.0509,0
10:54:07,69772,19.1820,0.0509,0
10:54:12,69797,11.2280,0.0509,0
10:54:17,69843,23.8070,0.0509,0
10:54:22,69889,10.8810,0.0509,0
10:54:28,69906,8.3690,0.0509,0
10:54:33,69952,15.8530,0.0509,0
10:54:40,69989,13.2100,0.0509,0
10:54:47,70035,11.8450,0.0509,0
10:54:52,70081,16.7350,0.0509,0
10:55:00,70105,10.3510,0.0509,0
10:55:05,70151,19.8260,0.0509,0
10:55:10,70180,10.1330,0.0509,0
10:55:15,70226,15.9020,0.0508,0
10:55:21,70260,14.6960,0.0508,0
10:55:26,70306,16.7910,0.0508,0
10:55:31,70352,18.1180,0.0508,0
10:55:36,70377,11.4580,0.0508,0
10:55:42,70402,7.9240,0.0508,0
10:55:47,70427,10.3220,0.0508,0
10:55:52,70452,8.5150,0.0508,0
10:55:57,70478,7.5620,0.0508,0
10:56:02,70503,9.1600,0.0508,0
10:56:07,70549,21.8580,0.0508,0
10:56:12,70595,13.5130,0.0508,0
10:56:17,70620,11.9430,0.0508,0
10:56:22,70666,15.9680,0.0508,0
10:56:29,70705,12.4910,0.0508,0
10:56:34,70751,16.3120,0.0508,0
10:56:39,70797,13.8110,0.0508,0
10:56:44,70822,10.9150,0.0508,0
10:56:49,70868,26.3120,0.0508,0
10:56:55,70897,12.1710,0.0508,0
10:57:00,70943,16.3240,0.0508,0
10:57:05,70989,17.5880,0.0508,0
10:57:10,71014,7.9300,0.0508,0
10:57:15,71060,22.8920,0.0508,0
10:57:20,71086,13.4500,0.0508,0
10:57:25,71132,24.4510,0.0508,0
10:57:30,71157,10.9550,0.0508,0
10:57:35,71182,14.3630,0.0508,0
10:57:40,71228,17.7110,0.0508,0
10:57:45,71274,15.4860,0.0508,0
10:57:50,71299,3.4180,0.0508,0
10:57:55,71345,17.4460,0.0508,0
10:58:01,71373,8.7520,0.0508,0
10:58:06,71418,19.8330,0.0508,0
10:58:12,71454,18.2310,0.0507,0
10:58:17,71500,16.5130,0.0507,0
10:58:22,71546,15.6910,0.0507,0
10:58:27,71570,7.6370,0.0507,0
10:58:32,71616,18.6350,0.0507,0
10:58:37,71662,21.3360,0.0507,1
10:58:42,71687,4.2860,0.0507,0
10:58:48,71716,13.1410,0.0507,0
10:58:53,71762,15.9300,0.0507,0
10:58:58,71808,15.1750,0.0507,0
10:59:04,71840,9.1840,0.0507,0
10:59:09,71886,14.6610,0.0507,0
10:59:16,71928,13.7980,0.0507,0
10:59:21,71974,14.3500,0.0507,0
10:59:26,72020,23.2280,0.0507,0
10:59:31,72045,14.1810,0.0507,0
10:59:36,72091,19.0660,0.0507,0
10:59:42,72124,8.7310,0.0507,0
10:59:47,72170,19.7130,0.0507,0
10:59:54,72210,20.4100,0.0507,0
10:59:59,72256,21.1600,0.0507,0
11:00:04,72281,2.1640,0.0507,0
11:00:09,72327,23.6710,0.0507,0
11:00:14,72355,8.0500,0.0507,0
11:00:19,72401,16.1130,0.0507,0
11:00:24,72447,15.4620,0.0507,0
11:00:30,72493,4.9930,0.0507,0
11:00:35,72539,0.1800,0.0507,0
11:00:40,72564,3.0640,0.0507,0
11:00:45,72610,19.0090,0.0507,0
11:00:50,72635,6.6960,0.0507,0
11:00:55,72681,20.8010,0.0507,0
11:01:00,72727,13.0390,0.0507,0
11:01:05,72751,7.0300,0.0507,0
11:01:10,72797,21.8170,0.0507,0
11:01:15,72843,11.0360,0.0507,0
11:01:20,72868,6.3630,0.0507,0
11:01:25,72914,22.2120,0.0506,0
11:01:30,72939,5.2990,0.0506,0
11:01:37,72980,16.5340,0.0506,0
11:01:42,73026,19.2940,0.0506,0
11:01:47,73051,4.8480,0.0506,0
11:01:52,73097,13.7380,0.0506,0
11:01:57,73143,10.7080,0.0506,0
11:02:02,73189,6.2290,0.0506,0
11:02:07,73235,0.0800,0.0506,0
11:02:12,73260,3.4410,0.0506,0
11:02:17,73306,21.4280,0.0506,0
11:02:22,73352,11.1320,0.0506,0
11:02:28,73377,4.4620,0.0506,0
11:02:33,73423,22.8190,0.0506,0
11:02:38,73469,12.7140,0.0506,0
11:02:43,73494,5.1380,0.0506,0
11:02:48,73540,23.5200,0.0506,0
11:02:53,73570,11.3480,0.0506,0
11:02:58,73616,18.9790,0.0506,0
11:03:03,73641,9.2030,0.0506,0
11:03:09,73687,15.1100,0.0506,0
11:03:14,73733,17.4920,0.0506,0
11:03:19,73758,8.0070,0.0506,0
11:03:25,73797,19.8550,0.0506,0
11:03:30,73843,16.2500,0.0506,0
11:03:35,73868,14.0020,0.0506,0
11:03:40,73914,22.9200,0.0506,0
11:03:47,73952,11.9080,0.0506,0
11:03:52,73998,15.3320,0.0506,0
11:03:57,74044,12.1480,0.0506,0
11:04:04,74087,12.6420,0.0506,0
11:04:10,74122,11.8410,0.0506,0
11:04:15,74168,20.8200,0.0506,0
11:04:22,74204,18.8680,0.0506,0
11:04:27,74250,18.8420,0.0506,0
11:04:32,74296,16.3240,0.0506,0
11:04:37,74321,2.4160,0.0506,0
11:04:44,74365,23.4880,0.0506,0
11:04:49,74411,18.4490,0.0506,0
11:04:54,74457,21.6880,0.0506,1
11:04:59,74482,13.5580,0.0506,0
11:05:04,74507,9.4920,0.0506,0
11:05:10,74533,6.9780,0.0506,0
11:05:15,74579,19.7130,0.0505,0
11:05:21,74613,11.0080,0.0505,0
11:05:26,74659,21.7530,0.0505,0
11:05:33,74703,18.2880,0.0505,0
11:05:38,74749,22.6310,0.0505,0
11:05:43,74774,11.8850,0.0505,0
11:05:48,74800,12.8440,0.0505,0
11:05:53,74846,20.7730,0.0505,0
11:05:58,74870,7.7130,0.0505,0
11:06:03,74916,19.7860,0.0505,0
11:06:09,74950,14.3200,0.0505,0
11:06:14,74996,19.3790,0.0505,0
11:06:19,75042,17.5590,0.0505,0
11:06:25,75067,5.9790,0.0505,0
11:06:30,75092,11.2530,0.0505,0
11:06:35,75138,13.4940,0.0505,0
11:06:41,75178,13.8570,0.0505,0
11:06:46,75224,22.5330,0.0505,0
11:06:51,75270,8.8310,0.0505,0
11:06:57,75295,10.5620,0.0505,0
11:07:02,75319,11.5190,0.0505,0
11:07:09,75365,18.5800,0.0505,0
11:07:14,75411,22.3160,0.0505,0
11:07:19,75457,13.8120,0.0505,0
11:07:24,75482,5.6430,0.0505,0
11:07:29,75528,17.6970,0.0505,0
11:07:34,75574,16.3430,0.0505,0
11:07:39,75599,7.1600,0.0505,0
11:07:44,75645,20.5240,0.0505,0
11:07:49,75691,10.4650,0.0505,0
11:07:54,75716,8.7250,0.0505,0
11:08:02,75759,19.9760,0.0505,0
11:08:07,75805,16.1650,0.0505,0
11:08:12,75851,21.3980,0.0505,0
11:08:17,75876,14.2000,0.0505,0
11:08:22,75922,14.9700,0.0505,0
11:08:29,75966,12.8160,0.0505,0
11:08:34,76012,14.6270,0.0505,0
11:08:39,76058,19.0100,0.0505,0
11:08:44,76083,6.3400,0.0505,0
11:08:50,76118,13.7000,0.0505,0
11:08:55,76164,16.1470,0.0505,0
11:09:00,76210,16.8730,0.0505,0
11:09:05,76235,6.9800,0.0505,0
11:09:10,76281,22.7670,0.0505,0
11:09:17,76315,17.0610,0.0505,0
11:09:22,76361,18.4550,0.0505,0
11:09:27,76407,18.1350,0.0505,0
11:09:33,76427,3.5210,0.0505,0
11:09:39,76452,-0.0360,0.0505,0
11:09:44,76498,19.2810,0.0505,0
11:09:49,76522,4.2490,0.0505,0
11:09:54,76568,21.6960,0.0504,0
11:10:01,76612,15.5960,0.0504,0
11:10:06,76658,18.3950,0.0504,0
11:10:11,76704,17.9290,0.0504,0
11:10:16,76729,3.8690,0.0504,0
11:10:22,76763,16.4640,0.0504,0
11:10:27,76809,25.2790,0.0504,0
11:10:32,76834,13.0040,0.0504,0
11:10:37,76880,16.5920,0.0504,0
11:10:42,76926,16.6320,0.0504,0
11:10:47,76951,6.8910,0.0504,0
11:10:52,76997,23.5790,0.0504,0
11:10:58,77031,16.4160,0.0504,0
11:11:03,77077,22.4030,0.0504,0
11:11:08,77101,10.9880,0.0504,0
11:11:13,77147,26.0040,0.0504,0
11:11:19,77172,12.0720,0.0504,0
11:11:24,77218,24.1540,0.0504,0
11:11:29,77243,8.7250,0.0504,0
11:11:36,77287,18.3560,0.0504,0
11:11:41,77333,19.7410,0.0504,0
11:11:46,77379,17.3160,0.0504,0
11:11:51,77404,5.0560,0.0504,0
11:11:56,77450,21.4260,0.0504,0
11:12:02,77484,11.3400,0.0504,0
11:12:07,77530,16.7730,0.0504,0
11:12:14,77569,18.0040,0.0504,0
11:12:19,77615,17.5890,0.0504,0
11:12:24,77661,14.6570,0.0504,0
11:12:29,77686,1.2220,0.0504,0
11:12:34,77732,23.0620,0.0504,0
11:12:39,77757,10.1520,0.0504,0
11:12:44,77803,23.0830,0.0504,0
11:12:49,77828,4.2840,0.0504,0
11:12:54,77874,22.9760,0.0504,0
11:13:01,77916,14.6960,0.0504,0
11:13:06,77962,18.7100,0.0504,0
11:13:11,77987,6.1230,0.0504,0
11:13:16,78033,21.1120,0.0504,0
11:13:24,78076,15.0740,0.0504,0
11:13:29,78122,21.1570,0.0504,0
11:13:34,78147,9.5110,0.0504,0
11:13:39,78193,21.4180,0.0504,0
11:13:44,78239,12.2440,0.0504,0
11:13:49,78265,5.3540,0.0504,0
11:13:54,78311,16.4630,0.0504,0
11:13:59,78357,19.6800,0.0504,0
11:14:04,78382,4.1580,0.0504,0
11:14:09,78428,25.5200,0.0504,0
11:14:14,78453,8.6300,0.0504,0
11:14:19,78499,21.4920,0.0504,0
11:14:24,78524,10.3110,0.0504,0
11:14:29,78570,21.7900,0.0504,0
11:14:35,78595,4.8700,0.0504,0
11:14:40,78641,20.2390,0.0504,0
11:14:45,78687,13.8020,0.0504,0
11:14:50,78712,4.6280,0.0504,0
11:14:55,78758,25.0800,0.0504,0
11:15:00,78804,4.9740,0.0504,0
11:15:05,78850,0.0100,0.0504,0
11:15:10,78896,0.0030,0.0504,0
11:15:15,78942,0.0480,0.0504,0
11:15:20,78970,0.0560,0.0504,0
11:15:25,79016,21.4870,0.0504,0
11:15:32,79059,12.5590,0.0504,0
11:15:37,79105,24.4120,0.0503,0
11:15:43,79130,9.7610,0.0503,0
11:15:49,79169,18.7300,0.0503,0
11:15:54,79215,21.9590,0.0503,0
11:16:01,79258,16.7920,0.0503,0
11:16:06,79304,17.8580,0.0503,0
11:16:12,79335,11.3550,0.0503,0
11:16:17,79381,18.9730,0.0503,0
11:16:22,79405,11.8390,0.0503,0
11:16:27,79430,10.9650,0.0503,0
11:16:32,79476,19.5580,0.0503,0
11:16:37,79501,12.4180,0.0503,0
11:16:42,79526,4.8510,0.0503,0
11:16:47,79572,18.0200,0.0503,0
11:16:53,79618,13.3760,0.0503,0
11:16:58,79647,9.4220,0.0503,0
11:17:03,79693,21.9260,0.0503,0
11:17:08,79739,10.1510,0.0503,0
11:17:15,79777,8.1640,0.0503,0
11:17:20,79823,22.3490,0.0503,0
11:17:27,79864,16.1150,0.0503,0
11:17:32,79910,14.9240,0.0503,0
11:17:37,79956,18.4570,0.0503,0
11:17:42,79981,4.3240,0.0503,0
11:17:47,80027,22.1230,0.0503,0
11:17:52,80052,9.3990,0.0503,0
11:17:57,80098,20.5020,0.0503,0
11:18:03,80130,13.3480,0.0503,0
11:18:08,80176,22.1030,0.0503,0
11:18:13,80222,14.5370,0.0503,0
11:18:18,80247,13.5760,0.0503,0
11:18:23,80293,20.5680,0.0503,0
11:18:28,80318,9.3850,0.0503,0
11:18:33,80364,21.5120,0.0503,0
11:18:40,80409,17.1570,0.0503,0
11:18:45,80455,22.4470,0.0503,1
11:18:51,80480,6.4810,0.0503,0
11:18:56,80526,14.4550,0.0503,0
11:19:01,80551,8.2700,0.0503,0
11:19:06,80597,21.2160,0.0503,0
11:19:11,80623,10.6050,0.0503,0
11:19:16,80669,9.4050,0.0503,0
11:19:23,80709,18.3480,0.0503,0
11:19:28,80755,17.8260,0.0503,0
11:19:34,80791,16.5590,0.0503,0
11:19:39,80837,16.6330,0.0503,0
11:19:44,80883,23.1440,0.0503,1
11:19:49,80908,9.5300,0.0503,0
11:19:54,80933,8.9470,0.0503,0
11:19:59,80979,25.3630,0.0503,0
11:20:04,81004,6.7860,0.0503,0
11:20:09,81050,21.2020,0.0503,0
11:20:14,81096,11.1300,0.0503,0
11:20:20,81121,8.7060,0.0503,0
11:20:25,81167,26.3440,0.0503,0
11:20:30,81192,10.3120,0.0503,0
11:20:35,81238,26.2440,0.0503,0
11:20:40,81267,11.2090,0.0503,0
11:20:45,81313,15.8490,0.0503,0
11:20:50,81359,18.3880,0.0503,0
11:20:55,81384,9.1100,0.0503,0
11:21:00,81409,10.7860,0.0503,0
11:21:06,81455,23.2690,0.0503,0
11:21:11,81480,11.5730,0.0503,0
11:21:16,81526,25.0720,0.0503,0
11:21:23,81571,9.3950,0.0503,0
11:21:28,81617,21.2160,0.0503,0
11:21:35,81656,20.3660,0.0503,0
11:21:40,81686,14.0650,0.0503,0
11:21:45,81732,21.7020,0.0503,0
11:21:52,81775,17.1440,0.0503,0
11:21:57,81821,21.1910,0.0503,0
11:22:05,81865,18.6350,0.0503,0
11:22:10,81911,17.5160,0.0503,0
11:22:15,81957,17.2040,0.0503,0
11:22:20,81982,5.7190,0.0503,0
11:22:25,82007,11.2250,0.0503,0
11:22:32,82052,20.2580,0.0503,0
11:22:39,82090,15.5280,0.0503,0
11:22:44,82136,15.8670,0.0503,0
11:22:51,82160,3.6220,0.0503,0
11:22:56,82206,23.6060,0.0503,0
11:23:01,82252,12.6920,0.0503,0
11:23:06,82277,7.1880,0.0503,0
11:23:11,82323,20.2060,0.0503,0
11:23:18,82361,15.8480,0.0503,0
11:23:23,82407,22.9420,0.0503,0
11:23:29,82447,15.8480,0.0502,0
11:23:35,82493,21.7910,0.0502,0
11:23:40,82539,14.2840,0.0502,0
11:23:45,82564,5.1140,0.0502,0
11:23:50,82610,22.0200,0.0502,0
11:23:57,82655,16.7440,0.0502,0
11:24:02,82680,3.3400,0.0502,0
11:24:07,82726,21.6810,0.0502,0
11:24:14,82769,18.2150,0.0502,0
11:24:19,82794,2.4000,0.0502,0
11:24:24,82840,20.6420,0.0502,0
11:24:29,82886,15.1250,0.0502,0
11:24:34,82911,2.1040,0.0502,0
11:24:40,82936,12.0930,0.0502,0
11:24:45,82982,19.0620,0.0502,0
11:24:50,83009,12.4720,0.0502,0
11:24:55,83055,21.0830,0.0502,0
11:25:00,83101,13.0720,0.0502,0
11:25:05,83126,5.1150,0.0502,0
11:25:11,83159,15.1820,0.0502,0
11:25:16,83205,20.8060,0.0502,0
11:25:23,83245,18.1950,0.0502,0
11:25:28,83291,17.2170,0.0502,0
11:25:33,83337,17.8430,0.0502,0
11:25:38,83362,4.7940,0.0502,0
11:25:43,83408,19.7290,0.0502,0
11:25:48,83454,16.2920,0.0502,0
11:25:53,83479,3.8930,0.0502,0
11:25:58,83504,7.1390,0.0502,0
11:26:03,83550,22.4010,0.0502,0
11:26:09,83579,10.6840,0.0502,0
11:26:14,83625,18.1520,0.0502,0
11:26:19,83671,15.7240,0.0502,0
11:26:24,83696,4.3410,0.0502,0
11:26:29,83742,22.5970,0.0502,0
11:26:34,83767,12.1830,0.0502,0
11:26:39,83813,18.9450,0.0502,0
11:26:44,83838,10.0810,0.0502,0
11:26:49,83884,21.4360,0.0502,0
11:26:56,83928,17.0570,0.0502,0
11:27:01,83974,13.2060,0.0502,0
11:27:07,84020,23.2300,0.0502,0
11:27:12,84045,3.5260,0.0502,0
11:27:18,84081,19.1300,0.0502,0
11:27:24,84117,17.3110,0.0502,0
11:27:29,84163,19.8330,0.0502,0
11:27:34,84209,4.4240,0.0502,0
11:27:39,84255,0.2060,0.0502,0
11:27:44,84301,-0.0400,0.0502,0
11:27:51,84337,0.9350,0.0502,0
11:27:56,84383,19.8950,0.0502,0
11:28:01,84408,7.4040,0.0502,0
11:28:06,84454,19.8150,0.0502,0
11:28:11,84500,14.4660,0.0502,0
11:28:16,84525,5.3920,0.0502,0
11:28:21,84550,10.9450,0.0502,0
11:28:27,84583,14.5580,0.0502,0
11:28:34,84625,18.7810,0.0502,0
11:28:41,84669,18.0320,0.0502,0
11:28:48,84713,18.4920,0.0502,0
11:28:54,84743,10.7350,0.0502,0
11:28:59,84789,17.2250,0.0502,0
11:29:04,84835,16.8740,0.0502,0
11:29:09,84860,6.3260,0.0502,0
11:29:14,84906,22.5500,0.0502,0
11:29:20,84940,8.8920,0.0502,0
11:29:27,84982,19.0670,0.0502,0
11:29:32,85028,24.1190,0.0502,0
11:29:37,85052,5.5920,0.0502,0
11:29:42,85098,22.0570,0.0502,0
11:29:47,85144,12.0470,0.0502,0
11:29:52,85169,8.6450,0.0502,0
11:29:57,85215,23.8760,0.0502,0
11:30:03,85243,12.1660,0.0502,0
11:30:09,85275,11.9570,0.0502,0
11:30:14,85321,19.6180,0.0502,0
11:30:19,85367,14.7330,0.0502,0
11:30:24,85392,5.6930,0.0502,0
11:30:29,85438,26.8380,0.0502,0
11:30:35,85471,11.8630,0.0502,0
11:30:40,85517,17.3760,0.0502,0
11:30:45,85563,18.3780,0.0502,0
11:30:50,85588,3.6900,0.0502,0
11:30:57,85612,6.9820,0.0502,0
11:31:02,85658,19.7820,0.0502,0
11:31:07,85683,6.5440,0.0502,0
11:31:12,85729,19.0650,0.0502,0
11:31:18,85754,9.5120,0.0502,0
11:31:23,85800,19.7420,0.0502,0
11:31:28,85824,9.2520,0.0502,0
11:31:33,85870,22.2650,0.0502,0
11:31:38,85899,15.5240,0.0502,0
11:31:43,85945,22.6180,0.0502,0
11:31:48,85991,16.1840,0.0502,1
11:31:53,86016,8.0480,0.0502,0
11:31:58,86062,24.1740,0.0502,0
11:32:03,86087,13.5730,0.0502,0
11:32:09,86133,23.5760,0.0502,0
11:32:14,86158,7.4410,0.0502,0
11:32:19,86204,22.6940,0.0502,0
11:32:24,86229,10.3550,0.0502,0
11:32:29,86275,19.6930,0.0502,0
11:32:35,86315,20.0250,0.0502,0
11:32:41,86361,14.9850,0.0502,0
11:32:47,86398,12.3640,0.0502,0
11:32:52,86444,23.0990,0.0502,0
11:32:57,86490,11.9110,0.0502,0
11:33:02,86515,2.4090,0.0502,0
11:33:07,86561,24.0970,0.0502,0
11:33:12,86607,8.3290,0.0502,0
11:33:19,86652,5.5580,0.0502,0
11:33:25,86698,17.3430,0.0502,0
11:33:30,86744,15.9430,0.0502,0
11:33:35,86790,0.5300,0.0502,0
11:33:40,86836,0.8550,0.0502,1
11:33:45,86861,4.6010,0.0502,0
11:33:50,86907,18.9440,0.0502,0
11:33:55,86953,13.0130,0.0502,0
11:34:00,86978,4.7920,0.0502,0
11:34:05,87024,19.1920,0.0502,0
11:34:10,87070,14.6320,0.0502,0
11:34:15,87095,4.4150,0.0502,0
11:34:20,87122,8.2230,0.0502,0
11:34:25,87147,1.5900,0.0502,0
11:34:31,87193,22.3000,0.0502,0
11:34:36,87239,10.2470,0.0502,0
11:34:41,87264,3.0760,0.0502,0
11:34:46,87295,13.1450,0.0502,0
11:34:52,87323,6.0270,0.0502,0
11:34:57,87353,12.4100,0.0502,0
11:35:03,87380,5.1160,0.0502,0
11:35:08,87426,14.5210,0.0502,0
11:35:13,87472,17.7460,0.0502,0
11:35:18,87499,7.5880,0.0502,0
11:35:23,87545,15.7060,0.0501,0
11:35:28,87591,19.6770,0.0501,0
11:35:33,87616,4.7470,0.0501,0
11:35:39,87650,13.9910,0.0501,0
11:35:44,87696,20.4340,0.0501,0
11:35:51,87733,20.1160,0.0501,0
11:35:56,87779,23.5400,0.0501,0
11:36:01,87825,12.7030,0.0501,0
11:36:06,87850,4.7470,0.0501,0
11:36:11,87896,25.0440,0.0501,0
11:36:18,87941,13.1840,0.0501,0
11:36:23,87987,16.1500,0.0501,0
11:36:28,88033,14.1550,0.0501,0
11:36:35,88071,6.7390,0.0501,0
11:36:40,88117,22.9710,0.0501,0
11:36:45,88142,0.2870,0.0501,0
11:36:50,88188,24.7760,0.0501,0
11:36:57,88233,15.2820,0.0501,0
11:37:02,88279,18.1450,0.0501,0
11:37:07,88325,10.8230,0.0501,0
11:37:13,88359,10.9830,0.0501,0
11:37:19,88405,14.7470,0.0501,0
11:37:24,88451,18.3510,0.0501,0
11:37:29,88476,7.5990,0.0501,0
11:37:34,88522,19.2850,0.0501,0
11:37:39,88568,16.0030,0.0501,0
11:37:44,88593,5.6860,0.0501,0
11:37:49,88639,22.0060,0.0501,0
11:37:54,88685,9.4140,0.0501,0
11:37:59,88710,7.0030,0.0501,0
11:38:04,88756,18.9780,0.0501,0
11:38:09,88781,10.9690,0.0501,0
11:38:14,88827,20.2760,0.0501,0
11:38:22,88873,13.2360,0.0501,0
11:38:27,88919,10.7660,0.0501,0
11:38:32,88965,20.9300,0.0501,0
11:38:37,88990,5.8090,0.0501,0
11:38:42,89036,17.4860,0.0501,0
11:38:47,89082,15.0400,0.0501,0
11:38:52,89107,7.5700,0.0501,0
11:38:57,89153,16.5660,0.0501,0
11:39:02,89199,15.7260,0.0501,0
11:39:07,89224,5.5530,0.0501,0
11:39:12,89270,18.6770,0.0501,0
11:39:17,89316,15.4010,0.0501,0
11:39:22,89341,7.6110,0.0501,0
11:39:27,89387,21.3860,0.0501,0
11:39:34,89424,16.9770,0.0501,0
11:39:39,89470,16.5190,0.0501,0
11:39:44,89516,15.9930,0.0501,0
11:39:49,89541,7.4980,0.0501,0
11:39:54,89587,18.3630,0.0501,0
11:39:59,89612,11.0250,0.0501,0
11:40:06,89654,19.4990,0.0501,0
11:40:11,89700,22.2850,0.0501,0
11:40:16,89724,3.7100,0.0501,0
11:40:21,89770,21.9300,0.0501,0
11:40:26,89816,6.7720,0.0501,0
11:40:31,89862,8.1350,0.0501,1
11:40:36,89887,8.5700,0.0501,0
11:40:41,89933,22.9300,0.0501,0
11:40:46,89958,13.6200,0.0501,0
11:40:51,90004,23.8480,0.0501,0
11:40:56,90029,10.2810,0.0501,0
11:41:04,90075,18.4150,0.0501,0
11:41:11,90119,21.3920,0.0501,0
11:41:16,90165,14.1370,0.0501,0
11:41:21,90190,14.0440,0.0501,0
11:41:26,90236,20.5370,0.0501,1
11:41:31,90261,12.8200,0.0501,0
11:41:36,90307,20.8940,0.0501,0
11:41:41,90332,6.6440,0.0501,0
11:41:46,90378,24.4150,0.0501,0
11:41:51,90424,12.4030,0.0501,0
11:41:57,90449,6.8870,0.0501,0
11:42:02,90495,21.4080,0.0501,0
11:42:08,90530,15.4940,0.0501,0
11:42:13,90576,23.7840,0.0501,0
11:42:19,90609,14.9000,0.0501,0
11:42:24,90655,12.4100,0.0501,1
11:42:29,90680,11.2350,0.0501,0
11:42:34,90726,12.1610,0.0501,0
11:42:39,90772,8.9130,0.0501,0
11:42:45,90803,7.5570,0.0501,0
11:42:50,90849,19.0740,0.0501,0
11:42:55,90895,15.4710,0.0501,0
11:43:00,90920,4.9730,0.0501,0
11:43:05,90966,21.5340,0.0501,0
11:43:12,91011,16.5080,0.0501,0
11:43:17,91057,16.5890,0.0501,0
11:43:22,91103,20.2220,0.0501,0
11:43:27,91128,10.2980,0.0501,0
11:43:33,91174,21.3900,0.0501,0
11:43:38,91200,11.0080,0.0501,0
11:43:43,91246,20.1850,0.0501,0
11:43:48,91292,16.6560,0.0501,0
11:43:53,91317,9.7020,0.0501,0
11:43:58,91363,25.9020,0.0501,0
11:44:03,91388,10.6210,0.0501,0
11:44:08,91434,24.4840,0.0501,0
11:44:14,91470,12.1900,0.0501,0
11:44:19,91516,17.9730,0.0501,0
11:44:24,91562,17.4500,0.0501,0
11:44:30,91587,3.4300,0.0501,0
11:44:35,91633,22.9960,0.0501,0
11:44:40,91657,7.0460,0.0501,0
11:44:45,91703,21.7560,0.0501,0
11:44:50,91728,10.3930,0.0501,0
11:44:55,91774,14.9560,0.0501,0
11:45:00,91804,12.2580,0.0501,0
11:45:05,91850,21.3940,0.0501,0
11:45:10,91896,17.0290,0.0501,1
11:45:16,91921,8.3730,0.0501,0
11:45:21,91967,21.4560,0.0501,0
11:45:27,92008,11.3740,0.0501,0
11:45:32,92054,19.6350,0.0501,0
11:45:38,92100,15.3410,0.0501,0
11:45:43,92124,8.8120,0.0501,0
11:45:48,92170,22.9100,0.0501,0
11:45:53,92200,11.8540,0.0501,0
11:45:58,92246,19.0170,0.0501,0
11:46:03,92292,14.4320,0.0501,0
11:46:08,92317,6.6070,0.0501,0
11:46:13,92363,19.9860,0.0501,0
11:46:19,92409,17.4840,0.0501,0
11:46:24,92434,10.0520,0.0501,0
11:46:29,92480,20.5520,0.0501,0
11:46:34,92505,12.6900,0.0501,0
11:46:39,92551,19.6350,0.0501,0
11:46:44,92576,9.1940,0.0501,0
11:46:50,92611,17.9800,0.0501,0
11:46:56,92646,16.5530,0.0501,0
11:47:01,92692,18.7250,0.0501,0
11:47:06,92716,11.8230,0.0501,0
11:47:11,92762,22.0020,0.0501,0
11:47:17,92792,11.9070,0.0501,0
11:47:22,92838,15.5530,0.0501,0
11:47:27,92884,19.6340,0.0501,0
11:47:32,92909,9.4160,0.0501,0
11:47:39,92946,20.4960,0.0501,0
11:47:44,92992,23.3140,0.0501,0
11:47:50,93031,15.6560,0.0501,0
11:47:55,93077,21.4190,0.0501,0
11:48:00,93123,16.0960,0.0501,0
11:48:05,93148,13.2660,0.0501,0
11:48:10,93194,20.1910,0.0501,0
11:48:15,93219,10.8810,0.0501,0
11:48:21,93265,24.7180,0.0501,0
11:48:26,93291,13.6100,0.0501,0
11:48:31,93337,20.7840,0.0501,0
11:48:36,93383,10.7190,0.0501,0
11:48:41,93408,11.5790,0.0501,0
11:48:46,93434,11.0470,0.0501,0
11:48:51,93480,16.7890,0.0501,0
11:48:56,93526,19.6480,0.0501,0
11:49:01,93551,5.6950,0.0501,0
11:49:06,93597,25.0160,0.0501,0
11:49:13,93636,10.2690,0.0501,0
11:49:20,93676,12.8750,0.0501,0
11:49:25,93707,11.0690,0.0501,0
11:49:32,93746,16.0170,0.0501,0
11:49:37,93792,19.9230,0.0501,0
11:49:43,93823,19.6790,0.0501,0
11:49:48,93869,16.5390,0.0501,1
11:49:53,93894,8.3600,0.0501,0
11:50:00,93939,24.4120,0.0501,0
11:50:08,93985,24.4350,0.0501,0
11:50:13,94031,23.8100,0.0501,0
11:50:18,94060,14.5520,0.0501,0
11:50:23,94106,20.2450,0.0501,0
11:50:28,94131,10.0340,0.0501,0
11:50:33,94177,23.2620,0.0501,0
11:50:40,94216,10.6300,0.0501,0
11:50:45,94262,12.4270,0.0501,0
11:50:50,94308,21.1580,0.0501,0
11:50:55,94333,5.9810,0.0501,0
11:51:00,94379,17.1840,0.0501,0
11:51:05,94425,19.0340,0.0501,0
11:51:10,94450,14.3100,0.0501,0
11:51:15,94496,16.6540,0.0501,0
11:51:22,94531,12.4820,0.0501,0
11:51:27,94577,14.3130,0.0501,0
11:51:32,94602,3.3520,0.0501,0
11:51:37,94627,7.6130,0.0501,0
11:51:42,94673,22.5000,0.0501,0
11:51:49,94715,16.1420,0.0501,0
11:51:54,94761,16.5150,0.0501,0
11:51:59,94807,16.2980,0.0501,0
11:52:04,94832,4.2800,0.0501,0
11:52:09,94878,14.5890,0.0501,0
11:52:16,94920,9.9940,0.0501,0
11:52:21,94966,18.5090,0.0501,0
11:52:27,95003,15.5820,0.0501,0
11:52:32,95049,21.3940,0.0501,0
11:52:39,95090,17.0970,0.0501,0
11:52:44,95136,16.0470,0.0501,0
11:52:49,95182,17.6490,0.0501,0
11:52:54,95207,7.2410,0.0501,0
11:52:59,95253,21.1710,0.0501,0
11:53:07,95298,18.0320,0.0501,0
11:53:12,95344,19.7650,0.0501,0
11:53:19,95388,20.4140,0.0501,0
11:53:24,95434,19.9730,0.0501,0
11:53:29,95480,16.3380,0.0501,0
11:53:34,95505,5.4020,0.0501,0
11:53:39,95551,22.0790,0.0501,0
11:53:46,95592,16.4200,0.0501,0
11:53:51,95638,16.4290,0.0501,0
11:53:56,95684,14.7680,0.0501,0
11:54:01,95709,8.5010,0.0501,0
11:54:06,95755,15.2740,0.0501,0
11:54:11,95801,8.2230,0.0501,0
11:54:16,95847,5.7850,0.0501,0
11:54:22,95881,11.8600,0.0501,0
11:54:27,95927,22.3290,0.0501,0
11:54:32,95973,14.2140,0.0501,0
11:54:37,95998,9.6260,0.0501,0
11:54:42,96044,20.2150,0.0501,0
11:54:49,96084,13.1170,0.0501,0
11:54:54,96130,22.0440,0.0501,0
11:54:59,96155,10.8910,0.0501,0
11:55:04,96201,19.3300,0.0501,0
11:55:10,96232,11.5670,0.0501,0
11:55:15,96278,17.0370,0.0501,0
11:55:20,96324,18.7220,0.0501,0
11:55:25,96349,3.0640,0.0501,0
11:55:30,96395,23.2680,0.0501,0
11:55:36,96428,15.2060,0.0501,0
11:55:41,96474,24.1960,0.0501,0
11:55:47,96505,13.1640,0.0501,0
11:55:52,96551,21.4080,0.0501,0
11:55:57,96597,17.4580,0.0501,1
11:56:02,96621,9.2250,0.0501,0
11:56:07,96667,21.4760,0.0501,0
11:56:12,96692,9.4050,0.0501,0
11:56:19,96733,12.9280,0.0501,0
11:56:24,96779,14.5700,0.0501,0
11:56:29,96804,10.7010,0.0501,0
11:56:37,96849,20.8360,0.0501,0
11:56:42,96895,22.6210,0.0501,0
11:56:47,96941,13.8640,0.0501,0
11:56:52,96966,4.7870,0.0501,0
11:56:57,97012,21.4900,0.0501,0
11:57:03,97044,16.6920,0.0501,0
11:57:08,97090,17.7650,0.0501,0
11:57:13,97136,13.2550,0.0501,0
11:57:19,97172,6.8620,0.0501,0
11:57:24,97218,21.4750,0.0501,0
11:57:29,97264,13.9000,0.0501,0
11:57:34,97289,5.7620,0.0501,0
11:57:39,97335,22.8680,0.0501,0
11:57:45,97366,16.0030,0.0501,0
11:57:50,97412,16.1450,0.0501,0
11:57:55,97458,13.7620,0.0501,0
11:58:01,97492,9.7160,0.0501,0
11:58:06,97538,15.3610,0.0501,0
11:58:11,97584,11.4710,0.0501,0
11:58:17,97614,8.0160,0.0501,0
11:58:22,97643,11.9910,0.0501,0
11:58:27,97689,21.6490,0.0501,0
11:58:33,97716,7.3380,0.0501,0
11:58:38,97762,16.7210,0.0501,0
11:58:43,97808,19.0170,0.0501,0
11:58:48,97833,13.6360,0.0501,0
11:58:53,97862,14.6120,0.0501,0
11:58:58,97908,21.7570,0.0501,0
11:59:03,97954,15.8770,0.0501,0
11:59:08,97979,13.2250,0.0501,0
11:59:14,98025,20.5790,0.0501,0
11:59:19,98050,5.2150,0.0501,0
11:59:24,98096,20.5460,0.0501,0
11:59:29,98120,10.0320,0.0501,0
11:59:34,98166,20.0910,0.0501,0
11:59:39,98191,6.4120,0.0501,0
11:59:44,98237,25.3380,0.0501,0
11:59:51,98282,13.1950,0.0501,0
11:59:56,98328,14.3110,0.0501,0
12:00:01,98374,18.0460,0.0501,0
12:00:06,98420,5.4490,0.0501,0
12:00:11,98445,9.3740,0.0501,0
12:00:16,98491,21.7700,0.0501,0
12:00:21,98516,3.9600,0.0501,0
12:00:26,98541,9.2170,0.0500,0
12:00:31,98587,23.2560,0.0500,0
12:00:37,98612,11.8580,0.0500,0
12:00:42,98658,21.3680,0.0500,0
12:00:47,98704,11.0300,0.0500,0
12:00:52,98729,5.1620,0.0500,0
12:00:57,98775,21.9600,0.0500,0
12:01:02,98800,6.4860,0.0500,0
12:01:07,98846,18.3850,0.0500,0
12:01:12,98892,14.1380,0.0500,0
12:01:18,98924,8.7160,0.0500,0
12:01:23,98970,22.6340,0.0500,0
12:01:28,98995,5.5140,0.0500,0
12:01:33,99041,16.6280,0.0500,0
12:01:38,99087,11.7450,0.0500,0
12:01:43,99112,6.9190,0.0500,0
12:01:48,99158,15.7580,0.0500,0
12:01:53,99204,19.9740,0.0500,0
12:01:58,99229,5.1140,0.0500,0
12:02:03,99275,25.1300,0.0500,0
12:02:09,99303,14.2940,0.0500,0
12:02:14,99349,20.7470,0.0500,0
12:02:21,99391,17.4500,0.0500,0
12:02:26,99437,24.1340,0.0500,1
12:02:32,99452,6.6420,0.0500,0
12:02:37,99498,22.6600,0.0500,0
12:02:42,99544,11.4590,0.0500,0
12:02:47,99569,6.2270,0.0500,0
12:02:53,99600,16.2280,0.0500,0
12:03:00,99646,25.6280,0.0500,0
12:03:05,99692,24.7330,0.0500,0
12:03:13,99737,14.1360,0.0500,0
12:03:18,99783,16.5670,0.0500,0
12:03:24,99822,23.0190,0.0500,0
12:03:29,99868,15.4790,0.0500,0
12:03:37,99913,25.4080,0.0500,0
12:03:42,99959,22.2600,0.0500,0
12:03:47,99988,17.2400,0.0500,0
12:03:52,100034,25.6010,0.0500,0
12:03:58,100067,13.0820,0.0500,0
12:04:03,100113,21.8250,0.0500,0
12:04:08,100138,9.8220,0.0500,0
12:04:13,100184,22.4880,0.0500,0
12:04:18,100230,15.5000,0.0500,0
12:04:23,100255,4.4740,0.0500,0
12:04:29,100301,18.2630,0.0500,0
12:04:34,100347,12.4730,0.0500,0
12:04:39,100371,7.5860,0.0500,0
12:04:44,100417,22.2240,0.0500,0
12:04:50,100454,16.7540,0.0500,0
12:04:55,100500,22.0030,0.0500,0
12:05:01,100531,18.7880,0.0500,0
12:05:06,100577,22.8810,0.0500,0
12:05:11,100602,11.8230,0.0500,0
12:05:16,100648,18.6950,0.0500,0
12:05:22,100677,12.7480,0.0500,0
12:05:27,100723,19.8970,0.0500,0
12:05:32,100769,16.8360,0.0500,0
12:05:37,100794,6.3120,0.0500,0
12:05:42,100840,22.5100,0.0500,0
12:05:47,100865,7.9870,0.0500,0
12:05:52,100911,21.7760,0.0500,0
12:05:57,100936,7.0830,0.0500,0
12:06:02,100982,20.2380,0.0500,0
12:06:10,101028,14.2870,0.0500,0
12:06:15,101074,24.3930,0.0500,0
12:06:20,101100,8.0380,0.0500,0
12:06:25,101146,18.7770,0.0500,0
12:06:30,101172,9.4730,0.0500,0
12:06:37,101211,11.9680,0.0500,0
12:06:42,101257,15.5070,0.0500,0
12:06:47,101288,14.3940,0.0500,0
12:06:52,101334,20.2240,0.0500,0
12:06:58,101359,7.6100,0.0500,0
12:07:03,101405,18.6430,0.0500,0
12:07:08,101435,10.7530,0.0500,0
12:07:14,101468,13.4180,0.0500,0
12:07:19,101514,17.7150,0.0500,0
12:07:24,101560,16.5880,0.0500,0
12:07:29,101585,5.7690,0.0500,0
12:07:34,101631,20.4080,0.0500,0
12:07:39,101656,5.7170,0.0500,0
12:07:45,101702,15.5120,0.0500,0
12:07:50,101748,13.9280,0.0500,0
12:07:55,101773,6.8280,0.0500,0
12:08:00,101819,18.2090,0.0500,0
12:08:05,101865,14.5610,0.0500,0
12:08:10,101890,9.1190,0.0500,0
12:08:15,101936,23.1780,0.0500,0
12:08:21,101967,16.0520,0.0500,0
12:08:26,102013,25.0680,0.0500,0
12:08:31,102059,9.4610,0.0500,0
12:08:36,102084,7.8740,0.0500,0
12:08:41,102130,24.2040,0.0500,0
12:08:46,102155,14.5420,0.0500,0
12:08:51,102201,23.9240,0.0500,0
12:08:56,102227,10.7500,0.0500,0
12:09:01,102273,20.0680,0.0500,0
12:09:06,102319,15.6550,0.0500,0
12:09:11,102344,4.4810,0.0500,0
12:09:16,102390,24.7300,0.0500,0
12:09:23,102427,15.2170,0.0500,0
12:09:28,102473,17.7620,0.0500,0
12:09:33,102519,13.1680,0.0500,0
12:09:38,102544,8.8020,0.0500,0
12:09:43,102590,18.7110,0.0500,0
12:09:49,102626,22.4080,0.0500,0
12:09:54,102672,24.4360,0.0500,0
12:10:00,102699,14.2950,0.0500,0
12:10:05,102745,16.4890,0.0500,0
12:10:11,102782,12.2520,0.0500,0
12:10:16,102807,5.7610,0.0500,0
12:10:21,102853,26.8460,0.0500,0
12:10:26,102878,3.9950,0.0500,0
12:10:31,102924,20.9720,0.0500,0
12:10:36,102970,15.4760,0.0500,0
12:10:41,102995,6.6250,0.0500,0
12:10:46,103041,18.3660,0.0500,0
12:10:51,103087,11.4530,0.0500,0
12:10:57,103112,12.1420,0.0500,0
12:11:02,103137,3.9770,0.0500,0
12:11:07,103162,9.7970,0.0500,0
12:11:13,103198,11.8000,0.0500,0
12:11:18,103222,3.6140,0.0500,0
12:11:23,103268,23.2160,0.0500,0
12:11:30,103311,16.7980,0.0500,0
12:11:35,103357,17.4310,0.0500,0
12:11:40,103403,18.1160,0.0500,0
12:11:45,103428,9.3730,0.0500,0
12:11:50,103453,8.5810,0.0500,0
12:11:55,103499,21.7260,0.0500,0
12:12:00,103523,9.5120,0.0500,0
12:12:05,103569,20.4150,0.0500,0
12:12:10,103615,13.2710,0.0500,0
12:12:16,103640,8.7690,0.0500,0
12:12:21,103686,23.9690,0.0500,0
12:12:26,103711,8.1760,0.0500,0
12:12:31,103757,25.9800,0.0500,0
12:12:36,103782,7.6830,0.0500,0
12:12:41,103828,22.3660,0.0500,0
12:12:46,103858,11.8970,0.0500,0
12:12:52,103904,18.6690,0.0500,0
12:12:57,103950,12.8470,0.0500,0
12:13:02,103975,8.1690,0.0500,0
12:13:07,104021,15.4140,0.0500,0
12:13:12,104067,21.4720,0.0500,0
12:13:17,104092,13.2890,0.0500,0
12:13:22,104138,24.7820,0.0500,0
12:13:27,104163,6.6080,0.0500,0
12:13:32,104209,23.9200,0.0500,0
12:13:39,104252,14.1250,0.0500,0
12:13:44,104298,15.0100,0.0500,0
12:13:49,104344,16.6970,0.0500,0
12:13:54,104369,4.6040,0.0500,0
12:13:59,104415,21.5200,0.0500,0
12:14:04,104440,7.6930,0.0500,0
12:14:09,104486,17.7230,0.0500,0
12:14:17,104531,22.2360,0.0500,0
12:14:24,104575,19.2670,0.0500,0
12:14:29,104621,21.1600,0.0500,0
12:14:36,104663,17.9290,0.0500,0
12:14:41,104709,19.3440,0.0500,0
12:14:46,104734,10.4070,0.0500,0
12:14:51,104780,18.6210,0.0500,0
12:14:56,104826,14.3520,0.0500,0
12:15:01,104853,6.9500,0.0500,0
12:15:06,104899,15.7890,0.0500,0
12:15:12,104928,14.8840,0.0500,0
12:15:17,104974,22.8090,0.0500,0
12:15:22,104999,9.1630,0.0500,0
12:15:27,105045,23.5860,0.0500,0
12:15:32,105070,0.8880,0.0500,0
12:15:37,105116,22.0640,0.0500,0
12:15:44,105156,18.0340,0.0500,0
12:15:49,105202,14.0400,0.0500,0
12:15:56,105245,25.4940,0.0500,0
12:16:01,105291,20.1570,0.0500,0
12:16:08,105328,15.8890,0.0500,0
12:16:13,105374,15.5660,0.0500,0
12:16:20,105419,20.5250,0.0500,0
12:16:25,105465,17.2100,0.0500,0
12:16:30,105493,13.4530,0.0500,0
12:16:35,105539,15.2630,0.0500,0
12:16:41,105570,17.7300,0.0500,0
12:16:46,105616,19.2800,0.0500,0
12:16:51,105641,8.0180,0.0500,0
12:16:56,105687,21.5680,0.0500,0
12:17:02,105720,16.1210,0.0500,0
12:17:07,105766,17.5060,0.0500,0
12:17:14,105809,23.4560,0.0500,0
12:17:19,105855,25.9000,0.0500,0
12:17:24,105880,13.6200,0.0500,0
12:17:29,105926,25.7100,0.0500,0
12:17:36,105965,12.8550,0.0500,0
12:17:41,106011,11.5920,0.0500,0
12:17:46,106036,7.3090,0.0500,0
12:17:53,106078,12.8760,0.0500,0
12:17:58,106124,13.1580,0.0500,0
12:18:03,106170,23.9100,0.0500,0
12:18:08,106195,5.6770,0.0500,0
12:18:13,106241,21.0860,0.0500,0
12:18:18,106266,4.8910,0.0500,0
12:18:23,106312,22.5340,0.0500,0
12:18:29,106358,12.5320,0.0500,0
12:18:34,106383,5.1030,0.0500,0
12:18:39,106429,22.2950,0.0500,0
12:18:45,106469,17.6390,0.0500,0
12:18:50,106515,15.8200,0.0500,0
12:18:58,106559,19.2890,0.0500,0
12:19:03,106605,12.8950,0.0500,0
12:19:08,106651,18.9620,0.0500,0
12:19:13,106676,4.3020,0.0500,0
12:19:18,106722,21.0710,0.0500,0
12:19:23,106749,12.8380,0.0500,0
12:19:28,106795,21.1470,0.0500,0
12:19:33,106841,16.2820,0.0500,0
12:19:38,106866,11.8060,0.0500,0
12:19:43,106912,20.8910,0.0500,0
12:19:49,106942,10.0990,0.0500,0
12:19:54,106988,21.5460,0.0500,0
12:20:00,107025,18.2200,0.0500,0
12:20:05,107071,20.6110,0.0500,0
12:20:12,107109,19.4890,0.0500,0
12:20:17,107155,15.4770,0.0500,0
12:20:22,107180,5.5190,0.0500,0
12:20:28,107209,14.0160,0.0500,0
12:20:33,107240,12.8170,0.0500,0
12:20:38,107286,20.8370,0.0500,0
12:20:44,107317,12.8590,0.0500,0
12:20:49,107363,18.3740,0.0500,0
12:20:54,107388,6.3790,0.0500,0
12:20:59,107434,25.0080,0.0500,0
12:21:05,107461,14.8070,0.0500,0
12:21:11,107502,14.9390,0.0500,0
12:21:17,107548,22.2470,0.0500,0
12:21:24,107592,16.2380,0.0500,0
12:21:29,107638,17.4160,0.0500,0
12:21:34,107684,13.7260,0.0500,0
12:21:39,107710,6.0950,0.0500,0
12:21:44,107756,18.4530,0.0500,0
12:21:51,107802,16.8270,0.0500,0
12:21:56,107848,16.5170,0.0500,0
12:22:04,107894,23.4270,0.0500,0
12:22:09,107940,17.1620,0.0500,0
12:22:14,107986,22.4980,0.0500,1
12:22:19,108011,6.3780,0.0500,0
12:22:24,108057,20.8320,0.0500,0
12:22:29,108084,8.3300,0.0500,0
12:22:34,108130,14.4250,0.0500,0
12:22:40,108176,14.4940,0.0500,0
12:22:47,108220,11.3390,0.0500,0
12:22:52,108266,13.1310,0.0500,0
12:22:57,108312,22.9560,0.0500,0
12:23:02,108337,14.2390,0.0500,0
12:23:07,108363,13.8090,0.0500,0
12:23:12,108409,16.8430,0.0500,0
12:23:17,108434,8.8190,0.0500,0
12:23:22,108480,21.9930,0.0500,0
12:23:27,108505,12.4230,0.0500,0
12:23:33,108537,17.0160,0.0500,0
12:23:38,108583,24.4070,0.0500,0
12:23:43,108607,8.5220,0.0500,0
12:23:48,108653,20.2540,0.0500,0
12:23:54,108683,14.2690,0.0500,0
12:23:59,108729,16.8460,0.0500,0
12:24:06,108775,24.0260,0.0500,0
12:24:11,108821,25.3870,0.0500,0
12:24:19,108866,13.4440,0.0500,0
12:24:24,108912,16.5360,0.0500,0
12:24:29,108958,18.1160,0.0500,0
12:24:34,108983,5.3190,0.0500,0
12:24:39,109029,18.4400,0.0500,0
12:24:44,109053,10.9940,0.0500,0
12:24:49,109099,14.6400,0.0500,0
12:24:54,109124,10.9850,0.0500,0
12:24:59,109170,20.7970,0.0500,0
12:25:04,109195,12.1820,0.0500,0
12:25:10,109227,15.3090,0.0500,0
12:25:15,109273,16.9270,0.0500,0
12:25:20,109319,15.7050,0.0500,0
12:25:25,109346,8.5030,0.0500,0
12:25:30,109392,21.4020,0.0500,0
12:25:35,109438,14.8230,0.0500,0
12:25:41,109463,4.7890,0.0500,0
12:25:46,109509,24.3380,0.0500,0
12:25:53,109552,13.7830,0.0500,0
12:25:58,109598,17.3930,0.0500,0
12:26:03,109644,19.0110,0.0500,0
12:26:08,109668,3.9980,0.0500,0
12:26:13,109694,12.9130,0.0500,0
12:26:18,109740,16.0070,0.0500,0
12:26:23,109765,5.2200,0.0500,0
12:26:29,109794,14.3620,0.0500,0
12:26:34,109840,21.7410,0.0500,0
12:26:40,109873,17.9010,0.0500,0
12:26:45,109919,16.4870,0.0500,0
12:26:50,109965,16.9030,0.0500,0
12:26:55,109990,6.6720,0.0500,0
12:27:00,110036,19.0330,0.0500,0
12:27:05,110082,10.3750,0.0500,0
12:27:12,110128,10.6910,0.0500,0
12:27:17,110174,14.9300,0.0500,0
12:27:22,110220,16.6310,0.0500,0
12:27:28,110250,9.6170,0.0500,0
12:27:33,110296,24.4290,0.0500,1
12:27:40,110318,6.1170,0.0500,0
12:27:45,110364,14.9410,0.0500,0
12:27:50,110410,19.0770,0.0500,0
12:27:55,110435,3.2990,0.0500,0
12:28:00,110481,17.6920,0.0500,0
12:28:05,110506,12.4890,0.0500,0
12:28:10,110552,23.6000,0.0500,0
12:28:16,110577,11.5090,0.0500,0
12:28:21,110623,24.1720,0.0500,0
12:28:26,110669,9.5200,0.0500,0
12:28:31,110694,1.1980,0.0500,0
12:28:36,110740,26.0280,0.0500,0
12:28:41,110786,10.1960,0.0500,0
12:28:46,110811,11.1310,0.0500,0
12:28:51,110857,26.6360,0.0500,0
12:28:56,110882,9.9770,0.0500,0
12:29:01,110928,22.2870,0.0500,0
12:29:06,110974,13.6080,0.0500,1
12:29:11,110999,4.8730,0.0500,0
12:29:16,111045,24.9980,0.0500,0
12:29:21,111070,10.8830,0.0500,0
12:29:26,111116,24.4440,0.0500,0
12:29:31,111162,10.4810,0.0500,0
12:29:37,111187,4.5210,0.0500,0
12:29:42,111233,25.9840,0.0500,0
12:29:47,111258,9.1640,0.0500,0
12:29:52,111304,21.2470,0.0500,0
12:29:58,111339,18.6760,0.0500,0
12:30:04,111370,11.6380,0.0500,0
12:30:09,111416,21.6960,0.0500,0
12:30:15,111451,18.3350,0.0500,0
12:30:20,111497,16.2450,0.0500,0
12:30:25,111543,20.5800,0.0500,0
12:30:30,111568,13.0310,0.0500,0
12:30:35,111614,22.0780,0.0500,0
12:30:40,111639,9.9850,0.0500,0
12:30:45,111685,20.7580,0.0500,0
12:30:52,111727,11.9720,0.0500,0
12:30:57,111772,14.6930,0.0500,0
12:31:02,111818,21.7180,0.0500,0
12:31:07,111843,9.4350,0.0500,0
12:31:12,111889,24.6260,0.0500,0
12:31:17,111913,9.7090,0.0500,0
12:31:22,111959,17.7650,0.0500,0
12:31:28,111993,17.7250,0.0500,0
12:31:33,112039,15.6850,0.0500,0
12:31:41,112083,24.0120,0.0500,0
12:31:47,112116,13.1860,0.0500,0
12:31:52,112162,22.3570,0.0500,0
12:31:57,112190,12.8230,0.0500,0
12:32:02,112236,17.1390,0.0500,0
12:32:07,112261,13.6710,0.0500,0
12:32:12,112307,20.3290,0.0500,0
12:32:19,112351,14.9700,0.0500,0
12:32:25,112397,16.5820,0.0500,0
12:32:30,112443,18.1670,0.0500,0
12:32:35,112467,5.4330,0.0500,0
12:32:40,112513,14.7990,0.0500,0
12:32:45,112559,21.1540,0.0500,0
12:32:50,112584,4.1260,0.0500,0
12:32:55,112630,16.5690,0.0500,0
12:33:00,112676,19.9060,0.0500,0
12:33:05,112701,5.9760,0.0500,0
12:33:10,112747,22.6760,0.0500,0
12:33:16,112781,11.0430,0.0500,0
12:33:21,112827,16.2320,0.0500,0
12:33:26,112873,19.0290,0.0500,0
12:33:31,112898,3.6910,0.0500,0
12:33:36,112944,23.5000,0.0500,0
12:33:42,112975,13.1440,0.0500,0
12:33:47,113021,20.2430,0.0500,0
12:33:54,113066,19.7810,0.0500,0
12:33:59,113112,16.5100,0.0500,0
12:34:04,113158,19.4280,0.0500,0
12:34:09,113183,5.7400,0.0500,0
12:34:14,113229,24.0380,0.0500,0
12:34:20,113262,14.6290,0.0500,0
12:34:26,113308,16.1750,0.0500,0
12:34:31,113354,16.6480,0.0500,0
12:34:36,113400,3.8250,0.0500,0
12:34:41,113446,0.2960,0.0500,0
12:34:46,113492,0.3620,0.0500,0
12:34:51,113538,0.1430,0.0500,0
12:34:56,113584,0.1270,0.0500,0
12:35:01,113630,1.3000,0.0500,0
12:35:06,113655,13.3240,0.0500,0
12:35:11,113701,22.7080,0.0500,0
12:35:16,113726,6.0460,0.0500,0
12:35:21,113772,23.1040,0.0500,0
12:35:27,113809,17.0350,0.0500,0
12:35:33,113855,15.8700,0.0500,0
12:35:38,113901,21.1260,0.0500,0
12:35:43,113926,6.9230,0.0500,0
12:35:48,113972,26.3380,0.0500,0
12:35:53,113999,9.7390,0.0500,0
12:35:58,114045,16.2330,0.0500,0
12:36:03,114091,16.2160,0.0500,0
12:36:08,114118,7.2770,0.0500,0
12:36:13,114164,16.7650,0.0500,0
12:36:20,114204,16.5130,0.0500,0
12:36:25,114250,23.2590,0.0500,0
12:36:30,114296,11.4410,0.0500,0
12:36:35,114320,6.9770,0.0500,0
12:36:40,114366,22.3700,0.0500,0
12:36:47,114405,12.5940,0.0500,0
12:36:52,114451,18.0640,0.0500,0
12:36:58,114485,12.4690,0.0500,0
12:37:03,114531,24.7050,0.0500,0
12:37:08,114556,5.8160,0.0500,0
12:37:13,114602,19.7530,0.0500,0
12:37:18,114648,18.0560,0.0500,0
12:37:23,114673,14.8640,0.0500,0
12:37:28,114719,18.0460,0.0500,0
12:37:33,114744,9.1110,0.0500,0
12:37:38,114790,21.1870,0.0500,0
12:37:46,114835,12.8080,0.0500,0
12:37:51,114881,16.5980,0.0500,0
12:37:56,114927,17.8660,0.0500,0
12:38:01,114952,6.6860,0.0500,0
12:38:08,114998,24.2390,0.0500,0
12:38:13,115044,23.3320,0.0500,0
12:38:20,115086,16.7340,0.0500,0
12:38:25,115132,22.0420,0.0500,0
12:38:30,115157,5.2000,0.0500,0
12:38:35,115203,19.8450,0.0500,0
12:38:40,115249,14.4890,0.0500,0
12:38:45,115274,5.6440,0.0500,0
12:38:51,115320,16.5080,0.0500,0
12:38:56,115345,4.6200,0.0500,0
12:39:03,115388,19.2880,0.0500,0
12:39:08,115434,19.9460,0.0500,0
12:39:13,115480,12.2420,0.0500,0
12:39:18,115526,3.9180,0.0500,0
12:39:23,115572,0.1090,0.0500,0
12:39:28,115618,0.0790,0.0500,0
12:39:33,115643,0.3880,0.0500,0
12:39:38,115689,22.3710,0.0500,0
12:39:45,115728,17.0390,0.0500,0
12:39:50,115774,23.0990,0.0500,0
12:39:55,115820,14.1510,0.0500,0
12:40:00,115845,9.7390,0.0500,0
12:40:05,115891,20.4940,0.0500,0
12:40:12,115932,12.7640,0.0500,0
12:40:17,115978,16.5530,0.0500,0
12:40:22,116024,19.0400,0.0500,0
12:40:27,116049,5.6940,0.0500,0
12:40:32,116074,11.3570,0.0500,0
12:40:37,116120,22.0180,0.0500,0
12:40:42,116145,3.4040,0.0500,0
12:40:47,116170,11.2210,0.0500,0
12:40:52,116216,22.9560,0.0500,0
12:40:58,116244,13.6010,0.0500,0
12:41:05,116285,15.2280,0.0500,0
12:41:10,116331,22.2410,0.0500,0
12:41:17,116376,16.2290,0.0500,0
12:41:22,116422,15.8840,0.0500,0
12:41:29,116465,14.5980,0.0500,0
12:41:34,116511,23.1660,0.0500,0
12:41:41,116549,15.9340,0.0500,0
12:41:46,116595,17.5410,0.0500,0
12:41:51,116641,20.2850,0.0500,0
12:41:56,116666,12.4910,0.0500,0
12:42:02,116704,19.8460,0.0500,0
12:42:07,116750,20.6250,0.0500,0
12:42:15,116794,19.2710,0.0500,0
12:42:20,116819,4.2660,0.0500,0
12:42:25,116865,19.3260,0.0500,0
12:42:30,116911,15.2510,0.0500,0
12:42:35,116936,3.9180,0.0500,0
12:42:40,116961,9.1770,0.0500,0
12:42:45,117007,22.0800,0.0500,0
12:42:52,117047,17.9160,0.0500,0
12:42:57,117093,23.2470,0.0500,0
12:43:03,117133,15.5790,0.0500,0
12:43:08,117179,17.3360,0.0500,0
12:43:14,117205,15.5370,0.0500,0
12:43:19,117251,15.9330,0.0500,0
12:43:24,117276,8.2080,0.0500,0
12:43:29,117322,18.9490,0.0500,0
12:43:34,117368,16.7240,0.0500,0
12:43:39,117393,4.8010,0.0500,0
12:43:44,117439,24.4420,0.0500,0
12:43:49,117464,4.6100,0.0500,0
12:43:54,117510,17.8120,0.0500,0
12:43:59,117536,13.4330,0.0500,0
12:44:04,117582,15.8530,0.0500,0
12:44:09,117628,22.0940,0.0500,0
12:44:14,117653,7.5050,0.0500,0
12:44:19,117699,19.9520,0.0500,0
12:44:25,117724,6.6480,0.0500,0
12:44:30,117770,20.1060,0.0500,0
12:44:36,117805,11.0180,0.0500,0
12:44:41,117851,18.0170,0.0500,0
12:44:46,117897,10.3390,0.0500,0
12:44:52,117932,8.9910,0.0500,0
12:44:57,117978,16.2980,0.0500,0
12:45:02,118003,9.4800,0.0500,0
12:45:07,118049,18.7470,0.0500,0
12:45:12,118095,15.9200,0.0500,0
12:45:17,118120,12.4670,0.0500,0
12:45:22,118166,24.7690,0.0500,0
12:45:28,118191,7.8300,0.0500,0
12:45:33,118237,16.8350,0.0500,0
12:45:38,118283,18.8380,0.0500,0
12:45:43,118308,12.0420,0.0500,0
12:45:48,118354,19.7230,0.0500,0
12:45:53,118400,9.5470,0.0500,0
12:45:58,118425,8.0080,0.0500,0
12:46:03,118450,5.8840,0.0500,0
12:46:08,118475,6.9820,0.0500,0
12:46:14,118504,9.1360,0.0500,0
12:46:19,118550,14.9580,0.0500,0
12:46:24,118596,16.6000,0.0500,0
12:46:29,118621,8.2080,0.0500,0
12:46:34,118666,15.5570,0.0500,0
12:46:39,118712,15.0390,0.0500,0
12:46:45,118751,9.2970,0.0500,0
12:46:50,118797,18.6560,0.0500,0
12:46:56,118823,9.4680,0.0500,0
12:47:01,118869,18.4140,0.0500,0
12:47:06,118915,10.7730,0.0500,0
12:47:13,118959,7.4270,0.0500,0
12:47:18,119005,15.5950,0.0500,0
12:47:23,119051,20.8420,0.0500,0
12:47:28,119076,13.5590,0.0500,0
12:47:35,119114,15.0370,0.0500,0
12:47:40,119160,20.8290,0.0500,0
12:47:47,119202,19.1720,0.0500,0
12:47:52,119227,1.8440,0.0500,0
12:47:57,119273,24.3750,0.0500,0
12:48:02,119302,15.7680,0.0500,0
12:48:07,119348,22.9320,0.0500,0
12:48:12,119374,10.1270,0.0500,0
12:48:17,119420,17.4930,0.0500,0
12:48:23,119445,10.1260,0.0500,0
12:48:28,119491,25.1760,0.0500,0
12:48:33,119523,11.5610,0.0500,0
12:48:39,119569,18.0090,0.0500,0
12:48:45,119609,21.6270,0.0500,0
12:48:50,119634,-0.0070,0.0500,0
12:48:55,119680,23.9030,0.0500,0
12:49:00,119704,10.9270,0.0500,0
12:49:05,119750,25.7180,0.0500,0
12:49:11,119775,14.4780,0.0500,0
12:49:16,119821,20.1440,0.0500,0
12:49:21,119853,6.7790,0.0500,0
12:49:26,119899,22.6530,0.0500,0
12:49:32,119924,2.7580,0.0500,0
12:49:37,119970,25.9500,0.0500,0
12:49:43,120009,13.7490,0.0500,0
12:49:48,120055,15.8740,0.0500,0
12:49:53,120080,8.7800,0.0500,0
12:49:58,120126,21.1600,0.0500,0
12:50:05,120167,18.6270,0.0500,0
12:50:10,120213,20.6490,0.0500,0
12:50:17,120255,19.4350,0.0500,0
12:50:22,120301,15.8610,0.0500,0
12:50:27,120326,9.1890,0.0500,0
12:50:32,120372,16.5340,0.0500,0
12:50:40,120417,23.1740,0.0500,0
12:50:45,120463,16.0140,0.0500,0
12:50:50,120509,15.5790,0.0500,0
12:50:55,120536,8.5790,0.0500,0
12:51:00,120582,17.4020,0.0500,0
12:51:07,120625,22.1330,0.0500,0
12:51:12,120671,16.9260,0.0500,0
12:51:17,120717,16.3410,0.0500,0
12:51:22,120742,7.0310,0.0500,0
12:51:27,120788,17.7800,0.0500,0
12:51:34,120831,21.8650,0.0500,0
12:51:39,120877,16.8870,0.0500,0
12:51:44,120923,16.3770,0.0500,0
12:51:50,120948,6.9640,0.0500,0
12:51:55,120994,19.4020,0.0500,0
12:52:00,121023,11.0010,0.0500,0
12:52:05,121069,21.7810,0.0500,0
12:52:10,121094,10.6720,0.0500,0
12:52:15,121140,21.4650,0.0500,0
12:52:20,121165,0.2860,0.0500,0
12:52:25,121211,22.4100,0.0500,0
12:52:32,121251,17.7790,0.0500,0
12:52:37,121297,16.2200,0.0500,0
12:52:42,121343,17.0070,0.0500,0
12:52:47,121367,6.9550,0.0500,0
12:52:52,121413,19.6290,0.0500,0
12:52:57,121459,17.6130,0.0500,0
12:53:02,121484,9.7370,0.0500,0
12:53:07,121530,25.0660,0.0500,0
12:53:13,121555,10.6330,0.0500,0
12:53:18,121601,25.0330,0.0500,0
12:53:25,121644,12.2680,0.0500,0
12:53:30,121690,19.7190,0.0500,0
12:53:35,121736,14.6110,0.0500,0
12:53:40,121761,5.9780,0.0500,0
12:53:45,121807,18.6210,0.0500,0
12:53:52,121848,21.2910,0.0500,0
12:53:57,121894,14.0520,0.0500,0
12:54:02,121919,11.6170,0.0500,0
12:54:07,121965,17.1510,0.0500,0
12:54:12,122011,18.0140,0.0500,0
12:54:17,122036,5.1070,0.0500,0
12:54:22,122082,21.7650,0.0500,0
12:54:27,122128,15.8130,0.0500,0
12:54:32,122153,6.8900,0.0500,0
12:54:39,122193,20.7430,0.0500,0
12:54:44,122239,18.0650,0.0500,0
12:54:49,122285,19.3520,0.0500,0
12:54:54,122310,10.6690,0.0500,0
12:54:59,122356,23.9260,0.0500,0
12:55:04,122381,7.7150,0.0500,0
12:55:09,122427,22.9760,0.0500,0
12:55:16,122463,13.4140,0.0500,0
12:55:21,122509,17.7550,0.0500,0
12:55:26,122534,5.2420,0.0500,0
12:55:31,122560,13.1310,0.0500,0
12:55:36,122606,15.5710,0.0500,0
12:55:41,122652,18.8070,0.0500,0
12:55:46,122677,5.4260,0.0500,0
12:55:51,122723,24.8250,0.0500,0
12:55:56,122748,5.2200,0.0500,0
12:56:01,122794,21.3900,0.0500,0
12:56:06,122819,5.7790,0.0500,0
12:56:11,122865,25.7420,0.0500,0
12:56:17,122890,8.7950,0.0500,0
12:56:22,122936,21.2010,0.0500,0
12:56:27,122961,5.5160,0.0500,0
12:56:32,123007,24.5740,0.0500,0
12:56:38,123045,14.6150,0.0500,0
12:56:43,123091,16.8650,0.0500,0
12:56:48,123137,16.6290,0.0500,0
12:56:53,123162,4.3070,0.0500,0
12:56:58,123208,23.4980,0.0500,0
12:57:06,123253,13.2770,0.0500,0
12:57:11,123299,17.0880,0.0500,0
12:57:17,123336,16.4620,0.0500,0
12:57:22,123382,20.5610,0.0500,0
12:57:29,123420,20.6480,0.0500,0
12:57:34,123466,25.4380,0.0500,0
12:57:40,123498,10.4810,0.0500,0
12:57:45,123544,19.6730,0.0500,0
12:57:51,123578,19.9820,0.0500,0
12:57:56,123624,20.9010,0.0500,0
12:58:03,123666,20.4060,0.0500,0
12:58:09,123703,17.7690,0.0500,0
12:58:14,123749,15.9190,0.0500,0
12:58:19,123795,16.8530,0.0500,0
12:58:24,123820,7.2870,0.0500,0
12:58:29,123866,20.0770,0.0500,0
12:58:34,123891,5.1900,0.0500,0
12:58:40,123937,26.5900,0.0500,0
12:58:45,123967,13.3510,0.0500,0
12:58:50,124013,17.4960,0.0500,0
12:58:56,124044,14.9620,0.0500,0
12:59:01,124090,21.4930,0.0500,0
12:59:06,124115,8.5900,0.0500,0
12:59:11,124161,22.3460,0.0500,0
12:59:16,124186,8.3190,0.0500,0
12:59:21,124232,23.8310,0.0500,0
12:59:28,124270,14.6520,0.0500,0
12:59:33,124316,14.9660,0.0500,0
12:59:38,124362,12.1690,0.0500,0
12:59:44,124393,8.3190,0.0500,0
12:59:49,124439,16.8610,0.0500,0
12:59:54,124464,8.8670,0.0500,0
12:59:59,124510,18.1600,0.0500,0
13:00:05,124542,13.6850,0.0500,0
13:00:10,124588,16.8510,0.0500,0
13:00:15,124634,19.9130,0.0500,0
13:00:20,124658,13.3120,0.0500,0
13:00:25,124683,9.2110,0.0500,0
13:00:30,124711,13.1190,0.0500,0
13:00:35,124757,21.0630,0.0500,0
13:00:42,124798,18.3720,0.0500,0
13:00:47,124844,21.7390,0.0500,0
13:00:52,124890,13.2580,0.0500,0
13:00:57,124915,12.9990,0.0500,0
13:01:03,124948,15.2770,0.0500,0
13:01:08,124994,18.0790,0.0500,0
13:01:13,125019,8.5930,0.0500,0
13:01:18,125065,24.7380,0.0500,0
13:01:24,125096,14.0180,0.0500,0
13:01:29,125142,19.2700,0.0500,0
13:01:34,125188,15.1920,0.0500,0
13:01:39,125213,5.1400,0.0500,0
13:01:44,125259,26.0040,0.0500,0
13:01:50,125284,14.8160,0.0500,0
13:01:55,125330,18.9420,0.0500,0
13:02:02,125375,20.7580,0.0500,0
13:02:07,125421,25.7180,0.0500,0
13:02:13,125456,13.1020,0.0500,0
13:02:18,125502,19.2920,0.0500,0
13:02:23,125527,10.9880,0.0500,0
13:02:28,125573,23.9380,0.0500,0
13:02:34,125606,14.5570,0.0500,0
13:02:39,125652,16.5440,0.0500,0
13:02:46,125696,23.3390,0.0500,0
13:02:51,125742,18.3560,0.0500,0
13:02:57,125767,10.6950,0.0500,0
13:03:02,125813,20.9050,0.0500,0
13:03:07,125859,15.3580,0.0500,0
13:03:12,125884,9.4290,0.0500,0
13:03:17,125930,27.5440,0.0500,0
13:03:22,125955,11.5140,0.0500,0
13:03:27,126001,21.7780,0.0500,0
13:03:33,126031,13.3650,0.0500,0
13:03:38,126077,18.6820,0.0500,0
13:03:43,126123,17.4560,0.0500,0
13:03:48,126148,11.4320,0.0500,0
13:03:54,126187,21.9990,0.0500,0
13:03:59,126233,15.8690,0.0500,0
13:04:05,126259,15.8650,0.0500,0
13:04:10,126305,15.5750,0.0500,0
13:04:15,126351,18.6740,0.0500,0
13:04:20,126375,5.6720,0.0500,0
13:04:25,126421,24.3350,0.0500,0
13:04:30,126446,8.2050,0.0500,0
13:04:35,126492,21.4470,0.0500,0
13:04:40,126517,7.3610,0.0500,0
13:04:45,126563,25.4640,0.0500,0
13:04:50,126588,6.4380,0.0500,0
13:04:55,126616,11.9120,0.0500,0
13:05:01,126662,20.2930,0.0500,0
13:05:07,126702,20.8960,0.0500,0
13:05:13,126733,12.7900,0.0500,0
13:05:18,126779,17.1870,0.0500,0
13:05:23,126825,17.5020,0.0500,0
13:05:28,126850,10.5250,0.0500,0
13:05:33,126896,23.7650,0.0500,0
13:05:39,126925,8.3090,0.0500,0
13:05:44,126971,17.1860,0.0500,0
13:05:51,127015,22.5010,0.0500,0
13:05:56,127061,17.4250,0.0500,0
13:06:01,127086,7.8860,0.0500,0
13:06:06,127132,23.4960,0.0500,1
13:06:11,127157,9.1870,0.0500,0
13:06:18,127201,21.4480,0.0500,0
13:06:23,127247,18.3410,0.0500,0
13:06:29,127272,10.3550,0.0500,0
13:06:35,127305,15.8280,0.0500,0
13:06:40,127351,24.4340,0.0500,1
13:06:45,127376,4.5580,0.0500,0
13:06:50,127400,4.2780,0.0500,0
13:06:55,127446,21.1100,0.0500,0
13:07:00,127473,11.9120,0.0500,0
13:07:07,127517,15.3470,0.0500,0
13:07:12,127563,15.3150,0.0500,0
13:07:17,127609,21.2740,0.0500,0
13:07:22,127634,13.8890,0.0500,0
13:07:27,127680,19.9000,0.0500,0
13:07:33,127705,10.0230,0.0500,0
13:07:38,127751,24.8650,0.0500,0
13:07:43,127782,14.2430,0.0500,0
13:07:48,127828,20.5680,0.0500,0
13:07:55,127866,20.7080,0.0500,0
13:08:00,127891,10.0200,0.0500,0
13:08:05,127937,19.3760,0.0500,0
13:08:10,127961,3.9870,0.0500,0
13:08:15,128007,21.4300,0.0500,0
13:08:22,128046,16.1780,0.0500,0
13:08:27,128092,21.4460,0.0500,0
13:08:33,128124,18.5590,0.0500,0
13:08:38,128170,18.6210,0.0500,0
13:08:43,128216,16.9610,0.0500,0
13:08:48,128241,3.9580,0.0500,0
13:08:53,128287,21.4020,0.0500,0
13:08:58,128317,7.6740,0.0500,0
13:09:04,128363,21.3980,0.0500,0
13:09:09,128409,13.9800,0.0500,0
13:09:14,128434,10.6170,0.0500,0
13:09:19,128480,25.4020,0.0500,0
13:09:24,128505,2.1090,0.0500,0
13:09:29,128551,24.1600,0.0500,0
13:09:35,128583,13.9910,0.0500,0
13:09:40,128629,18.4490,0.0500,0
13:09:47,128671,22.1900,0.0500,0
13:09:52,128717,23.5880,0.0500,0
13:09:58,128754,16.7130,0.0500,0
13:10:03,128800,20.7840,0.0500,0
13:10:10,128843,18.0820,0.0500,0
13:10:15,128889,21.8030,0.0500,0
13:10:20,128935,15.7540,0.0500,0
13:10:25,128960,12.9700,0.0500,0
13:10:31,129006,27.2060,0.0500,0
13:10:36,129031,10.8780,0.0500,0
13:10:41,129077,24.1940,0.0500,0
13:10:46,129102,7.2580,0.0500,0
13:10:51,129148,18.9870,0.0500,0
13:10:56,129172,11.3340,0.0500,0
13:11:01,129218,22.3380,0.0500,0
13:11:06,129264,14.5350,0.0500,0
13:11:11,129289,14.5440,0.0500,0
13:11:16,129335,18.8420,0.0500,0
13:11:22,129364,8.5490,0.0500,0
13:11:27,129410,15.9610,0.0500,0
13:11:32,129456,14.7840,0.0500,0
13:11:37,129484,9.4500,0.0500,0
13:11:42,129530,19.9020,0.0500,0
13:11:47,129555,9.6860,0.0500,0
13:11:52,129601,24.1340,0.0500,0
13:11:57,129626,11.5060,0.0500,0
13:12:02,129672,23.6960,0.0500,0
13:12:08,129701,15.8680,0.0500,0
13:12:13,129747,22.4750,0.0500,0
13:12:18,129793,11.4910,0.0500,0
13:12:25,129832,3.5310,0.0500,0
13:12:30,129863,9.7640,0.0500,0
13:12:35,129888,6.9940,0.0500,0
13:12:40,129934,17.7080,0.0500,0
13:12:46,129959,12.5420,0.0500,0
13:12:51,130005,18.8280,0.0500,0
13:12:56,130051,15.3030,0.0500,0
13:13:01,130076,5.7240,0.0500,0
13:13:06,130122,20.7080,0.0500,0
13:13:13,130167,18.7800,0.0500,0
13:13:18,130213,18.6490,0.0500,0
13:13:24,130249,11.9260,0.0500,0
13:13:29,130295,15.9210,0.0500,0
13:13:34,130341,18.6580,0.0500,0
13:13:39,130365,5.4470,0.0500,0
13:13:46,130407,18.3720,0.0500,0
13:13:51,130453,19.2740,0.0500,0
13:13:58,130494,20.6690,0.0500,0
13:14:03,130540,17.5420,0.0500,0
13:14:09,130574,13.1460,0.0500,0
13:14:14,130620,17.3530,0.0500,0
13:14:20,130653,11.3090,0.0500,0
13:14:25,130699,17.1300,0.0500,0
13:14:30,130745,18.4920,0.0500,0
13:14:36,130770,4.5310,0.0500,0
13:14:41,130816,24.2210,0.0500,0
13:14:46,130843,16.7380,0.0500,0
13:14:51,130889,23.0130,0.0500,0
13:14:57,130920,15.7330,0.0500,0
13:15:02,130966,14.7740,0.0500,0
13:15:08,130998,14.6750,0.0500,0
13:15:13,131023,5.4710,0.0500,0
13:15:18,131069,21.4210,0.0500,0
13:15:24,131109,14.7520,0.0500,0
13:15:29,131155,20.8130,0.0500,0
13:15:35,131201,15.7560,0.0500,0
13:15:40,131226,10.9400,0.0500,0
13:15:45,131272,20.8460,0.0500,0
13:15:50,131297,8.7980,0.0500,0
13:15:55,131343,22.9730,0.0500,0
13:16:01,131382,11.6890,0.0500,0
13:16:06,131428,14.6470,0.0500,0
13:16:11,131474,16.1220,0.0500,0
13:16:17,131503,9.3910,0.0500,0
13:16:22,131549,17.8300,0.0500,0
13:16:27,131595,14.8340,0.0500,0
13:16:32,131620,7.0830,0.0500,0
13:16:37,131666,23.5860,0.0500,0
13:16:43,131699,10.4800,0.0500,0
13:16:48,131745,17.4490,0.0500,0
13:16:53,131791,16.2450,0.0500,0
13:16:58,131816,9.0330,0.0500,0
13:17:03,131862,25.3900,0.0500,0
13:17:09,131893,10.1140,0.0500,0
13:17:14,131939,25.4540,0.0500,0
13:17:19,131985,10.2230,0.0500,0
13:17:24,132009,7.2590,0.0500,0
13:17:29,132034,10.0800,0.0500,0
13:17:34,132080,15.6780,0.0500,0
13:17:39,132126,19.6900,0.0500,0
13:17:44,132151,12.9330,0.0500,0
13:17:52,132176,11.4980,0.0500,0
13:17:57,132222,21.7130,0.0500,0
13:18:03,132255,11.4600,0.0500,0
13:18:08,132301,20.2000,0.0500,0
13:18:14,132337,16.5270,0.0500,0
13:18:19,132383,18.1320,0.0500,0
13:18:24,132429,19.6860,0.0500,0
13:18:29,132453,7.5370,0.0500,0
13:18:34,132499,22.9600,0.0500,0
13:18:40,132526,11.5070,0.0500,0
13:18:45,132572,18.3130,0.0500,0
13:18:50,132618,19.6700,0.0500,0
13:18:55,132643,11.2930,0.0500,0
13:19:00,132689,20.6780,0.0500,0
13:19:05,132714,10.6190,0.0500,0
13:19:10,132760,22.3990,0.0500,0
13:19:16,132790,17.2030,0.0500,0
13:19:21,132836,16.5600,0.0500,0
13:19:26,132882,14.2080,0.0500,0
13:19:31,132906,6.2340,0.0500,0
13:19:36,132952,21.8630,0.0500,0
13:19:41,132998,13.6520,0.0500,0
13:19:46,133044,2.5540,0.0500,0
13:19:52,133082,3.3090,0.0500,0
13:19:57,133128,23.2230,0.0500,0
13:20:05,133172,16.8720,0.0500,0
13:20:10,133218,22.6100,0.0500,0
13:20:15,133264,13.3440,0.0500,0
13:20:20,133289,5.4510,0.0500,0
13:20:27,133334,24.4180,0.0500,0
13:20:32,133380,21.9850,0.0500,0
13:20:39,133426,16.7250,0.0500,0
13:20:45,133472,15.9160,0.0500,0
13:20:50,133518,23.9970,0.0500,1
13:20:55,133543,5.8580,0.0500,0
13:21:00,133589,25.8900,0.0500,0
13:21:05,133614,8.1200,0.0500,0
13:21:10,133660,23.5570,0.0500,0
13:21:15,133685,4.5500,0.0500,0
13:21:20,133731,20.8210,0.0500,0
13:21:27,133776,16.7980,0.0500,0
13:21:32,133822,18.7490,0.0500,0
13:21:39,133866,21.9040,0.0500,0
13:21:44,133912,24.1680,0.0500,0
13:21:50,133937,11.2880,0.0500,0
13:21:55,133983,16.8330,0.0500,0
13:22:00,134008,5.2960,0.0500,0
13:22:05,134054,24.6800,0.0500,0
13:22:10,134083,14.8520,0.0500,0
13:22:15,134107,9.9830,0.0500,0
13:22:20,134153,25.9700,0.0500,0
13:22:25,134178,12.1570,0.0500,0
13:22:30,134224,23.8630,0.0500,0
13:22:36,134249,9.5570,0.0500,0
13:22:41,134295,23.5960,0.0500,0
13:22:47,134334,16.0970,0.0500,0
13:22:52,134380,15.9270,0.0500,0
13:22:58,134406,12.5490,0.0500,0
13:23:03,134452,16.9600,0.0500,0
13:23:08,134498,19.6180,0.0500,0
13:23:13,134523,14.5760,0.0500,0
13:23:18,134569,20.4830,0.0500,0
13:23:23,134594,8.5080,0.0500,0
13:23:28,134640,23.5510,0.0500,0
13:23:33,134665,9.5110,0.0500,0
13:23:38,134711,24.0410,0.0500,0
13:23:43,134740,15.7880,0.0500,0
13:23:49,134786,21.1170,0.0500,0
13:23:56,134831,18.8790,0.0500,0
13:24:01,134877,24.1170,0.0500,0
13:24:07,134916,12.3930,0.0500,0
13:24:13,134962,16.1970,0.0500,0
13:24:19,135003,24.7860,0.0500,0
13:24:24,135049,22.3380,0.0500,0
13:24:30,135074,10.1290,0.0500,0
13:24:35,135120,20.5650,0.0500,0
13:24:40,135145,8.6210,0.0500,0
13:24:45,135191,24.8840,0.0500,0
13:24:50,135216,9.2570,0.0500,0
13:24:55,135262,22.3180,0.0500,0
13:25:00,135287,8.0940,0.0500,0
13:25:07,135326,18.5690,0.0500,0
13:25:12,135372,18.3080,0.0500,0
13:25:17,135418,17.5660,0.0500,0
13:25:22,135443,6.2650,0.0500,0
13:25:27,135489,19.5730,0.0500,0
13:25:32,135535,13.2910,0.0500,0
13:25:37,135560,4.4570,0.0500,0
13:25:42,135606,24.1480,0.0500,0
13:25:47,135652,12.6290,0.0500,0
13:25:54,135695,0.9180,0.0500,0
13:26:01,135733,19.1820,0.0500,0
13:26:06,135779,24.9930,0.0500,0
13:26:12,135819,10.8970,0.0500,0
13:26:17,135865,18.6750,0.0500,0
13:26:22,135890,6.3880,0.0500,0
13:26:28,135936,22.9580,0.0500,0
13:26:33,135982,14.4730,0.0500,0
13:26:38,136007,7.9520,0.0500,0
13:26:43,136053,19.4280,0.0500,0
13:26:48,136081,13.8940,0.0500,0
13:26:53,136127,22.1300,0.0500,0
13:27:00,136167,14.1270,0.0500,0
13:27:05,136213,15.9740,0.0500,0
13:27:12,136257,24.7020,0.0500,0
13:27:17,136303,23.9490,0.0500,0
13:27:23,136337,15.1950,0.0500,0
13:27:28,136383,14.6720,0.0500,0
13:27:34,136414,12.2110,0.0500,0
13:27:39,136460,13.9780,0.0500,0
13:27:44,136506,25.4940,0.0500,1
13:27:49,136531,8.6190,0.0500,0
13:27:54,136577,19.1380,0.0500,0
13:28:00,136606,8.9130,0.0500,0
13:28:05,136652,18.2090,0.0500,0
13:28:10,136698,13.2590,0.0500,0
13:28:15,136744,5.1790,0.0500,0
13:28:20,136769,10.6340,0.0500,0
13:28:25,136815,21.7080,0.0500,0
13:28:30,136840,14.5380,0.0500,0
13:28:35,136886,21.3040,0.0500,0
13:28:40,136910,11.4840,0.0500,0
13:28:45,136956,18.1130,0.0500,0
13:28:50,136983,10.4060,0.0500,0
13:28:56,137029,19.0490,0.0500,0
13:29:03,137072,20.7140,0.0500,0
13:29:08,137118,22.9850,0.0500,0
13:29:13,137145,17.5420,0.0500,0
13:29:18,137191,21.9210,0.0500,0
13:29:25,137233,17.9700,0.0500,0
13:29:30,137279,23.6260,0.0500,0
13:29:37,137324,15.2220,0.0500,0
13:29:42,137370,17.6770,0.0500,0
13:29:47,137416,19.3900,0.0500,0
13:29:52,137441,5.9770,0.0500,0
13:29:57,137487,22.3560,0.0500,0
13:30:04,137529,14.1050,0.0500,0
13:30:09,137575,16.6340,0.0500,0
13:30:14,137621,19.1460,0.0500,0
13:30:20,137646,6.9670,0.0500,0
13:30:27,137692,22.1550,0.0500,0
13:30:32,137738,23.2790,0.0500,0
13:30:38,137776,16.7530,0.0500,0
13:30:44,137822,18.3830,0.0500,0
13:30:49,137847,8.6000,0.0500,0
13:30:55,137886,20.4850,0.0500,0
13:31:00,137932,17.1830,0.0500,0
13:31:05,137957,12.5140,0.0500,0
13:31:10,138003,24.1260,0.0500,0
13:31:16,138036,14.3750,0.0500,0
13:31:21,138082,15.6820,0.0500,0
13:31:27,138107,8.5450,0.0500,0
13:31:32,138153,23.5800,0.0500,0
13:31:38,138189,16.4940,0.0500,0
13:31:43,138235,18.3730,0.0500,0
13:31:48,138281,16.0340,0.0500,0
13:31:53,138306,6.0340,0.0500,0
13:31:58,138352,24.6040,0.0500,0
13:32:03,138377,11.9450,0.0500,0
13:32:08,138423,25.3320,0.0500,0
13:32:14,138455,9.5080,0.0500,0
13:32:19,138501,14.9930,0.0500,0
13:32:26,138544,10.6760,0.0500,0
13:32:31,138590,20.5620,0.0500,0
13:32:36,138615,8.2450,0.0500,0
13:32:41,138661,22.6140,0.0500,0
13:32:48,138696,14.9930,0.0500,0
13:32:53,138742,21.6400,0.0500,0
13:32:59,138779,17.1090,0.0500,0
13:33:04,138825,15.6120,0.0500,0
13:33:09,138871,20.6360,0.0500,0
13:33:14,138896,11.7760,0.0500,0
13:33:19,138942,19.5640,0.0500,0
13:33:26,138981,8.5900,0.0500,0
13:33:31,139027,23.3220,0.0500,0
13:33:36,139073,12.3850,0.0500,0
13:33:41,139098,5.2770,0.0500,0
13:33:46,139144,24.5860,0.0500,0
13:33:51,139169,5.5210,0.0500,0
13:33:56,139215,21.3430,0.0500,0
13:34:03,139255,19.2850,0.0500,0
13:34:10,139301,20.9400,0.0500,0
13:34:15,139347,18.3730,0.0500,0
13:34:20,139393,13.0760,0.0500,0
13:34:26,139418,8.8500,0.0500,0
13:34:31,139464,16.4120,0.0500,0
13:34:36,139510,19.0910,0.0500,0
13:34:41,139535,6.0100,0.0500,0
13:34:46,139581,22.9260,0.0500,0
13:34:52,139617,15.3380,0.0500,0
13:34:57,139663,22.1570,0.0500,0
13:35:04,139703,16.9460,0.0500,0
13:35:09,139749,21.3790,0.0500,0
13:35:14,139795,12.6870,0.0500,0
13:35:19,139819,8.8280,0.0500,0
13:35:24,139865,21.5120,0.0500,0
13:35:30,139897,14.6390,0.0500,0
13:35:35,139943,16.8540,0.0500,0
13:35:40,139989,8.5020,0.0500,0
13:35:47,140035,14.7770,0.0500,0
13:35:53,140066,11.0690,0.0500,0
13:35:58,140112,20.5690,0.0500,0
13:36:04,140146,19.1460,0.0500,0
13:36:09,140192,20.2680,0.0500,0
13:36:15,140224,19.3880,0.0500,0
13:36:20,140270,21.6890,0.0500,0
13:36:26,140306,18.1780,0.0500,0
13:36:31,140352,20.1680,0.0500,0
13:36:36,140398,11.7290,0.0500,0
13:36:41,140423,8.1130,0.0500,0
13:36:46,140469,19.9110,0.0500,0
13:36:51,140515,13.5510,0.0500,0
13:36:57,140540,6.6040,0.0500,0
13:37:02,140586,20.1890,0.0500,0
13:37:08,140622,14.7550,0.0500,0
13:37:13,140668,16.8090,0.0500,0
13:37:18,140714,19.1260,0.0500,0
13:37:23,140739,5.7070,0.0500,0
13:37:28,140764,12.7360,0.0500,0
13:37:33,140810,20.5740,0.0500,0
13:37:39,140844,13.7250,0.0500,0
13:37:44,140890,18.1940,0.0500,0
13:37:51,140934,21.6410,0.0500,0
13:37:56,140980,18.1620,0.0500,0
13:38:02,141026,15.9680,0.0500,0
13:38:07,141051,6.0280,0.0500,0
13:38:12,141097,21.1340,0.0500,0
13:38:19,141141,12.5070,0.0500,0
13:38:24,141187,18.9040,0.0500,1
13:38:29,141212,12.7430,0.0500,0
13:38:35,141249,20.4520,0.0500,0
13:38:40,141295,21.9930,0.0500,0
13:38:47,141338,17.7650,0.0500,0
13:38:52,141384,20.5130,0.0500,0
13:38:59,141427,18.3060,0.0500,0
13:39:05,141473,19.2550,0.0500,0
13:39:10,141519,18.4880,0.0500,0
13:39:15,141544,13.2600,0.0500,0
13:39:20,141590,17.9200,0.0500,0
13:39:25,141614,10.6030,0.0500,0
13:39:30,141660,16.7530,0.0500,0
13:39:35,141706,20.2100,0.0500,0
13:39:40,141731,14.4820,0.0500,0
13:39:45,141777,17.9590,0.0500,0
13:39:50,141805,11.5230,0.0500,0
13:39:55,141851,19.7990,0.0500,0
13:40:00,141897,15.7640,0.0500,0
13:40:05,141921,10.0090,0.0500,0
13:40:10,141967,21.3820,0.0500,0
13:40:15,141992,11.2280,0.0500,0
13:40:20,142038,19.7450,0.0500,0
13:40:26,142063,7.6570,0.0500,0
13:40:31,142092,12.2100,0.0500,0
13:40:36,142117,8.8590,0.0500,0
13:40:41,142142,11.8130,0.0500,0
13:40:46,142188,21.4940,0.0500,0
13:40:51,142212,12.9960,0.0500,0
13:40:56,142258,21.7800,0.0500,0
13:41:03,142300,16.8340,0.0500,0
13:41:08,142346,18.7670,0.0500,0
13:41:14,142374,10.7800,0.0500,0
13:41:19,142420,18.1730,0.0500,0
13:41:26,142463,16.2340,0.0500,0
13:41:31,142509,19.5780,0.0500,0
13:41:38,142548,14.0900,0.0500,0
13:41:43,142594,17.9930,0.0500,0
13:41:48,142622,14.1110,0.0500,0
13:41:53,142668,15.8280,0.0500,0
13:41:58,142714,17.5830,0.0500,0
13:42:03,142739,3.3690,0.0500,0
13:42:08,142785,20.8470,0.0500,0
13:42:15,142826,19.2150,0.0500,0
13:42:20,142872,15.8110,0.0500,0
13:42:25,142897,8.6170,0.0500,0
13:42:30,142943,22.7660,0.0500,0
13:42:36,142972,11.8920,0.0500,0
13:42:41,143018,17.0880,0.0500,0
13:42:46,143043,4.2280,0.0500,0
13:42:51,143089,26.0340,0.0500,0
13:42:56,143113,15.4390,0.0500,0
13:43:01,143159,20.0010,0.0500,0
13:43:08,143198,14.7200,0.0500,0
13:43:13,143244,16.0030,0.0500,0
13:43:18,143290,18.4340,0.0500,0
13:43:23,143315,5.7440,0.0500,0
13:43:28,143361,23.7920,0.0500,0
13:43:34,143396,16.1860,0.0500,0
13:43:39,143442,18.6610,0.0500,0
13:43:44,143488,15.2430,0.0500,0
13:43:49,143513,6.0400,0.0500,0
13:43:54,143559,22.9650,0.0500,0
13:43:59,143605,15.1770,0.0500,0
13:44:04,143630,6.6070,0.0500,0
13:44:10,143663,14.0150,0.0500,0
13:44:15,143709,16.7470,0.0500,0
13:44:20,143755,19.1010,0.0500,0
13:44:25,143780,5.4200,0.0500,0
13:44:30,143826,25.1860,0.0500,0
13:44:36,143851,9.8230,0.0500,0
13:44:41,143897,16.2290,0.0500,0
13:44:48,143943,23.7230,0.0500,0
13:44:53,143989,14.6410,0.0500,0
13:44:58,144035,16.8500,0.0500,0
13:45:03,144060,11.4590,0.0500,0
13:45:08,144106,24.2000,0.0500,0
13:45:13,144131,8.5680,0.0500,0
13:45:18,144177,24.9580,0.0500,0
13:45:23,144202,13.5760,0.0500,0
13:45:28,144248,25.1620,0.0500,0
13:45:34,144274,10.6320,0.0500,0
13:45:39,144320,19.9320,0.0500,0
13:45:44,144366,14.1050,0.0500,0
13:45:49,144392,6.0710,0.0500,0
13:45:54,144438,18.3940,0.0500,0
13:45:59,144484,10.7740,0.0500,0
13:46:06,144527,12.2780,0.0500,0
13:46:11,144573,21.7490,0.0500,0
13:46:18,144615,16.8490,0.0500,0
13:46:24,144645,7.6100,0.0500,0
13:46:29,144691,22.3100,0.0500,0
13:46:34,144716,4.5620,0.0500,0
13:46:39,144762,22.3440,0.0500,0
13:46:46,144802,15.8950,0.0500,0
13:46:51,144848,15.8780,0.0500,0
13:46:56,144873,4.8680,0.0500,0
13:47:01,144919,22.2680,0.0500,0
13:47:06,144948,14.9160,0.0500,0
13:47:11,144994,23.3330,0.0500,0
13:47:18,145032,16.7500,0.0500,0
13:47:23,145078,21.0870,0.0500,0
13:47:30,145122,17.4090,0.0500,0
13:47:35,145168,16.6650,0.0500,0
13:47:40,145214,17.1840,0.0500,0
13:47:45,145239,11.1620,0.0500,0
13:47:50,145285,23.5700,0.0500,0
13:47:56,145315,11.3370,0.0500,0
13:48:01,145361,16.8130,0.0500,0
13:48:08,145405,23.1010,0.0500,0
13:48:13,145451,15.7390,0.0500,0
13:48:20,145496,24.9120,0.0500,0
13:48:27,145531,14.2780,0.0500,0
13:48:32,145577,17.4460,0.0500,0
13:48:37,145608,16.7800,0.0500,0
13:48:43,145654,19.4980,0.0500,0
13:48:48,145679,6.1690,0.0500,0
13:48:53,145725,23.6400,0.0500,0
13:48:58,145771,9.9020,0.0500,0
13:49:03,145796,12.8990,0.0500,0
13:49:08,145842,18.5610,0.0500,0
13:49:13,145869,8.3460,0.0500,0
13:49:18,145915,22.6580,0.0500,0
13:49:23,145942,16.0710,0.0500,0
13:49:29,145988,18.9350,0.0500,0
13:49:34,146013,7.6690,0.0500,0
13:49:39,146059,19.2660,0.0500,0
13:49:46,146104,17.9650,0.0500,0
13:49:51,146150,17.9010,0.0500,0
13:49:56,146196,19.3120,0.0500,0
13:50:01,146221,10.9560,0.0500,0
13:50:06,146267,24.4580,0.0500,0
13:50:11,146292,13.8490,0.0500,0
13:50:16,146338,26.2880,0.0500,0
13:50:21,146363,6.2690,0.0500,0
13:50:26,146409,21.8950,0.0500,0
13:50:34,146455,18.0510,0.0500,0
13:50:39,146501,16.4420,0.0500,0
13:50:45,146534,18.5740,0.0500,0
13:50:50,146580,22.3340,0.0500,0
13:50:55,146605,6.8370,0.0500,0
13:51:00,146651,25.6380,0.0500,0
13:51:05,146676,12.0810,0.0500,0
13:51:10,146722,19.8730,0.0500,0
13:51:16,146758,20.6440,0.0500,0
13:51:21,146804,21.0030,0.0500,0
13:51:26,146850,10.5130,0.0500,0
13:51:32,146875,7.5660,0.0500,0
13:51:37,146921,21.3330,0.0500,0
13:51:43,146962,15.3970,0.0500,0
13:51:48,147008,19.3090,0.0500,0
13:51:54,147054,18.4360,0.0500,0
13:51:59,147079,6.9500,0.0500,0
13:52:04,147125,20.5550,0.0500,0
13:52:10,147165,15.0310,0.0500,0
13:52:15,147211,16.4530,0.0500,0
13:52:21,147236,8.8820,0.0500,0
13:52:26,147282,23.1800,0.0500,0
13:52:32,147315,14.8990,0.0500,0
13:52:37,147361,18.4880,0.0500,0
13:52:42,147386,8.6010,0.0500,0
13:52:47,147432,21.9970,0.0500,0
13:52:52,147457,9.5630,0.0500,0
13:52:57,147503,18.8560,0.0500,0
13:53:02,147532,11.5770,0.0500,0
13:53:07,147578,16.9600,0.0500,0
13:53:12,147624,18.4020,0.0500,0
13:53:17,147649,6.3530,0.0500,0
13:53:23,147695,18.5470,0.0500,0
13:53:28,147741,12.3830,0.0500,0
13:53:33,147766,8.3940,0.0500,0
13:53:38,147812,25.0690,0.0500,0
13:53:44,147845,13.3730,0.0500,0
13:53:49,147891,18.4850,0.0500,0
13:53:56,147935,21.6300,0.0500,0
13:54:01,147981,21.1930,0.0500,0
13:54:06,148006,11.3090,0.0500,0
13:54:11,148031,9.2170,0.0500,0
13:54:16,148077,21.8480,0.0500,0
13:54:22,148111,17.0010,0.0500,0
13:54:27,148157,14.6340,0.0500,0
13:54:32,148203,17.2490,0.0500,0
13:54:37,148228,8.2080,0.0500,0
13:54:42,148274,12.1140,0.0500,0
13:54:48,148320,16.1160,0.0500,0
13:54:53,148351,13.0300,0.0500,0
13:54:58,148397,22.2990,0.0500,0
13:55:04,148431,11.4110,0.0500,0
13:55:09,148477,18.1350,0.0500,0
13:55:14,148523,16.8810,0.0500,0
13:55:20,148548,4.7660,0.0500,0
13:55:25,148594,19.5180,0.0500,0
13:55:31,148631,20.3650,0.0500,0
13:55:36,148677,17.5700,0.0500,0
13:55:41,148723,18.6940,0.0500,0
13:55:46,148748,5.7290,0.0500,0
13:55:51,148794,25.9520,0.0500,0
13:55:56,148818,14.1870,0.0500,0
13:56:01,148864,21.1480,0.0500,0
13:56:06,148910,12.6220,0.0500,0
13:56:11,148935,4.8160,0.0500,0
13:56:16,148981,26.2520,0.0500,0
13:56:22,149006,12.3770,0.0500,0
13:56:27,149052,19.3790,0.0500,0
13:56:32,149077,9.7750,0.0500,0
13:56:37,149123,22.5480,0.0500,0
13:56:42,149169,8.9130,0.0500,0
13:56:47,149194,6.5500,0.0500,0
13:56:54,149239,23.5400,0.0500,0
13:56:59,149285,23.5520,0.0500,0
13:57:05,149316,15.4130,0.0500,0
13:57:10,149362,16.2730,0.0500,0
13:57:15,149408,21.7440,0.0500,0
13:57:20,149433,6.5500,0.0500,0
13:57:25,149458,7.3950,0.0500,0
13:57:30,149504,21.5000,0.0500,0
13:57:36,149539,17.0810,0.0500,0
13:57:42,149585,18.0890,0.0500,0
13:57:47,149610,11.9200,0.0500,0
13:57:52,149656,21.4590,0.0500,0
13:57:57,149702,14.1980,0.0500,0
13:58:02,149727,4.7960,0.0500,0
13:58:07,149773,22.9280,0.0500,0
13:58:13,149807,15.7440,0.0500,0
13:58:18,149853,25.9280,0.0500,0
13:58:24,149890,13.1270,0.0500,0
13:58:29,149936,17.2490,0.0500,0
13:58:34,149982,18.4540,0.0500,0
13:58:40,150007,5.7040,0.0500,0
13:58:45,150032,8.2260,0.0500,0
13:58:50,150057,8.5270,0.0500,0
13:58:55,150103,23.1970,0.0500,0
13:59:00,150128,5.5790,0.0500,0
13:59:05,150174,21.0930,0.0500,0
13:59:11,150209,18.4880,0.0500,0
13:59:16,150255,22.6390,0.0500,0
13:59:21,150301,13.3410,0.0500,0
13:59:26,150326,13.3120,0.0500,0
13:59:31,150372,20.6200,0.0500,0
13:59:36,150397,9.0520,0.0500,0
13:59:41,150443,17.4670,0.0500,0
13:59:48,150478,22.1180,0.0500,0
13:59:53,150524,20.6110,0.0500,0
13:59:58,150549,10.7150,0.0500,0
14:00:03,150595,22.3500,0.0500,0
14:00:08,150623,14.6080,0.0500,0
14:00:13,150669,18.4230,0.0500,0
14:00:18,150715,16.7200,0.0500,0
14:00:23,150740,8.3270,0.0500,0
14:00:28,150786,23.6200,0.0500,0
14:00:34,150811,8.7690,0.0500,0
14:00:41,150855,17.4480,0.0500,0
14:00:46,150901,22.8670,0.0500,0
14:00:52,150932,15.7530,0.0500,0
14:00:57,150963,7.9060,0.0500,0
14:01:03,150994,12.5580,0.0500,0
14:01:08,151040,20.4740,0.0500,0
14:01:13,151064,8.5920,0.0500,0
14:01:18,151110,21.6340,0.0500,0
14:01:25,151150,16.8150,0.0500,0
14:01:30,151196,17.0390,0.0500,0
14:01:37,151239,22.7790,0.0500,0
14:01:42,151285,19.3130,0.0500,0
14:01:47,151331,16.5760,0.0500,0
14:01:52,151356,12.0210,0.0500,0
14:01:58,151391,18.3160,0.0500,0
14:02:04,151419,12.8360,0.0500,0
14:02:09,151465,22.5760,0.0500,0
14:02:16,151510,16.4650,0.0500,0
14:02:21,151556,19.6320,0.0500,0
14:02:26,151602,15.1100,0.0500,0
14:02:31,151627,5.4050,0.0500,0
14:02:36,151673,20.8550,0.0500,0
14:02:41,151719,16.8820,0.0500,0
14:02:46,151744,10.3050,0.0500,0
14:02:53,151788,24.7680,0.0500,0
14:02:59,151834,24.4260,0.0500,0
14:03:04,151863,14.5150,0.0500,0
14:03:09,151909,18.0760,0.0500,0
14:03:14,151955,15.7850,0.0500,0
14:03:19,151980,6.3380,0.0500,0
14:03:24,152026,22.8880,0.0500,0
14:03:29,152051,4.5660,0.0500,0
14:03:35,152079,13.1320,0.0500,0
14:03:40,152125,20.5830,0.0500,0
14:03:46,152161,19.1110,0.0500,0
14:03:51,152207,17.7780,0.0500,0
14:03:56,152253,19.0210,0.0500,0
14:04:01,152278,6.5660,0.0500,0
14:04:06,152324,22.9150,0.0500,0
14:04:11,152349,6.1790,0.0500,0
14:04:16,152395,22.9080,0.0500,0
14:04:21,152419,11.2450,0.0500,0
14:04:26,152465,25.9620,0.0500,0
14:04:32,152490,7.2350,0.0500,0
14:04:37,152536,23.2460,0.0500,0
14:04:42,152561,6.7900,0.0500,0
14:04:47,152607,19.6350,0.0500,0
14:04:54,152652,16.2500,0.0500,0
14:04:59,152698,15.9810,0.0500,0
14:05:04,152722,13.1010,0.0500,0
14:05:09,152768,17.6830,0.0500,0
14:05:16,152813,15.0170,0.0500,0
14:05:21,152859,17.3210,0.0500,0
14:05:26,152884,12.7760,0.0500,0
14:05:31,152930,24.2100,0.0500,0
14:05:37,152957,10.3100,0.0500,0
14:05:42,153003,18.9270,0.0500,0
14:05:47,153049,16.9240,0.0500,0
14:05:53,153079,4.1630,0.0500,0
14:05:58,153125,20.5840,0.0500,0
14:06:04,153162,19.1310,0.0500,0
14:06:09,153208,17.8130,0.0500,0
14:06:14,153233,13.7580,0.0500,0
14:06:19,153258,10.7300,0.0500,0
14:06:24,153304,21.4870,0.0500,0
14:06:29,153329,8.3350,0.0500,0
14:06:34,153375,24.4990,0.0500,0
14:06:40,153400,10.0630,0.0500,0
14:06:45,153446,17.7410,0.0500,0
14:06:50,153492,13.4300,0.0500,0
14:06:55,153517,5.8790,0.0500,0
14:07:00,153563,16.2270,0.0500,0
14:07:05,153609,20.9140,0.0500,0
14:07:10,153634,5.3820,0.0500,0
14:07:17,153677,20.1390,0.0500,0
14:07:22,153723,18.8310,0.0500,0
14:07:29,153769,21.4700,0.0500,0
14:07:34,153815,20.4980,0.0500,0
14:07:40,153840,4.5700,0.0500,0
14:07:45,153886,23.2020,0.0500,0
14:07:51,153924,16.1760,0.0500,0
14:07:56,153970,20.5050,0.0500,0
14:08:01,153995,5.5070,0.0500,0
14:08:06,154041,22.5980,0.0500,0
14:08:12,154076,15.7390,0.0500,0
14:08:18,154122,17.2180,0.0500,0
14:08:23,154147,8.2850,0.0500,0
14:08:28,154193,25.3740,0.0500,0
14:08:33,154217,7.7890,0.0500,0
14:08:39,154257,15.8790,0.0500,0
14:08:46,154300,18.6470,0.0500,0
14:08:51,154325,8.2810,0.0500,0
14:08:59,154370,22.2420,0.0500,0
14:09:04,154416,20.0510,0.0500,0
14:09:09,154441,8.8160,0.0500,0
14:09:14,154470,12.1700,0.0500,0
14:09:20,154516,21.2050,0.0500,0
14:09:25,154541,8.0290,0.0500,0
14:09:30,154566,4.5820,0.0500,0
14:09:36,154599,17.0760,0.0500,0
14:09:41,154645,16.9210,0.0500,0
14:09:46,154671,9.5710,0.0500,0
14:09:51,154717,14.9680,0.0500,0
14:09:56,154763,17.8500,0.0500,0
14:10:01,154788,9.0970,0.0500,0
14:10:06,154834,21.3540,0.0500,0
14:10:13,154871,16.4310,0.0500,0
14:10:19,154906,12.1390,0.0500,0
14:10:24,154952,22.6130,0.0500,0
14:10:29,154998,13.6110,0.0500,0
14:10:34,155023,9.0690,0.0500,0
14:10:40,155056,15.2650,0.0500,0
14:10:45,155102,15.5440,0.0500,0
14:10:50,155148,20.0390,0.0500,0
14:10:55,155173,4.4900,0.0500,0
14:11:00,155219,23.2420,0.0500,0
14:11:07,155261,16.7650,0.0500,0
14:11:12,155307,17.7820,0.0500,0
14:11:17,155331,9.5170,0.0500,0
14:11:24,155374,22.0030,0.0500,0
14:11:29,155420,15.8850,0.0500,0
14:11:34,155466,17.7560,0.0500,0
14:11:39,155491,6.3010,0.0500,0
14:11:44,155537,20.5350,0.0500,0
14:11:49,155561,8.2960,0.0500,0
14:11:54,155607,22.1180,0.0500,0
14:11:59,155653,14.1320,0.0500,0
14:12:04,155678,10.6130,0.0500,0
14:12:10,155724,21.7350,0.0500,0
14:12:15,155770,7.4120,0.0500,0
14:12:20,155816,-0.0250,0.0500,0
14:12:25,155862,0.1380,0.0500,0
14:12:30,155908,0.1050,0.0500,0
14:12:35,155954,0.1980,0.0500,0
14:12:40,156000,0.2910,0.0500,0
14:12:45,156025,0.3180,0.0500,0
14:12:50,156071,23.7100,0.0500,0
14:12:56,156105,15.8390,0.0500,0
14:13:01,156151,16.1630,0.0500,0
14:13:07,156182,13.4300,0.0500,0
14:13:12,156212,13.7240,0.0500,0
14:13:17,156258,20.4610,0.0500,0
14:13:22,156283,8.2600,0.0500,0
14:13:28,156329,20.7520,0.0500,0
14:13:34,156369,17.0230,0.0500,0
14:13:39,156415,15.0280,0.0500,0
14:13:47,156460,24.9480,0.0500,0
14:13:52,156506,20.5050,0.0500,0
14:13:57,156552,15.4370,0.0500,0
14:14:02,156577,8.7380,0.0500,0
14:14:07,156623,23.6280,0.0500,0
14:14:12,156649,11.4960,0.0500,0
14:14:17,156695,18.5250,0.0500,0
14:14:22,156741,16.6980,0.0500,0
14:14:27,156765,4.8270,0.0500,0
14:14:32,156811,22.4570,0.0500,0
14:14:37,156857,12.0080,0.0500,0
14:14:42,156882,8.7910,0.0500,0
14:14:47,156906,10.6010,0.0500,0
14:14:52,156952,24.5520,0.0500,0
14:14:57,156977,6.9100,0.0500,0
14:15:03,157007,13.4480,0.0500,0
14:15:09,157039,12.5290,0.0500,0
14:15:14,157085,20.8960,0.0500,0
14:15:20,157122,19.1470,0.0500,0
14:15:25,157168,16.5620,0.0500,0
14:15:30,157214,16.6200,0.0500,0
14:15:35,157239,6.9600,0.0500,0
14:15:40,157285,19.5630,0.0500,0
14:15:48,157330,20.4570,0.0500,0
14:15:53,157376,16.8130,0.0500,0
14:16:00,157419,23.0220,0.0500,0
14:16:05,157465,19.3530,0.0500,0
14:16:12,157507,20.3570,0.0500,0
14:16:17,157553,16.6840,0.0500,0
14:16:22,157599,18.7560,0.0500,0
14:16:27,157624,6.0180,0.0500,0
14:16:32,157670,22.3480,0.0500,0
14:16:39,157711,16.4330,0.0500,0
14:16:44,157757,19.9150,0.0500,0
14:16:49,157803,16.9520,0.0500,0
14:16:54,157828,10.6050,0.0500,0
14:16:59,157874,18.7570,0.0500,0
14:17:05,157908,13.9700,0.0500,0
14:17:10,157954,20.9080,0.0500,0
14:17:15,157979,9.7820,0.0500,0
14:17:20,158025,18.7770,0.0500,0
14:17:28,158071,21.2800,0.0500,0
14:17:33,158117,15.5300,0.0500,0
14:17:40,158163,19.9970,0.0500,0
14:17:45,158209,15.6050,0.0500,0
14:17:52,158248,18.4290,0.0500,0
14:17:57,158294,15.9310,0.0500,0
14:18:02,158340,13.5020,0.0500,0
14:18:09,158381,10.6440,0.0500,0
14:18:14,158427,16.9310,0.0500,0
14:18:19,158473,16.7310,0.0500,0
14:18:24,158498,6.2890,0.0500,0
14:18:29,158544,21.9930,0.0500,0
14:18:36,158588,17.7430,0.0500,0
14:18:41,158634,17.1800,0.0500,0
14:18:48,158674,22.4170,0.0500,0
14:18:53,158720,18.0920,0.0500,0
14:18:59,158753,14.6560,0.0500,0
14:19:04,158799,21.0170,0.0500,0
14:19:09,158845,14.7800,0.0500,0
14:19:14,158869,7.2440,0.0500,0
14:19:19,158915,21.4220,0.0500,0
14:19:24,158940,10.0130,0.0500,0
14:19:29,158986,19.5490,0.0500,0
14:19:36,159024,12.7330,0.0500,0
14:19:43,159065,16.2120,0.0500,0
14:19:48,159111,16.2540,0.0500,0
14:19:53,159157,17.0740,0.0500,0
14:19:58,159182,6.9320,0.0500,0
14:20:03,159228,18.7120,0.0500,0
14:20:08,159253,11.3290,0.0500,0
14:20:13,159299,20.4900,0.0500,0
14:20:18,159345,15.0710,0.0500,0
14:20:23,159370,9.9790,0.0500,0
14:20:28,159395,4.2450,0.0500,0
14:20:33,159441,23.4740,0.0500,0
14:20:39,159476,13.4490,0.0500,0
14:20:44,159522,17.0650,0.0500,0
14:20:49,159568,14.9950,0.0500,0
14:20:54,159593,7.5850,0.0500,0
14:21:00,159639,19.0790,0.0500,0
14:21:05,159685,15.0940,0.0500,0
14:21:10,159710,6.0330,0.0500,0
14:21:15,159756,22.9390,0.0500,0
14:21:20,159802,13.9660,0.0500,0
14:21:25,159827,5.7010,0.0500,0
14:21:30,159873,25.7440,0.0500,0
14:21:35,159898,4.2900,0.0500,0
14:21:40,159944,23.6380,0.0500,0
14:21:45,159969,8.9280,0.0500,0
14:21:50,160015,19.3650,0.0500,0
14:21:57,160060,21.6640,0.0500,0
14:22:03,160106,19.8140,0.0500,0
14:22:08,160152,14.4130,0.0500,0
14:22:13,160177,6.0070,0.0500,0
14:22:18,160223,22.9800,0.0500,0
14:22:24,160257,15.4370,0.0500,0
14:22:29,160303,16.5800,0.0500,0
14:22:35,160337,15.5770,0.0500,0
14:22:40,160383,16.8890,0.0500,0
14:22:47,160424,17.2340,0.0500,0
14:22:52,160470,19.9030,0.0500,0
14:22:59,160515,21.0060,0.0500,0
14:23:04,160561,24.6360,0.0500,0
14:23:09,160586,10.1200,0.0500,0
14:23:14,160632,20.8480,0.0500,0
14:23:21,160673,16.1700,0.0500,0
14:23:26,160719,18.6510,0.0500,0
14:23:31,160765,21.3440,0.0500,1
14:23:36,160790,12.8250,0.0500,0
14:23:41,160836,15.9990,0.0500,0
14:23:47,160866,6.1160,0.0500,0
14:23:53,160902,13.5620,0.0500,0
14:23:58,160948,14.1610,0.0500,0
14:24:05,160986,18.6620,0.0500,0
14:24:10,161032,15.7160,0.0500,0
14:24:17,161078,24.3230,0.0500,0
14:24:22,161123,16.8660,0.0500,0
14:24:27,161169,9.7620,0.0500,0
14:24:33,161203,13.3920,0.0500,0
14:24:38,161249,18.5610,0.0500,0
14:24:44,161295,13.1960,0.0500,0
14:24:49,161320,11.9140,0.0500,0
14:24:56,161364,23.7560,0.0500,0
14:25:01,161410,25.6480,0.0500,0
14:25:06,161435,4.5900,0.0500,0
14:25:11,161481,24.7340,0.0500,0
14:25:16,161506,6.4110,0.0500,0
14:25:23,161547,18.0490,0.0500,0
14:25:28,161593,25.3380,0.0500,0
14:25:33,161618,6.5100,0.0500,0
14:25:40,161658,22.5940,0.0500,0
14:25:45,161704,25.6470,0.0500,0
14:25:50,161729,5.1930,0.0500,0
14:25:56,161763,12.5030,0.0500,0
14:26:01,161809,15.8430,0.0500,0
14:26:08,161852,24.5600,0.0500,0
14:26:13,161898,23.5930,0.0500,0
14:26:19,161928,9.5660,0.0500,0
14:26:24,161974,17.9710,0.0500,0
14:26:29,161999,13.4560,0.0500,0
14:26:34,162045,22.7520,0.0500,0
14:26:39,162070,10.8700,0.0500,0
14:26:44,162116,17.1460,0.0500,0
14:26:49,162142,10.6920,0.0500,0
14:26:54,162188,20.0490,0.0500,0
14:27:01,162225,20.9280,0.0500,0
14:27:06,162271,25.0520,0.0500,0
14:27:11,162317,13.4770,0.0500,1
14:27:16,162342,5.5150,0.0500,0
14:27:21,162388,21.9550,0.0500,0
14:27:27,162427,8.3740,0.0500,0
14:27:34,162464,14.4160,0.0500,0
14:27:39,162510,17.4000,0.0500,0
14:27:44,162556,20.2260,0.0500,0
14:27:49,162581,13.1120,0.0500,0
14:27:54,162605,14.0400,0.0500,0
14:28:01,162649,23.1890,0.0500,0
14:28:06,162695,16.6000,0.0500,0
14:28:11,162719,13.3680,0.0500,0
14:28:17,162754,19.8200,0.0500,0
14:28:23,162800,20.0870,0.0500,0
14:28:28,162825,4.8690,0.0500,0
14:28:33,162871,23.7310,0.0500,0
14:28:39,162909,11.9540,0.0500,0
14:28:44,162955,17.6710,0.0500,0
14:28:49,163001,20.2390,0.0500,0
14:28:54,163026,6.2530,0.0500,0
14:29:01,163068,22.6140,0.0500,0
14:29:06,163114,23.6010,0.0500,0
14:29:11,163139,7.3350,0.0500,0
14:29:16,163185,21.0010,0.0500,0
14:29:23,163220,19.0800,0.0500,0
14:29:28,163249,10.4030,0.0500,0
14:29:33,163295,14.6660,0.0500,0
14:29:38,163320,11.8740,0.0500,0
14:29:43,163366,23.5420,0.0500,0
14:29:48,163391,5.1790,0.0500,0
14:29:53,163437,23.2480,0.0500,0
14:29:59,163462,7.7050,0.0500,0
14:30:05,163498,18.3440,0.0500,0
14:30:11,163537,16.4640,0.0500,0
14:30:16,163583,15.8930,0.0500,0
14:30:21,163629,16.6070,0.0500,0
14:30:27,163654,9.0870,0.0500,0
14:30:32,163700,23.5640,0.0500,0
14:30:37,163725,6.6700,0.0500,0
14:30:42,163771,23.5610,0.0500,0
14:30:49,163814,16.4390,0.0500,0
14:30:54,163860,17.0970,0.0500,0
14:31:00,163898,22.4310,0.0500,0
14:31:05,163944,18.3590,0.0500,0
14:31:10,163990,15.7160,0.0500,0
14:31:16,164015,8.5350,0.0500,0
14:31:21,164061,22.1240,0.0500,0
14:31:28,164104,15.3070,0.0500,0
14:31:33,164150,18.4300,0.0500,0
14:31:38,164175,10.3570,0.0500,0
14:31:44,164213,20.4790,0.0500,0
14:31:49,164259,17.8190,0.0500,0
14:31:54,164305,19.4270,0.0500,0
14:31:59,164330,10.0180,0.0500,0
14:32:06,164368,17.7050,0.0500,0
14:32:11,164414,17.5300,0.0500,0
14:32:16,164460,19.9330,0.0500,0
14:32:21,164485,5.2280,0.0500,0
14:32:26,164531,24.4780,0.0500,0
14:32:31,164557,10.2910,0.0500,0
14:32:36,164603,16.0380,0.0500,0
14:32:41,164649,21.1260,0.0500,0
14:32:47,164674,6.8700,0.0500,0
14:32:53,164710,18.9940,0.0500,0
14:32:58,164756,22.6690,0.0500,0
14:33:03,164781,11.5480,0.0500,0
14:33:09,164810,16.4700,0.0500,0
14:33:14,164856,23.1570,0.0500,1
14:33:19,164881,5.7500,0.0500,0
14:33:24,164906,10.9650,0.0500,0
14:33:31,164949,17.5120,0.0500,0
14:33:36,164974,10.0400,0.0500,0
14:33:42,165009,8.2060,0.0500,0
14:33:47,165055,11.6700,0.0500,0
14:33:52,165101,14.4280,0.0500,0
14:33:57,165126,2.4360,0.0500,0
14:34:02,165172,21.5620,0.0500,0
14:34:07,165197,9.4830,0.0500,0
14:34:13,165222,11.5180,0.0500,0
14:34:18,165268,18.9430,0.0500,0
14:34:24,165309,12.9410,0.0500,0
14:34:30,165355,21.1270,0.0500,0
14:34:37,165398,17.6500,0.0500,0
14:34:42,165444,21.3830,0.0500,0
14:34:47,165468,10.3460,0.0500,0
14:34:52,165514,24.8160,0.0500,0
14:34:57,165539,6.3170,0.0500,0
14:35:02,165585,25.4440,0.0500,0
14:35:08,165618,11.9410,0.0500,0
14:35:13,165664,16.5340,0.0500,0
14:35:18,165689,12.4670,0.0500,0
14:35:23,165735,20.1490,0.0500,0
14:35:28,165781,13.3010,0.0500,0
14:35:33,165806,11.1400,0.0500,0
14:35:38,165852,19.0660,0.0500,0
14:35:44,165886,12.5130,0.0500,0
14:35:49,165932,17.6530,0.0500,0
14:35:56,165969,22.2400,0.0500,0
14:36:01,166015,22.3470,0.0500,0
14:36:06,166046,17.3080,0.0500,0
14:36:12,166092,22.6910,0.0500,0
14:36:18,166132,17.0930,0.0500,0
14:36:23,166178,17.1860,0.0500,0
14:36:28,166224,15.1670,0.0500,0
14:36:34,166252,7.8720,0.0500,0
14:36:39,166298,16.2870,0.0500,0
14:36:44,166344,17.9160,0.0500,0
14:36:49,166369,7.6770,0.0500,0
14:36:54,166415,21.1520,0.0500,0
14:37:00,166450,13.1580,0.0500,0
14:37:05,166496,21.6750,0.0500,0
14:37:12,166538,17.9220,0.0500,0
14:37:17,166584,18.6380,0.0500,0
14:37:22,166630,13.8860,0.0500,0
14:37:27,166654,7.2340,0.0500,0
14:37:32,166700,20.8750,0.0500,0
14:37:37,166746,16.2990,0.0500,0
14:37:42,166771,11.2870,0.0500,0
14:37:47,166817,20.2320,0.0500,0
14:37:53,166846,11.5570,0.0500,0
14:37:58,166892,17.9090,0.0500,0
14:38:05,166932,22.1620,0.0500,0
14:38:10,166978,20.2290,0.0500,0
14:38:15,167024,15.4640,0.0500,0
14:38:20,167049,7.1280,0.0500,0
14:38:27,167094,18.3610,0.0500,0
14:38:32,167140,17.1880,0.0500,0
14:38:37,167186,17.8300,0.0500,0
14:38:42,167211,4.9350,0.0500,0
14:38:47,167257,24.5000,0.0500,0
14:38:53,167282,2.4510,0.0500,0
14:38:58,167328,22.8610,0.0500,0
14:39:05,167370,16.6750,0.0500,0
14:39:10,167416,16.8920,0.0500,0
14:39:15,167462,18.3360,0.0500,0
14:39:20,167487,5.7080,0.0500,0
14:39:25,167533,26.8980,0.0500,0
14:39:30,167557,7.3260,0.0500,0
14:39:35,167603,20.5340,0.0500,0
14:39:40,167628,9.5350,0.0500,0
14:39:45,167674,23.5220,0.0500,0
14:39:50,167699,11.5530,0.0500,0
14:39:55,167745,16.8920,0.0500,0
14:40:00,167791,19.4300,0.0500,0
14:40:05,167816,10.3590,0.0500,0
14:40:10,167862,21.7220,0.0500,0
14:40:15,167887,11.5030,0.0500,0
14:40:23,167933,16.0000,0.0500,0
14:40:28,167979,16.7630,0.0500,0
14:40:33,168025,13.4200,0.0500,0
14:40:38,168050,9.7080,0.0500,0
14:40:43,168096,18.4190,0.0500,0
14:40:48,168121,10.1600,0.0500,0
14:40:53,168167,19.5320,0.0500,0
14:40:58,168213,15.1170,0.0500,0
14:41:03,168238,5.7500,0.0500,0
14:41:08,168284,18.6460,0.0500,0
14:41:13,168330,13.9520,0.0500,0
14:41:19,168358,4.3370,0.0500,0
14:41:24,168404,21.7900,0.0500,0
14:41:31,168447,17.0780,0.0500,0
14:41:36,168493,20.2410,0.0500,0
14:41:41,168539,17.5400,0.0500,0
14:41:46,168564,7.5340,0.0500,0
14:41:53,168606,18.9400,0.0500,0
14:42:00,168648,15.0590,0.0500,0
14:42:05,168694,17.7930,0.0500,0
14:42:10,168740,15.6720,0.0500,0
14:42:15,168764,3.3460,0.0500,0
14:42:20,168810,23.9680,0.0500,0
14:42:25,168856,9.7640,0.0500,0
14:42:30,168902,1.8880,0.0500,0
14:42:35,168930,-0.0440,0.0500,0
14:42:42,168971,17.1760,0.0500,0
14:42:47,169017,17.2210,0.0500,0
14:42:52,169063,19.0100,0.0500,0
14:42:57,169088,13.3020,0.0500,0
14:43:02,169134,20.2740,0.0500,0
14:43:07,169159,9.9900,0.0500,0
14:43:12,169205,17.9190,0.0500,0
14:43:17,169251,17.5300,0.0500,0
14:43:22,169276,10.0510,0.0500,0
14:43:27,169322,19.0710,0.0500,0
14:43:33,169347,3.0800,0.0500,0
14:43:38,169372,6.6920,0.0500,0
14:43:43,169418,18.0700,0.0500,0
14:43:48,169464,19.4020,0.0500,0
14:43:53,169489,9.6530,0.0500,0
14:43:58,169535,22.4020,0.0500,0
14:44:03,169560,10.8930,0.0500,0
14:44:08,169606,21.8120,0.0500,0
14:44:13,169631,2.7720,0.0500,0
14:44:18,169677,22.4100,0.0500,0
14:44:25,169720,16.1790,0.0500,0
14:44:30,169766,18.1610,0.0500,0
14:44:37,169802,21.5490,0.0500,0
14:44:42,169848,17.1890,0.0500,0
14:44:47,169872,8.2780,0.0500,0
14:44:52,169918,21.4880,0.0500,0
14:44:57,169950,18.1680,0.0500,0
14:45:03,169996,20.5540,0.0500,0
14:45:08,170042,10.7370,0.0500,0
14:45:13,170070,8.8550,0.0500,0
14:45:18,170116,16.3160,0.0500,0
14:45:23,170162,20.0080,0.0500,0
14:45:28,170187,5.3800,0.0500,0
14:45:33,170233,26.2780,0.0500,0
14:45:38,170257,11.8100,0.0500,0
14:45:43,170303,17.5230,0.0500,0
14:45:48,170349,15.4190,0.0500,0
14:45:53,170374,7.2060,0.0500,0
14:45:58,170420,21.7920,0.0500,0
14:46:05,170456,17.9040,0.0500,0
14:46:12,170501,19.8760,0.0500,0
14:46:17,170547,20.7970,0.0500,0
14:46:24,170587,17.6410,0.0500,0
14:46:29,170633,17.0740,0.0500,0
14:46:34,170658,4.5800,0.0500,0
14:46:39,170704,20.1360,0.0500,0
14:46:46,170746,13.9490,0.0500,0
14:46:51,170792,23.2720,0.0500,0
14:46:57,170827,15.4980,0.0500,0
14:47:02,170873,17.1260,0.0500,0
14:47:07,170919,16.3130,0.0500,0
14:47:12,170944,6.6200,0.0500,0
14:47:17,170990,23.0840,0.0500,0
14:47:23,171021,16.9390,0.0500,0
14:47:28,171067,15.0920,0.0500,0
14:47:33,171113,20.9140,0.0500,0
14:47:38,171138,5.9920,0.0500,0
14:47:43,171184,23.1820,0.0500,0
14:47:49,171213,10.3690,0.0500,0
14:47:54,171259,16.5410,0.0500,0
14:48:00,171294,11.6610,0.0500,0
14:48:05,171340,21.5560,0.0500,0
14:48:10,171386,14.9810,0.0500,0
14:48:15,171411,2.1460,0.0500,0
14:48:20,171457,23.2730,0.0500,0
14:48:25,171482,2.7350,0.0500,0
14:48:30,171528,22.3360,0.0500,0
14:48:37,171570,14.9520,0.0500,0
14:48:42,171616,19.9010,0.0500,0
14:48:50,171661,20.0810,0.0500,0
14:48:55,171707,16.0400,0.0500,0
14:49:02,171751,24.6520,0.0500,0
14:49:07,171797,24.1340,0.0500,0
14:49:12,171822,4.9230,0.0500,0
14:49:17,171868,22.7000,0.0500,0
14:49:22,171893,8.3290,0.0500,0
14:49:27,171939,24.4560,0.0500,0
14:49:32,171964,9.7570,0.0500,0
14:49:37,172010,16.7930,0.0500,0
14:49:44,172049,18.3320,0.0500,0
14:49:49,172095,17.1490,0.0500,0
14:49:54,172141,16.9300,0.0500,0
14:49:59,172166,12.2290,0.0500,0
14:50:04,172212,19.6410,0.0500,0
14:50:09,172237,8.4690,0.0500,0
14:50:14,172283,20.6650,0.0500,0
14:50:19,172308,9.5000,0.0500,0
14:50:24,172354,24.8240,0.0500,0
14:50:30,172382,14.5040,0.0500,0
14:50:35,172428,20.4750,0.0500,0
14:50:42,172468,17.9790,0.0500,0
14:50:47,172514,14.6310,0.0500,0
14:50:52,172539,8.6290,0.0500,0
14:50:57,172585,20.9560,0.0500,1
14:51:02,172610,12.1200,0.0500,0
14:51:07,172656,18.7370,0.0500,0
14:51:13,172686,6.1150,0.0500,0
14:51:18,172732,17.0700,0.0500,0
14:51:23,172778,18.4600,0.0500,0
14:51:28,172802,10.0350,0.0500,0
14:51:33,172848,26.0020,0.0500,0
14:51:38,172873,5.7930,0.0500,0
14:51:43,172919,23.6440,0.0500,0
14:51:49,172955,17.2960,0.0500,0
14:51:54,173001,22.2830,0.0500,0
14:51:59,173026,10.9420,0.0500,0
14:52:04,173072,22.7020,0.0500,0
14:52:09,173097,9.4350,0.0500,0
14:52:14,173143,21.4020,0.0500,0
14:52:21,173186,16.3180,0.0500,0
14:52:27,173232,22.6890,0.0500,0
14:52:32,173278,14.5100,0.0500,0
14:52:37,173324,0.2280,0.0500,0
14:52:42,173349,0.2620,0.0500,0
14:52:47,173395,20.6040,0.0500,0
14:52:52,173441,17.2620,0.0500,0
14:52:57,173466,6.8720,0.0500,0
14:53:02,173512,22.3940,0.0500,0
14:53:07,173538,9.5240,0.0500,0
14:53:12,173584,24.0880,0.0500,0
14:53:19,173625,14.9860,0.0500,0
14:53:24,173671,16.3110,0.0500,0
14:53:31,173711,20.7810,0.0500,0
14:53:36,173757,18.3830,0.0500,0
14:53:41,173782,8.4770,0.0500,0
14:53:46,173828,25.0500,0.0500,0
14:53:51,173853,8.7800,0.0500,0
14:53:56,173881,7.5780,0.0500,0
14:54:01,173927,14.8690,0.0500,0
14:54:07,173952,10.3560,0.0500,0
14:54:12,173998,22.4880,0.0500,0
14:54:17,174023,3.6580,0.0500,0
14:54:22,174069,24.7360,0.0500,0
14:54:27,174099,7.7060,0.0500,0
14:54:32,174145,23.2720,0.0500,0
14:54:37,174191,13.8470,0.0500,0
14:54:43,174216,14.1770,0.0500,0
14:54:48,174241,11.8650,0.0500,0
14:54:53,174287,22.9440,0.0500,0
14:55:00,174333,11.5820,0.0500,0
14:55:05,174379,16.0250,0.0500,0
14:55:10,174425,17.2340,0.0500,0
14:55:15,174450,2.4820,0.0500,0
14:55:20,174496,25.1000,0.0500,0
14:55:26,174531,13.1650,0.0500,0
14:55:31,174577,20.9150,0.0500,0
14:55:38,174614,18.9000,0.0500,0
14:55:43,174660,21.6870,0.0500,0
14:55:48,174685,9.1660,0.0500,0
14:55:53,174731,22.5080,0.0500,0
14:55:59,174760,17.3160,0.0500,0
14:56:04,174806,19.6490,0.0500,0
14:56:09,174852,14.7900,0.0500,0
14:56:14,174898,0.6620,0.0500,0
14:56:19,174923,6.4890,0.0500,0
14:56:24,174969,21.3890,0.0500,0
14:56:31,175012,12.8380,0.0500,0
14:56:36,175058,23.3030,0.0500,0
14:56:41,175083,8.0400,0.0500,0
14:56:46,175129,20.8750,0.0500,0
14:56:51,175175,8.0010,0.0500,0
14:56:56,175221,-0.0680,0.0500,0
14:57:01,175267,0.8930,0.0500,0
14:57:06,175293,5.0750,0.0500,0
14:57:14,175338,23.2250,0.0500,0
14:57:19,175384,21.8710,0.0500,0
14:57:24,175430,15.9640,0.0500,0
14:57:29,175455,9.0960,0.0500,0
14:57:34,175501,20.5120,0.0500,0
14:57:39,175529,10.2170,0.0500,0
14:57:44,175575,15.6020,0.0500,0
14:57:49,175621,20.0000,0.0500,0
14:57:55,175646,3.9590,0.0500,0
14:58:00,175692,21.3700,0.0500,0
14:58:06,175731,16.7320,0.0500,0
14:58:13,175775,23.8580,0.0500,0
14:58:18,175821,18.5890,0.0500,0
14:58:24,175846,7.3090,0.0500,0
14:58:30,175884,17.3960,0.0500,0
14:58:35,175930,17.1040,0.0500,0
14:58:40,175976,12.8950,0.0500,0
14:58:45,176002,10.9670,0.0500,0
14:58:50,176048,22.2480,0.0500,0
14:58:57,176088,14.1510,0.0500,0
14:59:02,176134,15.6740,0.0500,0
14:59:07,176180,20.9240,0.0500,0
14:59:12,176205,4.5670,0.0500,0
14:59:18,176232,11.9100,0.0500,0
14:59:23,176278,21.7730,0.0500,0
14:59:28,176303,8.9110,0.0500,0
14:59:34,176340,18.9190,0.0500,0
14:59:39,176386,17.8320,0.0500,0
14:59:44,176432,20.2350,0.0500,0
14:59:49,176457,6.5320,0.0500,0
14:59:54,176503,22.8360,0.0500,0
14:59:59,176528,12.1450,0.0500,0
15:00:04,176574,18.6610,0.0500,0
15:00:10,176599,10.4150,0.0500,0
15:00:16,176637,21.1170,0.0500,0
15:00:21,176683,17.6290,0.0500,0
15:00:28,176721,21.9040,0.0500,0
15:00:33,176767,20.8930,0.0500,0
15:00:38,176813,12.1050,0.0500,0
15:00:43,176838,7.1930,0.0500,0
15:00:48,176884,22.6890,0.0500,0
15:00:53,176909,8.6230,0.0500,0
15:01:00,176949,18.0680,0.0500,0
15:01:05,176995,20.6450,0.0500,0
15:01:10,177019,8.6150,0.0500,0
15:01:15,177065,23.9480,0.0500,0
15:01:20,177090,11.2350,0.0500,0
15:01:25,177136,22.3120,0.0500,0
15:01:31,177167,16.9880,0.0500,0
15:01:36,177213,18.7070,0.0500,0
15:01:41,177259,16.9380,0.0500,0
15:01:46,177284,4.9340,0.0500,0
15:01:51,177330,22.6660,0.0500,0
15:01:57,177364,13.9880,0.0500,0
15:02:02,177410,16.5400,0.0500,0
15:02:07,177456,18.7220,0.0500,0
15:02:12,177481,8.4820,0.0500,0
15:02:17,177506,10.9010,0.0500,0
15:02:22,177552,22.2700,0.0500,0
15:02:27,177577,13.0020,0.0500,0
15:02:32,177623,17.5130,0.0500,0
15:02:39,177662,22.1470,0.0500,0
15:02:44,177708,15.8240,0.0500,0
15:02:49,177754,21.2080,0.0500,0
15:02:54,177779,10.3630,0.0500,0
15:03:00,177815,16.6040,0.0500,0
15:03:05,177861,19.6410,0.0500,0
15:03:12,177901,17.4690,0.0500,0
15:03:20,177947,17.3060,0.0500,0
15:03:25,177993,22.6730,0.0500,0
15:03:30,178021,15.7610,0.0500,0
15:03:35,178067,17.9690,0.0500,0
15:03:40,178113,14.1360,0.0500,0
15:03:45,178139,7.9300,0.0500,0
15:03:50,178185,17.1550,0.0500,0
15:03:55,178231,19.6140,0.0500,0
15:04:00,178256,7.5180,0.0500,0
15:04:06,178302,23.9300,0.0500,0
15:04:11,178327,11.5450,0.0500,0
15:04:16,178373,19.8800,0.0500,0
15:04:21,178419,12.3220,0.0500,0
15:04:26,178449,9.0090,0.0500,0
15:04:31,178495,18.6280,0.0500,0
15:04:36,178519,10.0380,0.0500,0
15:04:41,178565,25.7540,0.0500,0
15:04:46,178590,9.6270,0.0500,0
15:04:52,178636,21.7240,0.0500,0
15:04:59,178679,18.2900,0.0500,0
15:05:04,178725,20.2790,0.0500,0
15:05:09,178750,8.6330,0.0500,0
15:05:14,178796,19.3050,0.0500,0
15:05:20,178833,9.2090,0.0500,0
15:05:25,178879,15.1820,0.0500,0
15:05:32,178924,25.2040,0.0500,0
15:05:38,178949,7.2510,0.0500,0
15:05:43,178995,20.1840,0.0500,0
15:05:49,179030,19.4150,0.0500,0
15:05:54,179076,16.2540,0.0500,0
15:05:59,179122,19.8650,0.0500,0
15:06:04,179147,13.2430,0.0500,0
15:06:09,179193,19.6570,0.0500,0
15:06:14,179220,10.6470,0.0500,0
15:06:19,179266,15.9460,0.0500,0
15:06:24,179312,19.0390,0.0500,0
15:06:29,179337,6.3130,0.0500,0
15:06:34,179383,24.7220,0.0500,0
15:06:40,179415,13.9850,0.0500,0
15:06:45,179461,14.3650,0.0500,0
15:06:50,179507,19.3420,0.0500,0
15:06:56,179532,3.6790,0.0500,0
15:07:01,179578,21.3680,0.0500,0
15:07:06,179610,18.2190,0.0500,0
15:07:11,179656,16.5070,0.0500,0
15:07:17,179702,19.1160,0.0500,0
15:07:22,179727,10.3110,0.0500,0
15:07:27,179773,22.5770,0.0500,0
15:07:33,179808,11.6260,0.0500,0
15:07:38,179854,20.7610,0.0500,0
15:07:43,179879,10.3560,0.0500,0
15:07:48,179925,22.8700,0.0500,0
15:07:54,179957,11.6190,0.0500,0
15:07:59,180003,17.7040,0.0500,0
15:08:05,180038,21.8070,0.0500,0
15:08:10,180084,17.9330,0.0500,0
15:08:15,180109,5.1660,0.0500,0
15:08:20,180134,5.7490,0.0500,0
15:08:25,180180,20.3950,0.0500,0
15:08:32,180224,19.2350,0.0500,0
15:08:38,180270,17.9670,0.0500,0
15:08:43,180316,16.0820,0.0500,0
15:08:48,180341,5.7810,0.0500,0
15:08:53,180387,24.1050,0.0500,0
15:09:00,180411,11.2010,0.0500,0
15:09:05,180457,21.6670,0.0500,1
15:09:10,180482,12.5320,0.0500,0
15:09:15,180528,21.4240,0.0500,0
15:09:20,180553,6.3770,0.0500,0
15:09:25,180599,21.7160,0.0500,0
15:09:32,180642,14.3850,0.0500,0
15:09:37,180688,16.1510,0.0500,0
15:09:43,180713,10.3360,0.0500,0
15:09:48,180759,16.5820,0.0500,0
15:09:54,180800,16.2750,0.0500,0
15:09:59,180846,16.2350,0.0500,0
15:10:05,180892,16.9280,0.0500,0
15:10:10,180916,6.9880,0.0500,0
15:10:15,180962,21.0160,0.0500,0
15:10:20,180987,10.0070,0.0500,0
15:10:25,181012,9.8140,0.0500,0
15:10:31,181051,17.2360,0.0500,0
15:10:36,181097,21.5520,0.0500,0
15:10:41,181143,16.4040,0.0500,0
15:10:47,181168,10.9870,0.0500,0
15:10:52,181214,22.3940,0.0500,0
15:10:57,181240,9.1370,0.0500,0
15:11:02,181286,21.7220,0.0500,0
15:11:07,181311,11.5190,0.0500,0
15:11:12,181357,21.1280,0.0500,0
15:11:17,181382,8.9350,0.0500,0
15:11:22,181428,24.0860,0.0500,0
15:11:27,181453,12.7090,0.0500,0
15:11:32,181499,20.4760,0.0500,0
15:11:39,181537,13.7570,0.0500,0
15:11:44,181583,17.9460,0.0500,0
15:11:49,181629,15.9520,0.0500,0
15:11:54,181653,6.0000,0.0500,0
15:11:59,181699,18.6300,0.0500,0
15:12:04,181745,8.4940,0.0500,0
15:12:09,181774,-0.0580,0.0500,0
15:12:15,181820,18.8770,0.0500,0
15:12:20,181866,15.7120,0.0500,0
15:12:25,181891,8.0060,0.0500,0
15:12:30,181937,20.6300,0.0500,0
15:12:35,181963,11.2220,0.0500,0
15:12:40,182009,19.7450,0.0500,0
15:12:46,182047,16.5280,0.0500,0
15:12:51,182093,14.3790,0.0500,0
15:12:57,182139,16.3760,0.0500,0
15:13:02,182168,9.5010,0.0500,0
15:13:07,182214,21.8400,0.0500,0
15:13:12,182239,11.2370,0.0500,0
15:13:17,182285,20.5150,0.0500,0
15:13:22,182310,10.0370,0.0500,0
15:13:27,182356,22.6570,0.0500,0
15:13:32,182402,12.9660,0.0500,0
15:13:38,182427,9.7350,0.0500,0
15:13:44,182462,17.4690,0.0500,0
15:13:49,182508,19.9210,0.0500,0
15:13:54,182554,16.3340,0.0500,0
15:13:59,182579,5.4440,0.0500,0
15:14:04,182625,23.4640,0.0500,0
15:14:11,182668,14.6730,0.0500,0
15:14:16,182714,16.4870,0.0500,0
15:14:21,182739,8.8710,0.0500,0
15:14:26,182785,22.6340,0.0500,0
15:14:31,182810,10.3170,0.0500,0
15:14:36,182856,23.4780,0.0500,0
15:14:44,182901,15.3900,0.0500,0
15:14:49,182947,16.3260,0.0500,0
15:14:54,182993,18.5360,0.0500,0
15:14:59,183017,5.3970,0.0500,0
15:15:04,183063,23.5920,0.0500,0
15:15:10,183102,16.8070,0.0500,0
15:15:15,183148,24.3360,0.0500,0
15:15:20,183173,9.7350,0.0500,0
15:15:26,183204,11.0240,0.0500,0
15:15:31,183250,22.3550,0.0500,0
15:15:37,183281,13.1660,0.0500,0
15:15:42,183327,16.8040,0.0500,0
15:15:48,183364,17.1830,0.0500,0
15:15:53,183410,16.8420,0.0500,0
15:15:59,183456,20.5160,0.0500,0
15:16:04,183481,14.5760,0.0500,0
15:16:09,183527,21.1730,0.0500,0
15:16:14,183552,11.8180,0.0500,0
15:16:19,183598,23.2840,0.0500,0
15:16:25,183631,8.2730,0.0500,0
15:16:30,183677,15.2640,0.0500,0
15:16:35,183723,19.4230,0.0500,0
15:16:40,183748,8.5680,0.0500,0
15:16:45,183794,21.7600,0.0500,0
15:16:52,183835,16.2130,0.0500,0
15:16:57,183881,26.5940,0.0500,0
15:17:02,183905,6.1110,0.0500,0
15:17:07,183951,19.5110,0.0500,0
15:17:14,183997,20.0860,0.0500,0
15:17:19,184043,19.2690,0.0500,0
15:17:24,184089,14.8020,0.0500,0
15:17:30,184114,6.0400,0.0500,0
15:17:36,184155,16.5160,0.0500,0
15:17:41,184201,20.8570,0.0500,0
15:17:48,184244,20.1840,0.0500,0
15:17:54,184290,24.4540,0.0500,0
15:17:59,184315,5.2340,0.0500,0
15:18:04,184361,23.5420,0.0500,0
15:18:09,184392,12.7620,0.0500,0
15:18:14,184438,21.2200,0.0500,0
15:18:21,184477,17.5950,0.0500,0
15:18:26,184523,17.5170,0.0500,0
15:18:33,184564,22.5210,0.0500,0
15:18:38,184610,17.1890,0.0500,0
15:18:43,184656,18.4540,0.0500,0
15:18:48,184702,0.3380,0.0500,0
15:18:53,184748,0.0970,0.0500,0
15:18:58,184794,0.0920,0.0500,0
15:19:03,184840,0.0920,0.0500,0
15:19:08,184886,0.8420,0.0500,0
15:19:13,184932,-0.0900,0.0500,0
15:19:18,184956,1.5450,0.0500,0
15:19:23,185002,23.7380,0.0500,0
15:19:30,185046,14.6570,0.0500,0
15:19:35,185092,17.1440,0.0500,0
15:19:41,185138,14.4520,0.0500,0
15:19:46,185163,8.1580,0.0500,0
15:19:51,185209,18.0560,0.0500,0
15:19:56,185234,9.5310,0.0500,0
15:20:01,185280,22.3940,0.0500,0
15:20:07,185314,15.8590,0.0500,0
15:20:12,185360,15.1870,0.0500,0
15:20:17,185406,19.4380,0.0500,0
15:20:22,185431,5.3600,0.0500,0
15:20:27,185477,22.8300,0.0500,0
15:20:33,185510,16.6190,0.0500,0
15:20:38,185535,1.7890,0.0500,0
15:20:43,185581,24.3820,0.0500,0
15:20:49,185612,13.9750,0.0500,0
15:20:54,185658,14.8920,0.0500,0
15:20:59,185704,21.9640,0.0500,0
15:21:04,185750,0.0100,0.0500,0
15:21:09,185796,0.2900,0.0500,0
15:21:14,185842,-0.0400,0.0500,0
15:21:21,185884,-0.0790,0.0500,0
15:21:26,185930,16.4690,0.0500,0
15:21:31,185955,10.6230,0.0500,0
15:21:36,186001,23.3060,0.0500,0
15:21:41,186026,7.2030,0.0500,0
15:21:46,186072,20.0880,0.0500,0
15:21:51,186118,16.5620,0.0500,0
15:21:57,186143,6.9170,0.0500,0
15:22:02,186189,25.6440,0.0500,0
15:22:07,186214,10.2860,0.0500,0
15:22:12,186260,13.9990,0.0500,0
15:22:17,186306,17.2010,0.0500,0
15:22:22,186331,8.4340,0.0500,0
15:22:27,186377,22.4000,0.0500,0
15:22:33,186416,17.3950,0.0500,0
15:22:39,186462,18.4450,0.0500,0
15:22:44,186508,18.7360,0.0500,0
15:22:49,186533,15.2260,0.0500,0
15:22:54,186558,12.1670,0.0500,0
15:22:59,186604,18.0530,0.0500,0
15:23:06,186650,21.9050,0.0500,0
15:23:11,186696,16.4320,0.0500,0
15:23:16,186742,20.8200,0.0500,0
15:23:21,186767,7.7840,0.0500,0
15:23:26,186813,23.6020,0.0500,0
15:23:31,186838,11.1670,0.0500,0
15:23:37,186884,18.3310,0.0500,0
15:23:44,186905,11.2170,0.0500,0
15:23:49,186951,22.9620,0.0500,0
15:23:55,186987,16.1770,0.0500,0
15:24:00,187033,16.8580,0.0500,0
15:24:05,187079,20.3600,0.0500,0
15:24:10,187104,10.3450,0.0500,0
15:24:15,187150,24.3860,0.0500,0
15:24:20,187175,8.3010,0.0500,0
15:24:25,187221,21.9820,0.0500,0
15:24:30,187246,11.2180,0.0500,0
15:24:35,187292,17.8560,0.0500,0
15:24:40,187338,18.1780,0.0500,0
15:24:45,187363,5.9980,0.0500,0
15:24:51,187409,22.5760,0.0500,0
15:24:58,187452,15.2330,0.0500,0
15:25:03,187498,17.3270,0.0500,0
15:25:08,187544,16.9440,0.0500,0
15:25:13,187569,6.1000,0.0500,0
15:25:18,187615,23.1440,0.0500,0
15:25:24,187646,16.1190,0.0500,0
15:25:29,187692,14.8650,0.0500,0
15:25:35,187725,15.8600,0.0500,0
15:25:40,187771,20.0320,0.0500,0
15:25:46,187808,16.8090,0.0500,0
15:25:51,187854,18.3830,0.0500,0
15:25:57,187890,15.8670,0.0500,0
15:26:02,187936,16.2590,0.0500,0
15:26:08,187966,14.4320,0.0500,0
15:26:13,188012,20.4550,0.0500,0
15:26:18,188058,17.1360,0.0500,0
15:26:23,188083,7.8450,0.0500,0
15:26:28,188129,22.8540,0.0500,0
15:26:33,188154,5.2180,0.0500,0
15:26:38,188200,24.2360,0.0500,0
15:26:43,188246,11.5840,0.0500,0
15:26:49,188275,1.1720,0.0500,0
15:26:55,188312,17.6610,0.0500,0
15:27:00,188358,24.7690,0.0500,0
15:27:05,188383,13.6670,0.0500,0
15:27:10,188429,17.7630,0.0500,0
15:27:16,188454,12.1420,0.0500,0
15:27:21,188500,23.4980,0.0500,0
15:27:26,188525,6.0200,0.0500,0
15:27:31,188571,23.0160,0.0500,0
15:27:36,188600,15.4770,0.0500,0
15:27:41,188646,16.1370,0.0500,0
15:27:46,188692,18.9750,0.0500,0
15:27:51,188717,9.1390,0.0500,0
15:27:56,188763,23.2680,0.0500,0
15:28:04,188809,12.1720,0.0500,0
15:28:09,188855,14.7290,0.0500,0
15:28:16,188900,24.9010,0.0500,0
15:28:22,188930,7.6590,0.0500,0
15:28:28,188963,12.2830,0.0500,0
15:28:33,189009,23.5570,0.0500,0
15:28:38,189035,16.0530,0.0500,0
15:28:43,189081,17.2310,0.0500,0
15:28:50,189127,22.5410,0.0500,0
15:28:55,189173,16.2510,0.0500,0
15:29:01,189219,19.6640,0.0500,0
15:29:06,189244,5.6480,0.0500,0
15:29:11,189290,23.5430,0.0500,0
15:29:17,189327,14.3470,0.0500,0
15:29:24,189367,11.6240,0.0500,0
15:29:29,189413,15.2300,0.0500,0
15:29:34,189438,8.5240,0.0500,0
15:29:39,189484,21.1080,0.0500,0
15:29:44,189530,16.3220,0.0500,0
15:29:49,189555,5.3610,0.0500,0
15:29:54,189601,23.2820,0.0500,0
15:30:00,189632,13.3910,0.0500,0
15:30:07,189675,13.6910,0.0500,0
15:30:14,189718,18.3960,0.0500,0
15:30:19,189764,18.1590,0.0500,0
15:30:26,189804,20.7810,0.0500,0
15:30:31,189850,22.3450,0.0500,0
15:30:36,189875,6.0690,0.0500,0
15:30:41,189921,15.6340,0.0500,0
15:30:46,189946,7.0770,0.0500,0
15:30:51,189992,26.0400,0.0500,0
15:30:56,190017,4.5720,0.0500,0
15:31:01,190042,7.9550,0.0500,0
15:31:06,190088,21.1260,0.0500,0
15:31:14,190134,18.0230,0.0500,0
15:31:19,190180,16.5210,0.0500,0
15:31:24,190204,3.9700,0.0500,0
15:31:29,190250,24.8700,0.0500,0
15:31:35,190287,14.8700,0.0500,0
15:31:40,190333,24.1910,0.0500,0
15:31:46,190363,14.2640,0.0500,0
15:31:51,190409,20.5320,0.0500,0
15:31:57,190446,19.0550,0.0500,0
15:32:02,190492,16.1390,0.0500,0
15:32:09,190528,13.4170,0.0500,0
15:32:14,190574,18.4970,0.0500,0
15:32:21,190616,21.2940,0.0500,0
15:32:26,190662,18.1680,0.0500,0
15:32:31,190708,10.5870,0.0500,0
15:32:36,190738,11.2450,0.0500,0
15:32:41,190784,15.8680,0.0500,0
15:32:46,190830,19.2960,0.0500,0
15:32:52,190855,12.4350,0.0500,0
15:32:57,190901,20.3400,0.0500,0
15:33:02,190933,11.9110,0.0500,0
15:33:07,190979,18.0810,0.0500,0
15:33:13,191008,16.1550,0.0500,0
15:33:18,191054,17.7300,0.0500,0
15:33:23,191100,16.5360,0.0500,0
15:33:28,191125,5.4160,0.0500,0
15:33:33,191171,19.3010,0.0500,0
15:33:40,191211,20.4350,0.0500,0
15:33:45,191257,14.6320,0.0500,0
15:33:50,191303,19.3790,0.0500,0
15:33:55,191328,6.0180,0.0500,0
15:34:00,191374,18.4330,0.0500,0
15:34:05,191420,12.8530,0.0500,0
15:34:10,191445,8.8390,0.0500,0
15:34:15,191491,19.9030,0.0500,0
15:34:22,191531,21.2740,0.0500,0
15:34:27,191577,25.3800,0.0500,0
15:34:32,191623,10.5800,0.0500,0
15:34:37,191648,6.9290,0.0500,0
15:34:42,191694,25.4400,0.0500,0
15:34:48,191722,10.0750,0.0500,0
15:34:53,191768,21.2010,0.0500,0
15:34:59,191805,18.8990,0.0500,0
15:35:04,191851,15.9560,0.0500,0
15:35:09,191897,20.2940,0.0500,0
15:35:14,191922,6.0260,0.0500,0
15:35:19,191968,22.6740,0.0500,0
15:35:25,192002,14.6020,0.0500,0
15:35:30,192048,21.4850,0.0500,0
15:35:36,192094,15.3840,0.0500,0
15:35:41,192119,6.2590,0.0500,0
15:35:47,192159,20.9940,0.0500,0
15:35:52,192205,21.1950,0.0500,0
15:35:59,192242,16.1950,0.0500,0
15:36:04,192288,13.1370,0.0500,0
15:36:09,192334,20.5520,0.0500,0
15:36:14,192359,6.3300,0.0500,0
15:36:19,192405,21.7190,0.0500,0
15:36:26,192447,18.3280,0.0500,0
15:36:31,192493,15.3390,0.0500,0
15:36:37,192525,18.0230,0.0500,0
15:36:42,192571,15.5090,0.0500,0
15:36:48,192604,17.1100,0.0500,0
15:36:53,192650,20.7440,0.0500,0
15:37:00,192694,18.8980,0.0500,0
15:37:05,192740,22.0150,0.0500,0
15:37:10,192764,8.3330,0.0500,0
15:37:15,192810,24.2200,0.0500,0
15:37:20,192835,9.6180,0.0500,0
15:37:25,192881,18.9520,0.0500,0
15:37:30,192927,18.4210,0.0500,0
15:37:35,192952,7.1780,0.0500,0
15:37:40,192998,25.1120,0.0500,0
15:37:45,193023,14.8150,0.0500,0
15:37:51,193069,27.9400,0.0500,0
15:37:56,193094,7.2230,0.0500,0
15:38:01,193140,20.0990,0.0500,0
15:38:06,193165,8.0060,0.0500,0
15:38:11,193211,24.1000,0.0500,0
15:38:16,193236,8.3430,0.0500,0
15:38:23,193278,19.9350,0.0500,0
15:38:28,193324,16.6520,0.0500,0
15:38:34,193363,24.2820,0.0500,0
15:38:40,193409,26.3040,0.0500,0
15:38:45,193438,12.1910,0.0500,0
15:38:50,193484,18.0590,0.0500,0
15:38:57,193525,22.7820,0.0500,0
15:39:02,193571,21.9610,0.0500,0
15:39:07,193617,14.7750,0.0500,0
15:39:12,193642,15.1960,0.0500,0
15:39:17,193688,22.4540,0.0500,0
15:39:22,193713,13.9580,0.0500,0
15:39:27,193759,24.3980,0.0500,0
15:39:32,193784,13.6820,0.0500,0
15:39:37,193830,21.9860,0.0500,0
15:39:42,193855,9.9790,0.0500,0
15:39:48,193901,21.3650,0.0500,0
15:39:53,193947,13.1930,0.0500,0
15:39:58,193971,7.8730,0.0500,0
15:40:03,194017,21.9720,0.0500,0
15:40:08,194042,10.4060,0.0500,0
15:40:13,194088,19.8920,0.0500,0
15:40:19,194120,9.8470,0.0500,0
15:40:24,194166,17.1790,0.0500,0
15:40:30,194199,15.3100,0.0500,0
15:40:35,194245,20.5850,0.0500,0
15:40:41,194280,19.4050,0.0500,0
15:40:46,194326,16.9290,0.0500,0
15:40:51,194372,19.6200,0.0500,0
15:40:56,194397,7.2090,0.0500,0
15:41:01,194443,25.8740,0.0500,0
15:41:06,194468,12.6780,0.0500,0
15:41:11,194514,25.2840,0.0500,0
15:41:16,194539,12.1420,0.0500,0
15:41:21,194585,21.4610,0.0500,0
15:41:26,194631,14.5960,0.0500,0
15:41:31,194656,9.1100,0.0500,0
15:41:37,194702,24.7200,0.0500,0
15:41:42,194727,8.5980,0.0500,0
15:41:47,194773,23.2710,0.0500,0
15:41:52,194798,10.9670,0.0500,0
15:41:57,194844,23.5540,0.0500,0
15:42:02,194869,6.9130,0.0500,0
15:42:07,194915,23.9520,0.0500,0
15:42:13,194948,15.1610,0.0500,0
15:42:18,194994,18.4710,0.0500,0
15:42:23,195018,8.5910,0.0500,0
15:42:28,195064,23.3040,0.0500,0
15:42:33,195089,7.4210,0.0500,0
15:42:38,195135,25.0900,0.0500,0
15:42:43,195159,9.6550,0.0500,0
15:42:48,195205,18.5020,0.0500,0
15:42:55,195251,21.6690,0.0500,0
15:43:00,195297,18.9630,0.0500,0
15:43:07,195334,22.5020,0.0500,0
15:43:14,195380,23.8690,0.0500,0
15:43:19,195426,20.9390,0.0500,0
15:43:24,195472,15.4140,0.0500,0
15:43:29,195497,12.9960,0.0500,0
15:43:36,195538,18.0740,0.0500,0
15:43:41,195584,20.5260,0.0500,0
15:43:46,195608,8.7880,0.0500,0
15:43:51,195654,19.5310,0.0500,0
15:43:58,195693,16.8110,0.0500,0
15:44:03,195739,20.4460,0.0500,0
15:44:09,195771,19.3410,0.0500,0
15:44:14,195817,18.0490,0.0500,0
15:44:21,195857,23.0420,0.0500,0
15:44:26,195903,23.2340,0.0500,0
15:44:32,195935,15.2000,0.0500,0
15:44:37,195981,20.2760,0.0500,0
15:44:43,196015,19.4360,0.0500,0
15:44:48,196061,19.0520,0.0500,0
15:44:53,196107,17.3120,0.0500,0
15:44:58,196132,10.0290,0.0500,0
15:45:03,196178,21.9800,0.0500,0
15:45:08,196202,11.3230,0.0500,0
15:45:13,196248,21.0660,0.0500,0
15:45:18,196273,13.6960,0.0500,0
15:45:23,196319,21.6820,0.0500,0
15:45:29,196350,12.7930,0.0500,0
15:45:34,196396,17.7010,0.0500,0
15:45:39,196442,19.3060,0.0500,0
15:45:44,196467,6.8820,0.0500,0
15:45:49,196513,22.6560,0.0500,0
15:45:55,196541,12.6970,0.0500,0
15:46:00,196587,17.0430,0.0500,0
15:46:05,196633,20.1620,0.0500,1
15:46:10,196657,13.2230,0.0500,0
15:46:15,196682,11.0510,0.0500,0
15:46:20,196728,24.8380,0.0500,0
15:46:26,196768,15.8400,0.0500,0
15:46:32,196814,25.0240,0.0500,0
15:46:39,196856,13.3710,0.0500,0
15:46:44,196902,18.1270,0.0500,0
15:46:49,196948,19.9600,0.0500,0
15:46:54,196972,6.9140,0.0500,0
15:46:59,197018,25.7140,0.0500,0
15:47:04,197043,5.5500,0.0500,0
15:47:09,197089,22.3580,0.0500,0
15:47:14,197116,12.4300,0.0500,0
15:47:19,197162,21.4470,0.0500,0
15:47:25,197193,18.2540,0.0500,0
15:47:30,197239,21.4000,0.0500,0
15:47:35,197268,19.7000,0.0500,0
15:47:42,197306,18.2220,0.0500,0
15:47:47,197352,22.3170,0.0500,0
15:47:52,197377,5.5900,0.0500,0
15:47:57,197423,23.2620,0.0500,0
15:48:02,197448,8.9110,0.0500,0
15:48:08,197477,14.9610,0.0500,0
15:48:13,197523,22.0040,0.0500,0
15:48:20,197567,16.8410,0.0500,0
15:48:25,197613,20.1830,0.0500,0
15:48:32,197652,20.6460,0.0500,0
15:48:37,197698,21.6320,0.0500,0
15:48:43,197736,16.7520,0.0500,0
15:48:48,197782,18.9800,0.0500,0
15:48:53,197828,16.6510,0.0500,0
15:48:58,197852,9.4460,0.0500,0
15:49:03,197898,23.1740,0.0500,0
15:49:09,197932,12.7890,0.0500,0
15:49:14,197978,25.6000,0.0500,0
15:49:19,198002,13.2940,0.0500,0
15:49:24,198048,21.4070,0.0500,0
15:49:30,198078,17.3190,0.0500,0
15:49:35,198124,17.4370,0.0500,0
15:49:42,198167,23.3900,0.0500,0
15:49:47,198213,25.0160,0.0500,0
15:49:52,198238,15.4180,0.0500,0
15:49:57,198284,23.2220,0.0500,0
15:50:03,198316,14.6190,0.0500,0
15:50:08,198362,19.0200,0.0500,0
15:50:15,198407,20.9710,0.0500,0
15:50:21,198453,17.8620,0.0500,0
15:50:26,198499,19.6860,0.0500,0
15:50:31,198524,13.9240,0.0500,0
15:50:36,198570,22.0300,0.0500,0
15:50:41,198595,6.6440,0.0500,0
15:50:46,198641,24.6340,0.0500,0
15:50:51,198670,15.1900,0.0500,0
15:50:56,198716,20.1990,0.0500,0
15:51:03,198754,19.5330,0.0500,0
15:51:08,198800,14.6740,0.0500,0
15:51:15,198843,24.9510,0.0500,0
15:51:20,198889,18.7130,0.0500,0
15:51:25,198935,19.0350,0.0500,0
15:51:30,198960,11.2130,0.0500,0
15:51:37,199004,22.9380,0.0500,0
15:51:42,199050,21.2070,0.0500,0
15:51:49,199086,20.0440,0.0500,0
15:51:54,199132,25.4050,0.0500,0
15:51:59,199157,12.6840,0.0500,0
15:52:04,199203,18.2990,0.0500,0
15:52:10,199240,17.4080,0.0500,0
15:52:15,199286,24.4630,0.0500,1
15:52:20,199311,5.2150,0.0500,0
15:52:25,199357,23.2780,0.0500,0
15:52:31,199387,11.2340,0.0500,0
15:52:36,199433,17.6780,0.0500,0
15:52:41,199479,17.2680,0.0500,0
15:52:46,199504,5.0960,0.0500,0
15:52:51,199550,23.8840,0.0500,0
15:52:56,199575,7.6660,0.0500,0
15:53:01,199621,25.3460,0.0500,0
15:53:06,199646,8.3190,0.0500,0
15:53:12,199692,22.2820,0.0500,0
15:53:17,199722,13.9230,0.0500,0
15:53:22,199768,15.1840,0.0500,0
15:53:27,199793,8.0370,0.0500,0
15:53:33,199826,16.8810,0.0500,0
15:53:38,199872,16.6460,0.0500,0
15:53:43,199918,19.0980,0.0500,0
15:53:48,199943,13.9140,0.0500,0
15:53:54,199989,20.8320,0.0500,0
15:53:59,200014,9.7150,0.0500,0
15:54:04,200040,5.4440,0.0500,0
15:54:09,200065,10.2560,0.0500,0
15:54:14,200090,11.5790,0.0500,0
15:54:19,200136,23.8960,0.0500,0
15:54:24,200161,9.7690,0.0500,0
15:54:29,200207,23.5760,0.0500,0
15:54:34,200232,11.5260,0.0500,0
15:54:39,200278,25.0630,0.0500,0
15:54:45,200305,15.7420,0.0500,0
15:54:50,200351,22.9300,0.0500,0
15:54:57,200396,17.2270,0.0500,0
15:55:02,200442,22.6440,0.0500,0
15:55:09,200484,12.6270,0.0500,0
15:55:14,200530,16.9030,0.0500,0
15:55:19,200576,19.0950,0.0500,0
15:55:24,200601,5.4060,0.0500,0
15:55:31,200645,23.0010,0.0500,0
15:55:36,200691,18.7390,0.0500,0
15:55:41,200737,16.0070,0.0500,0
15:55:46,200762,5.6730,0.0500,0
15:55:51,200808,23.8300,0.0500,0
15:55:56,200833,7.4020,0.0500,0
15:56:02,200879,26.0040,0.0500,0
15:56:07,200904,6.9700,0.0500,0
15:56:12,200950,24.4440,0.0500,0
15:56:17,200979,15.2200,0.0500,0
15:56:22,201025,21.4410,0.0500,0
15:56:29,201066,18.5240,0.0500,0
15:56:34,201112,19.1710,0.0500,0
15:56:39,201158,19.0630,0.0500,0
15:56:44,201183,14.8580,0.0500,0
15:56:49,201229,24.7640,0.0500,0
15:56:54,201254,10.6370,0.0500,0
15:56:59,201300,21.1380,0.0500,0
15:57:04,201325,11.3120,0.0500,0
15:57:09,201371,25.6020,0.0500,0
15:57:16,201405,12.8840,0.0500,0
15:57:21,201451,16.7450,0.0500,0
15:57:26,201497,15.0610,0.0500,0
15:57:31,201527,9.3220,0.0500,0
15:57:38,201563,17.1530,0.0500,0
15:57:43,201609,15.9120,0.0500,0
15:57:48,201634,11.3110,0.0500,0
15:57:53,201680,16.2270,0.0500,0
15:57:59,201719,15.2350,0.0500,0
15:58:04,201765,17.1530,0.0500,0
15:58:09,201811,18.7400,0.0500,0
15:58:15,201836,5.9500,0.0500,0
15:58:20,201861,12.2060,0.0500,0
15:58:25,201907,18.6540,0.0500,0
15:58:31,201944,11.0980,0.0500,0
15:58:36,201990,25.0120,0.0500,0
15:58:41,202036,6.4380,0.0500,0
15:58:46,202060,8.7280,0.0500,0
15:58:51,202106,22.8640,0.0500,0
15:58:57,202136,15.1960,0.0500,0
15:59:02,202182,20.3280,0.0500,0
15:59:08,202215,19.3870,0.0500,0
15:59:13,202261,18.0730,0.0500,0
15:59:20,202304,21.5250,0.0500,0
15:59:25,202350,18.1520,0.0500,0
15:59:32,202394,21.9330,0.0500,0
15:59:37,202440,19.0710,0.0500,0
15:59:43,202473,10.6310,0.0500,0
15:59:48,202519,21.2570,0.0500,0
15:59:55,202555,18.8580,0.0500,0
16:00:00,202601,18.1830,0.0500,0
16:00:05,202647,17.9060,0.0500,0
16:00:10,202672,14.2440,0.0500,0
16:00:15,202697,6.1240,0.0500,0
16:00:20,202743,25.3640,0.0500,0
16:00:26,202774,15.4280,0.0500,0
16:00:31,202820,23.5230,0.0500,0
16:00:36,202852,16.4500,0.0500,0
16:00:41,202898,24.2520,0.0500,0
16:00:47,202925,14.2460,0.0500,0
16:00:52,202971,21.9110,0.0500,0
16:00:59,203011,18.0110,0.0500,0
16:01:04,203057,17.4940,0.0500,0
16:01:10,203095,23.3500,0.0500,0
16:01:15,203141,22.9520,0.0500,0
16:01:22,203186,16.8120,0.0500,0
16:01:28,203232,19.7820,0.0500,0
16:01:33,203278,12.8860,0.0500,0
16:01:38,203303,2.7500,0.0500,0
16:01:43,203349,20.3420,0.0500,0
16:01:49,203388,19.4890,0.0500,0
16:01:54,203434,17.8530,0.0500,0
16:02:01,203475,21.8540,0.0500,0
16:02:06,203521,20.0270,0.0500,0
16:02:13,203565,20.0690,0.0500,0
16:02:18,203611,16.8840,0.0500,0
16:02:24,203636,12.4400,0.0500,0
16:02:30,203673,17.7650,0.0500,0
16:02:35,203719,20.6610,0.0500,0
16:02:41,203754,19.1240,0.0500,0
16:02:46,203800,22.1650,0.0500,0
16:02:52,203830,17.8300,0.0500,0
16:02:57,203876,21.2630,0.0500,0
16:03:02,203901,11.2490,0.0500,0
16:03:07,203947,25.0720,0.0500,0
16:03:12,203972,4.2940,0.0500,0
16:03:17,204018,25.2820,0.0500,0
16:03:22,204043,10.5770,0.0500,0
16:03:27,204089,19.0390,0.0500,0
16:03:32,204135,18.8070,0.0500,0
16:03:37,204160,7.8300,0.0500,0
16:03:42,204206,25.0440,0.0500,0
16:03:48,204231,14.9000,0.0500,0
16:03:53,204277,19.6000,0.0500,0
16:03:59,204316,14.3900,0.0500,0
16:04:04,204362,16.8220,0.0500,0
16:04:09,204387,13.7820,0.0500,0
16:04:14,204433,24.8470,0.0500,0
16:04:19,204457,9.0570,0.0500,0
16:04:24,204503,19.9070,0.0500,0
16:04:31,204538,19.7260,0.0500,0
16:04:36,204584,21.5030,0.0500,0
16:04:41,204630,15.9690,0.0500,1
16:04:46,204655,4.9430,0.0500,0
16:04:52,204693,20.5170,0.0500,0
16:04:57,204739,18.9110,0.0500,0
16:05:02,204785,18.7020,0.0500,0
16:05:08,204810,10.8930,0.0500,0
16:05:13,204856,19.3800,0.0500,0
16:05:18,204883,11.5870,0.0500,0
16:05:23,204929,17.6710,0.0500,0
16:05:28,204975,19.9680,0.0500,0
16:05:33,205000,7.2240,0.0500,0
16:05:38,205046,24.7960,0.0500,0
16:05:43,205071,9.2870,0.0500,0
16:05:48,205117,21.4780,0.0500,0
16:05:54,205144,9.4530,0.0500,0
16:05:59,205190,18.0870,0.0500,0
16:06:04,205236,19.3250,0.0500,0
16:06:09,205261,10.9490,0.0500,0
16:06:14,205307,18.1460,0.0500,0
16:06:20,205342,13.6960,0.0500,0
16:06:25,205388,19.5770,0.0500,0
16:06:30,205434,20.1440,0.0500,1
16:06:35,205459,6.4250,0.0500,0
16:06:41,205491,16.7560,0.0500,0
16:06:46,205537,21.2610,0.0500,0
16:06:51,205583,16.6950,0.0500,0
16:06:56,205608,14.8220,0.0500,0
16:07:01,205654,19.6500,0.0500,0
16:07:06,205679,7.9160,0.0500,0
16:07:11,205725,19.2440,0.0500,0
16:07:18,205762,20.6600,0.0500,0
16:07:23,205808,20.8890,0.0500,0
16:07:29,205843,18.7670,0.0500,0
16:07:34,205889,18.7890,0.0500,0
16:07:39,205935,16.9280,0.0500,0
16:07:44,205960,4.4380,0.0500,0
16:07:49,206006,22.4040,0.0500,0
16:07:54,206031,11.6460,0.0500,0
16:07:59,206077,26.6420,0.0500,0
16:08:04,206102,9.3970,0.0500,0
16:08:09,206127,10.7630,0.0500,0
16:08:14,206173,18.7140,0.0500,0
16:08:19,206219,19.0800,0.0500,0
16:08:25,206244,10.6860,0.0500,0
16:08:30,206290,21.2150,0.0500,0
16:08:35,206317,10.6650,0.0500,0
16:08:40,206363,16.1560,0.0500,0
16:08:47,206407,23.7380,0.0500,0
16:08:52,206453,20.4720,0.0500,0
16:08:57,206478,7.7010,0.0500,0
16:09:02,206524,24.1160,0.0500,0
16:09:09,206542,8.4650,0.0500,0
16:09:14,206588,25.0870,0.0500,0
16:09:21,206630,13.4720,0.0500,0
16:09:26,206655,7.6720,0.0500,0
16:09:31,206701,19.7060,0.0500,0
16:09:36,206726,7.0850,0.0500,0
16:09:41,206772,25.1380,0.0500,0
16:09:46,206797,13.6270,0.0500,0
16:09:51,206843,18.4350,0.0500,0
16:09:56,206889,18.0820,0.0500,0
16:10:02,206914,6.9270,0.0500,0
16:10:07,206960,24.8170,0.0500,0
16:10:12,206985,8.3080,0.0500,0
16:10:17,207031,22.3340,0.0500,0
16:10:22,207056,14.2260,0.0500,0
16:10:27,207102,23.3320,0.0500,0
16:10:32,207129,12.4310,0.0500,0
16:10:37,207175,18.9320,0.0500,0
16:10:43,207203,11.3170,0.0500,0
16:10:48,207249,15.6340,0.0500,0
16:10:53,207274,11.5870,0.0500,0
16:10:58,207320,21.3920,0.0500,0
16:11:03,207345,2.1010,0.0500,0
16:11:08,207391,22.7730,0.0500,0
16:11:13,207419,7.9570,0.0500,0
16:11:18,207465,23.8960,0.0500,0
16:11:24,207490,5.5710,0.0500,0
16:11:29,207536,19.8820,0.0500,0
16:11:34,207561,3.3370,0.0500,0
16:11:39,207607,20.9110,0.0500,0
16:11:45,207641,19.1360,0.0500,0
16:11:50,207687,22.0790,0.0500,0
16:11:56,207722,17.9040,0.0500,0
16:12:01,207768,19.7050,0.0500,0
16:12:06,207793,12.1500,0.0500,0
16:12:11,207839,26.9020,0.0500,0
16:12:16,207864,8.5820,0.0500,0
16:12:21,207910,26.7220,0.0500,0
16:12:26,207935,10.6350,0.0500,0
16:12:31,207981,20.5740,0.0500,0
16:12:37,208027,11.0640,0.0500,0
16:12:42,208052,13.3040,0.0500,0
16:12:47,208098,26.5840,0.0500,0
16:12:52,208123,15.2360,0.0500,0
16:12:57,208169,23.8380,0.0500,0
16:13:02,208194,10.6250,0.0500,0
16:13:07,208240,18.6570,0.0500,0
16:13:12,208268,0.8700,0.0500,0
16:13:17,208314,18.1920,0.0500,0
16:13:22,208360,18.7400,0.0500,0
16:13:27,208385,10.3180,0.0500,0
16:13:33,208431,24.7920,0.0500,0
16:13:38,208456,14.8900,0.0500,0
16:13:43,208502,23.2720,0.0500,0
16:13:48,208527,10.3550,0.0500,0
16:13:53,208573,21.5420,0.0500,0
16:13:59,208606,18.2680,0.0500,0
16:14:04,208652,19.9790,0.0500,0
16:14:10,208684,17.0900,0.0500,0
16:14:15,208730,21.2390,0.0500,0
16:14:21,208770,16.5860,0.0500,0
16:14:27,208816,20.6170,0.0500,0
16:14:32,208862,15.0760,0.0500,0
16:14:37,208887,7.0980,0.0500,0
16:14:42,208933,22.7800,0.0500,0
16:14:47,208958,12.1660,0.0500,0
16:14:52,209004,19.8810,0.0500,0
16:14:57,209050,16.1130,0.0500,0
16:15:02,209075,8.5030,0.0500,0
16:15:07,209121,26.2740,0.0500,0
16:15:12,209146,8.7050,0.0500,0
16:15:17,209192,20.8470,0.0500,0
16:15:23,209227,14.4330,0.0500,0
16:15:28,209273,17.4250,0.0500,0
16:15:35,209312,19.5450,0.0500,0
16:15:40,209358,16.8170,0.0500,0
16:15:45,209404,12.3220,0.0500,0
16:15:51,209436,10.6630,0.0500,0
16:15:56,209482,16.1210,0.0500,0
16:16:01,209528,18.6960,0.0500,0
16:16:06,209552,5.0920,0.0500,0
16:16:11,209598,20.0260,0.0500,0
16:16:18,209644,19.9630,0.0500,0
16:16:23,209690,14.7690,0.0500,0
16:16:28,209736,22.0140,0.0500,0
16:16:34,209761,10.3210,0.0500,0
16:16:39,209807,22.9180,0.0500,0
16:16:44,209832,10.3190,0.0500,0
16:16:49,209878,20.8900,0.0500,0
16:16:55,209911,18.2540,0.0500,0
16:17:00,209957,20.5010,0.0500,0
16:17:05,209987,20.2620,0.0500,0
16:17:10,210033,23.5300,0.0500,0
16:17:16,210058,6.4000,0.0500,0
16:17:21,210104,22.0140,0.0500,0
16:17:27,210137,15.8470,0.0500,0
16:17:32,210183,16.6150,0.0500,0
16:17:39,210227,23.4610,0.0500,0
16:17:44,210273,16.0640,0.0500,0
16:17:51,210319,23.8030,0.0500,0
16:17:56,210365,18.8060,0.0500,0
16:18:01,210390,12.2380,0.0500,0
16:18:06,210436,25.1480,0.0500,0
16:18:12,210461,11.8400,0.0500,0
16:18:17,210492,15.3590,0.0500,0
16:18:22,210538,14.6880,0.0500,0
16:18:27,210584,22.4220,0.0500,0
16:18:32,210608,6.3160,0.0500,0
16:18:37,210654,26.0160,0.0500,0
16:18:42,210679,9.9790,0.0500,0
16:18:47,210725,19.0210,0.0500,0
16:18:55,210771,20.7980,0.0500,0
16:19:00,210817,22.7110,0.0500,0
16:19:06,210854,17.4300,0.0500,0
16:19:11,210900,21.7990,0.0500,0
16:19:19,210944,18.2910,0.0500,0
16:19:24,210990,18.0650,0.0500,0
16:19:30,211028,21.8590,0.0500,0
16:19:35,211074,15.9390,0.0500,0
16:19:42,211119,23.7730,0.0500,0
16:19:47,211165,17.2460,0.0500,0
16:19:53,211195,12.2260,0.0500,0
16:19:58,211241,21.8510,0.0500,0
16:20:04,211270,19.1120,0.0500,0
16:20:09,211316,25.3910,0.0500,0
16:20:15,211349,13.3730,0.0500,0
16:20:20,211395,16.7290,0.0500,0
16:20:25,211441,19.0400,0.0500,0
16:20:30,211466,5.4080,0.0500,0
16:20:35,211512,24.4100,0.0500,0
16:20:41,211543,14.0300,0.0500,0
16:20:46,211589,22.0970,0.0500,0
16:20:52,211622,17.6250,0.0500,0
16:20:57,211668,16.2960,0.0500,0
16:21:02,211693,5.5150,0.0500,0
16:21:07,211739,24.8180,0.0500,0
16:21:12,211767,11.8510,0.0500,0
16:21:17,211813,24.1870,0.0500,1
16:21:22,211838,8.6900,0.0500,0
16:21:27,211884,23.3120,0.0500,0
16:21:32,211909,10.0810,0.0500,0
16:21:37,211955,22.3780,0.0500,0
16:21:43,211985,16.7560,0.0500,0
16:21:48,212031,23.9020,0.0500,0
16:21:53,212056,6.1910,0.0500,0
16:21:58,212102,24.8800,0.0500,0
16:22:03,212127,14.8160,0.0500,0
16:22:08,212173,23.2980,0.0500,0
16:22:14,212207,12.2780,0.0500,0
16:22:20,212253,15.3840,0.0500,0
16:22:25,212278,12.1990,0.0500,0
16:22:30,212324,22.7580,0.0500,0
16:22:35,212355,13.3630,0.0500,0
16:22:40,212401,18.7890,0.0500,0
16:22:45,212447,16.6220,0.0500,0
16:22:51,212472,12.6300,0.0500,0
16:22:56,212518,21.2080,0.0500,0
16:23:01,212543,4.0080,0.0500,0
16:23:06,212589,25.0800,0.0500,0
16:23:11,212616,13.0630,0.0500,0
16:23:16,212662,15.0780,0.0500,0
16:23:23,212707,24.6570,0.0500,0
16:23:28,212753,17.5890,0.0500,0
16:23:36,212797,23.4040,0.0500,0
16:23:41,212843,24.1010,0.0500,0
16:23:47,212882,14.3900,0.0500,0
16:23:52,212928,21.4300,0.0500,0
16:23:59,212972,18.6650,0.0500,0
16:24:05,213018,18.1290,0.0500,0
16:24:12,213062,21.6540,0.0500,0
16:24:17,213108,20.3010,0.0500,0
16:24:23,213146,21.0380,0.0500,0
16:24:28,213192,24.1650,0.0500,0
16:24:34,213222,14.5790,0.0500,0
16:24:39,213268,17.0910,0.0500,0
16:24:46,213310,22.8830,0.0500,0
16:24:51,213356,17.8340,0.0500,0
16:24:56,213381,10.9790,0.0500,0
16:25:01,213427,20.2810,0.0500,0
16:25:06,213473,10.4120,0.0500,0
16:25:11,213519,0.6430,0.0500,0
16:25:16,213565,0.0090,0.0500,0
16:25:21,213611,0.0920,0.0500,0
16:25:26,213657,0.0790,0.0500,0
16:25:31,213703,0.0920,0.0500,0
16:25:36,213749,0.0920,0.0500,0
16:25:42,213774,4.1960,0.0500,0
16:25:47,213820,23.5070,0.0500,0
16:25:52,213848,16.0540,0.0500,0
16:25:57,213894,20.4950,0.0500,0
16:26:04,213938,18.3950,0.0500,0
16:26:09,213984,20.9030,0.0500,0
16:26:16,214021,20.0580,0.0500,0
16:26:21,214067,24.1180,0.0500,0
16:26:26,214092,11.2630,0.0500,0
16:26:31,214138,25.9540,0.0500,0
16:26:36,214163,11.1980,0.0500,0
16:26:41,214209,19.2110,0.0500,0
16:26:47,214241,8.6770,0.0500,0
16:26:52,214287,19.9990,0.0500,0
16:26:59,214333,19.9290,0.0500,0
16:27:04,214379,16.2190,0.0500,0
16:27:09,214404,9.5190,0.0500,0
16:27:16,214447,22.9670,0.0500,0
16:27:21,214493,16.5120,0.0500,0
16:27:27,214539,20.0440,0.0500,0
16:27:32,214564,10.9450,0.0500,0
16:27:37,214610,22.0070,0.0500,0
16:27:42,214641,10.3770,0.0500,0
16:27:47,214687,19.0410,0.0500,0
16:27:53,214733,17.4580,0.0500,0
16:27:58,214758,9.7490,0.0500,0
16:28:03,214804,21.7720,0.0500,0
16:28:09,214844,11.8630,0.0500,0
16:28:14,214890,16.5860,0.0500,0
16:28:19,214915,8.8260,0.0500,0
16:28:25,214961,21.4800,0.0500,0
16:28:31,214996,18.2220,0.0500,0
16:28:36,215042,21.7330,0.0500,0
16:28:41,215067,9.7770,0.0500,0
16:28:46,215113,21.3170,0.0500,0
16:28:52,215148,18.2500,0.0500,0
16:28:57,215194,18.5060,0.0500,0
16:29:02,215240,17.2780,0.0500,0
16:29:07,215264,8.4990,0.0500,0
16:29:12,215310,18.0670,0.0500,0
16:29:19,215352,17.8190,0.0500,0
16:29:24,215398,17.5730,0.0500,0
16:29:29,215422,7.2730,0.0500,0
16:29:34,215468,19.6530,0.0500,0
16:29:41,215508,20.1260,0.0500,0
16:29:46,215554,19.6610,0.0500,0
16:29:51,215600,16.5900,0.0500,0
16:29:56,215625,5.6990,0.0500,0
16:30:01,215671,21.9920,0.0500,0
16:30:06,215717,9.5160,0.0500,0
16:30:11,215742,9.1200,0.0500,0
16:30:16,215788,22.0840,0.0500,0
16:30:23,215823,12.7930,0.0500,0
16:30:28,215869,18.6870,0.0500,0
16:30:35,215914,21.0250,0.0500,0
16:30:40,215960,15.8750,0.0500,0
16:30:45,216006,9.3840,0.0500,0
16:30:50,216052,9.9780,0.0500,0
16:30:55,216077,9.3150,0.0500,0
16:31:00,216123,14.1020,0.0500,0
16:31:07,216165,11.3970,0.0500,0
16:31:12,216211,21.4870,0.0500,0
16:31:19,216250,18.5360,0.0500,0
16:31:24,216296,21.2510,0.0500,0
16:31:29,216320,9.4940,0.0500,0
16:31:35,216358,18.1540,0.0500,0
16:31:43,216404,22.7080,0.0500,0
16:31:48,216450,18.7260,0.0500,0
16:31:54,216489,21.3110,0.0500,0
16:31:59,216535,18.4350,0.0500,0
16:32:04,216581,18.4500,0.0500,0
16:32:09,216605,5.7020,0.0500,0
16:32:14,216651,26.6420,0.0500,0
16:32:20,216676,10.3760,0.0500,0
16:32:25,216722,23.8680,0.0500,0
16:32:30,216747,11.4740,0.0500,0
16:32:35,216793,18.3610,0.0500,0
16:32:41,216830,21.2650,0.0500,0
16:32:46,216876,18.0040,0.0500,0
16:32:52,216912,23.0020,0.0500,0
16:32:57,216958,23.7810,0.0500,0
16:33:03,216984,14.5410,0.0500,0
16:33:08,217030,17.3650,0.0500,0
16:33:14,217064,23.6020,0.0500,0
16:33:19,217110,22.1080,0.0500,0
16:33:25,217143,17.5920,0.0500,0
16:33:30,217189,20.9620,0.0500,0
16:33:35,217213,7.6650,0.0500,0
16:33:40,217259,23.5760,0.0500,0
16:33:45,217284,9.6710,0.0500,0
16:33:50,217330,20.7470,0.0500,0
16:33:56,217365,18.7450,0.0500,0
16:34:01,217411,18.5970,0.0500,0
16:34:06,217457,18.6860,0.0500,0
16:34:11,217482,7.2540,0.0500,0
16:34:16,217528,23.2700,0.0500,0
16:34:22,217553,11.8130,0.0500,0
16:34:27,217599,16.2340,0.0500,0
16:34:32,217645,11.6110,0.0500,0
16:34:37,217677,11.8750,0.0500,0
16:34:43,217710,10.6630,0.0500,0
16:34:49,217756,23.1510,0.0500,0
16:34:54,217782,16.5860,0.0500,0
16:34:59,217807,10.0490,0.0500,0
16:35:04,217853,23.8740,0.0500,0
16:35:09,217883,13.7110,0.0500,0
16:35:14,217929,16.2230,0.0500,0
16:35:20,217975,19.3000,0.0500,0
16:35:25,218000,6.5840,0.0500,0
16:35:30,218046,25.7490,0.0500,0
16:35:37,218091,11.8550,0.0500,0
16:35:42,218137,19.0740,0.0500,0
16:35:49,218177,20.6720,0.0500,0
16:35:54,218223,22.7110,0.0500,0
16:35:59,218269,14.7730,0.0500,0
16:36:04,218294,7.2550,0.0500,0
16:36:09,218340,22.4340,0.0500,0
16:36:14,218365,6.7580,0.0500,0
16:36:19,218411,19.0730,0.0500,0
16:36:26,218452,20.6570,0.0500,0
16:36:31,218498,17.4730,0.0500,0
16:36:36,218544,15.2470,0.0500,0
16:36:41,218569,4.9530,0.0500,0
16:36:46,218615,23.2440,0.0500,0
16:36:51,218640,8.2600,0.0500,0
16:36:56,218686,21.1280,0.0500,0
16:37:01,218711,11.5010,0.0500,0
16:37:06,218757,24.7740,0.0500,0
16:37:11,218781,15.0950,0.0500,0
16:37:16,218827,25.6440,0.0500,0
16:37:21,218851,14.5220,0.0500,0
16:37:26,218897,24.8520,0.0500,0
16:37:32,218922,6.4540,0.0500,0
16:37:37,218968,22.3540,0.0500,0
16:37:44,219013,17.6350,0.0500,0
16:37:49,219059,19.3970,0.0500,0
16:37:54,219105,18.7840,0.0500,0
16:37:59,219130,7.2400,0.0500,0
16:38:04,219176,26.0500,0.0500,0
16:38:09,219201,13.2720,0.0500,0
16:38:14,219247,24.7420,0.0500,0
16:38:19,219272,9.9490,0.0500,0
16:38:24,219318,18.8930,0.0500,0
16:38:31,219360,18.0480,0.0500,0
16:38:36,219385,8.8410,0.0500,0
16:38:41,219410,11.2360,0.0500,0
16:38:47,219456,24.7130,0.0500,0
16:38:52,219481,10.6090,0.0500,0
16:38:57,219527,20.8810,0.0500,0
16:39:02,219552,10.0440,0.0500,0
16:39:07,219598,23.8620,0.0500,0
16:39:12,219622,11.5410,0.0500,0
16:39:17,219668,17.4960,0.0500,0
16:39:24,219712,22.5970,0.0500,0
16:39:29,219758,16.5780,0.0500,0
16:39:34,219804,16.9040,0.0500,0
16:39:39,219828,6.3180,0.0500,0
16:39:44,219874,24.1920,0.0500,0
16:39:50,219905,17.0260,0.0500,0
16:39:55,219951,22.9830,0.0500,0
16:40:01,219986,16.7120,0.0500,0
16:40:06,220032,23.8010,0.0500,0
16:40:12,220063,4.5770,0.0500,0
16:40:17,220109,19.9990,0.0500,0
16:40:24,220151,21.3000,0.0500,0
16:40:29,220197,26.9260,0.0500,0
16:40:34,220221,11.5000,0.0500,0
16:40:39,220267,22.3490,0.0500,0
16:40:44,220292,7.7050,0.0500,0
16:40:51,220330,20.0250,0.0500,0
16:40:56,220376,18.3130,0.0500,0
16:41:01,220422,21.7000,0.0500,1
16:41:06,220447,4.5630,0.0500,0
16:41:11,220493,22.3080,0.0500,0
16:41:17,220525,13.1560,0.0500,0
16:41:22,220571,19.9490,0.0500,0
16:41:29,220612,20.1270,0.0500,0
16:41:34,220658,19.5670,0.0500,0
16:41:39,220704,17.5140,0.0500,0
16:41:44,220729,13.3180,0.0500,0
16:41:49,220775,18.0660,0.0500,0
16:41:54,220802,11.3210,0.0500,0
16:41:59,220848,17.1570,0.0500,0
16:42:04,220894,18.7240,0.0500,0
16:42:09,220919,5.7430,0.0500,0
16:42:14,220965,24.4800,0.0500,0
16:42:21,221006,14.1300,0.0500,0
16:42:26,221052,19.1050,0.0500,0
16:42:33,221094,22.2380,0.0500,0
16:42:38,221140,22.5670,0.0500,0
16:42:45,221179,15.8170,0.0500,0
16:42:50,221225,17.4940,0.0500,0
16:42:55,221271,19.9760,0.0500,0
16:43:00,221296,13.3030,0.0500,0
16:43:05,221342,19.3940,0.0500,0
16:43:10,221369,9.7440,0.0500,0
16:43:16,221415,16.2380,0.0500,0
16:43:23,221459,23.7350,0.0500,0
16:43:28,221505,16.8270,0.0500,0
16:43:33,221551,20.8220,0.0500,0
16:43:38,221576,13.9280,0.0500,0
16:43:43,221622,19.2840,0.0500,0
16:43:48,221647,12.6930,0.0500,0
16:43:53,221693,24.1980,0.0500,0
16:43:58,221720,11.8340,0.0500,0
16:44:03,221766,23.0210,0.0500,0
16:44:08,221791,8.8520,0.0500,0
16:44:16,221837,16.9000,0.0500,0
16:44:23,221878,16.9370,0.0500,0
16:44:28,221924,26.2770,0.0500,0
16:44:33,221949,14.2700,0.0500,0
16:44:38,221995,22.4720,0.0500,0
16:44:45,222040,16.5320,0.0500,0
16:44:50,222086,22.6610,0.0500,0
16:44:57,222125,16.2440,0.0500,0
16:45:02,222171,21.1510,0.0500,0
16:45:08,222209,18.9650,0.0500,0
16:45:13,222255,16.9010,0.0500,0
16:45:20,222294,24.0000,0.0500,0
16:45:25,222340,18.9240,0.0500,0
16:45:30,222386,12.3340,0.0500,0
16:45:35,222411,7.5340,0.0500,0
16:45:40,222457,20.9690,0.0500,0
16:45:46,222492,18.8230,0.0500,0
16:45:51,222538,17.8100,0.0500,0
16:45:58,222579,23.1480,0.0500,0
16:46:03,222625,21.0450,0.0500,0
16:46:10,222661,17.6650,0.0500,0
16:46:15,222707,14.4670,0.0500,0
16:46:20,222753,20.2540,0.0500,0
16:46:25,222778,5.4700,0.0500,0
16:46:30,222824,23.2850,0.0500,0
16:46:37,222868,16.8450,0.0500,0
16:46:42,222914,17.4830,0.0500,0
16:46:47,222939,6.6950,0.0500,0
16:46:52,222985,22.0870,0.0500,0
16:46:59,223027,17.6600,0.0500,0
16:47:04,223073,22.4890,0.0500,0
16:47:10,223108,14.4200,0.0500,0
16:47:15,223154,23.5710,0.0500,0
16:47:21,223179,3.9830,0.0500,0
16:47:26,223225,23.5080,0.0500,0
16:47:32,223259,15.4390,0.0500,0
16:47:37,223305,22.9020,0.0500,0
16:47:43,223344,15.8170,0.0500,0
16:47:49,223378,6.9890,0.0500,0
16:47:54,223424,21.3710,0.0500,0
16:48:00,223453,15.5190,0.0500,0
16:48:05,223499,17.0590,0.0500,0
16:48:10,223523,7.3220,0.0500,0
16:48:15,223569,26.9190,0.0500,0
16:48:20,223594,10.0930,0.0500,0
16:48:25,223640,16.7590,0.0500,0
16:48:30,223686,19.7240,0.0500,0
16:48:35,223711,7.6270,0.0500,0
16:48:40,223757,18.1590,0.0500,0
16:48:47,223795,18.8400,0.0500,0
16:48:52,223841,25.3410,0.0500,0
16:48:59,223880,14.6660,0.0500,0
16:49:04,223926,22.8490,0.0500,0
16:49:09,223951,11.2920,0.0500,0
16:49:14,223997,19.6660,0.0500,0
16:49:19,224022,13.6000,0.0500,0
16:49:24,224068,23.8460,0.0500,0
16:49:31,224110,13.9900,0.0500,0
16:49:36,224156,22.7090,0.0500,0
16:49:43,224202,18.2620,0.0500,0
16:49:48,224248,21.7450,0.0500,0
16:49:54,224281,16.7160,0.0500,0
16:49:59,224327,20.8790,0.0500,0
16:50:04,224352,7.3890,0.0500,0
16:50:09,224398,24.1780,0.0500,0
16:50:15,224424,13.9000,0.0500,0
16:50:20,224470,21.4530,0.0500,0
16:50:25,224501,19.0780,0.0500,0
16:50:30,224547,22.3540,0.0500,0
16:50:37,224590,14.3850,0.0500,0
16:50:42,224636,27.0040,0.0500,0
16:50:48,224661,11.1880,0.0500,0
16:50:53,224707,19.0030,0.0500,0
16:50:58,224753,15.3040,0.0500,0
16:51:03,224778,9.4620,0.0500,0
16:51:08,224824,23.0180,0.0500,0
16:51:13,224853,12.7260,0.0500,0
16:51:18,224899,19.6810,0.0500,0
16:51:25,224941,20.4220,0.0500,0
16:51:30,224987,20.9050,0.0500,0
16:51:35,225033,14.5040,0.0500,0
16:51:41,225058,9.7490,0.0500,0
16:51:46,225104,23.8340,0.0500,0
16:51:51,225129,13.5380,0.0500,0
16:51:56,225175,20.2600,0.0500,0
16:52:02,225208,16.9880,0.0500,0
16:52:07,225254,21.2870,0.0500,0
16:52:13,225287,18.5100,0.0500,0
16:52:18,225333,20.3530,0.0500,0
16:52:24,225368,19.4260,0.0500,0
16:52:29,225414,19.7430,0.0500,0
16:52:36,225453,20.1720,0.0500,0
16:52:41,225499,21.5130,0.0500,0
16:52:48,225542,19.1920,0.0500,0
16:52:53,225588,19.9340,0.0500,0
16:52:58,225634,19.2760,0.0500,1
16:53:03,225659,5.1800,0.0500,0
16:53:08,225705,23.2380,0.0500,0
16:53:13,225730,11.5160,0.0500,0
16:53:18,225776,23.9790,0.0500,0
16:53:23,225801,5.8480,0.0500,0
16:53:28,225847,20.8340,0.0500,0
16:53:33,225893,18.2990,0.0500,1
16:53:38,225918,6.4040,0.0500,0
16:53:46,225963,21.6040,0.0500,0
16:53:51,225988,7.3690,0.0500,0
16:53:56,226034,23.8570,0.0500,0
16:54:01,226058,4.2430,0.0500,0
16:54:06,226104,25.3880,0.0500,0
16:54:12,226136,11.9040,0.0500,0
16:54:17,226182,16.5760,0.0500,0
16:54:22,226228,16.8720,0.0500,0
16:54:27,226258,4.0560,0.0500,0
16:54:32,226304,20.8870,0.0500,0
16:54:37,226350,16.9860,0.0500,0
16:54:42,226374,10.9710,0.0500,0
16:54:47,226420,25.4700,0.0500,0
16:54:53,226445,9.7350,0.0500,0
16:54:58,226491,21.7140,0.0500,0
16:55:04,226532,12.9730,0.0500,0
16:55:09,226578,15.5670,0.0500,0
16:55:14,226624,13.1420,0.0500,0
16:55:20,226649,10.0210,0.0500,0
16:55:25,226695,19.7060,0.0500,0
16:55:30,226741,16.9200,0.0500,0
16:55:35,226766,5.3950,0.0500,0
16:55:40,226812,25.1260,0.0500,0
16:55:45,226838,13.7220,0.0500,0
16:55:50,226884,25.6560,0.0500,0
16:55:55,226912,13.3440,0.0500,0
16:56:01,226958,20.6410,0.0500,0
16:56:07,226995,19.0860,0.0500,0
16:56:12,227041,22.3890,0.0500,0
16:56:18,227071,17.2300,0.0500,0
16:56:23,227117,22.0570,0.0500,0
16:56:28,227142,11.8620,0.0500,0
16:56:33,227188,19.3120,0.0500,0
16:56:38,227214,12.1280,0.0500,0
16:56:43,227260,23.0070,0.0500,0
16:56:48,227285,5.5040,0.0500,0
16:56:53,227331,21.4780,0.0500,0
16:56:58,227377,18.6470,0.0500,1
16:57:03,227402,12.4890,0.0500,0
16:57:08,227448,24.4580,0.0500,0
16:57:13,227473,8.9570,0.0500,0
16:57:18,227519,23.2700,0.0500,0
16:57:24,227544,8.8830,0.0500,0
16:57:29,227590,24.2740,0.0500,0
16:57:34,227615,5.1980,0.0500,0
16:57:39,227661,18.6320,0.0500,0
16:57:44,227707,16.9560,0.0500,0
16:57:49,227732,9.4570,0.0500,0
16:57:54,227778,22.0660,0.0500,0
16:57:59,227808,12.8720,0.0500,0
16:58:05,227854,18.4740,0.0500,0
16:58:10,227900,19.6960,0.0500,0
16:58:15,227925,10.9630,0.0500,0
16:58:20,227971,25.7500,0.0500,0
16:58:25,227996,10.9470,0.0500,0
16:58:30,228042,23.3300,0.0500,0
16:58:35,228067,11.7620,0.0500,0
16:58:40,228113,22.1250,0.0500,0
16:58:46,228144,16.9520,0.0500,0
16:58:51,228190,19.9450,0.0500,0
16:58:56,228236,12.9730,0.0500,0
16:59:01,228261,6.2010,0.0500,0
16:59:06,228307,25.8040,0.0500,0
16:59:11,228332,11.8990,0.0500,0
16:59:16,228378,20.8160,0.0500,0
16:59:21,228424,12.6540,0.0500,0
16:59:26,228470,3.9380,0.0500,0
16:59:31,228495,6.3090,0.0500,0
16:59:36,228541,23.0160,0.0500,0
16:59:41,228566,14.5100,0.0500,0
16:59:46,228612,24.6080,0.0500,0
16:59:52,228637,11.4760,0.0500,0
16:59:57,228683,21.5340,0.0500,0
17:00:02,228708,11.8490,0.0500,0
17:00:07,228754,18.7990,0.0500,0
17:00:12,228784,12.4530,0.0500,0
17:00:17,228830,17.8500,0.0500,0
17:00:24,228870,21.9420,0.0500,0
17:00:29,228916,20.6330,0.0500,0
17:00:36,228956,19.4500,0.0500,0
17:00:41,228984,10.1610,0.0500,0
17:00:46,229030,22.5870,0.0500,0
17:00:51,229076,15.0730,0.0500,0
17:00:56,229101,6.8980,0.0500,0
17:01:02,229147,25.4940,0.0500,0
17:01:07,229172,4.2670,0.0500,0
17:01:12,229218,24.5120,0.0500,0
17:01:18,229252,11.9220,0.0500,0
17:01:23,229298,15.7610,0.0500,0
17:01:28,229323,10.9880,0.0500,0
17:01:33,229369,16.8550,0.0500,0
17:01:38,229415,19.8880,0.0500,0
17:01:43,229440,10.6610,0.0500,0
17:01:50,229485,24.4850,0.0500,0
17:01:55,229531,15.3060,0.0500,0
17:02:00,229577,19.0880,0.0500,0
17:02:05,229602,9.1160,0.0500,0
17:02:10,229648,20.2900,0.0500,0
17:02:18,229692,16.6180,0.0500,0
17:02:23,229738,21.2330,0.0500,0
17:02:28,229784,15.1960,0.0500,0
17:02:33,229809,9.4440,0.0500,0
17:02:38,229855,22.1620,0.0500,0
17:02:44,229888,12.4980,0.0500,0
17:02:49,229934,15.3430,0.0500,0
17:02:54,229980,20.2840,0.0500,0
17:02:59,230005,9.2430,0.0500,0
17:03:04,230051,19.9520,0.0500,0
17:03:09,230076,10.9420,0.0500,0
17:03:14,230122,21.8490,0.0500,0
17:03:20,230157,17.8550,0.0500,0
17:03:25,230203,17.3970,0.0500,0
17:03:32,230241,22.5520,0.0500,0
17:03:37,230287,20.6010,0.0500,0
17:03:43,230325,11.7760,0.0500,0
17:03:48,230371,16.5960,0.0500,0
17:03:55,230411,23.0880,0.0500,0
17:04:00,230457,22.7290,0.0500,0
17:04:05,230482,12.5430,0.0500,0
17:04:10,230528,16.8650,0.0500,0
17:04:15,230574,23.1540,0.0500,1
17:04:20,230599,6.1780,0.0500,0
17:04:26,230645,22.6680,0.0500,0
17:04:31,230672,11.0010,0.0500,0
17:04:36,230718,17.5050,0.0500,0
17:04:41,230764,16.6340,0.0500,0
17:04:46,230789,8.7970,0.0500,0
17:04:51,230835,25.4060,0.0500,0
17:04:56,230860,12.1620,0.0500,0
17:05:01,230906,22.5970,0.0500,0
17:05:08,230947,17.1000,0.0500,0
17:05:13,230993,17.7110,0.0500,0
17:05:20,231031,21.8830,0.0500,0
17:05:25,231077,16.0270,0.0500,0
17:05:30,231123,19.4120,0.0500,0
17:05:35,231148,9.7350,0.0500,0
17:05:40,231194,22.8140,0.0500,0
17:05:47,231240,12.4640,0.0500,0
17:05:52,231286,16.5600,0.0500,0
17:05:57,231332,16.2850,0.0500,0
17:06:02,231357,9.4570,0.0500,0
17:06:07,231403,26.4880,0.0500,0
17:06:13,231428,15.1080,0.0500,0
17:06:18,231474,25.3040,0.0500,0
17:06:23,231499,6.7570,0.0500,0
17:06:28,231545,22.9440,0.0500,0
17:06:33,231591,11.9600,0.0500,0
17:06:38,231615,6.7960,0.0500,0
17:06:43,231661,24.6460,0.0500,0
17:06:48,231686,7.3320,0.0500,0
17:06:53,231732,20.4890,0.0500,0
17:06:59,231768,19.4980,0.0500,0
17:07:04,231814,18.3770,0.0500,0
17:07:09,231860,18.7820,0.0500,0
17:07:14,231885,6.0310,0.0500,0
17:07:19,231931,20.2400,0.0500,0
17:07:25,231964,16.3540,0.0500,0
17:07:30,232010,21.7230,0.0500,0
17:07:37,232051,18.0450,0.0500,0
17:07:42,232097,14.6860,0.0500,0
17:07:49,232139,26.1840,0.0500,0
17:07:57,232184,23.8960,0.0500,0
17:08:02,232230,22.5680,0.0500,0
17:08:08,232265,16.1840,0.0500,0
17:08:15,232306,16.0020,0.0500,0
17:08:21,232347,10.9860,0.0500,0
17:08:27,232393,15.3000,0.0500,0
17:08:33,232432,21.3610,0.0500,0
17:08:38,232478,17.5090,0.0500,0
17:08:43,232524,16.8970,0.0500,0
17:08:48,232549,9.1210,0.0500,0
17:08:53,232595,25.1340,0.0500,0
17:08:58,232620,7.3920,0.0500,0
17:09:04,232666,24.2200,0.0500,0
17:09:09,232691,10.2750,0.0500,0
17:09:14,232737,19.9790,0.0500,0
17:09:20,232777,20.1150,0.0500,0
17:09:25,232823,16.2840,0.0500,0
17:09:33,232868,23.4220,0.0500,0
17:09:38,232914,19.0770,0.0500,0
17:09:44,232952,14.7400,0.0500,0
17:09:49,232998,17.1180,0.0500,0
17:09:54,233044,16.0530,0.0500,0
17:10:00,233069,8.7990,0.0500,0
17:10:05,233115,25.3440,0.0500,0
17:10:10,233145,12.7620,0.0500,0
17:10:15,233191,20.9170,0.0500,0
17:10:20,233217,7.2850,0.0500,0
17:10:26,233263,25.0700,0.0500,0
17:10:32,233305,13.4010,0.0500,0
17:10:37,233351,20.4570,0.0500,0
17:10:43,233376,11.5910,0.0500,0
17:10:48,233422,19.5150,0.0500,0
17:10:54,233461,20.3090,0.0500,0
17:11:00,233494,9.4740,0.0500,0
17:11:05,233540,14.9710,0.0500,0
17:11:10,233586,20.3000,0.0500,0
17:11:15,233611,7.9110,0.0500,0
17:11:20,233657,21.7660,0.0500,0
17:11:28,233701,15.2500,0.0500,0
17:11:33,233747,21.5410,0.0500,0
17:11:38,233775,6.3580,0.0500,0
17:11:43,233821,24.0680,0.0500,0
17:11:48,233867,12.3760,0.0500,0
17:11:53,233892,10.0170,0.0500,0
17:11:58,233938,22.4080,0.0500,0
17:12:03,233963,10.0770,0.0500,0
17:12:08,234009,19.9620,0.0500,0
17:12:15,234050,19.8600,0.0500,0
17:12:20,234096,20.9080,0.0500,0
17:12:25,234121,5.8220,0.0500,0
17:12:33,234167,23.2300,0.0500,0
17:12:38,234213,21.4170,0.0500,0
17:12:43,234259,14.7270,0.0500,0
17:12:48,234284,7.2260,0.0500,0
17:12:53,234330,21.7060,0.0500,0
17:12:59,234361,10.5150,0.0500,0
17:13:04,234407,25.0860,0.0500,0
17:13:10,234438,14.6340,0.0500,0
17:13:15,234484,23.4680,0.0500,0
17:13:20,234509,5.1460,0.0500,0
17:13:25,234555,22.3110,0.0500,0
17:13:32,234596,14.0550,0.0500,0
17:13:37,234642,22.6540,0.0500,0
17:13:43,234681,16.1260,0.0500,0
17:13:48,234727,22.9690,0.0500,0
17:13:53,234751,8.5990,0.0500,0
17:13:58,234797,22.2920,0.0500,0
17:14:05,234833,17.3500,0.0500,0
17:14:10,234879,26.0420,0.0500,0
17:14:15,234903,4.6040,0.0500,0
17:14:20,234949,21.6650,0.0500,0
17:14:25,234995,13.3450,0.0500,0
17:14:30,235020,9.7800,0.0500,0
17:14:37,235066,24.5280,0.0500,0
17:14:42,235112,20.8240,0.0500,0
17:14:48,235139,8.8790,0.0500,0
17:14:53,235185,19.9990,0.0500,0
17:14:58,235231,19.9190,0.0500,1
17:15:03,235256,9.5610,0.0500,0
17:15:08,235302,20.5320,0.0500,0
17:15:13,235330,10.0840,0.0500,0
17:15:18,235376,17.2430,0.0500,0
17:15:23,235422,15.2870,0.0500,0
17:15:28,235447,9.4450,0.0500,0
17:15:33,235493,22.8280,0.0500,0
17:15:40,235532,9.2050,0.0500,0
17:15:45,235578,20.3570,0.0500,0
17:15:52,235619,19.8760,0.0500,0
17:15:57,235665,19.3910,0.0500,0
17:16:04,235706,20.4180,0.0500,0
17:16:09,235752,20.9210,0.0500,0
17:16:15,235790,18.8870,0.0500,0
17:16:20,235836,17.4500,0.0500,0
17:16:25,235861,12.4230,0.0500,0
17:16:31,235890,13.4490,0.0500,0
17:16:36,235936,18.4190,0.0500,0
17:16:41,235960,8.2930,0.0500,0
17:16:46,235985,11.8760,0.0500,0
17:16:52,236018,14.9620,0.0500,0
17:16:57,236064,22.9290,0.0500,0
17:17:02,236089,5.5340,0.0500,0
17:17:07,236135,21.9800,0.0500,0
17:17:13,236165,12.8790,0.0500,0
17:17:18,236211,19.0520,0.0500,0
17:17:24,236248,16.2460,0.0500,0
17:17:29,236294,24.5210,0.0500,0
17:17:35,236324,13.9010,0.0500,0
17:17:40,236370,14.0720,0.0500,0
17:17:47,236413,26.7980,0.0500,0
17:17:52,236459,23.1070,0.0500,0
17:17:57,236486,15.1890,0.0500,0
17:18:02,236532,17.4170,0.0500,0
17:18:09,236570,22.4120,0.0500,0
17:18:14,236616,22.1430,0.0500,0
17:18:19,236662,14.2930,0.0500,0
17:18:24,236687,6.3340,0.0500,0
17:18:29,236733,22.9900,0.0500,0
17:18:36,236770,14.2570,0.0500,0
17:18:41,236816,18.7070,0.0500,0
17:18:46,236862,16.8370,0.0500,0
17:18:51,236887,5.9740,0.0500,0
17:18:56,236933,24.7720,0.0500,0
17:19:02,236966,10.7110,0.0500,0
17:19:07,237012,22.0870,0.0500,0
17:19:12,237042,18.7840,0.0500,0
17:19:17,237088,22.8670,0.0500,0
17:19:23,237113,10.0210,0.0500,0
17:19:28,237159,21.7860,0.0500,0
17:19:33,237184,10.6210,0.0500,0
17:19:38,237230,18.6870,0.0500,0
17:19:43,237276,18.7420,0.0500,0
17:19:48,237301,7.8740,0.0500,0
17:19:54,237340,18.6360,0.0500,0
17:20:00,237386,20.6990,0.0500,0
17:20:05,237432,13.8180,0.0500,0
17:20:10,237456,6.7490,0.0500,0
17:20:15,237502,18.6610,0.0500,0
17:20:20,237548,15.9150,0.0500,1
17:20:25,237573,0.3100,0.0500,0
17:20:30,237598,10.3360,0.0500,0
17:20:35,237622,3.9780,0.0500,0
17:20:40,237668,23.7510,0.0500,0
17:20:45,237714,13.5860,0.0500,1
17:20:50,237739,9.9090,0.0500,0
17:20:55,237785,22.5720,0.0500,0
17:21:00,237810,7.4700,0.0500,0
17:21:05,237856,21.0830,0.0500,0
17:21:10,237902,16.5860,0.0500,0
17:21:15,237927,10.5710,0.0500,0
17:21:20,237973,25.0640,0.0500,0
17:21:26,237998,6.3490,0.0500,0
17:21:31,238044,24.3590,0.0500,0
17:21:36,238074,15.4470,0.0500,0
17:21:41,238120,18.6470,0.0500,0
17:21:48,238157,21.2410,0.0500,0
17:21:53,238203,17.4130,0.0500,0
17:22:00,238245,18.7020,0.0500,0
17:22:05,238291,20.6600,0.0500,0
17:22:11,238326,15.8500,0.0500,0
17:22:16,238372,22.3790,0.0500,0
17:22:22,238403,17.3410,0.0500,0
17:22:27,238449,16.8080,0.0500,0
