Timestamp,Batch,Loss,Avg_Reward,Buffer_Size,Epsilon
17:59:35,1,3.7102,2.2875,32,0.9999
,CHECKPOINT BATCH 5,2.4589,,,
,CHECKPOINT BATCH 10,2.9431,,,
,CHECKPOINT BATCH 15,1.6637,,,
,CHECKPOINT BATCH 20,1.6972,,,
17:59:37,23,1.6066,2.0759,54,0.9978
,CHECKPOINT BATCH 25,1.8467,,,
,CHECKPOINT BATCH 30,1.0601,,,
,CHECKPOINT BATCH 35,0.6519,,,
,CHECKPOINT BATCH 40,2.4755,,,
17:59:39,42,2.5089,1.6397,73,0.9960
,CHECKPOINT BATCH 45,0.3818,,,
,CHECKPOINT BATCH 50,0.1712,,,
,CHECKPOINT BATCH 55,2.8035,,,
,CHECKPOINT BATCH 60,1.8275,,,
17:59:41,61,1.0183,1.5473,92,0.9942
,CHECKPOINT BATCH 65,0.5059,,,
,CHECKPOINT BATCH 70,1.4219,,,
,CHECKPOINT BATCH 75,1.8636,,,
17:59:43,80,0.5163,1.4555,111,0.9924
,CHECKPOINT BATCH 80,0.5163,,,
,CHECKPOINT BATCH 85,0.4679,,,
,CHECKPOINT BATCH 90,1.8956,,,
,CHECKPOINT BATCH 95,0.9758,,,
17:59:45,99,0.7576,1.9085,130,0.9906
,CHECKPOINT BATCH 100,0.6574,,,
,CHECKPOINT BATCH 105,2.3218,,,
,CHECKPOINT BATCH 110,2.0582,,,
,CHECKPOINT BATCH 115,0.9970,,,
17:59:47,118,1.3142,1.7015,149,0.9889
,CHECKPOINT BATCH 120,0.7706,,,
,CHECKPOINT BATCH 125,1.4583,,,
,CHECKPOINT BATCH 130,1.9390,,,
,CHECKPOINT BATCH 135,0.5456,,,
17:59:49,137,1.4234,1.6445,168,0.9871
,CHECKPOINT BATCH 140,2.3742,,,
,CHECKPOINT BATCH 145,0.5128,,,
,CHECKPOINT BATCH 150,1.8853,,,
,CHECKPOINT BATCH 155,2.3706,,,
17:59:51,156,1.0760,1.7380,187,0.9853
,CHECKPOINT BATCH 160,1.4162,,,
,CHECKPOINT BATCH 165,0.9236,,,
,CHECKPOINT BATCH 170,1.8512,,,
17:59:54,175,1.4627,1.6810,206,0.9835
,CHECKPOINT BATCH 175,1.4627,,,
,CHECKPOINT BATCH 180,1.4853,,,
,CHECKPOINT BATCH 185,1.4377,,,
,CHECKPOINT BATCH 190,1.3920,,,
17:59:56,194,1.5920,1.1720,225,0.9817
,CHECKPOINT BATCH 195,1.4432,,,
,CHECKPOINT BATCH 200,0.2093,,,
,CHECKPOINT BATCH 205,1.7994,,,
,CHECKPOINT BATCH 210,1.1032,,,
17:59:58,213,0.6901,0.4010,244,0.9800
,CHECKPOINT BATCH 215,0.3787,,,
,CHECKPOINT BATCH 220,0.9930,,,
,CHECKPOINT BATCH 225,1.6079,,,
,CHECKPOINT BATCH 230,1.2459,,,
18:00:00,232,2.0025,0.4010,263,0.9782
,CHECKPOINT BATCH 235,2.4858,,,
,CHECKPOINT BATCH 240,0.7754,,,
,CHECKPOINT BATCH 245,2.0377,,,
,CHECKPOINT BATCH 250,1.5543,,,
18:00:02,251,1.0437,0.1000,282,0.9765
,CHECKPOINT BATCH 255,0.7243,,,
,CHECKPOINT BATCH 260,1.4423,,,
,CHECKPOINT BATCH 265,2.4933,,,
18:00:04,270,1.4573,0.1000,301,0.9747
,CHECKPOINT BATCH 270,1.4573,,,
,CHECKPOINT BATCH 275,2.8860,,,
,CHECKPOINT BATCH 280,1.6307,,,
,CHECKPOINT BATCH 285,2.6617,,,
18:00:06,289,4.1401,0.1005,320,0.9729
,CHECKPOINT BATCH 290,2.3099,,,
,CHECKPOINT BATCH 295,2.4813,,,
,CHECKPOINT BATCH 300,1.9966,,,
,CHECKPOINT BATCH 305,3.1568,,,
18:00:08,308,2.4734,0.1005,339,0.9712
,CHECKPOINT BATCH 310,3.7979,,,
,CHECKPOINT BATCH 315,3.3088,,,
,CHECKPOINT BATCH 320,3.7491,,,
,CHECKPOINT BATCH 325,1.9739,,,
18:00:10,327,4.2553,0.1015,358,0.9694
,CHECKPOINT BATCH 330,2.9261,,,
,CHECKPOINT BATCH 335,3.1110,,,
,CHECKPOINT BATCH 340,2.5651,,,
,CHECKPOINT BATCH 345,2.9211,,,
18:00:12,346,1.8836,0.8830,377,0.9677
,CHECKPOINT BATCH 350,2.3718,,,
,CHECKPOINT BATCH 355,2.6544,,,
,CHECKPOINT BATCH 360,1.7978,,,
18:00:14,365,2.1298,1.0905,396,0.9660
,CHECKPOINT BATCH 365,2.1298,,,
,CHECKPOINT BATCH 370,3.1039,,,
,CHECKPOINT BATCH 375,2.8080,,,
,CHECKPOINT BATCH 380,3.9097,,,
18:00:16,384,2.6649,1.5985,415,0.9642
,CHECKPOINT BATCH 385,4.2540,,,
,CHECKPOINT BATCH 390,2.6171,,,
,CHECKPOINT BATCH 395,3.7080,,,
,CHECKPOINT BATCH 400,4.2404,,,
18:00:18,403,2.9130,2.3830,434,0.9625
,CHECKPOINT BATCH 405,4.5383,,,
,CHECKPOINT BATCH 410,3.8453,,,
,CHECKPOINT BATCH 415,2.0647,,,
,CHECKPOINT BATCH 420,3.1410,,,
18:00:21,422,2.7246,2.8375,453,0.9607
,CHECKPOINT BATCH 425,3.1649,,,
,CHECKPOINT BATCH 430,4.1162,,,
,CHECKPOINT BATCH 435,3.0830,,,
,CHECKPOINT BATCH 440,3.7237,,,
18:00:23,441,4.8001,2.2215,472,0.9590
,CHECKPOINT BATCH 445,2.4736,,,
,CHECKPOINT BATCH 450,2.9482,,,
,CHECKPOINT BATCH 455,3.6199,,,
18:00:25,460,4.2794,2.4630,491,0.9573
,CHECKPOINT BATCH 460,4.2794,,,
,CHECKPOINT BATCH 465,2.4032,,,
,CHECKPOINT BATCH 470,2.6079,,,
,CHECKPOINT BATCH 475,3.0602,,,
18:00:27,479,4.9444,2.2165,510,0.9556
,CHECKPOINT BATCH 480,2.9458,,,
,CHECKPOINT BATCH 485,4.1808,,,
,CHECKPOINT BATCH 490,3.7029,,,
,CHECKPOINT BATCH 495,3.3659,,,
18:00:29,498,5.7114,1.5335,529,0.9538
,CHECKPOINT BATCH 500,2.7521,,,
18:00:31,505,3.7855,1.0825,536,0.9532
,CHECKPOINT BATCH 505,3.7855,,,
,CHECKPOINT BATCH 510,2.8223,,,
,CHECKPOINT BATCH 515,4.4030,,,
,CHECKPOINT BATCH 520,4.7390,,,
18:00:33,524,3.9105,0.9875,555,0.9515
,CHECKPOINT BATCH 525,3.0808,,,
,CHECKPOINT BATCH 530,2.9133,,,
,CHECKPOINT BATCH 535,3.0175,,,
,CHECKPOINT BATCH 540,4.0865,,,
18:00:35,543,4.2039,1.0445,574,0.9498
,CHECKPOINT BATCH 545,4.4705,,,
,CHECKPOINT BATCH 550,3.8088,,,
,CHECKPOINT BATCH 555,4.4375,,,
,CHECKPOINT BATCH 560,8.1139,,,
18:00:37,562,4.0378,0.8060,593,0.9481
,CHECKPOINT BATCH 565,3.6820,,,
,CHECKPOINT BATCH 570,4.0669,,,
,CHECKPOINT BATCH 575,4.6217,,,
,CHECKPOINT BATCH 580,3.9558,,,
18:00:39,581,5.0197,1.0515,612,0.9464
,CHECKPOINT BATCH 585,1.9640,,,
,CHECKPOINT BATCH 590,4.7833,,,
,CHECKPOINT BATCH 595,4.3347,,,
18:00:41,600,5.0051,1.4480,631,0.9447
,CHECKPOINT BATCH 600,5.0051,,,
,CHECKPOINT BATCH 605,4.4376,,,
,CHECKPOINT BATCH 610,3.7407,,,
,CHECKPOINT BATCH 615,5.4191,,,
18:00:43,619,12.7529,1.4550,650,0.9430
,CHECKPOINT BATCH 620,7.3208,,,
,CHECKPOINT BATCH 625,5.9150,,,
,CHECKPOINT BATCH 630,2.4006,,,
,CHECKPOINT BATCH 635,5.5676,,,
18:00:46,638,4.7016,1.6050,669,0.9413
,CHECKPOINT BATCH 640,3.1892,,,
,CHECKPOINT BATCH 645,5.3433,,,
,CHECKPOINT BATCH 650,4.9181,,,
,CHECKPOINT BATCH 655,5.2220,,,
18:00:48,657,4.8922,2.4875,688,0.9396
,CHECKPOINT BATCH 660,4.0897,,,
,CHECKPOINT BATCH 665,4.9893,,,
,CHECKPOINT BATCH 670,3.9248,,,
,CHECKPOINT BATCH 675,5.5574,,,
18:00:50,676,8.0651,3.0395,707,0.9379
,CHECKPOINT BATCH 680,5.6867,,,
,CHECKPOINT BATCH 685,4.1175,,,
,CHECKPOINT BATCH 690,6.5406,,,
18:00:52,695,8.4846,3.5600,726,0.9362
,CHECKPOINT BATCH 695,8.4846,,,
,CHECKPOINT BATCH 700,8.4235,,,
,CHECKPOINT BATCH 705,3.3620,,,
,CHECKPOINT BATCH 710,3.2055,,,
18:00:54,714,6.0868,5.0155,745,0.9345
,CHECKPOINT BATCH 715,4.8766,,,
,CHECKPOINT BATCH 720,3.7860,,,
,CHECKPOINT BATCH 725,4.5337,,,
,CHECKPOINT BATCH 730,4.2978,,,
18:00:56,733,5.9322,4.7785,764,0.9329
,CHECKPOINT BATCH 735,2.7006,,,
,CHECKPOINT BATCH 740,4.4425,,,
,CHECKPOINT BATCH 745,3.1188,,,
,CHECKPOINT BATCH 750,3.6118,,,
18:00:58,752,2.9239,3.9370,783,0.9312
,CHECKPOINT BATCH 755,3.8807,,,
,CHECKPOINT BATCH 760,3.7804,,,
,CHECKPOINT BATCH 765,3.5464,,,
,CHECKPOINT BATCH 770,3.2147,,,
18:01:00,771,3.9640,2.9925,802,0.9295
,CHECKPOINT BATCH 775,3.6348,,,
,CHECKPOINT BATCH 780,5.2474,,,
,CHECKPOINT BATCH 785,6.3657,,,
18:01:02,790,4.9088,1.9730,821,0.9278
,CHECKPOINT BATCH 790,4.9088,,,
,CHECKPOINT BATCH 795,4.0976,,,
,CHECKPOINT BATCH 800,2.9830,,,
,CHECKPOINT BATCH 805,4.5523,,,
18:01:04,809,3.6263,0.5370,840,0.9262
,CHECKPOINT BATCH 810,6.7884,,,
,CHECKPOINT BATCH 815,4.3197,,,
,CHECKPOINT BATCH 820,2.9669,,,
,CHECKPOINT BATCH 825,3.4303,,,
18:01:06,828,4.0583,0.1505,859,0.9245
,CHECKPOINT BATCH 830,2.9421,,,
,CHECKPOINT BATCH 835,2.7842,,,
,CHECKPOINT BATCH 840,2.8529,,,
,CHECKPOINT BATCH 845,3.7304,,,
18:01:08,847,3.4601,0.1930,878,0.9228
,CHECKPOINT BATCH 850,2.0745,,,
,CHECKPOINT BATCH 855,2.7130,,,
,CHECKPOINT BATCH 860,4.1189,,,
,CHECKPOINT BATCH 865,1.6093,,,
18:01:11,866,3.3540,0.3450,897,0.9212
,CHECKPOINT BATCH 870,3.1258,,,
,CHECKPOINT BATCH 875,2.7622,,,
,CHECKPOINT BATCH 880,2.3478,,,
18:01:13,885,2.6531,0.2990,916,0.9195
,CHECKPOINT BATCH 885,2.6531,,,
,CHECKPOINT BATCH 890,1.5718,,,
,CHECKPOINT BATCH 895,2.7669,,,
,CHECKPOINT BATCH 900,1.8754,,,
18:01:15,904,3.4340,0.2160,935,0.9179
,CHECKPOINT BATCH 905,3.4223,,,
,CHECKPOINT BATCH 910,1.9236,,,
,CHECKPOINT BATCH 915,3.1915,,,
,CHECKPOINT BATCH 920,2.0389,,,
18:01:17,923,1.8540,0.1205,954,0.9162
,CHECKPOINT BATCH 925,2.1837,,,
,CHECKPOINT BATCH 930,2.5750,,,
,CHECKPOINT BATCH 935,3.3139,,,
,CHECKPOINT BATCH 940,1.2913,,,
18:01:19,942,1.5446,0.0520,973,0.9146
,CHECKPOINT BATCH 945,2.4554,,,
,CHECKPOINT BATCH 950,2.0384,,,
,CHECKPOINT BATCH 955,2.7889,,,
,CHECKPOINT BATCH 960,1.9043,,,
18:01:21,961,2.5306,0.0505,992,0.9130
,CHECKPOINT BATCH 965,3.4169,,,
,CHECKPOINT BATCH 970,2.0502,,,
18:01:24,973,1.5164,0.0545,1004,0.9119
,CHECKPOINT BATCH 975,2.3521,,,
,CHECKPOINT BATCH 980,3.4849,,,
,CHECKPOINT BATCH 985,1.6740,,,
,CHECKPOINT BATCH 990,3.5302,,,
18:01:26,992,3.0279,0.1420,1023,0.9103
,CHECKPOINT BATCH 995,2.3201,,,
,CHECKPOINT BATCH 1000,2.1575,,,
,CHECKPOINT BATCH 1005,2.7172,,,
,CHECKPOINT BATCH 1010,2.3043,,,
18:01:28,1011,2.5246,0.1540,1042,0.9087
,CHECKPOINT BATCH 1015,3.2254,,,
18:01:30,1019,3.7714,0.1590,1050,0.9080
,CHECKPOINT BATCH 1020,3.3327,,,
,CHECKPOINT BATCH 1025,3.6050,,,
,CHECKPOINT BATCH 1030,3.1917,,,
,CHECKPOINT BATCH 1035,2.8354,,,
18:01:32,1037,2.6006,0.2490,1068,0.9064
,CHECKPOINT BATCH 1040,3.2078,,,
,CHECKPOINT BATCH 1045,2.2767,,,
,CHECKPOINT BATCH 1050,3.3807,,,
,CHECKPOINT BATCH 1055,2.0044,,,
18:01:34,1056,6.3752,0.9480,1087,0.9048
,CHECKPOINT BATCH 1060,3.4717,,,
,CHECKPOINT BATCH 1065,3.3243,,,
,CHECKPOINT BATCH 1070,3.2253,,,
18:01:36,1075,5.3797,1.1795,1106,0.9032
,CHECKPOINT BATCH 1075,5.3797,,,
,CHECKPOINT BATCH 1080,3.6920,,,
,CHECKPOINT BATCH 1085,3.4508,,,
,CHECKPOINT BATCH 1090,5.5376,,,
18:01:38,1094,6.5690,1.3440,1125,0.9016
,CHECKPOINT BATCH 1095,4.2033,,,
,CHECKPOINT BATCH 1100,5.7223,,,
,CHECKPOINT BATCH 1105,3.2776,,,
,CHECKPOINT BATCH 1110,4.8358,,,
18:01:40,1113,2.8847,2.4700,1144,0.8999
,CHECKPOINT BATCH 1115,3.6531,,,
,CHECKPOINT BATCH 1120,6.0600,,,
,CHECKPOINT BATCH 1125,3.8105,,,
,CHECKPOINT BATCH 1130,4.1486,,,
18:01:42,1132,3.9154,3.4650,1163,0.8983
,CHECKPOINT BATCH 1135,5.0405,,,
18:01:45,1139,5.2682,3.3075,1170,0.8977
,CHECKPOINT BATCH 1140,5.4293,,,
,CHECKPOINT BATCH 1145,4.4460,,,
,CHECKPOINT BATCH 1150,5.6135,,,
,CHECKPOINT BATCH 1155,7.2294,,,
18:01:47,1158,4.9623,2.6825,1189,0.8961
,CHECKPOINT BATCH 1160,4.4712,,,
,CHECKPOINT BATCH 1165,5.8261,,,
,CHECKPOINT BATCH 1170,4.6284,,,
,CHECKPOINT BATCH 1175,5.0164,,,
18:01:49,1176,3.8813,3.2840,1207,0.8946
,CHECKPOINT BATCH 1180,3.0420,,,
,CHECKPOINT BATCH 1185,5.1628,,,
,CHECKPOINT BATCH 1190,5.0368,,,
18:01:51,1195,4.4581,3.9955,1226,0.8930
,CHECKPOINT BATCH 1195,4.4581,,,
,CHECKPOINT BATCH 1200,4.6971,,,
,CHECKPOINT BATCH 1205,6.6258,,,
,CHECKPOINT BATCH 1210,5.3715,,,
18:01:53,1214,7.2470,3.0525,1245,0.8914
,CHECKPOINT BATCH 1215,6.7395,,,
,CHECKPOINT BATCH 1220,6.5179,,,
,CHECKPOINT BATCH 1225,4.9026,,,
,CHECKPOINT BATCH 1230,4.6441,,,
18:01:55,1233,8.1243,2.1805,1264,0.8898
,CHECKPOINT BATCH 1235,6.3895,,,
,CHECKPOINT BATCH 1240,3.8590,,,
,CHECKPOINT BATCH 1245,7.6290,,,
,CHECKPOINT BATCH 1250,5.4062,,,
18:01:57,1252,4.6209,2.1265,1283,0.8882
,CHECKPOINT BATCH 1255,5.1941,,,
,CHECKPOINT BATCH 1260,5.8780,,,
,CHECKPOINT BATCH 1265,4.3175,,,
,CHECKPOINT BATCH 1270,3.7196,,,
18:01:59,1271,3.2835,2.0935,1302,0.8866
,CHECKPOINT BATCH 1275,4.8273,,,
,CHECKPOINT BATCH 1280,3.0579,,,
,CHECKPOINT BATCH 1285,6.7301,,,
18:02:01,1290,4.2540,1.4235,1321,0.8850
,CHECKPOINT BATCH 1290,4.2540,,,
,CHECKPOINT BATCH 1295,5.6220,,,
,CHECKPOINT BATCH 1300,6.3520,,,
,CHECKPOINT BATCH 1305,4.5416,,,
18:02:03,1309,4.4673,1.9910,1340,0.8834
,CHECKPOINT BATCH 1310,6.0728,,,
,CHECKPOINT BATCH 1315,4.9560,,,
,CHECKPOINT BATCH 1320,6.1576,,,
,CHECKPOINT BATCH 1325,4.5119,,,
18:02:05,1327,6.0504,2.5635,1358,0.8819
,CHECKPOINT BATCH 1330,5.5598,,,
18:02:07,1334,8.2819,2.8605,1365,0.8814
,CHECKPOINT BATCH 1335,7.6313,,,
,CHECKPOINT BATCH 1340,5.3130,,,
,CHECKPOINT BATCH 1345,7.2020,,,
,CHECKPOINT BATCH 1350,5.7846,,,
18:02:09,1353,7.1559,2.9175,1384,0.8798
,CHECKPOINT BATCH 1355,4.2300,,,
,CHECKPOINT BATCH 1360,6.4033,,,
,CHECKPOINT BATCH 1365,7.9632,,,
,CHECKPOINT BATCH 1370,7.5811,,,
18:02:12,1372,5.4493,2.8210,1403,0.8782
,CHECKPOINT BATCH 1375,4.8982,,,
,CHECKPOINT BATCH 1380,4.5888,,,
,CHECKPOINT BATCH 1385,8.0810,,,
,CHECKPOINT BATCH 1390,5.6215,,,
18:02:14,1391,7.8324,4.9985,1422,0.8766
,CHECKPOINT BATCH 1395,6.5423,,,
,CHECKPOINT BATCH 1400,5.2682,,,
,CHECKPOINT BATCH 1405,5.7166,,,
18:02:16,1410,5.8070,6.3585,1441,0.8751
,CHECKPOINT BATCH 1410,5.8070,,,
,CHECKPOINT BATCH 1415,6.6682,,,
,CHECKPOINT BATCH 1420,4.8671,,,
,CHECKPOINT BATCH 1425,3.9213,,,
18:02:18,1429,6.3916,6.5440,1460,0.8735
,CHECKPOINT BATCH 1430,4.9805,,,
,CHECKPOINT BATCH 1435,4.6037,,,
,CHECKPOINT BATCH 1440,5.2346,,,
18:02:20,1441,5.5423,6.6715,1472,0.8725
,CHECKPOINT BATCH 1445,5.3864,,,
,CHECKPOINT BATCH 1450,3.6554,,,
,CHECKPOINT BATCH 1455,6.3904,,,
18:02:22,1460,5.6691,7.1240,1491,0.8709
,CHECKPOINT BATCH 1460,5.6691,,,
,CHECKPOINT BATCH 1465,3.3805,,,
,CHECKPOINT BATCH 1470,4.4746,,,
,CHECKPOINT BATCH 1475,5.1912,,,
18:02:25,1478,5.5000,6.6700,1509,0.8695
,CHECKPOINT BATCH 1480,4.4818,,,
,CHECKPOINT BATCH 1485,7.1974,,,
,CHECKPOINT BATCH 1490,6.8730,,,
,CHECKPOINT BATCH 1495,6.1321,,,
18:02:27,1497,4.7808,5.2250,1528,0.8679
,CHECKPOINT BATCH 1500,4.7457,,,
,CHECKPOINT BATCH 1505,5.8093,,,
,CHECKPOINT BATCH 1510,8.7536,,,
,CHECKPOINT BATCH 1515,8.7935,,,
18:02:29,1516,6.9918,3.8055,1547,0.8664
,CHECKPOINT BATCH 1520,6.9238,,,
,CHECKPOINT BATCH 1525,6.2297,,,
,CHECKPOINT BATCH 1530,5.9732,,,
18:02:31,1535,6.5231,3.6560,1566,0.8648
,CHECKPOINT BATCH 1535,6.5231,,,
,CHECKPOINT BATCH 1540,5.2743,,,
,CHECKPOINT BATCH 1545,6.0612,,,
,CHECKPOINT BATCH 1550,6.4417,,,
18:02:33,1554,4.4956,3.4725,1585,0.8633
,CHECKPOINT BATCH 1555,9.2389,,,
,CHECKPOINT BATCH 1560,7.3506,,,
,CHECKPOINT BATCH 1565,4.9662,,,
,CHECKPOINT BATCH 1570,3.9002,,,
18:02:35,1572,3.9627,3.2680,1603,0.8618
,CHECKPOINT BATCH 1575,4.4413,,,
,CHECKPOINT BATCH 1580,11.5241,,,
,CHECKPOINT BATCH 1585,7.5477,,,
,CHECKPOINT BATCH 1590,6.6516,,,
18:02:37,1591,5.7735,2.3005,1622,0.8603
,CHECKPOINT BATCH 1595,8.1460,,,
,CHECKPOINT BATCH 1600,5.5878,,,
,CHECKPOINT BATCH 1605,7.8669,,,
18:02:39,1609,4.5025,2.2125,1640,0.8588
,CHECKPOINT BATCH 1610,5.8430,,,
,CHECKPOINT BATCH 1615,5.4418,,,
,CHECKPOINT BATCH 1620,5.5822,,,
,CHECKPOINT BATCH 1625,10.6371,,,
18:02:41,1628,6.7590,2.2935,1659,0.8573
,CHECKPOINT BATCH 1630,5.2041,,,
,CHECKPOINT BATCH 1635,5.8438,,,
,CHECKPOINT BATCH 1640,5.3213,,,
,CHECKPOINT BATCH 1645,8.8361,,,
18:02:43,1647,5.6078,2.4175,1678,0.8557
,CHECKPOINT BATCH 1650,5.4780,,,
,CHECKPOINT BATCH 1655,9.2843,,,
,CHECKPOINT BATCH 1660,6.3123,,,
,CHECKPOINT BATCH 1665,6.7535,,,
18:02:45,1666,4.3564,2.5910,1697,0.8542
,CHECKPOINT BATCH 1670,7.8859,,,
,CHECKPOINT BATCH 1675,6.6308,,,
,CHECKPOINT BATCH 1680,6.0045,,,
18:02:47,1685,5.0354,2.4555,1716,0.8527
,CHECKPOINT BATCH 1685,5.0354,,,
,CHECKPOINT BATCH 1690,4.4820,,,
,CHECKPOINT BATCH 1695,6.8852,,,
,CHECKPOINT BATCH 1700,5.8360,,,
18:02:49,1704,5.0158,2.0300,1735,0.8512
,CHECKPOINT BATCH 1705,5.3142,,,
,CHECKPOINT BATCH 1710,6.8991,,,
,CHECKPOINT BATCH 1715,3.3272,,,
,CHECKPOINT BATCH 1720,4.6894,,,
18:02:51,1723,5.1743,1.3075,1754,0.8496
,CHECKPOINT BATCH 1725,9.5010,,,
,CHECKPOINT BATCH 1730,7.7919,,,
,CHECKPOINT BATCH 1735,3.6723,,,
,CHECKPOINT BATCH 1740,6.1679,,,
18:02:54,1742,4.0422,0.8925,1773,0.8481
,CHECKPOINT BATCH 1745,7.2536,,,
,CHECKPOINT BATCH 1750,4.8836,,,
,CHECKPOINT BATCH 1755,4.2675,,,
,CHECKPOINT BATCH 1760,6.6647,,,
18:02:56,1761,3.7264,0.2660,1792,0.8466
,CHECKPOINT BATCH 1765,4.0095,,,
,CHECKPOINT BATCH 1770,6.6377,,,
,CHECKPOINT BATCH 1775,6.8513,,,
18:02:58,1779,3.5706,0.2350,1810,0.8452
,CHECKPOINT BATCH 1780,5.4816,,,
,CHECKPOINT BATCH 1785,5.2688,,,
,CHECKPOINT BATCH 1790,4.0808,,,
,CHECKPOINT BATCH 1795,4.0723,,,
18:03:00,1798,5.3153,0.1970,1829,0.8437
,CHECKPOINT BATCH 1800,4.9967,,,
,CHECKPOINT BATCH 1805,3.9428,,,
,CHECKPOINT BATCH 1810,4.2837,,,
,CHECKPOINT BATCH 1815,4.2716,,,
18:03:02,1816,6.7464,0.3125,1847,0.8422
,CHECKPOINT BATCH 1820,4.0541,,,
,CHECKPOINT BATCH 1825,3.1956,,,
,CHECKPOINT BATCH 1830,4.8816,,,
18:03:04,1835,4.4112,0.2745,1866,0.8407
,CHECKPOINT BATCH 1835,4.4112,,,
,CHECKPOINT BATCH 1840,6.0899,,,
,CHECKPOINT BATCH 1845,4.0757,,,
,CHECKPOINT BATCH 1850,5.8434,,,
18:03:06,1854,5.4934,0.2380,1885,0.8392
,CHECKPOINT BATCH 1855,8.7290,,,
,CHECKPOINT BATCH 1860,4.8833,,,
,CHECKPOINT BATCH 1865,6.0748,,,
,CHECKPOINT BATCH 1870,4.1217,,,
18:03:08,1873,4.0305,0.6635,1904,0.8377
,CHECKPOINT BATCH 1875,4.2499,,,
,CHECKPOINT BATCH 1880,5.8366,,,
,CHECKPOINT BATCH 1885,6.8465,,,
,CHECKPOINT BATCH 1890,5.5221,,,
18:03:10,1891,6.3173,0.8150,1922,0.8363
,CHECKPOINT BATCH 1895,5.3957,,,
,CHECKPOINT BATCH 1900,5.6195,,,
,CHECKPOINT BATCH 1905,6.7368,,,
18:03:12,1910,5.0228,0.5150,1941,0.8348
,CHECKPOINT BATCH 1910,5.0228,,,
,CHECKPOINT BATCH 1915,7.9350,,,
,CHECKPOINT BATCH 1920,6.4046,,,
,CHECKPOINT BATCH 1925,11.7878,,,
18:03:14,1928,6.9038,0.5150,1959,0.8334
,CHECKPOINT BATCH 1930,9.7564,,,
,CHECKPOINT BATCH 1935,8.0888,,,
,CHECKPOINT BATCH 1940,6.7647,,,
,CHECKPOINT BATCH 1945,11.0319,,,
18:03:16,1947,13.5930,0.5135,1978,0.8319
,CHECKPOINT BATCH 1950,6.4431,,,
,CHECKPOINT BATCH 1955,6.0712,,,
,CHECKPOINT BATCH 1960,7.2582,,,
,CHECKPOINT BATCH 1965,7.5202,,,
18:03:18,1966,6.6000,0.2075,1997,0.8304
,CHECKPOINT BATCH 1970,8.1178,,,
,CHECKPOINT BATCH 1975,5.8879,,,
,CHECKPOINT BATCH 1980,9.9282,,,
18:03:20,1985,6.1893,-0.0980,2016,0.8290
,CHECKPOINT BATCH 1985,6.1893,,,
,CHECKPOINT BATCH 1990,7.5077,,,
,CHECKPOINT BATCH 1995,6.9516,,,
,CHECKPOINT BATCH 2000,8.2728,,,
18:03:23,2004,7.1830,-0.0985,2035,0.8275
,CHECKPOINT BATCH 2005,6.6038,,,
,CHECKPOINT BATCH 2010,7.6765,,,
,CHECKPOINT BATCH 2015,8.0531,,,
,CHECKPOINT BATCH 2020,7.3083,,,
18:03:25,2023,6.9911,-0.1000,2054,0.8260
,CHECKPOINT BATCH 2025,8.6506,,,
,CHECKPOINT BATCH 2030,6.2095,,,
,CHECKPOINT BATCH 2035,8.1256,,,
,CHECKPOINT BATCH 2040,8.2824,,,
18:03:27,2042,7.0223,-0.0980,2073,0.8245
,CHECKPOINT BATCH 2045,10.0908,,,
,CHECKPOINT BATCH 2050,6.2507,,,
,CHECKPOINT BATCH 2055,7.6559,,,
,CHECKPOINT BATCH 2060,9.1508,,,
18:03:29,2061,7.3214,-0.0950,2092,0.8231
,CHECKPOINT BATCH 2065,12.7098,,,
,CHECKPOINT BATCH 2070,7.7729,,,
,CHECKPOINT BATCH 2075,8.3081,,,
18:03:32,2077,4.9525,0.0615,2108,0.8218
,CHECKPOINT BATCH 2080,7.8268,,,
,CHECKPOINT BATCH 2085,10.8382,,,
,CHECKPOINT BATCH 2090,9.1827,,,
,CHECKPOINT BATCH 2095,6.6031,,,
18:03:34,2096,7.1407,1.0645,2127,0.8204
,CHECKPOINT BATCH 2100,14.0197,,,
,CHECKPOINT BATCH 2105,9.2092,,,
,CHECKPOINT BATCH 2110,6.5866,,,
18:03:36,2115,9.5682,1.7630,2146,0.8189
,CHECKPOINT BATCH 2115,9.5682,,,
,CHECKPOINT BATCH 2120,4.7406,,,
,CHECKPOINT BATCH 2125,9.7118,,,
,CHECKPOINT BATCH 2130,11.4400,,,
18:03:38,2134,10.7464,2.1595,2165,0.8174
,CHECKPOINT BATCH 2135,5.5508,,,
,CHECKPOINT BATCH 2140,6.5753,,,
,CHECKPOINT BATCH 2145,14.3124,,,
,CHECKPOINT BATCH 2150,7.9449,,,
18:03:40,2153,8.2311,3.1570,2184,0.8160
,CHECKPOINT BATCH 2155,9.1267,,,
,CHECKPOINT BATCH 2160,8.1142,,,
,CHECKPOINT BATCH 2165,7.1197,,,
,CHECKPOINT BATCH 2170,8.1462,,,
18:03:42,2171,5.8886,4.1030,2202,0.8146
,CHECKPOINT BATCH 2175,8.5311,,,
,CHECKPOINT BATCH 2180,10.2753,,,
18:03:45,2181,6.8929,4.5365,2212,0.8138
,CHECKPOINT BATCH 2185,8.1059,,,
,CHECKPOINT BATCH 2190,9.2259,,,
,CHECKPOINT BATCH 2195,6.7946,,,
18:03:47,2200,8.4490,3.3270,2231,0.8124
,CHECKPOINT BATCH 2200,8.4490,,,
,CHECKPOINT BATCH 2205,8.9513,,,
,CHECKPOINT BATCH 2210,7.1925,,,
,CHECKPOINT BATCH 2215,6.3871,,,
18:03:49,2219,8.0185,3.3260,2250,0.8109
,CHECKPOINT BATCH 2220,7.8501,,,
,CHECKPOINT BATCH 2225,7.1796,,,
,CHECKPOINT BATCH 2230,5.7398,,,
,CHECKPOINT BATCH 2235,5.9110,,,
18:03:51,2237,11.5168,3.6290,2268,0.8096
,CHECKPOINT BATCH 2240,5.7184,,,
,CHECKPOINT BATCH 2245,12.7089,,,
,CHECKPOINT BATCH 2250,6.8580,,,
,CHECKPOINT BATCH 2255,8.0617,,,
18:03:53,2256,5.6821,3.2670,2287,0.8081
,CHECKPOINT BATCH 2260,7.6100,,,
,CHECKPOINT BATCH 2265,7.5387,,,
,CHECKPOINT BATCH 2270,6.0453,,,
18:03:55,2275,6.7880,2.3705,2306,0.8067
,CHECKPOINT BATCH 2275,6.7880,,,
,CHECKPOINT BATCH 2280,5.3247,,,
,CHECKPOINT BATCH 2285,6.9059,,,
,CHECKPOINT BATCH 2290,9.7661,,,
18:03:57,2294,7.7588,2.9585,2325,0.8053
,CHECKPOINT BATCH 2295,6.7667,,,
,CHECKPOINT BATCH 2300,8.1662,,,
,CHECKPOINT BATCH 2305,10.1224,,,
,CHECKPOINT BATCH 2310,6.7375,,,
18:03:59,2313,5.6481,2.9585,2344,0.8038
,CHECKPOINT BATCH 2315,6.4286,,,
,CHECKPOINT BATCH 2320,6.4565,,,
,CHECKPOINT BATCH 2325,6.8682,,,
,CHECKPOINT BATCH 2330,7.2261,,,
18:04:01,2331,8.9569,3.0685,2362,0.8025
,CHECKPOINT BATCH 2335,8.4296,,,
18:04:04,2340,6.8992,3.3415,2371,0.8018
,CHECKPOINT BATCH 2340,6.8992,,,
,CHECKPOINT BATCH 2345,6.4051,,,
,CHECKPOINT BATCH 2350,5.9587,,,
,CHECKPOINT BATCH 2355,5.6550,,,
18:04:06,2359,8.5561,3.2480,2390,0.8004
,CHECKPOINT BATCH 2360,10.0680,,,
,CHECKPOINT BATCH 2365,4.1713,,,
,CHECKPOINT BATCH 2370,12.6152,,,
,CHECKPOINT BATCH 2375,6.9848,,,
18:04:08,2377,4.4667,4.0595,2408,0.7990
,CHECKPOINT BATCH 2380,5.5672,,,
,CHECKPOINT BATCH 2385,9.5222,,,
,CHECKPOINT BATCH 2390,5.6770,,,
,CHECKPOINT BATCH 2395,6.1753,,,
18:04:10,2396,13.4285,4.8535,2427,0.7976
,CHECKPOINT BATCH 2400,8.2098,,,
,CHECKPOINT BATCH 2405,6.8585,,,
,CHECKPOINT BATCH 2410,6.0673,,,
18:04:13,2415,9.0338,6.0030,2446,0.7962
,CHECKPOINT BATCH 2415,9.0338,,,
,CHECKPOINT BATCH 2420,9.2736,,,
,CHECKPOINT BATCH 2425,5.4761,,,
,CHECKPOINT BATCH 2430,6.5703,,,
18:04:15,2434,6.6829,6.2095,2465,0.7948
,CHECKPOINT BATCH 2435,5.8721,,,
,CHECKPOINT BATCH 2440,7.8177,,,
,CHECKPOINT BATCH 2445,10.2394,,,
,CHECKPOINT BATCH 2450,5.1137,,,
18:04:17,2453,4.6498,6.9345,2484,0.7933
,CHECKPOINT BATCH 2455,8.5553,,,
,CHECKPOINT BATCH 2460,6.5889,,,
,CHECKPOINT BATCH 2465,6.9100,,,
,CHECKPOINT BATCH 2470,8.0401,,,
18:04:20,2472,11.3821,6.2730,2503,0.7919
,CHECKPOINT BATCH 2475,7.3086,,,
,CHECKPOINT BATCH 2480,7.9785,,,
,CHECKPOINT BATCH 2485,6.9354,,,
,CHECKPOINT BATCH 2490,6.4442,,,
18:04:22,2491,5.0470,5.4520,2522,0.7905
,CHECKPOINT BATCH 2495,7.2344,,,
,CHECKPOINT BATCH 2500,5.8924,,,
,CHECKPOINT BATCH 2505,10.1200,,,
18:04:25,2508,9.9192,4.9485,2539,0.7893
,CHECKPOINT BATCH 2510,6.5305,,,
,CHECKPOINT BATCH 2515,6.6306,,,
,CHECKPOINT BATCH 2520,5.7364,,,
,CHECKPOINT BATCH 2525,6.0884,,,
18:04:27,2526,8.3746,4.3740,2557,0.7879
,CHECKPOINT BATCH 2530,11.5832,,,
,CHECKPOINT BATCH 2535,8.3241,,,
,CHECKPOINT BATCH 2540,6.1763,,,
18:04:29,2545,6.8391,2.8935,2576,0.7865
,CHECKPOINT BATCH 2545,6.8391,,,
,CHECKPOINT BATCH 2550,5.6285,,,
,CHECKPOINT BATCH 2555,7.3253,,,
,CHECKPOINT BATCH 2560,6.6686,,,
18:04:31,2564,8.6751,2.4990,2595,0.7851
,CHECKPOINT BATCH 2565,9.0049,,,
,CHECKPOINT BATCH 2570,7.5479,,,
,CHECKPOINT BATCH 2575,9.4497,,,
,CHECKPOINT BATCH 2580,4.8739,,,
18:04:33,2582,4.5072,2.2515,2613,0.7838
,CHECKPOINT BATCH 2585,5.6948,,,
,CHECKPOINT BATCH 2590,7.9105,,,
,CHECKPOINT BATCH 2595,6.3755,,,
,CHECKPOINT BATCH 2600,4.1305,,,
18:04:35,2601,10.0185,1.0960,2632,0.7824
,CHECKPOINT BATCH 2605,8.5109,,,
,CHECKPOINT BATCH 2610,5.4695,,,
,CHECKPOINT BATCH 2615,7.3346,,,
18:04:37,2620,5.1124,0.8155,2651,0.7810
,CHECKPOINT BATCH 2620,5.1124,,,
,CHECKPOINT BATCH 2625,10.4355,,,
,CHECKPOINT BATCH 2630,3.8800,,,
,CHECKPOINT BATCH 2635,7.4154,,,
18:04:39,2639,6.4088,0.5085,2670,0.7796
,CHECKPOINT BATCH 2640,6.3269,,,
,CHECKPOINT BATCH 2645,5.3621,,,
,CHECKPOINT BATCH 2650,4.8756,,,
,CHECKPOINT BATCH 2655,6.2935,,,
18:04:41,2658,7.5472,2.6945,2689,0.7783
,CHECKPOINT BATCH 2660,7.6510,,,
18:04:43,2665,5.7146,2.9795,2696,0.7778
,CHECKPOINT BATCH 2665,5.7146,,,
,CHECKPOINT BATCH 2670,8.9037,,,
,CHECKPOINT BATCH 2675,4.8593,,,
,CHECKPOINT BATCH 2680,9.1475,,,
18:04:45,2683,8.3179,3.2805,2714,0.7764
,CHECKPOINT BATCH 2685,6.3147,,,
,CHECKPOINT BATCH 2690,4.5899,,,
,CHECKPOINT BATCH 2695,6.1577,,,
,CHECKPOINT BATCH 2700,7.1063,,,
18:04:48,2702,8.8459,3.7595,2733,0.7751
,CHECKPOINT BATCH 2705,5.5827,,,
,CHECKPOINT BATCH 2710,7.3445,,,
,CHECKPOINT BATCH 2715,4.3292,,,
,CHECKPOINT BATCH 2720,5.6911,,,
18:04:50,2721,4.6315,4.3720,2752,0.7737
,CHECKPOINT BATCH 2725,8.4181,,,
,CHECKPOINT BATCH 2730,6.8965,,,
,CHECKPOINT BATCH 2735,4.7817,,,
,CHECKPOINT BATCH 2740,6.7937,,,
18:04:52,2741,6.3663,4.0820,2772,0.7722
,CHECKPOINT BATCH 2745,7.9822,,,
,CHECKPOINT BATCH 2750,7.0201,,,
,CHECKPOINT BATCH 2755,10.2164,,,
18:04:54,2760,8.4303,2.0510,2791,0.7709
,CHECKPOINT BATCH 2760,8.4303,,,
,CHECKPOINT BATCH 2765,5.9278,,,
,CHECKPOINT BATCH 2770,5.7227,,,
,CHECKPOINT BATCH 2775,5.3417,,,
18:04:56,2779,5.7094,3.3395,2810,0.7695
,CHECKPOINT BATCH 2780,5.9897,,,
,CHECKPOINT BATCH 2785,7.2065,,,
18:04:58,2786,6.6726,3.0380,2817,0.7690
,CHECKPOINT BATCH 2790,6.9771,,,
,CHECKPOINT BATCH 2795,7.4437,,,
,CHECKPOINT BATCH 2800,3.7338,,,
18:05:00,2805,8.7159,2.6605,2836,0.7676
,CHECKPOINT BATCH 2805,8.7159,,,
,CHECKPOINT BATCH 2810,9.3471,,,
,CHECKPOINT BATCH 2815,9.6812,,,
,CHECKPOINT BATCH 2820,6.9874,,,
18:05:02,2824,5.5769,1.9760,2855,0.7663
,CHECKPOINT BATCH 2825,4.4561,,,
,CHECKPOINT BATCH 2830,5.9358,,,
,CHECKPOINT BATCH 2835,7.2795,,,
,CHECKPOINT BATCH 2840,6.1726,,,
18:05:04,2843,9.4719,2.4270,2874,0.7649
,CHECKPOINT BATCH 2845,6.7675,,,
,CHECKPOINT BATCH 2850,8.2891,,,
,CHECKPOINT BATCH 2855,6.5137,,,
,CHECKPOINT BATCH 2860,5.2353,,,
18:05:06,2862,8.9684,2.4285,2893,0.7636
,CHECKPOINT BATCH 2865,7.3352,,,
,CHECKPOINT BATCH 2870,6.9646,,,
,CHECKPOINT BATCH 2875,5.3601,,,
,CHECKPOINT BATCH 2880,5.5471,,,
18:05:09,2881,5.9968,1.4170,2912,0.7622
,CHECKPOINT BATCH 2885,10.8847,,,
,CHECKPOINT BATCH 2890,5.3706,,,
,CHECKPOINT BATCH 2895,6.2871,,,
18:05:11,2900,8.2973,1.7375,2931,0.7609
,CHECKPOINT BATCH 2900,8.2973,,,
,CHECKPOINT BATCH 2905,8.8265,,,
,CHECKPOINT BATCH 2910,10.9201,,,
,CHECKPOINT BATCH 2915,8.3578,,,
18:05:13,2919,12.5945,3.2635,2950,0.7595
,CHECKPOINT BATCH 2920,5.7297,,,
,CHECKPOINT BATCH 2925,10.3024,,,
,CHECKPOINT BATCH 2930,7.6589,,,
,CHECKPOINT BATCH 2935,5.8814,,,
18:05:15,2938,8.8203,4.5600,2969,0.7582
,CHECKPOINT BATCH 2940,6.8633,,,
,CHECKPOINT BATCH 2945,6.6932,,,
,CHECKPOINT BATCH 2950,7.7127,,,
,CHECKPOINT BATCH 2955,9.0233,,,
18:05:17,2957,4.1618,5.4575,2988,0.7568
,CHECKPOINT BATCH 2960,7.2936,,,
18:05:19,2965,7.0905,5.5740,2996,0.7562
,CHECKPOINT BATCH 2965,7.0905,,,
,CHECKPOINT BATCH 2970,5.2441,,,
,CHECKPOINT BATCH 2975,6.9176,,,
,CHECKPOINT BATCH 2980,7.6657,,,
18:05:21,2983,6.7576,6.0630,3014,0.7550
,CHECKPOINT BATCH 2985,5.2541,,,
,CHECKPOINT BATCH 2990,8.8912,,,
,CHECKPOINT BATCH 2995,4.4353,,,
,CHECKPOINT BATCH 3000,6.4208,,,
18:05:23,3002,7.1538,7.1570,3033,0.7536
,CHECKPOINT BATCH 3005,5.9254,,,
,CHECKPOINT BATCH 3010,5.4382,,,
,CHECKPOINT BATCH 3015,6.1320,,,
,CHECKPOINT BATCH 3020,4.6574,,,
18:05:25,3021,8.0959,6.8865,3052,0.7523
,CHECKPOINT BATCH 3025,6.9218,,,
,CHECKPOINT BATCH 3030,6.1761,,,
,CHECKPOINT BATCH 3035,6.7809,,,
18:05:29,3039,7.0602,6.5965,3070,0.7510
,CHECKPOINT BATCH 3040,4.8943,,,
,CHECKPOINT BATCH 3045,7.9702,,,
,CHECKPOINT BATCH 3050,5.9393,,,
,CHECKPOINT BATCH 3055,6.2341,,,
18:05:31,3057,6.4148,6.0015,3088,0.7498
,CHECKPOINT BATCH 3060,6.5622,,,
,CHECKPOINT BATCH 3065,5.3728,,,
,CHECKPOINT BATCH 3070,5.5490,,,
,CHECKPOINT BATCH 3075,4.4891,,,
18:05:33,3076,9.5508,6.3400,3107,0.7484
,CHECKPOINT BATCH 3080,9.2818,,,
,CHECKPOINT BATCH 3085,7.4616,,,
,CHECKPOINT BATCH 3090,7.3365,,,
18:05:35,3095,8.5057,5.7330,3126,0.7471
,CHECKPOINT BATCH 3095,8.5057,,,
,CHECKPOINT BATCH 3100,6.1531,,,
,CHECKPOINT BATCH 3105,7.4448,,,
,CHECKPOINT BATCH 3110,5.3350,,,
18:05:37,3114,10.0596,5.1635,3145,0.7458
,CHECKPOINT BATCH 3115,8.1061,,,
,CHECKPOINT BATCH 3120,10.0465,,,
,CHECKPOINT BATCH 3125,10.5622,,,
,CHECKPOINT BATCH 3130,7.0029,,,
18:05:39,3132,9.3431,4.4110,3163,0.7445
,CHECKPOINT BATCH 3135,8.5560,,,
,CHECKPOINT BATCH 3140,11.2139,,,
,CHECKPOINT BATCH 3145,9.3390,,,
,CHECKPOINT BATCH 3150,11.5712,,,
18:05:41,3151,7.4171,5.4235,3182,0.7432
,CHECKPOINT BATCH 3155,10.5033,,,
,CHECKPOINT BATCH 3160,7.2901,,,
,CHECKPOINT BATCH 3165,9.1591,,,
18:05:43,3170,8.9867,5.1910,3201,0.7419
,CHECKPOINT BATCH 3170,8.9867,,,
,CHECKPOINT BATCH 3175,8.1523,,,
,CHECKPOINT BATCH 3180,9.6932,,,
,CHECKPOINT BATCH 3185,11.7943,,,
18:05:45,3189,13.6695,5.3015,3220,0.7406
,CHECKPOINT BATCH 3190,7.6596,,,
,CHECKPOINT BATCH 3195,10.9556,,,
,CHECKPOINT BATCH 3200,8.7734,,,
,CHECKPOINT BATCH 3205,12.9148,,,
18:05:47,3208,7.2258,4.6235,3239,0.7393
,CHECKPOINT BATCH 3210,12.3296,,,
,CHECKPOINT BATCH 3215,8.1318,,,
,CHECKPOINT BATCH 3220,8.9160,,,
,CHECKPOINT BATCH 3225,12.0208,,,
18:05:49,3227,6.7343,3.9865,3258,0.7380
,CHECKPOINT BATCH 3230,8.2203,,,
,CHECKPOINT BATCH 3235,5.6984,,,
,CHECKPOINT BATCH 3240,7.4961,,,
18:05:52,3245,6.4737,2.4825,3276,0.7367
,CHECKPOINT BATCH 3245,6.4737,,,
,CHECKPOINT BATCH 3250,5.7320,,,
,CHECKPOINT BATCH 3255,6.6611,,,
,CHECKPOINT BATCH 3260,7.7225,,,
18:05:54,3264,6.9295,1.0060,3295,0.7354
,CHECKPOINT BATCH 3265,6.0364,,,
,CHECKPOINT BATCH 3270,7.4281,,,
,CHECKPOINT BATCH 3275,11.2545,,,
,CHECKPOINT BATCH 3280,8.3136,,,
18:05:56,3282,4.7997,0.5315,3313,0.7342
,CHECKPOINT BATCH 3285,7.7291,,,
,CHECKPOINT BATCH 3290,7.3473,,,
,CHECKPOINT BATCH 3295,12.6516,,,
,CHECKPOINT BATCH 3300,6.4427,,,
18:05:58,3301,6.9528,0.0940,3332,0.7329
,CHECKPOINT BATCH 3305,5.0044,,,
,CHECKPOINT BATCH 3310,4.9750,,,
,CHECKPOINT BATCH 3315,9.0248,,,
18:06:00,3320,9.7683,0.0920,3351,0.7316
,CHECKPOINT BATCH 3320,9.7683,,,
,CHECKPOINT BATCH 3325,5.8287,,,
,CHECKPOINT BATCH 3330,5.6867,,,
,CHECKPOINT BATCH 3335,10.9120,,,
18:06:02,3338,7.7605,0.3940,3369,0.7304
,CHECKPOINT BATCH 3340,6.1200,,,
,CHECKPOINT BATCH 3345,9.4779,,,
,CHECKPOINT BATCH 3350,5.1289,,,
,CHECKPOINT BATCH 3355,7.3556,,,
18:06:04,3357,4.0157,0.3940,3388,0.7291
,CHECKPOINT BATCH 3360,6.3684,,,
,CHECKPOINT BATCH 3365,7.5276,,,
,CHECKPOINT BATCH 3370,7.6364,,,
,CHECKPOINT BATCH 3375,6.4567,,,
18:06:06,3376,4.8954,0.3945,3407,0.7278
,CHECKPOINT BATCH 3380,4.8610,,,
,CHECKPOINT BATCH 3385,6.2247,,,
,CHECKPOINT BATCH 3390,13.1189,,,
18:06:08,3395,5.8073,0.3985,3426,0.7265
,CHECKPOINT BATCH 3395,5.8073,,,
,CHECKPOINT BATCH 3400,6.1878,,,
,CHECKPOINT BATCH 3405,4.1001,,,
,CHECKPOINT BATCH 3410,8.5438,,,
18:06:10,3413,9.4184,0.4025,3444,0.7253
,CHECKPOINT BATCH 3415,10.9133,,,
,CHECKPOINT BATCH 3420,9.2481,,,
,CHECKPOINT BATCH 3425,6.0086,,,
,CHECKPOINT BATCH 3430,6.4233,,,
18:06:12,3431,6.5680,0.2565,3462,0.7241
,CHECKPOINT BATCH 3435,12.0261,,,
,CHECKPOINT BATCH 3440,8.9932,,,
,CHECKPOINT BATCH 3445,8.2371,,,
18:06:14,3449,8.8774,0.4550,3480,0.7229
,CHECKPOINT BATCH 3450,11.9857,,,
,CHECKPOINT BATCH 3455,7.9988,,,
,CHECKPOINT BATCH 3460,7.7487,,,
,CHECKPOINT BATCH 3465,9.3934,,,
18:06:16,3468,7.2670,0.5055,3499,0.7216
,CHECKPOINT BATCH 3470,10.7922,,,
,CHECKPOINT BATCH 3475,7.3751,,,
,CHECKPOINT BATCH 3480,7.0186,,,
,CHECKPOINT BATCH 3485,8.8344,,,
18:06:18,3487,8.8174,0.5415,3518,0.7203
,CHECKPOINT BATCH 3490,6.3610,,,
,CHECKPOINT BATCH 3495,7.7792,,,
,CHECKPOINT BATCH 3500,10.5027,,,
,CHECKPOINT BATCH 3505,8.2655,,,
18:06:20,3506,7.0216,0.5985,3537,0.7191
,CHECKPOINT BATCH 3510,9.1199,,,
,CHECKPOINT BATCH 3515,10.0449,,,
,CHECKPOINT BATCH 3520,7.5804,,,
18:06:23,3524,8.9255,0.6490,3555,0.7178
,CHECKPOINT BATCH 3525,6.4094,,,
,CHECKPOINT BATCH 3530,8.9357,,,
,CHECKPOINT BATCH 3535,7.3585,,,
,CHECKPOINT BATCH 3540,8.2220,,,
18:06:25,3542,7.5607,0.3440,3573,0.7166
,CHECKPOINT BATCH 3545,9.8044,,,
,CHECKPOINT BATCH 3550,7.6096,,,
,CHECKPOINT BATCH 3555,10.1130,,,
18:06:27,3560,7.2338,0.6055,3591,0.7154
,CHECKPOINT BATCH 3560,7.2338,,,
,CHECKPOINT BATCH 3565,7.3560,,,
,CHECKPOINT BATCH 3570,7.8502,,,
,CHECKPOINT BATCH 3575,8.4635,,,
18:06:29,3578,8.4608,0.5540,3609,0.7143
,CHECKPOINT BATCH 3580,5.8970,,,
,CHECKPOINT BATCH 3585,11.5534,,,
,CHECKPOINT BATCH 3590,6.4788,,,
,CHECKPOINT BATCH 3595,10.2877,,,
18:06:31,3597,8.9292,0.5165,3628,0.7130
,CHECKPOINT BATCH 3600,9.5280,,,
,CHECKPOINT BATCH 3605,4.6847,,,
,CHECKPOINT BATCH 3610,6.3167,,,
,CHECKPOINT BATCH 3615,5.4094,,,
18:06:33,3616,6.6706,0.4690,3647,0.7117
,CHECKPOINT BATCH 3620,4.8766,,,
,CHECKPOINT BATCH 3625,6.0190,,,
,CHECKPOINT BATCH 3630,8.3407,,,
18:06:35,3635,4.8118,0.4745,3666,0.7105
,CHECKPOINT BATCH 3635,4.8118,,,
,CHECKPOINT BATCH 3640,9.2834,,,
,CHECKPOINT BATCH 3645,7.4677,,,
,CHECKPOINT BATCH 3650,4.2663,,,
18:06:37,3653,4.2449,0.3445,3684,0.7093
,CHECKPOINT BATCH 3655,8.1011,,,
,CHECKPOINT BATCH 3660,5.9078,,,
,CHECKPOINT BATCH 3665,3.9417,,,
,CHECKPOINT BATCH 3670,12.7905,,,
18:06:39,3672,6.3763,0.2710,3703,0.7080
,CHECKPOINT BATCH 3675,6.9037,,,
,CHECKPOINT BATCH 3680,7.5942,,,
,CHECKPOINT BATCH 3685,4.4210,,,
,CHECKPOINT BATCH 3690,10.2104,,,
18:06:41,3691,5.6717,0.3180,3722,0.7068
,CHECKPOINT BATCH 3695,8.9902,,,
,CHECKPOINT BATCH 3700,5.4397,,,
,CHECKPOINT BATCH 3705,6.1680,,,
18:06:43,3710,5.2418,0.3430,3741,0.7055
,CHECKPOINT BATCH 3710,5.2418,,,
,CHECKPOINT BATCH 3715,6.3831,,,
,CHECKPOINT BATCH 3720,5.4389,,,
,CHECKPOINT BATCH 3725,5.6961,,,
18:06:45,3728,6.0548,0.3320,3759,0.7044
,CHECKPOINT BATCH 3730,5.6473,,,
,CHECKPOINT BATCH 3735,9.4080,,,
,CHECKPOINT BATCH 3740,5.7017,,,
,CHECKPOINT BATCH 3745,5.9892,,,
18:06:47,3746,6.5667,0.3275,3777,0.7032
,CHECKPOINT BATCH 3750,6.9417,,,
,CHECKPOINT BATCH 3755,7.9262,,,
,CHECKPOINT BATCH 3760,8.4607,,,
18:06:49,3764,6.1758,0.4390,3795,0.7020
,CHECKPOINT BATCH 3765,5.8726,,,
,CHECKPOINT BATCH 3770,6.1223,,,
,CHECKPOINT BATCH 3775,7.2321,,,
,CHECKPOINT BATCH 3780,7.3570,,,
18:06:51,3782,5.6450,0.4305,3813,0.7008
,CHECKPOINT BATCH 3785,6.2351,,,
,CHECKPOINT BATCH 3790,7.0077,,,
,CHECKPOINT BATCH 3795,5.8568,,,
,CHECKPOINT BATCH 3800,5.3596,,,
18:06:54,3801,7.8401,0.4310,3832,0.6996
,CHECKPOINT BATCH 3805,7.7044,,,
,CHECKPOINT BATCH 3810,5.9276,,,
,CHECKPOINT BATCH 3815,6.4601,,,
18:06:56,3819,10.6583,0.4250,3850,0.6984
,CHECKPOINT BATCH 3820,6.7609,,,
,CHECKPOINT BATCH 3825,7.9941,,,
,CHECKPOINT BATCH 3830,5.0258,,,
,CHECKPOINT BATCH 3835,10.3101,,,
18:06:58,3837,7.8661,0.3955,3868,0.6973
,CHECKPOINT BATCH 3840,5.6046,,,
,CHECKPOINT BATCH 3845,12.2512,,,
,CHECKPOINT BATCH 3850,7.1392,,,
,CHECKPOINT BATCH 3855,6.2630,,,
18:07:00,3856,8.6483,0.3565,3887,0.6960
,CHECKPOINT BATCH 3860,6.4240,,,
,CHECKPOINT BATCH 3865,8.9442,,,
,CHECKPOINT BATCH 3870,7.3211,,,
18:07:02,3874,8.6646,0.2405,3905,0.6949
,CHECKPOINT BATCH 3875,9.4509,,,
,CHECKPOINT BATCH 3880,11.2914,,,
,CHECKPOINT BATCH 3885,7.2571,,,
,CHECKPOINT BATCH 3890,8.6882,,,
18:07:04,3892,6.7550,0.6385,3923,0.6937
,CHECKPOINT BATCH 3895,7.4990,,,
,CHECKPOINT BATCH 3900,10.3226,,,
,CHECKPOINT BATCH 3905,6.2278,,,
18:07:06,3910,5.9336,0.5575,3941,0.6926
,CHECKPOINT BATCH 3910,5.9336,,,
,CHECKPOINT BATCH 3915,2.7787,,,
,CHECKPOINT BATCH 3920,5.2844,,,
,CHECKPOINT BATCH 3925,9.5247,,,
18:07:08,3929,8.4268,0.5225,3960,0.6913
,CHECKPOINT BATCH 3930,7.7814,,,
,CHECKPOINT BATCH 3935,8.8480,,,
,CHECKPOINT BATCH 3940,9.1318,,,
,CHECKPOINT BATCH 3945,7.0916,,,
18:07:10,3948,6.7589,0.6385,3979,0.6901
,CHECKPOINT BATCH 3950,8.3844,,,
,CHECKPOINT BATCH 3955,6.4649,,,
,CHECKPOINT BATCH 3960,6.8063,,,
,CHECKPOINT BATCH 3965,5.1617,,,
18:07:12,3967,5.9105,0.5795,3998,0.6889
,CHECKPOINT BATCH 3970,7.1352,,,
,CHECKPOINT BATCH 3975,7.1645,,,
,CHECKPOINT BATCH 3980,6.9306,,,
,CHECKPOINT BATCH 3985,6.5085,,,
18:07:14,3986,7.3832,0.3640,4017,0.6877
,CHECKPOINT BATCH 3990,5.2012,,,
,CHECKPOINT BATCH 3995,5.0112,,,
,CHECKPOINT BATCH 4000,7.7300,,,
18:07:16,4004,8.2195,0.2080,4035,0.6865
,CHECKPOINT BATCH 4005,4.4738,,,
,CHECKPOINT BATCH 4010,5.9854,,,
,CHECKPOINT BATCH 4015,6.4839,,,
,CHECKPOINT BATCH 4020,5.2440,,,
18:07:18,4022,4.3325,0.2060,4053,0.6854
,CHECKPOINT BATCH 4025,5.2686,,,
,CHECKPOINT BATCH 4030,5.5086,,,
,CHECKPOINT BATCH 4035,4.8870,,,
,CHECKPOINT BATCH 4040,4.2507,,,
18:07:20,4041,3.9238,0.0510,4072,0.6842
,CHECKPOINT BATCH 4045,4.9337,,,
,CHECKPOINT BATCH 4050,7.4979,,,
,CHECKPOINT BATCH 4055,5.0539,,,
18:07:22,4060,7.2834,0.0510,4091,0.6830
,CHECKPOINT BATCH 4060,7.2834,,,
,CHECKPOINT BATCH 4065,8.5008,,,
,CHECKPOINT BATCH 4070,6.3507,,,
,CHECKPOINT BATCH 4075,5.7518,,,
18:07:25,4079,5.2907,0.0510,4110,0.6818
,CHECKPOINT BATCH 4080,6.4646,,,
,CHECKPOINT BATCH 4085,5.3378,,,
,CHECKPOINT BATCH 4090,6.9888,,,
,CHECKPOINT BATCH 4095,7.3746,,,
18:07:27,4097,8.1501,0.0505,4128,0.6807
,CHECKPOINT BATCH 4100,5.3305,,,
,CHECKPOINT BATCH 4105,6.4696,,,
,CHECKPOINT BATCH 4110,4.6506,,,
,CHECKPOINT BATCH 4115,4.6419,,,
18:07:29,4116,4.1837,-0.1000,4147,0.6795
,CHECKPOINT BATCH 4120,4.3004,,,
,CHECKPOINT BATCH 4125,9.0777,,,
,CHECKPOINT BATCH 4130,6.2581,,,
18:07:31,4135,5.1780,-0.1000,4166,0.6783
,CHECKPOINT BATCH 4135,5.1780,,,
,CHECKPOINT BATCH 4140,6.3535,,,
,CHECKPOINT BATCH 4145,5.2799,,,
,CHECKPOINT BATCH 4150,5.9095,,,
18:07:33,4154,7.5392,-0.1000,4185,0.6771
,CHECKPOINT BATCH 4155,9.4316,,,
,CHECKPOINT BATCH 4160,7.1459,,,
,CHECKPOINT BATCH 4165,9.3699,,,
,CHECKPOINT BATCH 4170,6.2217,,,
18:07:35,4173,6.4244,-0.1000,4204,0.6759
,CHECKPOINT BATCH 4175,5.5679,,,
,CHECKPOINT BATCH 4180,5.4440,,,
,CHECKPOINT BATCH 4185,12.8241,,,
,CHECKPOINT BATCH 4190,7.4605,,,
18:07:38,4192,4.3814,-0.0925,4223,0.6747
,CHECKPOINT BATCH 4195,6.4067,,,
,CHECKPOINT BATCH 4200,7.5243,,,
,CHECKPOINT BATCH 4205,5.8559,,,
,CHECKPOINT BATCH 4210,6.9522,,,
18:07:41,4211,3.8849,0.4550,4242,0.6735
,CHECKPOINT BATCH 4215,9.5791,,,
,CHECKPOINT BATCH 4220,8.0945,,,
,CHECKPOINT BATCH 4225,7.2775,,,
18:07:43,4230,5.4518,1.9110,4261,0.6723
,CHECKPOINT BATCH 4230,5.4518,,,
,CHECKPOINT BATCH 4235,5.0544,,,
,CHECKPOINT BATCH 4240,6.1246,,,
,CHECKPOINT BATCH 4245,5.7685,,,
18:07:45,4249,5.9465,4.3825,4280,0.6711
,CHECKPOINT BATCH 4250,6.9359,,,
,CHECKPOINT BATCH 4255,8.3724,,,
,CHECKPOINT BATCH 4260,6.5184,,,
18:07:47,4261,9.6751,5.2935,4292,0.6704
,CHECKPOINT BATCH 4265,3.1816,,,
,CHECKPOINT BATCH 4270,6.1709,,,
,CHECKPOINT BATCH 4275,6.4393,,,
18:07:49,4279,4.8429,5.9885,4310,0.6693
,CHECKPOINT BATCH 4280,5.6142,,,
,CHECKPOINT BATCH 4285,5.2579,,,
,CHECKPOINT BATCH 4290,3.7941,,,
,CHECKPOINT BATCH 4295,6.4857,,,
18:07:51,4298,6.3779,7.6400,4329,0.6681
,CHECKPOINT BATCH 4300,5.8005,,,
,CHECKPOINT BATCH 4305,5.5362,,,
,CHECKPOINT BATCH 4310,7.1086,,,
,CHECKPOINT BATCH 4315,5.2011,,,
18:07:54,4317,6.6736,7.8515,4348,0.6669
,CHECKPOINT BATCH 4320,8.0070,,,
,CHECKPOINT BATCH 4325,6.6967,,,
,CHECKPOINT BATCH 4330,7.5259,,,
18:07:56,4335,4.3531,7.0060,4366,0.6658
,CHECKPOINT BATCH 4335,4.3531,,,
,CHECKPOINT BATCH 4340,6.7928,,,
18:07:58,4342,5.8735,6.0910,4373,0.6654
,CHECKPOINT BATCH 4345,9.8392,,,
,CHECKPOINT BATCH 4350,4.6298,,,
,CHECKPOINT BATCH 4355,3.7827,,,
18:08:00,4360,7.1529,6.1445,4391,0.6643
,CHECKPOINT BATCH 4360,7.1529,,,
,CHECKPOINT BATCH 4365,5.9506,,,
,CHECKPOINT BATCH 4370,9.4261,,,
18:08:02,4371,7.6538,6.6970,4402,0.6636
,CHECKPOINT BATCH 4375,4.5375,,,
,CHECKPOINT BATCH 4380,8.3914,,,
,CHECKPOINT BATCH 4385,11.5850,,,
18:08:04,4390,5.9974,5.6680,4421,0.6624
,CHECKPOINT BATCH 4390,5.9974,,,
,CHECKPOINT BATCH 4395,8.6537,,,
,CHECKPOINT BATCH 4400,5.2259,,,
,CHECKPOINT BATCH 4405,4.4333,,,
18:08:06,4409,6.1444,5.1320,4440,0.6613
,CHECKPOINT BATCH 4410,7.4301,,,
,CHECKPOINT BATCH 4415,7.2153,,,
,CHECKPOINT BATCH 4420,7.2436,,,
,CHECKPOINT BATCH 4425,7.2104,,,
18:08:09,4428,6.0239,5.2845,4459,0.6601
,CHECKPOINT BATCH 4430,7.9533,,,
,CHECKPOINT BATCH 4435,7.2373,,,
,CHECKPOINT BATCH 4440,8.6721,,,
,CHECKPOINT BATCH 4445,8.8245,,,
18:08:11,4447,6.6196,4.6405,4478,0.6590
,CHECKPOINT BATCH 4450,6.7726,,,
,CHECKPOINT BATCH 4455,5.3998,,,
,CHECKPOINT BATCH 4460,11.4804,,,
,CHECKPOINT BATCH 4465,7.2038,,,
18:08:13,4466,6.8953,2.6430,4497,0.6578
,CHECKPOINT BATCH 4470,11.6292,,,
,CHECKPOINT BATCH 4475,9.2896,,,
,CHECKPOINT BATCH 4480,8.5881,,,
18:08:15,4484,8.1239,1.9730,4515,0.6567
,CHECKPOINT BATCH 4485,5.8876,,,
,CHECKPOINT BATCH 4490,11.0335,,,
,CHECKPOINT BATCH 4495,7.4181,,,
,CHECKPOINT BATCH 4500,7.5510,,,
18:08:17,4503,9.1266,1.6115,4534,0.6556
,CHECKPOINT BATCH 4505,5.9795,,,
,CHECKPOINT BATCH 4510,7.2979,,,
,CHECKPOINT BATCH 4515,5.5633,,,
,CHECKPOINT BATCH 4520,9.6252,,,
18:08:19,4522,6.9891,0.1040,4553,0.6544
,CHECKPOINT BATCH 4525,5.9310,,,
,CHECKPOINT BATCH 4530,6.8302,,,
,CHECKPOINT BATCH 4535,5.7568,,,
,CHECKPOINT BATCH 4540,6.5011,,,
18:08:21,4541,6.1684,-0.0450,4572,0.6533
,CHECKPOINT BATCH 4545,6.0636,,,
18:08:23,4548,5.8649,-0.0265,4579,0.6528
,CHECKPOINT BATCH 4550,5.7550,,,
,CHECKPOINT BATCH 4555,5.0475,,,
,CHECKPOINT BATCH 4560,7.3605,,,
,CHECKPOINT BATCH 4565,7.3687,,,
18:08:25,4567,9.6968,0.8245,4598,0.6517
,CHECKPOINT BATCH 4570,3.7128,,,
,CHECKPOINT BATCH 4575,7.3040,,,
,CHECKPOINT BATCH 4580,5.7972,,,
,CHECKPOINT BATCH 4585,5.0312,,,
18:08:27,4586,4.5762,1.3715,4617,0.6506
,CHECKPOINT BATCH 4590,6.6710,,,
,CHECKPOINT BATCH 4595,7.8913,,,
,CHECKPOINT BATCH 4600,5.3034,,,
18:08:29,4604,9.3224,1.4285,4635,0.6495
,CHECKPOINT BATCH 4605,5.5695,,,
,CHECKPOINT BATCH 4610,10.0172,,,
,CHECKPOINT BATCH 4615,7.3718,,,
,CHECKPOINT BATCH 4620,9.7620,,,
18:08:31,4622,10.6356,2.7095,4653,0.6484
,CHECKPOINT BATCH 4625,8.2983,,,
,CHECKPOINT BATCH 4630,5.0385,,,
,CHECKPOINT BATCH 4635,7.6466,,,
18:08:34,4636,3.5890,3.7780,4667,0.6476
,CHECKPOINT BATCH 4640,8.6618,,,
,CHECKPOINT BATCH 4645,4.6860,,,
,CHECKPOINT BATCH 4650,4.4587,,,
18:08:36,4654,6.5213,4.4225,4685,0.6465
,CHECKPOINT BATCH 4655,6.1752,,,
,CHECKPOINT BATCH 4660,7.4290,,,
,CHECKPOINT BATCH 4665,6.3305,,,
,CHECKPOINT BATCH 4670,6.0382,,,
18:08:38,4673,6.5491,4.8385,4704,0.6454
,CHECKPOINT BATCH 4675,4.8399,,,
,CHECKPOINT BATCH 4680,6.4613,,,
18:08:41,4684,4.3376,5.2425,4715,0.6447
,CHECKPOINT BATCH 4685,4.8533,,,
,CHECKPOINT BATCH 4690,4.0478,,,
,CHECKPOINT BATCH 4695,4.1337,,,
,CHECKPOINT BATCH 4700,5.7004,,,
18:08:43,4702,4.0949,5.6940,4733,0.6436
,CHECKPOINT BATCH 4705,5.4064,,,
,CHECKPOINT BATCH 4710,5.0908,,,
,CHECKPOINT BATCH 4715,4.2858,,,
18:08:45,4720,4.6873,4.9340,4751,0.6426
,CHECKPOINT BATCH 4720,4.6873,,,
,CHECKPOINT BATCH 4725,4.9150,,,
,CHECKPOINT BATCH 4730,5.9970,,,
,CHECKPOINT BATCH 4735,9.4861,,,
18:08:47,4739,6.5636,5.2780,4770,0.6414
,CHECKPOINT BATCH 4740,5.9830,,,
,CHECKPOINT BATCH 4745,6.8120,,,
,CHECKPOINT BATCH 4750,8.2642,,,
,CHECKPOINT BATCH 4755,6.5897,,,
18:08:49,4758,7.7061,5.8370,4789,0.6403
,CHECKPOINT BATCH 4760,3.7001,,,
18:08:51,4765,5.6341,5.3925,4796,0.6399
,CHECKPOINT BATCH 4765,5.6341,,,
,CHECKPOINT BATCH 4770,3.6177,,,
,CHECKPOINT BATCH 4775,4.6292,,,
,CHECKPOINT BATCH 4780,5.6750,,,
18:08:53,4783,5.5081,7.2475,4814,0.6388
,CHECKPOINT BATCH 4785,4.4162,,,
,CHECKPOINT BATCH 4790,7.4071,,,
,CHECKPOINT BATCH 4795,11.3996,,,
,CHECKPOINT BATCH 4800,5.7979,,,
18:08:55,4802,11.6925,10.4090,4833,0.6377
,CHECKPOINT BATCH 4805,6.7695,,,
18:08:58,4809,5.4780,10.5390,4840,0.6373
,CHECKPOINT BATCH 4810,6.0103,,,
,CHECKPOINT BATCH 4815,6.1898,,,
,CHECKPOINT BATCH 4820,8.8047,,,
,CHECKPOINT BATCH 4825,8.3006,,,
18:09:00,4828,4.4874,11.5945,4859,0.6362
,CHECKPOINT BATCH 4830,6.7653,,,
,CHECKPOINT BATCH 4835,7.0060,,,
,CHECKPOINT BATCH 4840,5.1196,,,
,CHECKPOINT BATCH 4845,7.8620,,,
18:09:02,4847,4.6755,11.6965,4878,0.6351
,CHECKPOINT BATCH 4850,4.8905,,,
18:09:04,4854,5.7482,11.3910,4885,0.6347
,CHECKPOINT BATCH 4855,5.8931,,,
,CHECKPOINT BATCH 4860,10.7035,,,
,CHECKPOINT BATCH 4865,6.5426,,,
,CHECKPOINT BATCH 4870,4.8602,,,
18:09:06,4873,7.4801,10.9510,4904,0.6336
,CHECKPOINT BATCH 4875,8.0542,,,
,CHECKPOINT BATCH 4880,8.6668,,,
,CHECKPOINT BATCH 4885,6.6004,,,
,CHECKPOINT BATCH 4890,9.4634,,,
18:09:08,4891,10.2227,7.7400,4922,0.6325
,CHECKPOINT BATCH 4895,6.1455,,,
,CHECKPOINT BATCH 4900,10.2623,,,
,CHECKPOINT BATCH 4905,6.6822,,,
18:09:10,4910,8.5039,5.5690,4941,0.6314
,CHECKPOINT BATCH 4910,8.5039,,,
,CHECKPOINT BATCH 4915,5.9316,,,
,CHECKPOINT BATCH 4920,6.9332,,,
,CHECKPOINT BATCH 4925,6.8283,,,
18:09:12,4928,9.1781,3.8200,4959,0.6304
,CHECKPOINT BATCH 4930,14.8265,,,
,CHECKPOINT BATCH 4935,5.0225,,,
,CHECKPOINT BATCH 4940,6.2245,,,
,CHECKPOINT BATCH 4945,5.7536,,,
18:09:14,4946,6.7096,2.2840,4977,0.6293
,CHECKPOINT BATCH 4950,3.8651,,,
,CHECKPOINT BATCH 4955,7.2734,,,
,CHECKPOINT BATCH 4960,5.8919,,,
18:09:16,4964,9.2379,1.5070,4995,0.6283
,CHECKPOINT BATCH 4965,9.1648,,,
,CHECKPOINT BATCH 4970,8.0852,,,
,CHECKPOINT BATCH 4975,6.9127,,,
,CHECKPOINT BATCH 4980,5.4377,,,
18:09:18,4983,5.4034,0.1385,5000,0.6272
,CHECKPOINT BATCH 4985,7.4238,,,
,CHECKPOINT BATCH 4990,6.4068,,,
,CHECKPOINT BATCH 4995,10.4875,,,
,CHECKPOINT BATCH 5000,4.2825,,,
18:09:20,5001,7.4173,0.1520,5000,0.6261
,CHECKPOINT BATCH 5005,6.4974,,,
,CHECKPOINT BATCH 5010,9.0327,,,
,CHECKPOINT BATCH 5015,6.1893,,,
18:09:22,5019,6.6689,0.0015,5000,0.6251
,CHECKPOINT BATCH 5020,9.5591,,,
,CHECKPOINT BATCH 5025,11.6938,,,
,CHECKPOINT BATCH 5030,8.5581,,,
,CHECKPOINT BATCH 5035,5.3195,,,
18:09:24,5038,7.4879,0.9075,5000,0.6240
,CHECKPOINT BATCH 5040,6.8355,,,
,CHECKPOINT BATCH 5045,5.8653,,,
,CHECKPOINT BATCH 5050,9.6640,,,
,CHECKPOINT BATCH 5055,8.5204,,,
18:09:27,5057,5.9151,2.8595,5000,0.6229
,CHECKPOINT BATCH 5060,5.3048,,,
,CHECKPOINT BATCH 5065,6.1707,,,
,CHECKPOINT BATCH 5070,5.2905,,,
18:09:30,5073,5.0765,3.6130,5000,0.6220
,CHECKPOINT BATCH 5075,7.2624,,,
,CHECKPOINT BATCH 5080,6.4166,,,
,CHECKPOINT BATCH 5085,9.6634,,,
,CHECKPOINT BATCH 5090,7.2437,,,
18:09:32,5092,9.2752,4.7275,5000,0.6209
,CHECKPOINT BATCH 5095,7.0952,,,
,CHECKPOINT BATCH 5100,6.2696,,,
,CHECKPOINT BATCH 5105,8.0171,,,
,CHECKPOINT BATCH 5110,5.2826,,,
18:09:34,5111,9.3246,6.7165,5000,0.6198
,CHECKPOINT BATCH 5115,6.8700,,,
,CHECKPOINT BATCH 5120,6.8065,,,
18:09:37,5124,7.3029,7.9270,5000,0.6191
,CHECKPOINT BATCH 5125,10.9739,,,
,CHECKPOINT BATCH 5130,7.2970,,,
,CHECKPOINT BATCH 5135,4.9366,,,
,CHECKPOINT BATCH 5140,4.0470,,,
18:09:39,5142,6.8545,7.2615,5000,0.6181
,CHECKPOINT BATCH 5145,9.1967,,,
,CHECKPOINT BATCH 5150,9.3925,,,
,CHECKPOINT BATCH 5155,4.9722,,,
18:09:41,5160,7.6345,6.7265,5000,0.6171
,CHECKPOINT BATCH 5160,7.6345,,,
,CHECKPOINT BATCH 5165,6.7400,,,
,CHECKPOINT BATCH 5170,10.3630,,,
,CHECKPOINT BATCH 5175,6.7624,,,
18:09:43,5178,8.8290,7.0745,5000,0.6160
,CHECKPOINT BATCH 5180,7.7050,,,
,CHECKPOINT BATCH 5185,8.4266,,,
,CHECKPOINT BATCH 5190,7.7529,,,
,CHECKPOINT BATCH 5195,7.2769,,,
18:09:45,5197,12.0769,6.4595,5000,0.6150
,CHECKPOINT BATCH 5200,7.7204,,,
,CHECKPOINT BATCH 5205,13.3446,,,
,CHECKPOINT BATCH 5210,10.2306,,,
18:09:47,5215,10.8509,5.5660,5000,0.6139
,CHECKPOINT BATCH 5215,10.8509,,,
,CHECKPOINT BATCH 5220,6.1008,,,
18:09:49,5221,9.6917,4.8245,5000,0.6136
,CHECKPOINT BATCH 5225,7.4924,,,
,CHECKPOINT BATCH 5230,5.2219,,,
,CHECKPOINT BATCH 5235,6.9392,,,
18:09:51,5239,8.5339,6.6445,5000,0.6126
,CHECKPOINT BATCH 5240,7.6112,,,
,CHECKPOINT BATCH 5245,8.6934,,,
,CHECKPOINT BATCH 5250,6.9171,,,
,CHECKPOINT BATCH 5255,6.7848,,,
18:09:53,5258,7.1963,8.5560,5000,0.6115
,CHECKPOINT BATCH 5260,7.1518,,,
18:09:55,5265,5.7750,8.2460,5000,0.6111
,CHECKPOINT BATCH 5265,5.7750,,,
,CHECKPOINT BATCH 5270,8.6282,,,
,CHECKPOINT BATCH 5275,6.6213,,,
,CHECKPOINT BATCH 5280,7.6548,,,
18:09:57,5284,10.7962,7.6400,5000,0.6101
,CHECKPOINT BATCH 5285,9.9396,,,
,CHECKPOINT BATCH 5290,5.6958,,,
,CHECKPOINT BATCH 5295,8.4766,,,
,CHECKPOINT BATCH 5300,4.8616,,,
18:09:59,5303,11.2639,8.1130,5000,0.6090
,CHECKPOINT BATCH 5305,10.6334,,,
,CHECKPOINT BATCH 5310,9.2336,,,
,CHECKPOINT BATCH 5315,7.6554,,,
,CHECKPOINT BATCH 5320,6.6091,,,
18:10:01,5321,5.6337,8.2740,5000,0.6080
,CHECKPOINT BATCH 5325,7.7017,,,
,CHECKPOINT BATCH 5330,9.4089,,,
,CHECKPOINT BATCH 5335,6.5602,,,
18:10:03,5340,8.5328,8.3950,5000,0.6069
,CHECKPOINT BATCH 5340,8.5328,,,
,CHECKPOINT BATCH 5345,5.6044,,,
18:10:06,5348,7.7624,7.6450,5000,0.6065
,CHECKPOINT BATCH 5350,6.8142,,,
,CHECKPOINT BATCH 5355,8.1272,,,
,CHECKPOINT BATCH 5360,9.2657,,,
,CHECKPOINT BATCH 5365,10.7110,,,
18:10:08,5366,7.2883,6.6045,5000,0.6055
,CHECKPOINT BATCH 5370,8.8768,,,
,CHECKPOINT BATCH 5375,11.4288,,,
,CHECKPOINT BATCH 5380,9.4589,,,
18:10:10,5384,6.2588,7.7960,5000,0.6045
,CHECKPOINT BATCH 5385,9.6818,,,
,CHECKPOINT BATCH 5390,6.2105,,,
,CHECKPOINT BATCH 5395,6.3554,,,
,CHECKPOINT BATCH 5400,12.6217,,,
18:10:12,5403,7.7169,8.0295,5000,0.6034
,CHECKPOINT BATCH 5405,6.9880,,,
,CHECKPOINT BATCH 5410,6.8656,,,
,CHECKPOINT BATCH 5415,5.9749,,,
,CHECKPOINT BATCH 5420,6.4205,,,
18:10:14,5421,13.1358,7.3875,5000,0.6024
,CHECKPOINT BATCH 5425,5.6823,,,
,CHECKPOINT BATCH 5430,7.2552,,,
,CHECKPOINT BATCH 5435,8.4362,,,
18:10:16,5440,8.0697,6.1340,5000,0.6014
,CHECKPOINT BATCH 5440,8.0697,,,
,CHECKPOINT BATCH 5445,6.9238,,,
,CHECKPOINT BATCH 5450,6.9781,,,
,CHECKPOINT BATCH 5455,5.5920,,,
18:10:18,5458,5.4469,6.3110,5000,0.6004
,CHECKPOINT BATCH 5460,5.2773,,,
,CHECKPOINT BATCH 5465,7.2951,,,
,CHECKPOINT BATCH 5470,4.6769,,,
,CHECKPOINT BATCH 5475,7.0967,,,
18:10:20,5477,8.4124,5.2480,5000,0.5994
,CHECKPOINT BATCH 5480,5.3607,,,
,CHECKPOINT BATCH 5485,7.2737,,,
,CHECKPOINT BATCH 5490,9.3089,,,
,CHECKPOINT BATCH 5495,6.5028,,,
18:10:22,5496,7.5668,4.3650,5000,0.5983
,CHECKPOINT BATCH 5500,8.5595,,,
,CHECKPOINT BATCH 5505,11.1796,,,
,CHECKPOINT BATCH 5510,12.8490,,,
18:10:24,5515,5.1583,3.4940,5000,0.5973
,CHECKPOINT BATCH 5515,5.1583,,,
,CHECKPOINT BATCH 5520,5.0776,,,
,CHECKPOINT BATCH 5525,6.9624,,,
,CHECKPOINT BATCH 5530,5.6189,,,
18:10:26,5533,6.7067,3.0565,5000,0.5963
,CHECKPOINT BATCH 5535,6.5077,,,
,CHECKPOINT BATCH 5540,7.8042,,,
18:10:29,5544,7.9807,2.5840,5000,0.5957
,CHECKPOINT BATCH 5545,8.4285,,,
,CHECKPOINT BATCH 5550,7.3357,,,
,CHECKPOINT BATCH 5555,7.5312,,,
,CHECKPOINT BATCH 5560,6.4190,,,
18:10:31,5563,5.8652,1.8295,5000,0.5947
,CHECKPOINT BATCH 5565,7.5165,,,
,CHECKPOINT BATCH 5570,8.0128,,,
,CHECKPOINT BATCH 5575,10.4549,,,
,CHECKPOINT BATCH 5580,6.2824,,,
18:10:33,5582,8.8718,2.4225,5000,0.5936
,CHECKPOINT BATCH 5585,5.8189,,,
,CHECKPOINT BATCH 5590,8.9551,,,
,CHECKPOINT BATCH 5595,5.6537,,,
,CHECKPOINT BATCH 5600,9.8133,,,
18:10:35,5601,7.7008,3.3315,5000,0.5926
,CHECKPOINT BATCH 5605,8.3509,,,
,CHECKPOINT BATCH 5610,6.1777,,,
,CHECKPOINT BATCH 5615,11.4904,,,
18:10:38,5620,5.7808,5.2980,5000,0.5916
,CHECKPOINT BATCH 5620,5.7808,,,
,CHECKPOINT BATCH 5625,11.2808,,,
,CHECKPOINT BATCH 5630,6.3776,,,
,CHECKPOINT BATCH 5635,7.5410,,,
18:10:41,5639,9.5590,6.5695,5000,0.5905
,CHECKPOINT BATCH 5640,7.8876,,,
,CHECKPOINT BATCH 5645,8.3467,,,
,CHECKPOINT BATCH 5650,10.7261,,,
,CHECKPOINT BATCH 5655,7.6403,,,
18:10:43,5658,8.2788,10.0215,5000,0.5895
,CHECKPOINT BATCH 5660,9.0291,,,
,CHECKPOINT BATCH 5665,8.7339,,,
,CHECKPOINT BATCH 5670,7.3828,,,
18:10:45,5671,7.3603,11.5150,5000,0.5888
,CHECKPOINT BATCH 5675,12.0870,,,
,CHECKPOINT BATCH 5680,8.7608,,,
,CHECKPOINT BATCH 5685,6.9609,,,
18:10:47,5689,13.0922,10.1970,5000,0.5878
,CHECKPOINT BATCH 5690,6.0835,,,
,CHECKPOINT BATCH 5695,11.0048,,,
,CHECKPOINT BATCH 5700,6.4925,,,
,CHECKPOINT BATCH 5705,6.5211,,,
18:10:50,5708,6.0507,9.3365,5000,0.5868
,CHECKPOINT BATCH 5710,6.6029,,,
,CHECKPOINT BATCH 5715,11.5204,,,
,CHECKPOINT BATCH 5720,5.4783,,,
,CHECKPOINT BATCH 5725,7.6596,,,
18:10:52,5727,7.7072,9.1505,5000,0.5858
,CHECKPOINT BATCH 5730,6.2733,,,
,CHECKPOINT BATCH 5735,6.5741,,,
,CHECKPOINT BATCH 5740,7.1817,,,
18:10:54,5745,5.6044,7.2950,5000,0.5848
,CHECKPOINT BATCH 5745,5.6044,,,
,CHECKPOINT BATCH 5750,8.4684,,,
,CHECKPOINT BATCH 5755,6.8818,,,
,CHECKPOINT BATCH 5760,10.5011,,,
18:10:56,5763,7.7282,4.0525,5000,0.5839
,CHECKPOINT BATCH 5765,7.2131,,,
18:10:58,5770,10.9194,3.4415,5000,0.5835
,CHECKPOINT BATCH 5770,10.9194,,,
,CHECKPOINT BATCH 5775,5.4086,,,
,CHECKPOINT BATCH 5780,6.1550,,,
,CHECKPOINT BATCH 5785,9.9973,,,
18:11:00,5788,6.7002,4.6510,5000,0.5825
,CHECKPOINT BATCH 5790,5.3856,,,
,CHECKPOINT BATCH 5795,7.7749,,,
,CHECKPOINT BATCH 5800,6.6554,,,
,CHECKPOINT BATCH 5805,5.7936,,,
18:11:02,5806,6.9487,6.7145,5000,0.5816
,CHECKPOINT BATCH 5810,8.8298,,,
,CHECKPOINT BATCH 5815,5.2271,,,
18:11:04,5816,3.6807,6.8570,5000,0.5811
,CHECKPOINT BATCH 5820,5.2161,,,
,CHECKPOINT BATCH 5825,4.8395,,,
,CHECKPOINT BATCH 5830,9.1083,,,
18:11:06,5834,5.9627,6.3330,5000,0.5801
,CHECKPOINT BATCH 5835,4.4907,,,
,CHECKPOINT BATCH 5840,7.7108,,,
,CHECKPOINT BATCH 5845,5.5303,,,
,CHECKPOINT BATCH 5850,7.7969,,,
18:11:08,5853,5.7196,7.0305,5000,0.5791
,CHECKPOINT BATCH 5855,5.4830,,,
,CHECKPOINT BATCH 5860,8.7395,,,
,CHECKPOINT BATCH 5865,9.1448,,,
,CHECKPOINT BATCH 5870,6.1868,,,
18:11:11,5872,4.2139,6.6515,5000,0.5781
,CHECKPOINT BATCH 5875,9.3075,,,
,CHECKPOINT BATCH 5880,5.1089,,,
,CHECKPOINT BATCH 5885,6.0726,,,
,CHECKPOINT BATCH 5890,7.7428,,,
18:11:13,5891,8.7704,4.9920,5000,0.5771
,CHECKPOINT BATCH 5895,7.2202,,,
,CHECKPOINT BATCH 5900,5.1976,,,
,CHECKPOINT BATCH 5905,8.7735,,,
18:11:15,5910,6.6967,3.5455,5000,0.5761
,CHECKPOINT BATCH 5910,6.6967,,,
,CHECKPOINT BATCH 5915,7.1827,,,
,CHECKPOINT BATCH 5920,7.8029,,,
,CHECKPOINT BATCH 5925,7.4779,,,
18:11:17,5928,6.3593,4.0270,5000,0.5751
,CHECKPOINT BATCH 5930,7.7600,,,
,CHECKPOINT BATCH 5935,8.0773,,,
,CHECKPOINT BATCH 5940,6.1229,,,
18:11:20,5945,9.7974,4.7155,5000,0.5742
,CHECKPOINT BATCH 5945,9.7974,,,
,CHECKPOINT BATCH 5950,7.4073,,,
,CHECKPOINT BATCH 5955,5.3756,,,
,CHECKPOINT BATCH 5960,6.9812,,,
18:11:22,5963,9.1322,4.8670,5000,0.5733
,CHECKPOINT BATCH 5965,8.5184,,,
,CHECKPOINT BATCH 5970,6.9311,,,
,CHECKPOINT BATCH 5975,10.6531,,,
,CHECKPOINT BATCH 5980,6.6402,,,
18:11:24,5981,6.1766,7.1270,5000,0.5724
,CHECKPOINT BATCH 5985,5.7883,,,
,CHECKPOINT BATCH 5990,10.2991,,,
18:11:27,5994,11.5042,8.9185,5000,0.5717
,CHECKPOINT BATCH 5995,5.4357,,,
,CHECKPOINT BATCH 6000,6.8280,,,
,CHECKPOINT BATCH 6005,9.7520,,,
,CHECKPOINT BATCH 6010,10.2331,,,
18:11:29,6012,8.9667,9.0690,5000,0.5707
,CHECKPOINT BATCH 6015,9.3261,,,
,CHECKPOINT BATCH 6020,6.3269,,,
,CHECKPOINT BATCH 6025,6.1131,,,
,CHECKPOINT BATCH 6030,7.7657,,,
18:11:31,6031,8.1000,10.1075,5000,0.5698
,CHECKPOINT BATCH 6035,12.2800,,,
18:11:33,6039,12.3898,10.2575,5000,0.5693
,CHECKPOINT BATCH 6040,8.3133,,,
,CHECKPOINT BATCH 6045,8.1716,,,
,CHECKPOINT BATCH 6050,7.5642,,,
,CHECKPOINT BATCH 6055,7.7283,,,
18:11:35,6058,12.1438,11.7870,5000,0.5684
,CHECKPOINT BATCH 6060,7.3799,,,
,CHECKPOINT BATCH 6065,8.1195,,,
,CHECKPOINT BATCH 6070,7.7792,,,
,CHECKPOINT BATCH 6075,9.1341,,,
18:11:39,6076,5.3186,13.0700,5000,0.5674
,CHECKPOINT BATCH 6080,6.4483,,,
,CHECKPOINT BATCH 6085,7.2079,,,
,CHECKPOINT BATCH 6090,5.6700,,,
18:11:41,6094,6.2495,10.9830,5000,0.5665
,CHECKPOINT BATCH 6095,3.8651,,,
,CHECKPOINT BATCH 6100,9.4772,,,
,CHECKPOINT BATCH 6105,6.9663,,,
,CHECKPOINT BATCH 6110,6.8227,,,
18:11:44,6111,12.7753,12.4365,5000,0.5656
,CHECKPOINT BATCH 6115,9.7070,,,
,CHECKPOINT BATCH 6120,12.6797,,,
,CHECKPOINT BATCH 6125,7.7471,,,
18:11:46,6129,6.9934,11.4070,5000,0.5647
,CHECKPOINT BATCH 6130,13.3806,,,
,CHECKPOINT BATCH 6135,11.3794,,,
,CHECKPOINT BATCH 6140,8.0167,,,
,CHECKPOINT BATCH 6145,15.2144,,,
18:11:48,6148,6.5068,12.7775,5000,0.5637
,CHECKPOINT BATCH 6150,10.6703,,,
18:11:50,6155,7.3208,11.7130,5000,0.5634
,CHECKPOINT BATCH 6155,7.3208,,,
,CHECKPOINT BATCH 6160,7.0973,,,
,CHECKPOINT BATCH 6165,9.6586,,,
,CHECKPOINT BATCH 6170,9.1570,,,
18:11:52,6174,5.8429,9.5230,5000,0.5624
,CHECKPOINT BATCH 6175,6.3449,,,
,CHECKPOINT BATCH 6180,9.9426,,,
,CHECKPOINT BATCH 6185,9.7953,,,
,CHECKPOINT BATCH 6190,6.9743,,,
18:11:54,6192,9.3722,10.7055,5000,0.5615
,CHECKPOINT BATCH 6195,7.6181,,,
,CHECKPOINT BATCH 6200,8.2136,,,
,CHECKPOINT BATCH 6205,6.3210,,,
18:11:56,6210,7.9960,10.3930,5000,0.5605
,CHECKPOINT BATCH 6210,7.9960,,,
,CHECKPOINT BATCH 6215,11.7220,,,
18:11:58,6217,10.5190,10.6885,5000,0.5602
,CHECKPOINT BATCH 6220,6.5374,,,
,CHECKPOINT BATCH 6225,9.4758,,,
,CHECKPOINT BATCH 6230,8.7778,,,
18:12:00,6235,6.8130,9.3260,5000,0.5593
,CHECKPOINT BATCH 6235,6.8130,,,
,CHECKPOINT BATCH 6240,10.4242,,,
,CHECKPOINT BATCH 6245,5.6212,,,
,CHECKPOINT BATCH 6250,5.4008,,,
18:12:03,6254,11.0073,8.6030,5000,0.5583
,CHECKPOINT BATCH 6255,8.2687,,,
,CHECKPOINT BATCH 6260,8.2925,,,
,CHECKPOINT BATCH 6265,10.3368,,,
,CHECKPOINT BATCH 6270,8.0616,,,
18:12:05,6272,10.1718,9.5830,5000,0.5574
,CHECKPOINT BATCH 6275,8.2801,,,
,CHECKPOINT BATCH 6280,7.8536,,,
,CHECKPOINT BATCH 6285,7.7919,,,
18:12:07,6290,7.2646,9.8210,5000,0.5565
,CHECKPOINT BATCH 6290,7.2646,,,
,CHECKPOINT BATCH 6295,11.0929,,,
,CHECKPOINT BATCH 6300,7.7559,,,
18:12:10,6305,9.4040,8.9220,5000,0.5557
,CHECKPOINT BATCH 6305,9.4040,,,
,CHECKPOINT BATCH 6310,10.3470,,,
,CHECKPOINT BATCH 6315,11.4689,,,
,CHECKPOINT BATCH 6320,7.8440,,,
18:12:12,6324,8.3971,8.1880,5000,0.5547
,CHECKPOINT BATCH 6325,7.4523,,,
,CHECKPOINT BATCH 6330,6.8147,,,
,CHECKPOINT BATCH 6335,12.4399,,,
,CHECKPOINT BATCH 6340,11.9012,,,
18:12:14,6343,11.4838,8.9070,5000,0.5538
,CHECKPOINT BATCH 6345,8.1473,,,
,CHECKPOINT BATCH 6350,11.5425,,,
,CHECKPOINT BATCH 6355,8.4687,,,
,CHECKPOINT BATCH 6360,15.1674,,,
18:12:16,6361,8.9812,8.4585,5000,0.5529
,CHECKPOINT BATCH 6365,9.9812,,,
,CHECKPOINT BATCH 6370,11.0514,,,
18:12:19,6375,14.3668,8.4875,5000,0.5522
,CHECKPOINT BATCH 6375,14.3668,,,
,CHECKPOINT BATCH 6380,14.0556,,,
,CHECKPOINT BATCH 6385,6.3530,,,
,CHECKPOINT BATCH 6390,8.1861,,,
18:12:21,6393,6.9585,6.9090,5000,0.5513
,CHECKPOINT BATCH 6395,9.5072,,,
,CHECKPOINT BATCH 6400,14.4266,,,
,CHECKPOINT BATCH 6405,8.8448,,,
,CHECKPOINT BATCH 6410,7.8894,,,
18:12:23,6412,14.5304,8.1100,5000,0.5503
,CHECKPOINT BATCH 6415,6.6579,,,
,CHECKPOINT BATCH 6420,6.7973,,,
18:12:25,6421,12.0824,8.9710,5000,0.5499
,CHECKPOINT BATCH 6425,8.7062,,,
,CHECKPOINT BATCH 6430,7.8453,,,
,CHECKPOINT BATCH 6435,12.6710,,,
18:12:27,6439,16.5343,8.2290,5000,0.5490
,CHECKPOINT BATCH 6440,10.0425,,,
,CHECKPOINT BATCH 6445,8.0522,,,
,CHECKPOINT BATCH 6450,9.9366,,,
,CHECKPOINT BATCH 6455,5.7643,,,
18:12:29,6457,7.4521,11.0595,5000,0.5481
,CHECKPOINT BATCH 6460,7.3156,,,
18:12:31,6464,9.7313,10.2965,5000,0.5477
,CHECKPOINT BATCH 6465,12.0231,,,
,CHECKPOINT BATCH 6470,11.1262,,,
,CHECKPOINT BATCH 6475,7.9164,,,
,CHECKPOINT BATCH 6480,5.0525,,,
18:12:33,6482,9.2849,11.8335,5000,0.5468
,CHECKPOINT BATCH 6485,9.0807,,,
18:12:35,6489,11.3694,11.8225,5000,0.5465
,CHECKPOINT BATCH 6490,11.7451,,,
,CHECKPOINT BATCH 6495,7.0973,,,
,CHECKPOINT BATCH 6500,10.2995,,,
,CHECKPOINT BATCH 6505,13.6265,,,
18:12:38,6508,7.4041,10.6375,5000,0.5455
,CHECKPOINT BATCH 6510,8.1987,,,
,CHECKPOINT BATCH 6515,14.8361,,,
,CHECKPOINT BATCH 6520,12.3349,,,
,CHECKPOINT BATCH 6525,15.0508,,,
18:12:40,6526,7.9349,10.0720,5000,0.5447
,CHECKPOINT BATCH 6530,10.5784,,,
,CHECKPOINT BATCH 6535,11.3580,,,
,CHECKPOINT BATCH 6540,10.6627,,,
18:12:43,6544,9.2420,10.0265,5000,0.5438
,CHECKPOINT BATCH 6545,11.0569,,,
,CHECKPOINT BATCH 6550,14.0669,,,
,CHECKPOINT BATCH 6555,13.5061,,,
,CHECKPOINT BATCH 6560,12.9351,,,
18:12:45,6562,8.5006,8.1145,5000,0.5429
,CHECKPOINT BATCH 6565,11.5896,,,
,CHECKPOINT BATCH 6570,12.4368,,,
,CHECKPOINT BATCH 6575,9.5477,,,
18:12:47,6580,9.2317,7.4585,5000,0.5420
,CHECKPOINT BATCH 6580,9.2317,,,
,CHECKPOINT BATCH 6585,8.5861,,,
,CHECKPOINT BATCH 6590,10.4224,,,
18:12:50,6592,7.1156,7.7405,5000,0.5414
,CHECKPOINT BATCH 6595,10.9424,,,
,CHECKPOINT BATCH 6600,10.5198,,,
,CHECKPOINT BATCH 6605,8.7182,,,
,CHECKPOINT BATCH 6610,12.1238,,,
18:12:52,6611,15.1697,8.8115,5000,0.5405
,CHECKPOINT BATCH 6615,9.6841,,,
,CHECKPOINT BATCH 6620,8.8915,,,
,CHECKPOINT BATCH 6625,10.3229,,,
18:12:54,6630,9.2903,10.9155,5000,0.5395
,CHECKPOINT BATCH 6630,9.2903,,,
,CHECKPOINT BATCH 6635,8.1085,,,
18:12:56,6637,13.3384,10.7820,5000,0.5392
,CHECKPOINT BATCH 6640,11.5161,,,
,CHECKPOINT BATCH 6645,17.7162,,,
,CHECKPOINT BATCH 6650,9.7862,,,
18:12:58,6655,11.6544,11.3975,5000,0.5383
,CHECKPOINT BATCH 6655,11.6544,,,
,CHECKPOINT BATCH 6660,10.6255,,,
,CHECKPOINT BATCH 6665,10.4956,,,
,CHECKPOINT BATCH 6670,12.6323,,,
18:13:00,6673,13.7006,12.8810,5000,0.5374
,CHECKPOINT BATCH 6675,8.3078,,,
18:13:02,6680,10.2505,11.8520,5000,0.5371
,CHECKPOINT BATCH 6680,10.2505,,,
,CHECKPOINT BATCH 6685,15.4772,,,
,CHECKPOINT BATCH 6690,13.7819,,,
,CHECKPOINT BATCH 6695,13.7735,,,
18:13:04,6699,10.7607,12.1750,5000,0.5362
,CHECKPOINT BATCH 6700,13.8541,,,
,CHECKPOINT BATCH 6705,16.6391,,,
,CHECKPOINT BATCH 6710,7.7607,,,
,CHECKPOINT BATCH 6715,12.3820,,,
18:13:06,6718,8.8956,11.9840,5000,0.5352
,CHECKPOINT BATCH 6720,12.9017,,,
,CHECKPOINT BATCH 6725,8.8775,,,
,CHECKPOINT BATCH 6730,13.3871,,,
,CHECKPOINT BATCH 6735,9.9277,,,
18:13:09,6736,12.9671,11.1945,5000,0.5344
,CHECKPOINT BATCH 6740,13.1567,,,
,CHECKPOINT BATCH 6745,9.7395,,,
,CHECKPOINT BATCH 6750,10.5408,,,
18:13:11,6754,9.3552,11.0080,5000,0.5335
,CHECKPOINT BATCH 6755,10.0919,,,
,CHECKPOINT BATCH 6760,11.0636,,,
,CHECKPOINT BATCH 6765,11.3370,,,
18:13:13,6767,9.9506,9.3190,5000,0.5329
,CHECKPOINT BATCH 6770,12.4251,,,
,CHECKPOINT BATCH 6775,10.4501,,,
,CHECKPOINT BATCH 6780,13.6594,,,
18:13:15,6785,12.4973,8.5935,5000,0.5320
,CHECKPOINT BATCH 6785,12.4973,,,
,CHECKPOINT BATCH 6790,11.9040,,,
,CHECKPOINT BATCH 6795,8.7369,,,
,CHECKPOINT BATCH 6800,9.6711,,,
18:13:17,6804,7.6308,8.7705,5000,0.5311
,CHECKPOINT BATCH 6805,16.0535,,,
,CHECKPOINT BATCH 6810,8.3120,,,
18:13:20,6815,6.5691,8.6160,5000,0.5306
,CHECKPOINT BATCH 6815,6.5691,,,
,CHECKPOINT BATCH 6820,10.7972,,,
,CHECKPOINT BATCH 6825,12.0181,,,
,CHECKPOINT BATCH 6830,9.6722,,,
18:13:22,6834,18.2642,6.4260,5000,0.5297
,CHECKPOINT BATCH 6835,7.4832,,,
,CHECKPOINT BATCH 6840,10.5164,,,
,CHECKPOINT BATCH 6845,10.7348,,,
,CHECKPOINT BATCH 6850,10.8668,,,
18:13:24,6852,7.7702,5.4125,5000,0.5288
,CHECKPOINT BATCH 6855,13.7716,,,
,CHECKPOINT BATCH 6860,15.1685,,,
,CHECKPOINT BATCH 6865,13.4294,,,
18:13:26,6870,12.0441,6.3315,5000,0.5279
,CHECKPOINT BATCH 6870,12.0441,,,
,CHECKPOINT BATCH 6875,11.3804,,,
,CHECKPOINT BATCH 6880,6.6931,,,
,CHECKPOINT BATCH 6885,13.3527,,,
18:13:29,6887,8.0352,7.6515,5000,0.5271
,CHECKPOINT BATCH 6890,16.8817,,,
,CHECKPOINT BATCH 6895,10.3912,,,
,CHECKPOINT BATCH 6900,13.3457,,,
18:13:31,6905,9.3009,6.2950,5000,0.5263
,CHECKPOINT BATCH 6905,9.3009,,,
,CHECKPOINT BATCH 6910,11.6352,,,
,CHECKPOINT BATCH 6915,12.6073,,,
,CHECKPOINT BATCH 6920,9.0700,,,
18:13:34,6924,14.5002,6.2810,5000,0.5254
,CHECKPOINT BATCH 6925,10.6420,,,
,CHECKPOINT BATCH 6930,14.0684,,,
,CHECKPOINT BATCH 6935,14.3305,,,
,CHECKPOINT BATCH 6940,12.9952,,,
18:13:36,6942,14.8819,7.4655,5000,0.5245
,CHECKPOINT BATCH 6945,12.2313,,,
,CHECKPOINT BATCH 6950,12.5786,,,
,CHECKPOINT BATCH 6955,12.4832,,,
,CHECKPOINT BATCH 6960,20.2026,,,
18:13:38,6961,9.5675,10.1495,5000,0.5236
,CHECKPOINT BATCH 6965,12.6898,,,
,CHECKPOINT BATCH 6970,12.8830,,,
,CHECKPOINT BATCH 6975,9.3008,,,
18:13:40,6979,6.3621,8.3225,5000,0.5227
,CHECKPOINT BATCH 6980,10.6624,,,
,CHECKPOINT BATCH 6985,12.4234,,,
18:13:42,6989,11.5618,7.4030,5000,0.5223
,CHECKPOINT BATCH 6990,10.6328,,,
,CHECKPOINT BATCH 6995,13.1122,,,
,CHECKPOINT BATCH 7000,13.4892,,,
,CHECKPOINT BATCH 7005,12.6235,,,
18:13:44,7007,10.6681,8.1695,5000,0.5214
,CHECKPOINT BATCH 7010,9.5015,,,
,CHECKPOINT BATCH 7015,9.2293,,,
,CHECKPOINT BATCH 7020,8.8277,,,
18:13:47,7022,10.4707,8.6245,5000,0.5207
,CHECKPOINT BATCH 7025,12.7629,,,
,CHECKPOINT BATCH 7030,16.7931,,,
,CHECKPOINT BATCH 7035,12.3727,,,
,CHECKPOINT BATCH 7040,11.5538,,,
18:13:49,7041,11.2659,7.1400,5000,0.5198
,CHECKPOINT BATCH 7045,13.2610,,,
,CHECKPOINT BATCH 7050,9.6464,,,
,CHECKPOINT BATCH 7055,13.2841,,,
18:13:51,7059,11.9714,4.9335,5000,0.5190
,CHECKPOINT BATCH 7060,10.7278,,,
,CHECKPOINT BATCH 7065,10.2239,,,
,CHECKPOINT BATCH 7070,8.5087,,,
,CHECKPOINT BATCH 7075,12.5689,,,
18:13:53,7077,8.5224,5.9080,5000,0.5181
,CHECKPOINT BATCH 7080,10.8477,,,
,CHECKPOINT BATCH 7085,13.0722,,,
,CHECKPOINT BATCH 7090,12.0802,,,
,CHECKPOINT BATCH 7095,8.7504,,,
18:13:55,7096,9.5458,6.9830,5000,0.5172
,CHECKPOINT BATCH 7100,7.7416,,,
,CHECKPOINT BATCH 7105,10.4028,,,
,CHECKPOINT BATCH 7110,9.7450,,,
18:13:58,7114,10.5813,6.3720,5000,0.5164
,CHECKPOINT BATCH 7115,16.3582,,,
,CHECKPOINT BATCH 7120,11.7564,,,
18:14:00,7121,7.6881,6.2280,5000,0.5161
,CHECKPOINT BATCH 7125,13.6568,,,
,CHECKPOINT BATCH 7130,11.3750,,,
,CHECKPOINT BATCH 7135,8.0770,,,
18:14:02,7139,9.0407,6.9755,5000,0.5152
,CHECKPOINT BATCH 7140,9.4059,,,
,CHECKPOINT BATCH 7145,11.5111,,,
,CHECKPOINT BATCH 7150,10.8612,,,
,CHECKPOINT BATCH 7155,7.9223,,,
18:14:04,7158,7.1499,9.1805,5000,0.5144
,CHECKPOINT BATCH 7160,8.6009,,,
,CHECKPOINT BATCH 7165,10.1379,,,
18:14:06,7170,7.9639,9.6070,5000,0.5138
,CHECKPOINT BATCH 7170,7.9639,,,
,CHECKPOINT BATCH 7175,9.9480,,,
,CHECKPOINT BATCH 7180,6.5768,,,
,CHECKPOINT BATCH 7185,12.3320,,,
18:14:09,7188,9.8966,10.0570,5000,0.5130
,CHECKPOINT BATCH 7190,7.9741,,,
,CHECKPOINT BATCH 7195,10.3440,,,
,CHECKPOINT BATCH 7200,11.5997,,,
,CHECKPOINT BATCH 7205,9.1926,,,
18:14:11,7207,11.8368,11.7220,5000,0.5121
,CHECKPOINT BATCH 7210,12.2533,,,
18:14:13,7214,14.2091,11.8585,5000,0.5118
,CHECKPOINT BATCH 7215,12.6709,,,
,CHECKPOINT BATCH 7220,9.0509,,,
,CHECKPOINT BATCH 7225,9.5127,,,
,CHECKPOINT BATCH 7230,9.8311,,,
18:14:15,7232,8.4112,12.3425,5000,0.5109
,CHECKPOINT BATCH 7235,7.6607,,,
,CHECKPOINT BATCH 7240,10.3618,,,
,CHECKPOINT BATCH 7245,14.0907,,,
,CHECKPOINT BATCH 7250,7.1347,,,
18:14:17,7251,12.4625,11.8800,5000,0.5101
,CHECKPOINT BATCH 7255,8.0193,,,
,CHECKPOINT BATCH 7260,9.0865,,,
18:14:20,7264,11.3968,11.4365,5000,0.5095
,CHECKPOINT BATCH 7265,15.5233,,,
,CHECKPOINT BATCH 7270,16.4120,,,
,CHECKPOINT BATCH 7275,5.9737,,,
,CHECKPOINT BATCH 7280,11.3607,,,
18:14:22,7282,8.5754,11.4530,5000,0.5086
,CHECKPOINT BATCH 7285,10.4923,,,
,CHECKPOINT BATCH 7290,10.5895,,,
,CHECKPOINT BATCH 7295,10.3165,,,
,CHECKPOINT BATCH 7300,9.2148,,,
18:14:24,7301,10.1583,11.4355,5000,0.5078
,CHECKPOINT BATCH 7305,6.5985,,,
,CHECKPOINT BATCH 7310,7.6140,,,
,CHECKPOINT BATCH 7315,9.1592,,,
18:14:27,7317,9.6844,11.1315,5000,0.5070
,CHECKPOINT BATCH 7320,11.8888,,,
,CHECKPOINT BATCH 7325,10.5307,,,
,CHECKPOINT BATCH 7330,10.7142,,,
18:14:29,7335,9.2140,10.0710,5000,0.5062
,CHECKPOINT BATCH 7335,9.2140,,,
,CHECKPOINT BATCH 7340,11.3124,,,
,CHECKPOINT BATCH 7345,7.2832,,,
,CHECKPOINT BATCH 7350,12.3004,,,
18:14:31,7354,13.7489,9.6725,5000,0.5053
,CHECKPOINT BATCH 7355,10.9775,,,
,CHECKPOINT BATCH 7360,8.0931,,,
,CHECKPOINT BATCH 7365,7.2479,,,
,CHECKPOINT BATCH 7370,9.3158,,,
18:14:33,7373,5.3371,9.3970,5000,0.5045
,CHECKPOINT BATCH 7375,10.2352,,,
,CHECKPOINT BATCH 7380,13.2774,,,
18:14:36,7383,9.3418,8.7520,5000,0.5040
,CHECKPOINT BATCH 7385,8.9621,,,
,CHECKPOINT BATCH 7390,9.2382,,,
,CHECKPOINT BATCH 7395,10.4100,,,
,CHECKPOINT BATCH 7400,8.8581,,,
18:14:38,7401,11.3317,7.5470,5000,0.5032
,CHECKPOINT BATCH 7405,7.2389,,,
18:14:40,7408,8.9459,7.1015,5000,0.5029
,CHECKPOINT BATCH 7410,8.3785,,,
,CHECKPOINT BATCH 7415,8.6728,,,
,CHECKPOINT BATCH 7420,9.0247,,,
,CHECKPOINT BATCH 7425,8.1630,,,
18:14:42,7427,9.8951,7.5260,5000,0.5020
,CHECKPOINT BATCH 7430,9.2745,,,
,CHECKPOINT BATCH 7435,8.9377,,,
,CHECKPOINT BATCH 7440,14.2360,,,
,CHECKPOINT BATCH 7445,12.8115,,,
18:14:44,7446,11.9150,6.6780,5000,0.5012
,CHECKPOINT BATCH 7450,10.8906,,,
18:14:46,7453,8.2023,6.0655,5000,0.5009
,CHECKPOINT BATCH 7455,13.4302,,,
,CHECKPOINT BATCH 7460,13.1387,,,
,CHECKPOINT BATCH 7465,6.7875,,,
,CHECKPOINT BATCH 7470,10.0392,,,
18:14:48,7471,12.0908,5.5980,5000,0.5001
,CHECKPOINT BATCH 7475,9.9639,,,
,CHECKPOINT BATCH 7480,8.5673,,,
18:14:51,7485,10.9462,5.4350,5000,0.4994
,CHECKPOINT BATCH 7485,10.9462,,,
,CHECKPOINT BATCH 7490,8.5119,,,
,CHECKPOINT BATCH 7495,7.1768,,,
,CHECKPOINT BATCH 7500,14.4635,,,
18:14:53,7503,10.3584,4.8655,5000,0.4986
,CHECKPOINT BATCH 7505,12.0604,,,
,CHECKPOINT BATCH 7510,7.5705,,,
,CHECKPOINT BATCH 7515,13.8537,,,
,CHECKPOINT BATCH 7520,18.6808,,,
18:14:55,7522,9.9580,5.1020,5000,0.4978
,CHECKPOINT BATCH 7525,9.2604,,,
18:14:57,7529,9.6357,5.1245,5000,0.4974
,CHECKPOINT BATCH 7530,9.9530,,,
,CHECKPOINT BATCH 7535,8.6038,,,
,CHECKPOINT BATCH 7540,11.4122,,,
,CHECKPOINT BATCH 7545,11.9306,,,
18:14:59,7548,7.8416,6.9790,5000,0.4966
,CHECKPOINT BATCH 7550,10.3210,,,
18:15:01,7555,10.4821,7.4055,5000,0.4963
,CHECKPOINT BATCH 7555,10.4821,,,
,CHECKPOINT BATCH 7560,7.8680,,,
,CHECKPOINT BATCH 7565,12.2790,,,
,CHECKPOINT BATCH 7570,9.0959,,,
18:15:03,7573,11.7958,7.8760,5000,0.4955
,CHECKPOINT BATCH 7575,7.8391,,,
,CHECKPOINT BATCH 7580,10.5289,,,
,CHECKPOINT BATCH 7585,9.3614,,,
,CHECKPOINT BATCH 7590,9.5102,,,
18:15:05,7591,9.4660,10.3340,5000,0.4947
,CHECKPOINT BATCH 7595,9.6988,,,
,CHECKPOINT BATCH 7600,10.5774,,,
,CHECKPOINT BATCH 7605,11.4829,,,
18:15:08,7610,11.2425,11.2510,5000,0.4938
,CHECKPOINT BATCH 7610,11.2425,,,
,CHECKPOINT BATCH 7615,9.1735,,,
18:15:10,7617,11.9573,11.1070,5000,0.4935
,CHECKPOINT BATCH 7620,10.2772,,,
,CHECKPOINT BATCH 7625,7.7151,,,
,CHECKPOINT BATCH 7630,9.3228,,,
18:15:12,7635,10.4555,11.4220,5000,0.4927
,CHECKPOINT BATCH 7635,10.4555,,,
,CHECKPOINT BATCH 7640,7.5185,,,
,CHECKPOINT BATCH 7645,8.5320,,,
,CHECKPOINT BATCH 7650,7.8170,,,
18:15:14,7653,9.7113,10.3865,5000,0.4919
,CHECKPOINT BATCH 7655,8.0929,,,
,CHECKPOINT BATCH 7660,7.7989,,,
,CHECKPOINT BATCH 7665,6.7509,,,
,CHECKPOINT BATCH 7670,9.0537,,,
18:15:16,7672,7.2943,10.1475,5000,0.4911
,CHECKPOINT BATCH 7675,8.8869,,,
18:15:18,7679,10.4859,9.2195,5000,0.4908
,CHECKPOINT BATCH 7680,6.5518,,,
,CHECKPOINT BATCH 7685,10.7653,,,
,CHECKPOINT BATCH 7690,6.7921,,,
,CHECKPOINT BATCH 7695,10.1975,,,
18:15:20,7697,9.5636,8.3140,5000,0.4900
,CHECKPOINT BATCH 7700,10.6198,,,
18:15:22,7704,10.6928,7.8280,5000,0.4897
,CHECKPOINT BATCH 7705,11.0658,,,
,CHECKPOINT BATCH 7710,10.5761,,,
,CHECKPOINT BATCH 7715,6.7825,,,
,CHECKPOINT BATCH 7720,13.3010,,,
18:15:24,7723,5.5253,7.5600,5000,0.4889
,CHECKPOINT BATCH 7725,11.2769,,,
,CHECKPOINT BATCH 7730,9.5839,,,
,CHECKPOINT BATCH 7735,6.9951,,,
,CHECKPOINT BATCH 7740,7.9003,,,
18:15:28,7741,9.5980,8.1300,5000,0.4881
,CHECKPOINT BATCH 7745,9.6007,,,
,CHECKPOINT BATCH 7750,8.7027,,,
,CHECKPOINT BATCH 7755,9.6857,,,
18:15:30,7760,12.8883,7.1370,5000,0.4872
,CHECKPOINT BATCH 7760,12.8883,,,
,CHECKPOINT BATCH 7765,7.1736,,,
,CHECKPOINT BATCH 7770,6.1428,,,
,CHECKPOINT BATCH 7775,7.6979,,,
18:15:32,7778,7.0859,8.3780,5000,0.4864
,CHECKPOINT BATCH 7780,10.5892,,,
,CHECKPOINT BATCH 7785,13.8776,,,
,CHECKPOINT BATCH 7790,10.2226,,,
,CHECKPOINT BATCH 7795,12.7057,,,
18:15:34,7797,16.4636,9.2475,5000,0.4856
,CHECKPOINT BATCH 7800,12.5470,,,
18:15:36,7804,12.1136,8.9615,5000,0.4853
,CHECKPOINT BATCH 7805,9.5616,,,
,CHECKPOINT BATCH 7810,8.5020,,,
,CHECKPOINT BATCH 7815,9.4347,,,
,CHECKPOINT BATCH 7820,4.6514,,,
18:15:38,7822,14.7199,9.8530,5000,0.4845
,CHECKPOINT BATCH 7825,7.6062,,,
,CHECKPOINT BATCH 7830,15.5812,,,
,CHECKPOINT BATCH 7835,11.6660,,,
,CHECKPOINT BATCH 7840,7.5638,,,
18:15:40,7841,5.8160,11.1255,5000,0.4837
,CHECKPOINT BATCH 7845,8.0386,,,
,CHECKPOINT BATCH 7850,9.2647,,,
,CHECKPOINT BATCH 7855,7.2004,,,
18:15:42,7859,7.8660,13.0405,5000,0.4829
,CHECKPOINT BATCH 7860,8.4158,,,
,CHECKPOINT BATCH 7865,8.1687,,,
18:15:44,7866,7.4336,12.5800,5000,0.4826
,CHECKPOINT BATCH 7870,9.1249,,,
,CHECKPOINT BATCH 7875,7.9659,,,
,CHECKPOINT BATCH 7880,12.2650,,,
18:15:46,7884,9.5207,13.2335,5000,0.4818
,CHECKPOINT BATCH 7885,6.3709,,,
,CHECKPOINT BATCH 7890,6.1292,,,
,CHECKPOINT BATCH 7895,8.8082,,,
18:15:49,7899,11.5677,12.9455,5000,0.4812
,CHECKPOINT BATCH 7900,8.1389,,,
,CHECKPOINT BATCH 7905,8.6182,,,
,CHECKPOINT BATCH 7910,7.7193,,,
,CHECKPOINT BATCH 7915,12.5300,,,
18:15:51,7918,7.6167,12.9490,5000,0.4804
,CHECKPOINT BATCH 7920,15.0716,,,
,CHECKPOINT BATCH 7925,10.7900,,,
18:15:54,7928,9.8993,13.2345,5000,0.4799
,CHECKPOINT BATCH 7930,7.6625,,,
,CHECKPOINT BATCH 7935,8.8341,,,
,CHECKPOINT BATCH 7940,13.5927,,,
,CHECKPOINT BATCH 7945,10.7963,,,
18:15:56,7946,7.6249,11.8560,5000,0.4792
,CHECKPOINT BATCH 7950,9.3640,,,
,CHECKPOINT BATCH 7955,15.0952,,,
18:15:58,7957,7.7787,12.0025,5000,0.4787
,CHECKPOINT BATCH 7960,7.8664,,,
,CHECKPOINT BATCH 7965,11.3841,,,
,CHECKPOINT BATCH 7970,9.8670,,,
18:16:01,7975,10.5051,12.4630,5000,0.4779
,CHECKPOINT BATCH 7975,10.5051,,,
,CHECKPOINT BATCH 7980,8.6689,,,
,CHECKPOINT BATCH 7985,11.7841,,,
,CHECKPOINT BATCH 7990,12.0045,,,
18:16:03,7994,13.4925,11.2035,5000,0.4771
,CHECKPOINT BATCH 7995,10.8937,,,
18:16:05,8000,10.6616,10.7635,5000,0.4769
,CHECKPOINT BATCH 8000,10.6616,,,
,CHECKPOINT BATCH 8005,9.3545,,,
,CHECKPOINT BATCH 8010,9.3926,,,
,CHECKPOINT BATCH 8015,17.1864,,,
18:16:07,8018,10.2106,11.6475,5000,0.4761
,CHECKPOINT BATCH 8020,9.7848,,,
,CHECKPOINT BATCH 8025,10.3897,,,
,CHECKPOINT BATCH 8030,9.2266,,,
,CHECKPOINT BATCH 8035,16.3617,,,
18:16:09,8037,10.2753,12.8415,5000,0.4753
,CHECKPOINT BATCH 8040,14.1536,,,
18:16:11,8044,14.1362,12.0775,5000,0.4750
,CHECKPOINT BATCH 8045,9.6828,,,
,CHECKPOINT BATCH 8050,15.2866,,,
,CHECKPOINT BATCH 8055,7.9382,,,
,CHECKPOINT BATCH 8060,9.3248,,,
18:16:13,8063,9.4346,10.4600,5000,0.4742
,CHECKPOINT BATCH 8065,8.7614,,,
,CHECKPOINT BATCH 8070,12.0741,,,
,CHECKPOINT BATCH 8075,12.7238,,,
,CHECKPOINT BATCH 8080,16.7482,,,
18:16:15,8081,11.8085,9.4315,5000,0.4734
,CHECKPOINT BATCH 8085,9.2582,,,
,CHECKPOINT BATCH 8090,11.2083,,,
,CHECKPOINT BATCH 8095,13.1644,,,
18:16:17,8099,15.4032,8.1160,5000,0.4727
,CHECKPOINT BATCH 8100,9.9706,,,
,CHECKPOINT BATCH 8105,9.3211,,,
,CHECKPOINT BATCH 8110,11.9475,,,
,CHECKPOINT BATCH 8115,12.3759,,,
18:16:19,8118,8.6404,6.4895,5000,0.4719
,CHECKPOINT BATCH 8120,10.7863,,,
,CHECKPOINT BATCH 8125,10.5084,,,
,CHECKPOINT BATCH 8130,13.4855,,,
,CHECKPOINT BATCH 8135,8.7876,,,
18:16:21,8137,5.6662,5.2735,5000,0.4711
,CHECKPOINT BATCH 8140,11.2592,,,
18:16:23,8144,10.1534,5.1320,5000,0.4708
,CHECKPOINT BATCH 8145,11.1254,,,
,CHECKPOINT BATCH 8150,10.0867,,,
,CHECKPOINT BATCH 8155,13.0237,,,
,CHECKPOINT BATCH 8160,7.6610,,,
18:16:26,8163,8.5689,6.9245,5000,0.4700
,CHECKPOINT BATCH 8165,11.9759,,,
,CHECKPOINT BATCH 8170,10.7746,,,
,CHECKPOINT BATCH 8175,9.5900,,,
,CHECKPOINT BATCH 8180,12.0734,,,
18:16:28,8181,9.2053,8.5665,5000,0.4692
,CHECKPOINT BATCH 8185,9.7485,,,
,CHECKPOINT BATCH 8190,5.5499,,,
,CHECKPOINT BATCH 8195,9.9430,,,
18:16:30,8200,11.7235,10.7975,5000,0.4684
,CHECKPOINT BATCH 8200,11.7235,,,
,CHECKPOINT BATCH 8205,9.2077,,,
18:16:32,8207,11.6971,10.6355,5000,0.4681
,CHECKPOINT BATCH 8210,9.3077,,,
,CHECKPOINT BATCH 8215,14.0221,,,
,CHECKPOINT BATCH 8220,8.1039,,,
18:16:34,8225,11.1997,10.9525,5000,0.4674
,CHECKPOINT BATCH 8225,11.1997,,,
,CHECKPOINT BATCH 8230,11.7828,,,
,CHECKPOINT BATCH 8235,10.9854,,,
,CHECKPOINT BATCH 8240,7.3581,,,
18:16:36,8244,11.1536,11.4210,5000,0.4666
,CHECKPOINT BATCH 8245,10.9720,,,
,CHECKPOINT BATCH 8250,5.7281,,,
,CHECKPOINT BATCH 8255,9.1032,,,
18:16:39,8259,11.3595,10.9065,5000,0.4659
,CHECKPOINT BATCH 8260,8.8334,,,
,CHECKPOINT BATCH 8265,9.6493,,,
,CHECKPOINT BATCH 8270,7.9293,,,
,CHECKPOINT BATCH 8275,7.9614,,,
18:16:41,8277,8.7889,8.6815,5000,0.4652
,CHECKPOINT BATCH 8280,15.0732,,,
,CHECKPOINT BATCH 8285,11.9463,,,
,CHECKPOINT BATCH 8290,10.3480,,,
,CHECKPOINT BATCH 8295,14.5183,,,
18:16:43,8296,11.2692,8.0770,5000,0.4644
,CHECKPOINT BATCH 8300,12.9422,,,
,CHECKPOINT BATCH 8305,9.0937,,,
,CHECKPOINT BATCH 8310,9.6267,,,
18:16:45,8315,10.8516,10.6560,5000,0.4636
,CHECKPOINT BATCH 8315,10.8516,,,
,CHECKPOINT BATCH 8320,13.6932,,,
18:16:47,8322,10.4060,9.8930,5000,0.4633
,CHECKPOINT BATCH 8325,12.8416,,,
,CHECKPOINT BATCH 8330,10.2873,,,
,CHECKPOINT BATCH 8335,18.5380,,,
18:16:49,8340,10.3737,9.1790,5000,0.4626
,CHECKPOINT BATCH 8340,10.3737,,,
,CHECKPOINT BATCH 8345,10.7574,,,
,CHECKPOINT BATCH 8350,11.8960,,,
,CHECKPOINT BATCH 8355,10.0087,,,
18:16:51,8359,14.5035,10.1580,5000,0.4618
,CHECKPOINT BATCH 8360,10.6691,,,
,CHECKPOINT BATCH 8365,12.6403,,,
18:16:54,8366,8.3757,10.4500,5000,0.4615
,CHECKPOINT BATCH 8370,9.1421,,,
,CHECKPOINT BATCH 8375,10.3542,,,
,CHECKPOINT BATCH 8380,6.3380,,,
18:16:56,8384,8.9871,10.4515,5000,0.4608
,CHECKPOINT BATCH 8385,10.7545,,,
,CHECKPOINT BATCH 8390,14.9580,,,
,CHECKPOINT BATCH 8395,9.4762,,,
,CHECKPOINT BATCH 8400,14.2677,,,
18:16:58,8402,19.4784,10.1620,5000,0.4600
,CHECKPOINT BATCH 8405,9.2574,,,
,CHECKPOINT BATCH 8410,10.9301,,,
18:17:00,8413,13.5419,9.5035,5000,0.4596
,CHECKPOINT BATCH 8415,14.2847,,,
,CHECKPOINT BATCH 8420,13.8662,,,
,CHECKPOINT BATCH 8425,10.3226,,,
,CHECKPOINT BATCH 8430,9.7917,,,
18:17:02,8431,11.9216,9.9690,5000,0.4589
,CHECKPOINT BATCH 8435,11.5771,,,
,CHECKPOINT BATCH 8440,11.2377,,,
,CHECKPOINT BATCH 8445,13.6095,,,
18:17:05,8447,13.2918,10.2075,5000,0.4582
,CHECKPOINT BATCH 8450,13.0087,,,
,CHECKPOINT BATCH 8455,10.7087,,,
,CHECKPOINT BATCH 8460,8.4775,,,
18:17:07,8465,11.9903,9.6135,5000,0.4575
,CHECKPOINT BATCH 8465,11.9903,,,
,CHECKPOINT BATCH 8470,12.6109,,,
,CHECKPOINT BATCH 8475,11.3693,,,
,CHECKPOINT BATCH 8480,10.5218,,,
18:17:09,8483,9.2042,12.7530,5000,0.4567
,CHECKPOINT BATCH 8485,9.0863,,,
,CHECKPOINT BATCH 8490,14.8663,,,
,CHECKPOINT BATCH 8495,12.9636,,,
18:17:13,8500,9.3397,13.0590,5000,0.4560
,CHECKPOINT BATCH 8500,9.3397,,,
,CHECKPOINT BATCH 8505,14.8331,,,
,CHECKPOINT BATCH 8510,8.5681,,,
,CHECKPOINT BATCH 8515,17.4159,,,
18:17:15,8518,12.7575,12.0535,5000,0.4553
,CHECKPOINT BATCH 8520,10.2670,,,
,CHECKPOINT BATCH 8525,8.7353,,,
,CHECKPOINT BATCH 8530,8.9640,,,
,CHECKPOINT BATCH 8535,14.7434,,,
18:17:17,8536,11.3392,12.4965,5000,0.4546
,CHECKPOINT BATCH 8540,12.6236,,,
,CHECKPOINT BATCH 8545,12.0675,,,
,CHECKPOINT BATCH 8550,12.3763,,,
18:17:19,8554,15.4224,14.3155,5000,0.4539
,CHECKPOINT BATCH 8555,9.4052,,,
,CHECKPOINT BATCH 8560,9.5790,,,
18:17:21,8561,12.0085,13.7030,5000,0.4536
,CHECKPOINT BATCH 8565,11.5181,,,
,CHECKPOINT BATCH 8570,14.6139,,,
,CHECKPOINT BATCH 8575,8.3695,,,
18:17:23,8579,11.9352,11.4720,5000,0.4528
,CHECKPOINT BATCH 8580,12.1356,,,
,CHECKPOINT BATCH 8585,12.1468,,,
,CHECKPOINT BATCH 8590,12.6402,,,
18:17:26,8594,8.6018,10.6985,5000,0.4522
,CHECKPOINT BATCH 8595,14.9460,,,
,CHECKPOINT BATCH 8600,11.0282,,,
,CHECKPOINT BATCH 8605,13.6025,,,
,CHECKPOINT BATCH 8610,9.2210,,,
18:17:28,8612,16.8941,10.5650,5000,0.4515
,CHECKPOINT BATCH 8615,13.4485,,,
,CHECKPOINT BATCH 8620,11.9092,,,
,CHECKPOINT BATCH 8625,13.6273,,,
,CHECKPOINT BATCH 8630,8.9424,,,
18:17:30,8631,9.1687,11.2770,5000,0.4508
,CHECKPOINT BATCH 8635,11.5972,,,
,CHECKPOINT BATCH 8640,8.8858,,,
,CHECKPOINT BATCH 8645,9.2977,,,
18:17:33,8646,8.8788,10.5285,5000,0.4502
,CHECKPOINT BATCH 8650,11.9671,,,
,CHECKPOINT BATCH 8655,10.4914,,,
,CHECKPOINT BATCH 8660,15.6133,,,
18:17:35,8664,15.6722,10.3995,5000,0.4494
,CHECKPOINT BATCH 8665,11.0916,,,
,CHECKPOINT BATCH 8670,10.9263,,,
,CHECKPOINT BATCH 8675,14.4482,,,
,CHECKPOINT BATCH 8680,8.3448,,,
18:17:38,8682,16.0590,10.2050,5000,0.4487
,CHECKPOINT BATCH 8685,18.0277,,,
,CHECKPOINT BATCH 8690,16.6485,,,
,CHECKPOINT BATCH 8695,10.4208,,,
18:17:40,8700,12.4249,10.6710,5000,0.4480
,CHECKPOINT BATCH 8700,12.4249,,,
,CHECKPOINT BATCH 8705,13.1828,,,
,CHECKPOINT BATCH 8710,12.1590,,,
18:17:43,8713,11.5117,12.0040,5000,0.4475
,CHECKPOINT BATCH 8715,17.2267,,,
,CHECKPOINT BATCH 8720,11.5193,,,
,CHECKPOINT BATCH 8725,13.1587,,,
,CHECKPOINT BATCH 8730,12.6460,,,
18:17:45,8732,14.2927,12.3590,5000,0.4467
,CHECKPOINT BATCH 8735,14.1918,,,
,CHECKPOINT BATCH 8740,15.9796,,,
,CHECKPOINT BATCH 8745,10.8715,,,
18:17:48,8749,13.6239,12.6205,5000,0.4461
,CHECKPOINT BATCH 8750,13.2769,,,
,CHECKPOINT BATCH 8755,11.5190,,,
,CHECKPOINT BATCH 8760,18.8953,,,
,CHECKPOINT BATCH 8765,9.0191,,,
18:17:51,8768,14.2261,10.9595,5000,0.4453
,CHECKPOINT BATCH 8770,12.4994,,,
,CHECKPOINT BATCH 8775,11.8110,,,
,CHECKPOINT BATCH 8780,14.0879,,,
,CHECKPOINT BATCH 8785,12.7450,,,
18:17:53,8786,12.2101,11.7610,5000,0.4446
,CHECKPOINT BATCH 8790,14.9105,,,
,CHECKPOINT BATCH 8795,13.6175,,,
,CHECKPOINT BATCH 8800,13.9642,,,
18:17:56,8804,17.3067,10.8310,5000,0.4439
,CHECKPOINT BATCH 8805,16.3576,,,
,CHECKPOINT BATCH 8810,11.2702,,,
,CHECKPOINT BATCH 8815,9.2859,,,
,CHECKPOINT BATCH 8820,13.9707,,,
18:17:58,8822,14.1317,10.9700,5000,0.4432
,CHECKPOINT BATCH 8825,11.3935,,,
,CHECKPOINT BATCH 8830,9.8107,,,
,CHECKPOINT BATCH 8835,10.4373,,,
18:18:01,8837,10.0822,10.9415,5000,0.4426
,CHECKPOINT BATCH 8840,9.6570,,,
,CHECKPOINT BATCH 8845,9.5137,,,
,CHECKPOINT BATCH 8850,7.7744,,,
18:18:03,8855,13.8136,10.0950,5000,0.4419
,CHECKPOINT BATCH 8855,13.8136,,,
,CHECKPOINT BATCH 8860,8.7839,,,
,CHECKPOINT BATCH 8865,11.7669,,,
,CHECKPOINT BATCH 8870,11.5838,,,
18:18:05,8873,13.1430,12.4795,5000,0.4412
,CHECKPOINT BATCH 8875,9.4491,,,
,CHECKPOINT BATCH 8880,10.9629,,,
,CHECKPOINT BATCH 8885,10.0147,,,
,CHECKPOINT BATCH 8890,9.5205,,,
18:18:07,8891,15.6673,11.8275,5000,0.4405
,CHECKPOINT BATCH 8895,9.2726,,,
18:18:09,8898,14.6990,10.9130,5000,0.4402
,CHECKPOINT BATCH 8900,9.4965,,,
,CHECKPOINT BATCH 8905,13.1576,,,
,CHECKPOINT BATCH 8910,11.0884,,,
,CHECKPOINT BATCH 8915,9.7811,,,
18:18:11,8916,8.8652,10.3420,5000,0.4395
,CHECKPOINT BATCH 8920,8.7225,,,
,CHECKPOINT BATCH 8925,12.3286,,,
,CHECKPOINT BATCH 8930,14.2203,,,
18:18:13,8935,11.0963,9.7940,5000,0.4388
,CHECKPOINT BATCH 8935,11.0963,,,
,CHECKPOINT BATCH 8940,13.9164,,,
,CHECKPOINT BATCH 8945,12.4444,,,
18:18:16,8947,11.4157,10.6555,5000,0.4383
,CHECKPOINT BATCH 8950,13.1899,,,
,CHECKPOINT BATCH 8955,11.7549,,,
,CHECKPOINT BATCH 8960,12.3736,,,
18:18:18,8965,9.4398,9.7615,5000,0.4376
,CHECKPOINT BATCH 8965,9.4398,,,
,CHECKPOINT BATCH 8970,11.8996,,,
,CHECKPOINT BATCH 8975,13.1049,,,
,CHECKPOINT BATCH 8980,12.6903,,,
18:18:20,8983,9.2146,9.3470,5000,0.4369
,CHECKPOINT BATCH 8985,8.3717,,,
,CHECKPOINT BATCH 8990,10.4516,,,
18:18:22,8992,17.6970,10.1240,5000,0.4366
,CHECKPOINT BATCH 8995,9.9516,,,
,CHECKPOINT BATCH 9000,12.6030,,,
,CHECKPOINT BATCH 9005,13.4621,,,
18:18:24,9010,14.4612,10.2970,5000,0.4359
,CHECKPOINT BATCH 9010,14.4612,,,
,CHECKPOINT BATCH 9015,10.0663,,,
,CHECKPOINT BATCH 9020,8.5902,,,
,CHECKPOINT BATCH 9025,17.1426,,,
18:18:26,9028,14.9736,10.3990,5000,0.4352
,CHECKPOINT BATCH 9030,10.6022,,,
,CHECKPOINT BATCH 9035,10.0254,,,
,CHECKPOINT BATCH 9040,11.4657,,,
18:18:29,9042,10.3679,9.9295,5000,0.4346
,CHECKPOINT BATCH 9045,12.3460,,,
,CHECKPOINT BATCH 9050,11.7035,,,
,CHECKPOINT BATCH 9055,13.3582,,,
18:18:31,9060,13.1826,9.6495,5000,0.4339
,CHECKPOINT BATCH 9060,13.1826,,,
,CHECKPOINT BATCH 9065,12.0509,,,
,CHECKPOINT BATCH 9070,14.5360,,,
,CHECKPOINT BATCH 9075,12.7067,,,
18:18:33,9078,8.6143,8.8505,5000,0.4332
,CHECKPOINT BATCH 9080,10.4301,,,
,CHECKPOINT BATCH 9085,11.2759,,,
18:18:36,9090,10.7244,8.5165,5000,0.4328
,CHECKPOINT BATCH 9090,10.7244,,,
,CHECKPOINT BATCH 9095,9.7356,,,
,CHECKPOINT BATCH 9100,12.5318,,,
,CHECKPOINT BATCH 9105,12.7406,,,
18:18:38,9108,23.6209,9.4290,5000,0.4321
,CHECKPOINT BATCH 9110,15.5402,,,
,CHECKPOINT BATCH 9115,12.2474,,,
,CHECKPOINT BATCH 9120,12.3218,,,
,CHECKPOINT BATCH 9125,10.3458,,,
18:18:40,9126,12.5717,10.0430,5000,0.4314
,CHECKPOINT BATCH 9130,18.0865,,,
18:18:42,9133,14.9586,9.1345,5000,0.4311
,CHECKPOINT BATCH 9135,9.8477,,,
,CHECKPOINT BATCH 9140,12.8341,,,
,CHECKPOINT BATCH 9145,10.5074,,,
,CHECKPOINT BATCH 9150,11.1382,,,
18:18:44,9151,7.7075,11.4340,5000,0.4305
,CHECKPOINT BATCH 9155,12.3391,,,
,CHECKPOINT BATCH 9160,9.5447,,,
18:18:47,9163,14.0003,12.4730,5000,0.4300
,CHECKPOINT BATCH 9165,12.3214,,,
,CHECKPOINT BATCH 9170,12.5900,,,
,CHECKPOINT BATCH 9175,10.2762,,,
,CHECKPOINT BATCH 9180,14.0176,,,
18:18:49,9181,10.2197,12.8280,5000,0.4293
,CHECKPOINT BATCH 9185,19.9386,,,
,CHECKPOINT BATCH 9190,12.1574,,,
,CHECKPOINT BATCH 9195,10.8223,,,
18:18:51,9199,8.9176,14.7745,5000,0.4286
,CHECKPOINT BATCH 9200,11.4242,,,
,CHECKPOINT BATCH 9205,13.5405,,,
,CHECKPOINT BATCH 9210,12.7264,,,
,CHECKPOINT BATCH 9215,10.1664,,,
18:18:53,9217,9.8432,14.2690,5000,0.4280
,CHECKPOINT BATCH 9220,10.7242,,,
,CHECKPOINT BATCH 9225,18.0996,,,
,CHECKPOINT BATCH 9230,10.3998,,,
18:18:56,9235,13.5939,13.3360,5000,0.4273
,CHECKPOINT BATCH 9235,13.5939,,,
,CHECKPOINT BATCH 9240,13.3031,,,
,CHECKPOINT BATCH 9245,11.1283,,,
,CHECKPOINT BATCH 9250,13.0518,,,
18:18:58,9253,13.0616,11.2225,5000,0.4266
,CHECKPOINT BATCH 9255,17.4887,,,
,CHECKPOINT BATCH 9260,11.3200,,,
,CHECKPOINT BATCH 9265,13.0639,,,
18:19:02,9269,19.0845,12.8785,5000,0.4260
,CHECKPOINT BATCH 9270,15.1237,,,
,CHECKPOINT BATCH 9275,12.6166,,,
,CHECKPOINT BATCH 9280,11.1486,,,
,CHECKPOINT BATCH 9285,11.4420,,,
18:19:04,9287,8.5183,9.5585,5000,0.4253
,CHECKPOINT BATCH 9290,10.2598,,,
,CHECKPOINT BATCH 9295,13.2723,,,
,CHECKPOINT BATCH 9300,11.4068,,,
18:19:06,9305,11.8030,7.0615,5000,0.4246
,CHECKPOINT BATCH 9305,11.8030,,,
,CHECKPOINT BATCH 9310,13.1597,,,
,CHECKPOINT BATCH 9315,11.6727,,,
,CHECKPOINT BATCH 9320,15.1392,,,
18:19:08,9324,14.7039,5.8940,5000,0.4239
,CHECKPOINT BATCH 9325,11.3297,,,
,CHECKPOINT BATCH 9330,7.8704,,,
,CHECKPOINT BATCH 9335,11.2033,,,
,CHECKPOINT BATCH 9340,8.6272,,,
18:19:10,9343,14.1806,5.3955,5000,0.4232
,CHECKPOINT BATCH 9345,13.6268,,,
,CHECKPOINT BATCH 9350,15.0014,,,
,CHECKPOINT BATCH 9355,9.3966,,,
,CHECKPOINT BATCH 9360,9.2487,,,
18:19:12,9361,12.1751,2.6470,5000,0.4225
,CHECKPOINT BATCH 9365,7.3065,,,
,CHECKPOINT BATCH 9370,11.2884,,,
,CHECKPOINT BATCH 9375,8.5013,,,
18:19:14,9379,11.6963,2.5925,5000,0.4219
,CHECKPOINT BATCH 9380,14.4590,,,
,CHECKPOINT BATCH 9385,9.8463,,,
,CHECKPOINT BATCH 9390,13.7599,,,
,CHECKPOINT BATCH 9395,14.5991,,,
18:19:16,9398,14.9967,3.4080,5000,0.4212
,CHECKPOINT BATCH 9400,10.9347,,,
,CHECKPOINT BATCH 9405,8.9304,,,
,CHECKPOINT BATCH 9410,14.7007,,,
,CHECKPOINT BATCH 9415,10.5809,,,
18:19:18,9417,12.4786,5.3070,5000,0.4205
,CHECKPOINT BATCH 9420,11.8213,,,
18:19:20,9423,12.5808,5.3210,5000,0.4202
,CHECKPOINT BATCH 9425,10.3002,,,
,CHECKPOINT BATCH 9430,10.9979,,,
,CHECKPOINT BATCH 9435,12.0241,,,
,CHECKPOINT BATCH 9440,11.0684,,,
18:19:22,9441,16.1349,5.3460,5000,0.4196
,CHECKPOINT BATCH 9445,10.6178,,,
,CHECKPOINT BATCH 9450,19.2384,,,
,CHECKPOINT BATCH 9455,8.5769,,,
18:19:24,9459,12.9076,7.0215,5000,0.4189
,CHECKPOINT BATCH 9460,12.8331,,,
,CHECKPOINT BATCH 9465,13.1423,,,
,CHECKPOINT BATCH 9470,13.2392,,,
,CHECKPOINT BATCH 9475,13.5481,,,
18:19:28,9476,10.6813,8.5395,5000,0.4183
,CHECKPOINT BATCH 9480,14.8220,,,
,CHECKPOINT BATCH 9485,10.1343,,,
,CHECKPOINT BATCH 9490,9.9630,,,
18:19:30,9494,11.6935,7.2175,5000,0.4176
,CHECKPOINT BATCH 9495,9.0509,,,
,CHECKPOINT BATCH 9500,20.6815,,,
,CHECKPOINT BATCH 9505,8.6530,,,
18:19:32,9506,12.1498,5.8365,5000,0.4172
,CHECKPOINT BATCH 9510,11.9982,,,
,CHECKPOINT BATCH 9515,12.8387,,,
,CHECKPOINT BATCH 9520,10.2986,,,
18:19:34,9524,12.4200,4.9445,5000,0.4165
,CHECKPOINT BATCH 9525,12.3394,,,
,CHECKPOINT BATCH 9530,6.8147,,,
18:19:36,9531,9.0628,4.9530,5000,0.4163
,CHECKPOINT BATCH 9535,11.7399,,,
,CHECKPOINT BATCH 9540,15.7704,,,
,CHECKPOINT BATCH 9545,12.6942,,,
18:19:38,9549,10.9163,4.6990,5000,0.4156
,CHECKPOINT BATCH 9550,13.0953,,,
,CHECKPOINT BATCH 9555,10.5804,,,
,CHECKPOINT BATCH 9560,8.9008,,,
,CHECKPOINT BATCH 9565,11.5733,,,
18:19:40,9567,13.9110,2.6185,5000,0.4150
,CHECKPOINT BATCH 9570,9.9151,,,
,CHECKPOINT BATCH 9575,12.4807,,,
,CHECKPOINT BATCH 9580,14.8649,,,
18:19:43,9585,13.3548,5.0405,5000,0.4143
,CHECKPOINT BATCH 9585,13.3548,,,
,CHECKPOINT BATCH 9590,7.6427,,,
18:19:45,9594,15.4245,5.9440,5000,0.4140
,CHECKPOINT BATCH 9595,8.8991,,,
,CHECKPOINT BATCH 9600,12.3749,,,
,CHECKPOINT BATCH 9605,12.1136,,,
,CHECKPOINT BATCH 9610,14.1067,,,
18:19:47,9613,14.0399,6.9060,5000,0.4133
,CHECKPOINT BATCH 9615,12.0250,,,
,CHECKPOINT BATCH 9620,13.6262,,,
,CHECKPOINT BATCH 9625,13.0977,,,
,CHECKPOINT BATCH 9630,8.9182,,,
18:19:49,9631,11.3328,8.7550,5000,0.4126
,CHECKPOINT BATCH 9635,11.3503,,,
,CHECKPOINT BATCH 9640,11.4457,,,
,CHECKPOINT BATCH 9645,11.8678,,,
18:19:52,9647,11.6972,10.9540,5000,0.4120
,CHECKPOINT BATCH 9650,15.5113,,,
,CHECKPOINT BATCH 9655,10.6298,,,
,CHECKPOINT BATCH 9660,18.1162,,,
18:19:54,9665,11.4357,11.1055,5000,0.4114
,CHECKPOINT BATCH 9665,11.4357,,,
,CHECKPOINT BATCH 9670,11.9362,,,
,CHECKPOINT BATCH 9675,14.5425,,,
,CHECKPOINT BATCH 9680,10.0664,,,
18:19:56,9684,6.6673,10.3615,5000,0.4107
,CHECKPOINT BATCH 9685,11.4654,,,
,CHECKPOINT BATCH 9690,13.8572,,,
,CHECKPOINT BATCH 9695,9.9988,,,
18:19:59,9699,11.6211,10.8215,5000,0.4102
,CHECKPOINT BATCH 9700,12.6709,,,
,CHECKPOINT BATCH 9705,11.7315,,,
,CHECKPOINT BATCH 9710,15.6115,,,
,CHECKPOINT BATCH 9715,11.7014,,,
18:20:01,9717,11.6290,9.4495,5000,0.4095
,CHECKPOINT BATCH 9720,13.8313,,,
,CHECKPOINT BATCH 9725,11.5014,,,
,CHECKPOINT BATCH 9730,9.6035,,,
18:20:03,9735,11.3626,9.1675,5000,0.4089
,CHECKPOINT BATCH 9735,11.3626,,,
,CHECKPOINT BATCH 9740,10.9696,,,
,CHECKPOINT BATCH 9745,9.7030,,,
,CHECKPOINT BATCH 9750,8.1726,,,
18:20:05,9753,9.7843,11.1850,5000,0.4082
,CHECKPOINT BATCH 9755,10.8796,,,
,CHECKPOINT BATCH 9760,13.3268,,,
,CHECKPOINT BATCH 9765,13.2081,,,
18:20:08,9767,14.9638,11.9195,5000,0.4077
,CHECKPOINT BATCH 9770,13.4122,,,
,CHECKPOINT BATCH 9775,12.3309,,,
,CHECKPOINT BATCH 9780,11.1305,,,
18:20:10,9785,13.7387,11.3370,5000,0.4071
,CHECKPOINT BATCH 9785,13.7387,,,
,CHECKPOINT BATCH 9790,13.6317,,,
,CHECKPOINT BATCH 9795,14.2203,,,
,CHECKPOINT BATCH 9800,13.7857,,,
18:20:14,9802,10.9158,12.6695,5000,0.4065
,CHECKPOINT BATCH 9805,11.9905,,,
,CHECKPOINT BATCH 9810,10.4847,,,
,CHECKPOINT BATCH 9815,14.1116,,,
18:20:16,9820,10.8958,14.0400,5000,0.4058
,CHECKPOINT BATCH 9820,10.8958,,,
,CHECKPOINT BATCH 9825,10.1132,,,
,CHECKPOINT BATCH 9830,15.7386,,,
18:20:18,9832,14.1372,14.7470,5000,0.4054
,CHECKPOINT BATCH 9835,9.5341,,,
,CHECKPOINT BATCH 9840,8.1168,,,
,CHECKPOINT BATCH 9845,18.2310,,,
,CHECKPOINT BATCH 9850,10.1076,,,
18:20:20,9851,8.9466,12.4830,5000,0.4047
,CHECKPOINT BATCH 9855,9.3073,,,
,CHECKPOINT BATCH 9860,12.5105,,,
,CHECKPOINT BATCH 9865,11.1691,,,
18:20:23,9870,12.1406,11.9665,5000,0.4041
,CHECKPOINT BATCH 9870,12.1406,,,
,CHECKPOINT BATCH 9875,11.7530,,,
18:20:25,9876,14.3709,11.6465,5000,0.4038
,CHECKPOINT BATCH 9880,14.1101,,,
,CHECKPOINT BATCH 9885,11.8490,,,
,CHECKPOINT BATCH 9890,8.9141,,,
18:20:27,9895,10.6733,9.7445,5000,0.4032
,CHECKPOINT BATCH 9895,10.6733,,,
,CHECKPOINT BATCH 9900,11.7227,,,
,CHECKPOINT BATCH 9905,10.0199,,,
,CHECKPOINT BATCH 9910,11.3845,,,
18:20:29,9914,13.8046,10.0295,5000,0.4025
,CHECKPOINT BATCH 9915,9.6502,,,
,CHECKPOINT BATCH 9920,9.2289,,,
,CHECKPOINT BATCH 9925,14.5610,,,
,CHECKPOINT BATCH 9930,11.0026,,,
18:20:31,9932,11.0357,9.5535,5000,0.4019
,CHECKPOINT BATCH 9935,11.2080,,,
18:20:33,9939,9.9552,9.8445,5000,0.4016
,CHECKPOINT BATCH 9940,9.7329,,,
,CHECKPOINT BATCH 9945,12.1376,,,
,CHECKPOINT BATCH 9950,8.9569,,,
,CHECKPOINT BATCH 9955,11.6096,,,
18:20:35,9957,15.5042,8.9640,5000,0.4010
,CHECKPOINT BATCH 9960,9.1615,,,
,CHECKPOINT BATCH 9965,11.7262,,,
,CHECKPOINT BATCH 9970,11.0508,,,
18:20:37,9975,10.5143,9.5885,5000,0.4004
,CHECKPOINT BATCH 9975,10.5143,,,
,CHECKPOINT BATCH 9980,10.3542,,,
18:20:39,9982,8.7540,9.5660,5000,0.4001
,CHECKPOINT BATCH 9985,9.5858,,,
,CHECKPOINT BATCH 9990,13.0605,,,
,CHECKPOINT BATCH 9995,13.1556,,,
18:20:41,10000,9.4438,9.2620,5000,0.3995
,CHECKPOINT BATCH 10000,9.4438,,,
,CHECKPOINT BATCH 10005,7.1277,,,
,CHECKPOINT BATCH 10010,12.0937,,,
,CHECKPOINT BATCH 10015,8.7971,,,
18:20:43,10019,13.9391,8.8205,5000,0.3988
,CHECKPOINT BATCH 10020,16.6770,,,
,CHECKPOINT BATCH 10025,12.5521,,,
,CHECKPOINT BATCH 10030,12.1171,,,
,CHECKPOINT BATCH 10035,10.6535,,,
18:20:45,10037,10.5396,8.8370,5000,0.3982
,CHECKPOINT BATCH 10040,15.7556,,,
,CHECKPOINT BATCH 10045,9.2623,,,
,CHECKPOINT BATCH 10050,12.7833,,,
18:20:47,10055,15.5133,9.6995,5000,0.3976
,CHECKPOINT BATCH 10055,15.5133,,,
,CHECKPOINT BATCH 10060,12.3412,,,
18:20:50,10064,11.9989,8.9165,5000,0.3973
,CHECKPOINT BATCH 10065,11.0414,,,
,CHECKPOINT BATCH 10070,13.5129,,,
,CHECKPOINT BATCH 10075,11.2044,,,
,CHECKPOINT BATCH 10080,14.5668,,,
18:20:52,10082,14.9359,7.7740,5000,0.3966
,CHECKPOINT BATCH 10085,10.9702,,,
,CHECKPOINT BATCH 10090,7.2965,,,
,CHECKPOINT BATCH 10095,12.1095,,,
18:20:54,10100,12.4551,8.9585,5000,0.3960
,CHECKPOINT BATCH 10100,12.4551,,,
,CHECKPOINT BATCH 10105,10.0140,,,
,CHECKPOINT BATCH 10110,9.2972,,,
,CHECKPOINT BATCH 10115,17.1668,,,
18:20:56,10118,13.2477,9.2795,5000,0.3954
,CHECKPOINT BATCH 10120,9.8568,,,
,CHECKPOINT BATCH 10125,9.6603,,,
18:20:58,10126,8.6363,9.5785,5000,0.3951
,CHECKPOINT BATCH 10130,17.7289,,,
,CHECKPOINT BATCH 10135,9.3984,,,
,CHECKPOINT BATCH 10140,15.1560,,,
18:21:00,10144,10.8167,8.2325,5000,0.3945
,CHECKPOINT BATCH 10145,15.1931,,,
,CHECKPOINT BATCH 10150,14.3093,,,
,CHECKPOINT BATCH 10155,13.0062,,,
,CHECKPOINT BATCH 10160,12.2268,,,
18:21:02,10163,12.2233,9.6700,5000,0.3938
,CHECKPOINT BATCH 10165,9.6836,,,
,CHECKPOINT BATCH 10170,15.9099,,,
,CHECKPOINT BATCH 10175,13.6068,,,
,CHECKPOINT BATCH 10180,14.4160,,,
18:21:04,10181,13.0615,10.2110,5000,0.3932
,CHECKPOINT BATCH 10185,12.9542,,,
18:21:06,10188,13.8319,9.3025,5000,0.3930
,CHECKPOINT BATCH 10190,12.0833,,,
,CHECKPOINT BATCH 10195,11.5789,,,
,CHECKPOINT BATCH 10200,10.0202,,,
,CHECKPOINT BATCH 10205,8.9596,,,
18:21:08,10206,8.3955,9.1730,5000,0.3924
,CHECKPOINT BATCH 10210,11.8223,,,
,CHECKPOINT BATCH 10215,12.6357,,,
18:21:11,10219,12.7325,9.5890,5000,0.3919
,CHECKPOINT BATCH 10220,9.8702,,,
,CHECKPOINT BATCH 10225,11.0602,,,
,CHECKPOINT BATCH 10230,14.2851,,,
,CHECKPOINT BATCH 10235,12.5140,,,
18:21:13,10237,12.8293,10.2135,5000,0.3913
,CHECKPOINT BATCH 10240,12.2765,,,
,CHECKPOINT BATCH 10245,12.2700,,,
,CHECKPOINT BATCH 10250,11.2635,,,
,CHECKPOINT BATCH 10255,8.7117,,,
18:21:15,10256,10.4196,10.4625,5000,0.3907
,CHECKPOINT BATCH 10260,11.1879,,,
,CHECKPOINT BATCH 10265,10.6450,,,
,CHECKPOINT BATCH 10270,10.1621,,,
18:21:17,10274,13.3006,11.1835,5000,0.3900
,CHECKPOINT BATCH 10275,9.4263,,,
,CHECKPOINT BATCH 10280,8.1231,,,
,CHECKPOINT BATCH 10285,9.4624,,,
,CHECKPOINT BATCH 10290,7.0256,,,
18:21:19,10292,7.5077,11.4735,5000,0.3894
,CHECKPOINT BATCH 10295,12.9183,,,
,CHECKPOINT BATCH 10300,11.7239,,,
18:21:22,10305,8.9934,11.1345,5000,0.3890
,CHECKPOINT BATCH 10305,8.9934,,,
,CHECKPOINT BATCH 10310,9.9994,,,
,CHECKPOINT BATCH 10315,11.4476,,,
,CHECKPOINT BATCH 10320,12.6432,,,
18:21:24,10323,13.2217,10.4340,5000,0.3884
,CHECKPOINT BATCH 10325,8.5814,,,
,CHECKPOINT BATCH 10330,7.4607,,,
,CHECKPOINT BATCH 10335,14.0133,,,
,CHECKPOINT BATCH 10340,10.6394,,,
18:21:26,10341,13.6724,11.6450,5000,0.3878
,CHECKPOINT BATCH 10345,14.7347,,,
,CHECKPOINT BATCH 10350,11.7189,,,
,CHECKPOINT BATCH 10355,8.3130,,,
18:21:29,10358,10.1845,11.5270,5000,0.3872
,CHECKPOINT BATCH 10360,13.8643,,,
,CHECKPOINT BATCH 10365,9.5074,,,
,CHECKPOINT BATCH 10370,12.3115,,,
,CHECKPOINT BATCH 10375,11.6802,,,
18:21:32,10377,11.3088,10.3815,5000,0.3866
,CHECKPOINT BATCH 10380,19.0702,,,
,CHECKPOINT BATCH 10385,15.0581,,,
,CHECKPOINT BATCH 10390,12.4249,,,
18:21:34,10391,12.6236,11.8845,5000,0.3861
,CHECKPOINT BATCH 10395,13.6452,,,
,CHECKPOINT BATCH 10400,12.0541,,,
,CHECKPOINT BATCH 10405,12.7035,,,
18:21:37,10409,9.9908,11.4700,5000,0.3855
,CHECKPOINT BATCH 10410,14.7591,,,
,CHECKPOINT BATCH 10415,17.1177,,,
,CHECKPOINT BATCH 10420,9.1976,,,
,CHECKPOINT BATCH 10425,13.9084,,,
18:21:39,10427,14.6672,12.9345,5000,0.3849
,CHECKPOINT BATCH 10430,17.3306,,,
,CHECKPOINT BATCH 10435,14.7776,,,
,CHECKPOINT BATCH 10440,15.1467,,,
18:21:42,10442,12.4185,12.6235,5000,0.3844
,CHECKPOINT BATCH 10445,13.9296,,,
,CHECKPOINT BATCH 10450,15.3866,,,
,CHECKPOINT BATCH 10455,14.7748,,,
18:21:44,10460,9.3324,12.2055,5000,0.3838
,CHECKPOINT BATCH 10460,9.3324,,,
,CHECKPOINT BATCH 10465,13.8111,,,
,CHECKPOINT BATCH 10470,13.1709,,,
,CHECKPOINT BATCH 10475,11.4021,,,
18:21:46,10478,21.2668,13.3635,5000,0.3832
,CHECKPOINT BATCH 10480,17.9950,,,
,CHECKPOINT BATCH 10485,12.5131,,,
,CHECKPOINT BATCH 10490,10.1484,,,
,CHECKPOINT BATCH 10495,12.3205,,,
18:21:48,10496,15.9259,13.0275,5000,0.3826
,CHECKPOINT BATCH 10500,12.4939,,,
18:21:50,10503,11.3004,13.0015,5000,0.3823
,CHECKPOINT BATCH 10505,17.3484,,,
,CHECKPOINT BATCH 10510,11.3089,,,
,CHECKPOINT BATCH 10515,16.1802,,,
,CHECKPOINT BATCH 10520,14.5217,,,
18:21:52,10521,15.5666,11.3750,5000,0.3817
,CHECKPOINT BATCH 10525,10.8828,,,
,CHECKPOINT BATCH 10530,11.7111,,,
,CHECKPOINT BATCH 10535,14.0577,,,
18:21:54,10539,9.1669,10.5490,5000,0.3811
,CHECKPOINT BATCH 10540,9.4895,,,
,CHECKPOINT BATCH 10545,9.1408,,,
,CHECKPOINT BATCH 10550,9.5215,,,
,CHECKPOINT BATCH 10555,10.1575,,,
18:21:56,10558,13.0499,11.2530,5000,0.3805
,CHECKPOINT BATCH 10560,12.8763,,,
,CHECKPOINT BATCH 10565,8.0655,,,
,CHECKPOINT BATCH 10570,13.3263,,,
,CHECKPOINT BATCH 10575,12.3665,,,
18:21:58,10576,8.4815,8.4965,5000,0.3799
,CHECKPOINT BATCH 10580,13.5874,,,
,CHECKPOINT BATCH 10585,10.1182,,,
,CHECKPOINT BATCH 10590,9.7764,,,
18:22:00,10594,11.9517,6.5310,5000,0.3793
,CHECKPOINT BATCH 10595,9.6210,,,
,CHECKPOINT BATCH 10600,15.0294,,,
,CHECKPOINT BATCH 10605,13.1488,,,
,CHECKPOINT BATCH 10610,14.4594,,,
18:22:02,10612,14.8254,5.8740,5000,0.3787
,CHECKPOINT BATCH 10615,15.7055,,,
,CHECKPOINT BATCH 10620,12.6487,,,
,CHECKPOINT BATCH 10625,17.0246,,,
18:22:04,10630,16.4391,3.4115,5000,0.3781
,CHECKPOINT BATCH 10630,16.4391,,,
,CHECKPOINT BATCH 10635,11.7952,,,
,CHECKPOINT BATCH 10640,9.2004,,,
,CHECKPOINT BATCH 10645,12.1810,,,
18:22:06,10649,12.1832,-0.0980,5000,0.3775
,CHECKPOINT BATCH 10650,11.8801,,,
,CHECKPOINT BATCH 10655,12.5569,,,
,CHECKPOINT BATCH 10660,10.3569,,,
,CHECKPOINT BATCH 10665,13.3855,,,
18:22:08,10667,9.5432,-0.0985,5000,0.3769
,CHECKPOINT BATCH 10670,11.1829,,,
,CHECKPOINT BATCH 10675,15.3617,,,
,CHECKPOINT BATCH 10680,11.3521,,,
18:22:10,10685,12.0545,-0.0985,5000,0.3763
,CHECKPOINT BATCH 10685,12.0545,,,
,CHECKPOINT BATCH 10690,11.2389,,,
,CHECKPOINT BATCH 10695,10.0704,,,
,CHECKPOINT BATCH 10700,11.6399,,,
18:22:12,10703,12.0261,-0.0995,5000,0.3758
,CHECKPOINT BATCH 10705,11.5934,,,
18:22:14,10710,11.0600,-0.0755,5000,0.3755
,CHECKPOINT BATCH 10710,11.0600,,,
,CHECKPOINT BATCH 10715,18.3493,,,
,CHECKPOINT BATCH 10720,11.1240,,,
,CHECKPOINT BATCH 10725,14.4285,,,
18:22:16,10728,14.8845,2.2455,5000,0.3749
,CHECKPOINT BATCH 10730,13.5083,,,
18:22:18,10734,13.5041,2.4145,5000,0.3748
,CHECKPOINT BATCH 10735,19.6736,,,
,CHECKPOINT BATCH 10740,14.0386,,,
,CHECKPOINT BATCH 10745,11.3989,,,
,CHECKPOINT BATCH 10750,15.6222,,,
18:22:20,10752,14.5133,4.1580,5000,0.3742
,CHECKPOINT BATCH 10755,18.4380,,,
,CHECKPOINT BATCH 10760,16.4654,,,
,CHECKPOINT BATCH 10765,15.1959,,,
18:22:23,10770,9.2755,7.3680,5000,0.3736
,CHECKPOINT BATCH 10770,9.2755,,,
,CHECKPOINT BATCH 10775,14.8076,,,
,CHECKPOINT BATCH 10780,13.0074,,,
,CHECKPOINT BATCH 10785,16.9462,,,
18:22:25,10788,13.8539,10.0010,5000,0.3730
,CHECKPOINT BATCH 10790,10.9093,,,
18:22:27,10795,13.1171,10.1870,5000,0.3728
,CHECKPOINT BATCH 10795,13.1171,,,
,CHECKPOINT BATCH 10800,20.6568,,,
,CHECKPOINT BATCH 10805,12.3082,,,
,CHECKPOINT BATCH 10810,13.2312,,,
18:22:29,10813,10.1641,11.5785,5000,0.3722
,CHECKPOINT BATCH 10815,9.9559,,,
,CHECKPOINT BATCH 10820,14.0664,,,
,CHECKPOINT BATCH 10825,10.3758,,,
,CHECKPOINT BATCH 10830,14.4278,,,
18:22:31,10832,14.3946,12.9625,5000,0.3716
,CHECKPOINT BATCH 10835,9.7605,,,
,CHECKPOINT BATCH 10840,11.2209,,,
,CHECKPOINT BATCH 10845,12.9938,,,
18:22:34,10846,12.3201,14.5980,5000,0.3711
,CHECKPOINT BATCH 10850,9.6518,,,
,CHECKPOINT BATCH 10855,20.0203,,,
,CHECKPOINT BATCH 10860,14.3970,,,
18:22:36,10864,12.4171,12.9870,5000,0.3706
,CHECKPOINT BATCH 10865,12.4208,,,
,CHECKPOINT BATCH 10870,9.2172,,,
,CHECKPOINT BATCH 10875,8.5631,,,
,CHECKPOINT BATCH 10880,9.3499,,,
18:22:38,10882,12.7584,12.4770,5000,0.3700
,CHECKPOINT BATCH 10885,12.0713,,,
,CHECKPOINT BATCH 10890,13.1538,,,
,CHECKPOINT BATCH 10895,12.1151,,,
18:22:40,10900,16.0115,13.1700,5000,0.3694
,CHECKPOINT BATCH 10900,16.0115,,,
,CHECKPOINT BATCH 10905,11.8478,,,
,CHECKPOINT BATCH 10910,12.1596,,,
,CHECKPOINT BATCH 10915,15.3588,,,
18:22:42,10918,15.4665,12.6865,5000,0.3688
,CHECKPOINT BATCH 10920,13.0477,,,
,CHECKPOINT BATCH 10925,15.1964,,,
,CHECKPOINT BATCH 10930,15.8644,,,
,CHECKPOINT BATCH 10935,12.2880,,,
18:22:44,10936,12.2814,9.4680,5000,0.3683
,CHECKPOINT BATCH 10940,12.9161,,,
18:22:46,10943,16.9315,8.1040,5000,0.3680
,CHECKPOINT BATCH 10945,14.4299,,,
,CHECKPOINT BATCH 10950,11.6551,,,
,CHECKPOINT BATCH 10955,16.3039,,,
,CHECKPOINT BATCH 10960,12.7637,,,
18:22:48,10961,16.5593,8.2650,5000,0.3675
,CHECKPOINT BATCH 10965,11.0406,,,
,CHECKPOINT BATCH 10970,10.7613,,,
,CHECKPOINT BATCH 10975,11.0359,,,
18:22:50,10980,13.9368,8.6245,5000,0.3669
,CHECKPOINT BATCH 10980,13.9368,,,
,CHECKPOINT BATCH 10985,14.0811,,,
,CHECKPOINT BATCH 10990,9.9056,,,
18:22:53,10991,16.7803,8.4710,5000,0.3665
,CHECKPOINT BATCH 10995,11.7560,,,
,CHECKPOINT BATCH 11000,14.2213,,,
,CHECKPOINT BATCH 11005,13.1549,,,
18:22:55,11009,13.2712,8.2375,5000,0.3659
,CHECKPOINT BATCH 11010,13.1063,,,
,CHECKPOINT BATCH 11015,11.9617,,,
,CHECKPOINT BATCH 11020,14.6036,,,
,CHECKPOINT BATCH 11025,8.9761,,,
18:22:57,11027,13.7563,10.3645,5000,0.3654
,CHECKPOINT BATCH 11030,19.0257,,,
,CHECKPOINT BATCH 11035,9.2624,,,
,CHECKPOINT BATCH 11040,11.1498,,,
18:22:59,11045,14.6123,12.9025,5000,0.3648
,CHECKPOINT BATCH 11045,14.6123,,,
,CHECKPOINT BATCH 11050,12.8853,,,
18:23:01,11055,14.2210,12.8690,5000,0.3645
,CHECKPOINT BATCH 11055,14.2210,,,
,CHECKPOINT BATCH 11060,11.5247,,,
,CHECKPOINT BATCH 11065,14.2423,,,
,CHECKPOINT BATCH 11070,14.0902,,,
18:23:03,11073,19.7608,11.2065,5000,0.3639
,CHECKPOINT BATCH 11075,11.1738,,,
,CHECKPOINT BATCH 11080,11.5453,,,
,CHECKPOINT BATCH 11085,11.2976,,,
,CHECKPOINT BATCH 11090,16.5031,,,
18:23:05,11091,16.2113,10.3330,5000,0.3634
,CHECKPOINT BATCH 11095,13.4300,,,
,CHECKPOINT BATCH 11100,12.9914,,,
,CHECKPOINT BATCH 11105,15.4343,,,
18:23:08,11109,15.4585,11.4925,5000,0.3628
,CHECKPOINT BATCH 11110,26.0830,,,
,CHECKPOINT BATCH 11115,13.1456,,,
,CHECKPOINT BATCH 11120,18.1496,,,
,CHECKPOINT BATCH 11125,10.4919,,,
18:23:10,11127,13.3147,10.4140,5000,0.3622
,CHECKPOINT BATCH 11130,11.0595,,,
,CHECKPOINT BATCH 11135,8.8945,,,
18:23:12,11140,15.4652,9.7015,5000,0.3618
,CHECKPOINT BATCH 11140,15.4652,,,
,CHECKPOINT BATCH 11145,15.1605,,,
,CHECKPOINT BATCH 11150,18.2830,,,
,CHECKPOINT BATCH 11155,16.8410,,,
18:23:14,11158,10.7173,9.1505,5000,0.3613
,CHECKPOINT BATCH 11160,11.6197,,,
,CHECKPOINT BATCH 11165,12.9980,,,
,CHECKPOINT BATCH 11170,15.1576,,,
,CHECKPOINT BATCH 11175,12.9201,,,
18:23:16,11177,14.0296,11.0710,5000,0.3607
,CHECKPOINT BATCH 11180,14.6784,,,
,CHECKPOINT BATCH 11185,11.2542,,,
,CHECKPOINT BATCH 11190,15.4123,,,
18:23:18,11195,28.4015,11.1875,5000,0.3601
,CHECKPOINT BATCH 11195,28.4015,,,
,CHECKPOINT BATCH 11200,12.0010,,,
,CHECKPOINT BATCH 11205,11.5259,,,
,CHECKPOINT BATCH 11210,15.8953,,,
18:23:21,11213,11.6490,11.0230,5000,0.3596
,CHECKPOINT BATCH 11215,14.4121,,,
,CHECKPOINT BATCH 11220,11.9205,,,
,CHECKPOINT BATCH 11225,11.8650,,,
18:23:23,11226,11.7046,10.4100,5000,0.3592
,CHECKPOINT BATCH 11230,14.6580,,,
,CHECKPOINT BATCH 11235,19.4409,,,
,CHECKPOINT BATCH 11240,14.9173,,,
18:23:25,11244,10.6239,10.2805,5000,0.3586
,CHECKPOINT BATCH 11245,12.6826,,,
,CHECKPOINT BATCH 11250,20.8672,,,
,CHECKPOINT BATCH 11255,26.9974,,,
,CHECKPOINT BATCH 11260,21.3600,,,
18:23:27,11262,15.7516,12.0675,5000,0.3580
,CHECKPOINT BATCH 11265,10.5944,,,
,CHECKPOINT BATCH 11270,14.1450,,,
,CHECKPOINT BATCH 11275,11.0210,,,
18:23:31,11280,14.5790,12.5640,5000,0.3575
,CHECKPOINT BATCH 11280,14.5790,,,
,CHECKPOINT BATCH 11285,12.8120,,,
,CHECKPOINT BATCH 11290,13.6144,,,
,CHECKPOINT BATCH 11295,10.8203,,,
18:23:33,11298,17.9178,11.8775,5000,0.3569
,CHECKPOINT BATCH 11300,12.3608,,,
,CHECKPOINT BATCH 11305,15.5974,,,
,CHECKPOINT BATCH 11310,10.3217,,,
,CHECKPOINT BATCH 11315,13.7688,,,
18:23:35,11316,16.5595,12.3855,5000,0.3564
,CHECKPOINT BATCH 11320,18.0865,,,
,CHECKPOINT BATCH 11325,12.4462,,,
,CHECKPOINT BATCH 11330,12.0315,,,
18:23:37,11334,13.1988,14.5265,5000,0.3558
,CHECKPOINT BATCH 11335,11.7207,,,
,CHECKPOINT BATCH 11340,12.8837,,,
,CHECKPOINT BATCH 11345,10.6395,,,
,CHECKPOINT BATCH 11350,8.8215,,,
18:23:39,11352,14.1316,14.2245,5000,0.3553
,CHECKPOINT BATCH 11355,12.7117,,,
,CHECKPOINT BATCH 11360,11.8280,,,
18:23:41,11362,11.5336,13.1525,5000,0.3550
,CHECKPOINT BATCH 11365,16.5494,,,
,CHECKPOINT BATCH 11370,11.1190,,,
,CHECKPOINT BATCH 11375,13.1093,,,
18:23:44,11380,13.4265,11.6545,5000,0.3544
,CHECKPOINT BATCH 11380,13.4265,,,
,CHECKPOINT BATCH 11385,23.1394,,,
,CHECKPOINT BATCH 11390,13.5972,,,
,CHECKPOINT BATCH 11395,10.6408,,,
18:23:46,11399,15.2497,11.7440,5000,0.3539
,CHECKPOINT BATCH 11400,14.4010,,,
,CHECKPOINT BATCH 11405,13.6298,,,
,CHECKPOINT BATCH 11410,12.2411,,,
,CHECKPOINT BATCH 11415,15.9815,,,
18:23:48,11418,13.0794,10.6025,5000,0.3533
,CHECKPOINT BATCH 11420,13.8159,,,
18:23:50,11425,13.9955,9.3850,5000,0.3531
,CHECKPOINT BATCH 11425,13.9955,,,
,CHECKPOINT BATCH 11430,13.8804,,,
,CHECKPOINT BATCH 11435,16.9153,,,
,CHECKPOINT BATCH 11440,12.5902,,,
18:23:52,11443,12.1449,8.9810,5000,0.3525
,CHECKPOINT BATCH 11445,11.3236,,,
,CHECKPOINT BATCH 11450,14.6374,,,
,CHECKPOINT BATCH 11455,7.1030,,,
,CHECKPOINT BATCH 11460,11.2384,,,
18:23:54,11462,14.4718,10.0655,5000,0.3520
,CHECKPOINT BATCH 11465,15.7208,,,
18:23:56,11469,11.9416,10.5035,5000,0.3517
,CHECKPOINT BATCH 11470,15.3276,,,
,CHECKPOINT BATCH 11475,10.5287,,,
,CHECKPOINT BATCH 11480,12.3530,,,
,CHECKPOINT BATCH 11485,9.2957,,,
18:23:58,11488,16.1147,10.3785,5000,0.3512
,CHECKPOINT BATCH 11490,10.2183,,,
,CHECKPOINT BATCH 11495,11.5698,,,
,CHECKPOINT BATCH 11500,12.5969,,,
,CHECKPOINT BATCH 11505,23.9069,,,
18:24:00,11506,11.9143,11.2060,5000,0.3506
,CHECKPOINT BATCH 11510,13.7562,,,
,CHECKPOINT BATCH 11515,10.8545,,,
,CHECKPOINT BATCH 11520,12.9694,,,
18:24:02,11524,11.6415,13.0205,5000,0.3501
,CHECKPOINT BATCH 11525,12.8399,,,
,CHECKPOINT BATCH 11530,12.2365,,,
,CHECKPOINT BATCH 11535,13.9316,,,
,CHECKPOINT BATCH 11540,15.2205,,,
18:24:04,11542,14.7590,12.6635,5000,0.3495
,CHECKPOINT BATCH 11545,11.4879,,,
18:24:06,11549,11.8355,12.0330,5000,0.3493
,CHECKPOINT BATCH 11550,9.2336,,,
,CHECKPOINT BATCH 11555,10.5977,,,
,CHECKPOINT BATCH 11560,12.4036,,,
,CHECKPOINT BATCH 11565,12.0942,,,
18:24:09,11567,10.9345,11.4420,5000,0.3488
,CHECKPOINT BATCH 11570,16.7034,,,
,CHECKPOINT BATCH 11575,9.9179,,,
,CHECKPOINT BATCH 11580,10.5927,,,
18:24:11,11585,9.9983,13.5695,5000,0.3483
,CHECKPOINT BATCH 11585,9.9983,,,
,CHECKPOINT BATCH 11590,11.1935,,,
,CHECKPOINT BATCH 11595,13.1696,,,
,CHECKPOINT BATCH 11600,13.8369,,,
18:24:13,11603,13.0328,12.4440,5000,0.3477
,CHECKPOINT BATCH 11605,13.8199,,,
18:24:15,11610,13.2834,11.0790,5000,0.3475
,CHECKPOINT BATCH 11610,13.2834,,,
,CHECKPOINT BATCH 11615,10.6499,,,
,CHECKPOINT BATCH 11620,11.0393,,,
,CHECKPOINT BATCH 11625,15.6429,,,
18:24:17,11629,13.9781,10.0525,5000,0.3469
,CHECKPOINT BATCH 11630,14.4716,,,
,CHECKPOINT BATCH 11635,17.5476,,,
,CHECKPOINT BATCH 11640,12.2364,,,
,CHECKPOINT BATCH 11645,15.5762,,,
18:24:19,11647,12.6350,9.2720,5000,0.3464
,CHECKPOINT BATCH 11650,9.6151,,,
,CHECKPOINT BATCH 11655,11.9913,,,
,CHECKPOINT BATCH 11660,14.6632,,,
18:24:21,11665,10.3809,7.2230,5000,0.3459
,CHECKPOINT BATCH 11665,10.3809,,,
,CHECKPOINT BATCH 11670,18.0326,,,
,CHECKPOINT BATCH 11675,9.5977,,,
,CHECKPOINT BATCH 11680,11.3170,,,
18:24:23,11683,11.8861,3.8090,5000,0.3454
,CHECKPOINT BATCH 11685,8.5274,,,
,CHECKPOINT BATCH 11690,10.7444,,,
,CHECKPOINT BATCH 11695,10.1225,,,
,CHECKPOINT BATCH 11700,10.1705,,,
18:24:25,11701,8.9635,5.4885,5000,0.3448
,CHECKPOINT BATCH 11705,11.4890,,,
,CHECKPOINT BATCH 11710,9.1545,,,
,CHECKPOINT BATCH 11715,8.8518,,,
18:24:27,11719,15.5728,7.6285,5000,0.3443
,CHECKPOINT BATCH 11720,17.1913,,,
,CHECKPOINT BATCH 11725,17.5915,,,
,CHECKPOINT BATCH 11730,9.1506,,,
,CHECKPOINT BATCH 11735,11.5791,,,
18:24:30,11737,13.6589,8.1355,5000,0.3438
,CHECKPOINT BATCH 11740,12.2356,,,
,CHECKPOINT BATCH 11745,15.0031,,,
,CHECKPOINT BATCH 11750,9.2231,,,
18:24:32,11755,11.1037,10.4845,5000,0.3432
,CHECKPOINT BATCH 11755,11.1037,,,
,CHECKPOINT BATCH 11760,12.8177,,,
,CHECKPOINT BATCH 11765,13.0958,,,
18:24:35,11767,10.2140,12.3035,5000,0.3429
,CHECKPOINT BATCH 11770,21.4219,,,
,CHECKPOINT BATCH 11775,29.1292,,,
,CHECKPOINT BATCH 11780,9.6139,,,
18:24:37,11785,17.8567,13.5810,5000,0.3424
,CHECKPOINT BATCH 11785,17.8567,,,
,CHECKPOINT BATCH 11790,12.7782,,,
,CHECKPOINT BATCH 11795,18.0161,,,
,CHECKPOINT BATCH 11800,10.9757,,,
18:24:39,11803,14.3656,14.0830,5000,0.3418
,CHECKPOINT BATCH 11805,9.8806,,,
,CHECKPOINT BATCH 11810,9.1382,,,
,CHECKPOINT BATCH 11815,15.8354,,,
,CHECKPOINT BATCH 11820,18.0490,,,
18:24:41,11821,12.0940,12.7735,5000,0.3413
,CHECKPOINT BATCH 11825,12.0130,,,
,CHECKPOINT BATCH 11830,12.9573,,,
,CHECKPOINT BATCH 11835,16.6227,,,
18:24:43,11839,14.1765,12.1265,5000,0.3408
,CHECKPOINT BATCH 11840,11.7521,,,
,CHECKPOINT BATCH 11845,10.3197,,,
,CHECKPOINT BATCH 11850,10.0291,,,
18:24:46,11852,14.9404,11.6225,5000,0.3404
,CHECKPOINT BATCH 11855,11.0970,,,
,CHECKPOINT BATCH 11860,16.1702,,,
,CHECKPOINT BATCH 11865,13.4994,,,
,CHECKPOINT BATCH 11870,16.0370,,,
18:24:48,11871,14.4521,9.5640,5000,0.3398
,CHECKPOINT BATCH 11875,19.7495,,,
,CHECKPOINT BATCH 11880,14.8776,,,
,CHECKPOINT BATCH 11885,14.1697,,,
18:24:50,11890,14.9037,10.6290,5000,0.3393
,CHECKPOINT BATCH 11890,14.9037,,,
,CHECKPOINT BATCH 11895,10.6041,,,
18:24:53,11898,13.7178,10.1640,5000,0.3391
,CHECKPOINT BATCH 11900,20.9445,,,
,CHECKPOINT BATCH 11905,7.0955,,,
,CHECKPOINT BATCH 11910,12.3439,,,
,CHECKPOINT BATCH 11915,11.8091,,,
18:24:55,11916,12.4267,9.2965,5000,0.3385
,CHECKPOINT BATCH 11920,13.0296,,,
,CHECKPOINT BATCH 11925,11.3189,,,
,CHECKPOINT BATCH 11930,16.1179,,,
18:24:57,11934,10.8598,11.5845,5000,0.3380
,CHECKPOINT BATCH 11935,14.7420,,,
,CHECKPOINT BATCH 11940,16.0808,,,
,CHECKPOINT BATCH 11945,13.4331,,,
,CHECKPOINT BATCH 11950,14.8241,,,
18:24:59,11952,10.8106,13.6020,5000,0.3375
,CHECKPOINT BATCH 11955,12.9061,,,
18:25:01,11959,12.7243,14.0345,5000,0.3373
,CHECKPOINT BATCH 11960,12.6599,,,
,CHECKPOINT BATCH 11965,11.9745,,,
,CHECKPOINT BATCH 11970,11.8146,,,
,CHECKPOINT BATCH 11975,11.8810,,,
18:25:03,11977,9.6971,14.6190,5000,0.3368
,CHECKPOINT BATCH 11980,14.2074,,,
,CHECKPOINT BATCH 11985,18.8620,,,
18:25:05,11986,13.9895,13.5240,5000,0.3365
,CHECKPOINT BATCH 11990,24.3431,,,
,CHECKPOINT BATCH 11995,14.8427,,,
,CHECKPOINT BATCH 12000,16.3778,,,
18:25:07,12004,9.4132,13.5040,5000,0.3360
,CHECKPOINT BATCH 12005,13.9904,,,
,CHECKPOINT BATCH 12010,16.0489,,,
,CHECKPOINT BATCH 12015,12.8985,,,
,CHECKPOINT BATCH 12020,14.3675,,,
18:25:09,12022,18.6123,14.6910,5000,0.3355
,CHECKPOINT BATCH 12025,13.8738,,,
,CHECKPOINT BATCH 12030,12.2471,,,
,CHECKPOINT BATCH 12035,13.1710,,,
18:25:11,12040,20.8386,12.9955,5000,0.3350
,CHECKPOINT BATCH 12040,20.8386,,,
,CHECKPOINT BATCH 12045,18.9527,,,
,CHECKPOINT BATCH 12050,16.3823,,,
,CHECKPOINT BATCH 12055,12.2969,,,
18:25:13,12058,15.5130,11.4635,5000,0.3345
,CHECKPOINT BATCH 12060,15.0034,,,
,CHECKPOINT BATCH 12065,17.3726,,,
,CHECKPOINT BATCH 12070,12.7883,,,
,CHECKPOINT BATCH 12075,12.5254,,,
18:25:15,12076,13.4579,9.7620,5000,0.3340
,CHECKPOINT BATCH 12080,16.0279,,,
,CHECKPOINT BATCH 12085,16.6866,,,
,CHECKPOINT BATCH 12090,10.1549,,,
18:25:17,12094,16.6857,8.3965,5000,0.3335
,CHECKPOINT BATCH 12095,9.8591,,,
,CHECKPOINT BATCH 12100,11.2392,,,
,CHECKPOINT BATCH 12105,15.7152,,,
,CHECKPOINT BATCH 12110,12.6183,,,
18:25:20,12113,12.8202,4.9335,5000,0.3329
,CHECKPOINT BATCH 12115,11.4047,,,
,CHECKPOINT BATCH 12120,11.8920,,,
,CHECKPOINT BATCH 12125,12.2172,,,
,CHECKPOINT BATCH 12130,9.3839,,,
18:25:22,12131,11.5501,2.0725,5000,0.3324
,CHECKPOINT BATCH 12135,11.4982,,,
,CHECKPOINT BATCH 12140,12.5815,,,
,CHECKPOINT BATCH 12145,10.5902,,,
18:25:24,12149,13.7777,0.8545,5000,0.3319
,CHECKPOINT BATCH 12150,8.6193,,,
,CHECKPOINT BATCH 12155,13.4013,,,
,CHECKPOINT BATCH 12160,21.8128,,,
,CHECKPOINT BATCH 12165,10.4399,,,
18:25:26,12168,9.9314,0.3790,5000,0.3314
,CHECKPOINT BATCH 12170,12.2755,,,
,CHECKPOINT BATCH 12175,12.8207,,,
,CHECKPOINT BATCH 12180,13.1008,,,
,CHECKPOINT BATCH 12185,12.8957,,,
18:25:28,12186,14.4664,0.3730,5000,0.3309
,CHECKPOINT BATCH 12190,12.4046,,,
,CHECKPOINT BATCH 12195,8.9957,,,
,CHECKPOINT BATCH 12200,14.9213,,,
18:25:30,12204,13.7938,0.3530,5000,0.3304
,CHECKPOINT BATCH 12205,12.2183,,,
,CHECKPOINT BATCH 12210,13.0754,,,
,CHECKPOINT BATCH 12215,18.3739,,,
,CHECKPOINT BATCH 12220,15.0681,,,
18:25:32,12222,10.7861,0.3435,5000,0.3299
,CHECKPOINT BATCH 12225,10.8299,,,
,CHECKPOINT BATCH 12230,15.7217,,,
,CHECKPOINT BATCH 12235,16.2220,,,
18:25:34,12240,10.2157,0.1900,5000,0.3293
,CHECKPOINT BATCH 12240,10.2157,,,
,CHECKPOINT BATCH 12245,15.5382,,,
,CHECKPOINT BATCH 12250,18.5044,,,
,CHECKPOINT BATCH 12255,13.9115,,,
18:25:36,12258,14.2577,0.1905,5000,0.3288
,CHECKPOINT BATCH 12260,9.3812,,,
,CHECKPOINT BATCH 12265,13.6775,,,
,CHECKPOINT BATCH 12270,13.0047,,,
,CHECKPOINT BATCH 12275,10.3106,,,
18:25:38,12276,14.4777,0.1805,5000,0.3283
,CHECKPOINT BATCH 12280,9.6352,,,
,CHECKPOINT BATCH 12285,13.7994,,,
,CHECKPOINT BATCH 12290,12.6745,,,
18:25:40,12294,17.5693,0.3365,5000,0.3278
,CHECKPOINT BATCH 12295,14.2870,,,
,CHECKPOINT BATCH 12300,10.6051,,,
,CHECKPOINT BATCH 12305,14.4056,,,
,CHECKPOINT BATCH 12310,12.3745,,,
18:25:42,12312,12.1650,0.4655,5000,0.3273
,CHECKPOINT BATCH 12315,14.1249,,,
,CHECKPOINT BATCH 12320,13.4898,,,
,CHECKPOINT BATCH 12325,9.9681,,,
18:25:45,12329,8.9012,0.4340,5000,0.3269
,CHECKPOINT BATCH 12330,11.2111,,,
,CHECKPOINT BATCH 12335,18.8899,,,
,CHECKPOINT BATCH 12340,17.4211,,,
,CHECKPOINT BATCH 12345,10.5258,,,
18:25:47,12347,11.7253,1.6965,5000,0.3264
,CHECKPOINT BATCH 12350,12.7349,,,
,CHECKPOINT BATCH 12355,13.5411,,,
,CHECKPOINT BATCH 12360,8.3667,,,
,CHECKPOINT BATCH 12365,17.3747,,,
18:25:51,12366,14.8293,5.0835,5000,0.3259
,CHECKPOINT BATCH 12370,11.9629,,,
,CHECKPOINT BATCH 12375,10.3819,,,
,CHECKPOINT BATCH 12380,13.6518,,,
18:25:53,12384,14.4217,6.6380,5000,0.3254
,CHECKPOINT BATCH 12385,9.7118,,,
,CHECKPOINT BATCH 12390,17.7826,,,
,CHECKPOINT BATCH 12395,13.3161,,,
,CHECKPOINT BATCH 12400,13.9938,,,
18:25:56,12403,20.7895,9.5140,5000,0.3248
,CHECKPOINT BATCH 12405,18.4362,,,
,CHECKPOINT BATCH 12410,18.6930,,,
,CHECKPOINT BATCH 12415,16.6293,,,
,CHECKPOINT BATCH 12420,13.0604,,,
18:25:58,12421,13.4945,11.8420,5000,0.3243
,CHECKPOINT BATCH 12425,16.0410,,,
,CHECKPOINT BATCH 12430,13.3804,,,
,CHECKPOINT BATCH 12435,15.1366,,,
18:26:00,12439,15.6856,15.0390,5000,0.3238
,CHECKPOINT BATCH 12440,10.1382,,,
,CHECKPOINT BATCH 12445,12.0397,,,
,CHECKPOINT BATCH 12450,23.9856,,,
,CHECKPOINT BATCH 12455,11.9278,,,
18:26:02,12458,18.6289,13.4765,5000,0.3233
,CHECKPOINT BATCH 12460,9.5942,,,
,CHECKPOINT BATCH 12465,15.2833,,,
,CHECKPOINT BATCH 12470,15.3465,,,
,CHECKPOINT BATCH 12475,17.6801,,,
18:26:06,12477,12.4706,13.4220,5000,0.3228
,CHECKPOINT BATCH 12480,19.7399,,,
,CHECKPOINT BATCH 12485,15.7393,,,
,CHECKPOINT BATCH 12490,17.7833,,,
18:26:08,12495,13.9107,11.9710,5000,0.3223
,CHECKPOINT BATCH 12495,13.9107,,,
,CHECKPOINT BATCH 12500,18.1298,,,
,CHECKPOINT BATCH 12505,19.7241,,,
,CHECKPOINT BATCH 12510,14.3669,,,
18:26:10,12513,17.3010,13.8005,5000,0.3218
,CHECKPOINT BATCH 12515,17.7488,,,
,CHECKPOINT BATCH 12520,12.7520,,,
18:26:13,12525,18.8039,12.7550,5000,0.3215
,CHECKPOINT BATCH 12525,18.8039,,,
,CHECKPOINT BATCH 12530,23.2003,,,
,CHECKPOINT BATCH 12535,14.5151,,,
,CHECKPOINT BATCH 12540,13.8095,,,
18:26:15,12544,16.2713,10.8030,5000,0.3210
,CHECKPOINT BATCH 12545,9.9923,,,
,CHECKPOINT BATCH 12550,15.7200,,,
,CHECKPOINT BATCH 12555,9.7662,,,
,CHECKPOINT BATCH 12560,10.9683,,,
18:26:17,12562,16.3723,12.6180,5000,0.3205
,CHECKPOINT BATCH 12565,17.0026,,,
,CHECKPOINT BATCH 12570,17.5079,,,
,CHECKPOINT BATCH 12575,14.8364,,,
18:26:19,12580,10.7354,13.5155,5000,0.3200
,CHECKPOINT BATCH 12580,10.7354,,,
,CHECKPOINT BATCH 12585,12.1994,,,
,CHECKPOINT BATCH 12590,9.5735,,,
,CHECKPOINT BATCH 12595,13.3110,,,
18:26:21,12598,20.1809,11.4850,5000,0.3195
,CHECKPOINT BATCH 12600,18.7187,,,
,CHECKPOINT BATCH 12605,15.2826,,,
,CHECKPOINT BATCH 12610,14.6511,,,
,CHECKPOINT BATCH 12615,13.9549,,,
18:26:23,12616,16.1376,7.7710,5000,0.3190
,CHECKPOINT BATCH 12620,15.1555,,,
,CHECKPOINT BATCH 12625,12.0656,,,
,CHECKPOINT BATCH 12630,11.1181,,,
18:26:25,12635,13.0622,6.6355,5000,0.3185
,CHECKPOINT BATCH 12635,13.0622,,,
,CHECKPOINT BATCH 12640,15.1888,,,
,CHECKPOINT BATCH 12645,16.3982,,,
,CHECKPOINT BATCH 12650,12.0803,,,
18:26:27,12653,12.1783,4.1575,5000,0.3180
,CHECKPOINT BATCH 12655,16.1236,,,
,CHECKPOINT BATCH 12660,11.8969,,,
,CHECKPOINT BATCH 12665,10.6224,,,
,CHECKPOINT BATCH 12670,11.9079,,,
18:26:29,12671,12.5761,1.2705,5000,0.3176
,CHECKPOINT BATCH 12675,14.6335,,,
,CHECKPOINT BATCH 12680,14.5088,,,
,CHECKPOINT BATCH 12685,13.9610,,,
18:26:31,12690,12.3114,0.3565,5000,0.3171
,CHECKPOINT BATCH 12690,12.3114,,,
,CHECKPOINT BATCH 12695,13.3386,,,
,CHECKPOINT BATCH 12700,13.1566,,,
,CHECKPOINT BATCH 12705,17.8530,,,
18:26:33,12708,11.9631,0.3570,5000,0.3166
,CHECKPOINT BATCH 12710,18.0662,,,
,CHECKPOINT BATCH 12715,10.6341,,,
,CHECKPOINT BATCH 12720,16.5509,,,
,CHECKPOINT BATCH 12725,8.6905,,,
18:26:35,12726,12.3825,0.3550,5000,0.3161
,CHECKPOINT BATCH 12730,13.8729,,,
,CHECKPOINT BATCH 12735,14.2638,,,
,CHECKPOINT BATCH 12740,16.4533,,,
18:26:37,12744,11.6004,-0.0965,5000,0.3156
,CHECKPOINT BATCH 12745,11.8137,,,
,CHECKPOINT BATCH 12750,13.6135,,,
,CHECKPOINT BATCH 12755,10.9766,,,
,CHECKPOINT BATCH 12760,16.2727,,,
18:26:39,12762,12.2831,0.4080,5000,0.3151
,CHECKPOINT BATCH 12765,17.9849,,,
,CHECKPOINT BATCH 12770,10.8687,,,
,CHECKPOINT BATCH 12775,15.0076,,,
18:26:41,12780,11.7780,0.4685,5000,0.3147
,CHECKPOINT BATCH 12780,11.7780,,,
,CHECKPOINT BATCH 12785,9.7556,,,
,CHECKPOINT BATCH 12790,12.3431,,,
18:26:44,12791,13.0680,0.5175,5000,0.3144
,CHECKPOINT BATCH 12795,12.1355,,,
,CHECKPOINT BATCH 12800,10.2467,,,
,CHECKPOINT BATCH 12805,11.3060,,,
18:26:46,12809,11.1807,3.0115,5000,0.3139
,CHECKPOINT BATCH 12810,12.9219,,,
,CHECKPOINT BATCH 12815,16.6268,,,
,CHECKPOINT BATCH 12820,18.1071,,,
18:26:49,12824,12.2183,5.5965,5000,0.3135
,CHECKPOINT BATCH 12825,14.8956,,,
,CHECKPOINT BATCH 12830,14.9355,,,
,CHECKPOINT BATCH 12835,13.5183,,,
,CHECKPOINT BATCH 12840,9.9740,,,
18:26:51,12843,11.4188,6.1415,5000,0.3130
,CHECKPOINT BATCH 12845,16.2589,,,
,CHECKPOINT BATCH 12850,23.1548,,,
,CHECKPOINT BATCH 12855,11.2797,,,
,CHECKPOINT BATCH 12860,11.1813,,,
18:26:53,12861,16.1032,8.5715,5000,0.3125
,CHECKPOINT BATCH 12865,13.6755,,,
,CHECKPOINT BATCH 12870,11.6518,,,
18:26:56,12872,17.8921,10.3850,5000,0.3122
,CHECKPOINT BATCH 12875,13.3256,,,
,CHECKPOINT BATCH 12880,7.8977,,,
,CHECKPOINT BATCH 12885,16.8640,,,
18:26:58,12890,13.7764,11.9010,5000,0.3118
,CHECKPOINT BATCH 12890,13.7764,,,
,CHECKPOINT BATCH 12895,9.1336,,,
,CHECKPOINT BATCH 12900,17.1200,,,
,CHECKPOINT BATCH 12905,24.2876,,,
18:27:00,12908,18.4089,12.0265,5000,0.3113
,CHECKPOINT BATCH 12910,12.4294,,,
,CHECKPOINT BATCH 12915,11.2744,,,
,CHECKPOINT BATCH 12920,14.7589,,,
,CHECKPOINT BATCH 12925,14.6452,,,
18:27:02,12926,14.3782,10.1905,5000,0.3108
,CHECKPOINT BATCH 12930,17.8669,,,
,CHECKPOINT BATCH 12935,11.0445,,,
,CHECKPOINT BATCH 12940,18.5200,,,
18:27:04,12944,20.2301,9.8005,5000,0.3104
,CHECKPOINT BATCH 12945,14.1731,,,
,CHECKPOINT BATCH 12950,16.0962,,,
,CHECKPOINT BATCH 12955,21.8130,,,
,CHECKPOINT BATCH 12960,16.0583,,,
18:27:06,12962,10.8352,7.4765,5000,0.3099
,CHECKPOINT BATCH 12965,11.1954,,,
,CHECKPOINT BATCH 12970,12.2597,,,
,CHECKPOINT BATCH 12975,14.2825,,,
18:27:08,12980,14.9131,6.3630,5000,0.3094
,CHECKPOINT BATCH 12980,14.9131,,,
,CHECKPOINT BATCH 12985,12.0750,,,
,CHECKPOINT BATCH 12990,15.2100,,,
,CHECKPOINT BATCH 12995,15.1687,,,
18:27:10,12998,14.1971,4.0075,5000,0.3090
,CHECKPOINT BATCH 13000,14.9398,,,
,CHECKPOINT BATCH 13005,12.7952,,,
,CHECKPOINT BATCH 13010,18.1385,,,
,CHECKPOINT BATCH 13015,12.6552,,,
18:27:12,13016,15.7975,2.1775,5000,0.3085
,CHECKPOINT BATCH 13020,14.4076,,,
,CHECKPOINT BATCH 13025,10.6674,,,
,CHECKPOINT BATCH 13030,10.9512,,,
18:27:14,13034,16.8588,1.4185,5000,0.3080
,CHECKPOINT BATCH 13035,18.3437,,,
,CHECKPOINT BATCH 13040,16.9698,,,
,CHECKPOINT BATCH 13045,14.1558,,,
,CHECKPOINT BATCH 13050,16.6457,,,
18:27:16,13052,12.0325,1.4195,5000,0.3076
,CHECKPOINT BATCH 13055,15.4995,,,
,CHECKPOINT BATCH 13060,19.5445,,,
,CHECKPOINT BATCH 13065,16.2720,,,
18:27:18,13070,11.8176,1.1205,5000,0.3071
,CHECKPOINT BATCH 13070,11.8176,,,
,CHECKPOINT BATCH 13075,15.9849,,,
,CHECKPOINT BATCH 13080,13.0189,,,
,CHECKPOINT BATCH 13085,19.9872,,,
18:27:20,13089,18.7254,1.7505,5000,0.3066
,CHECKPOINT BATCH 13090,14.9911,,,
,CHECKPOINT BATCH 13095,9.4930,,,
,CHECKPOINT BATCH 13100,14.7892,,,
,CHECKPOINT BATCH 13105,17.6413,,,
18:27:23,13108,7.9282,2.6820,5000,0.3061
,CHECKPOINT BATCH 13110,18.6538,,,
,CHECKPOINT BATCH 13115,11.3627,,,
,CHECKPOINT BATCH 13120,10.1566,,,
,CHECKPOINT BATCH 13125,16.1760,,,
18:27:25,13126,13.3301,3.4985,5000,0.3057
,CHECKPOINT BATCH 13130,11.0896,,,
,CHECKPOINT BATCH 13135,18.8929,,,
,CHECKPOINT BATCH 13140,10.5601,,,
18:27:27,13145,12.9583,3.4210,5000,0.3052
,CHECKPOINT BATCH 13145,12.9583,,,
,CHECKPOINT BATCH 13150,16.0413,,,
,CHECKPOINT BATCH 13155,12.1845,,,
,CHECKPOINT BATCH 13160,13.2079,,,
18:27:29,13163,9.8484,3.0325,5000,0.3047
,CHECKPOINT BATCH 13165,11.9813,,,
,CHECKPOINT BATCH 13170,14.4309,,,
,CHECKPOINT BATCH 13175,15.9471,,,
,CHECKPOINT BATCH 13180,10.9382,,,
18:27:31,13181,14.3726,2.7220,5000,0.3043
,CHECKPOINT BATCH 13185,16.5504,,,
,CHECKPOINT BATCH 13190,19.4114,,,
,CHECKPOINT BATCH 13195,13.7849,,,
18:27:33,13199,14.1023,1.8080,5000,0.3038
,CHECKPOINT BATCH 13200,13.1426,,,
,CHECKPOINT BATCH 13205,16.4467,,,
,CHECKPOINT BATCH 13210,14.8784,,,
,CHECKPOINT BATCH 13215,16.8359,,,
18:27:35,13217,13.8708,0.8425,5000,0.3033
,CHECKPOINT BATCH 13220,13.6108,,,
,CHECKPOINT BATCH 13225,16.0998,,,
,CHECKPOINT BATCH 13230,16.5630,,,
18:27:37,13235,8.3651,0.4925,5000,0.3029
,CHECKPOINT BATCH 13235,8.3651,,,
,CHECKPOINT BATCH 13240,17.0310,,,
,CHECKPOINT BATCH 13245,13.7981,,,
,CHECKPOINT BATCH 13250,12.6260,,,
18:27:39,13253,14.0091,0.4370,5000,0.3024
,CHECKPOINT BATCH 13255,21.9708,,,
,CHECKPOINT BATCH 13260,13.4485,,,
,CHECKPOINT BATCH 13265,16.0908,,,
,CHECKPOINT BATCH 13270,12.7603,,,
18:27:41,13271,13.5487,0.3015,5000,0.3020
,CHECKPOINT BATCH 13275,19.6031,,,
,CHECKPOINT BATCH 13280,25.4064,,,
,CHECKPOINT BATCH 13285,12.6928,,,
18:27:43,13290,12.8947,0.0360,5000,0.3015
,CHECKPOINT BATCH 13290,12.8947,,,
,CHECKPOINT BATCH 13295,14.6913,,,
,CHECKPOINT BATCH 13300,10.4732,,,
,CHECKPOINT BATCH 13305,12.6300,,,
18:27:45,13309,9.5803,0.0470,5000,0.3010
,CHECKPOINT BATCH 13310,15.6307,,,
,CHECKPOINT BATCH 13315,12.8477,,,
18:27:47,13316,14.2699,0.2220,5000,0.3009
,CHECKPOINT BATCH 13320,18.7076,,,
,CHECKPOINT BATCH 13325,10.3059,,,
,CHECKPOINT BATCH 13330,20.3151,,,
18:27:49,13334,14.6157,3.0045,5000,0.3004
,CHECKPOINT BATCH 13335,12.5515,,,
,CHECKPOINT BATCH 13340,11.0597,,,
,CHECKPOINT BATCH 13345,13.8008,,,
,CHECKPOINT BATCH 13350,11.5231,,,
18:27:53,13351,17.5954,5.4485,5000,0.3000
,CHECKPOINT BATCH 13355,14.2052,,,
,CHECKPOINT BATCH 13360,15.4813,,,
,CHECKPOINT BATCH 13365,13.6173,,,
18:27:55,13369,10.0921,7.7300,5000,0.2995
,CHECKPOINT BATCH 13370,12.1746,,,
,CHECKPOINT BATCH 13375,14.6397,,,
,CHECKPOINT BATCH 13380,12.0503,,,
,CHECKPOINT BATCH 13385,13.7231,,,
18:27:57,13387,16.9408,10.7310,5000,0.2991
,CHECKPOINT BATCH 13390,12.8691,,,
,CHECKPOINT BATCH 13395,16.5056,,,
18:27:59,13397,11.6445,12.1070,5000,0.2988
,CHECKPOINT BATCH 13400,13.2835,,,
,CHECKPOINT BATCH 13405,14.4107,,,
,CHECKPOINT BATCH 13410,17.1018,,,
18:28:01,13415,14.8139,14.5665,5000,0.2984
,CHECKPOINT BATCH 13415,14.8139,,,
,CHECKPOINT BATCH 13420,18.3408,,,
,CHECKPOINT BATCH 13425,18.6502,,,
,CHECKPOINT BATCH 13430,14.9076,,,
18:28:03,13433,21.9726,15.8870,5000,0.2979
,CHECKPOINT BATCH 13435,18.8861,,,
18:28:06,13440,16.4090,15.2940,5000,0.2978
,CHECKPOINT BATCH 13440,16.4090,,,
,CHECKPOINT BATCH 13445,10.2959,,,
,CHECKPOINT BATCH 13450,20.7794,,,
,CHECKPOINT BATCH 13455,11.8833,,,
18:28:08,13458,15.2831,14.7020,5000,0.2973
,CHECKPOINT BATCH 13460,13.6023,,,
,CHECKPOINT BATCH 13465,19.2714,,,
,CHECKPOINT BATCH 13470,17.9495,,,
,CHECKPOINT BATCH 13475,12.6771,,,
18:28:10,13476,14.3745,14.8915,5000,0.2969
,CHECKPOINT BATCH 13480,12.6170,,,
,CHECKPOINT BATCH 13485,24.2230,,,
,CHECKPOINT BATCH 13490,11.0225,,,
18:28:12,13494,13.2861,14.6035,5000,0.2964
,CHECKPOINT BATCH 13495,12.9573,,,
,CHECKPOINT BATCH 13500,12.1653,,,
,CHECKPOINT BATCH 13505,11.7006,,,
,CHECKPOINT BATCH 13510,8.2374,,,
18:28:14,13512,17.2354,14.7505,5000,0.2960
,CHECKPOINT BATCH 13515,15.0362,,,
,CHECKPOINT BATCH 13520,13.0589,,,
18:28:16,13521,11.6890,14.1780,5000,0.2958
,CHECKPOINT BATCH 13525,16.3176,,,
,CHECKPOINT BATCH 13530,13.0891,,,
,CHECKPOINT BATCH 13535,11.6961,,,
18:28:18,13539,10.5292,13.1410,5000,0.2953
,CHECKPOINT BATCH 13540,9.4552,,,
,CHECKPOINT BATCH 13545,15.1466,,,
,CHECKPOINT BATCH 13550,12.2790,,,
,CHECKPOINT BATCH 13555,11.9922,,,
18:28:20,13557,15.2637,15.1865,5000,0.2949
,CHECKPOINT BATCH 13560,9.3449,,,
,CHECKPOINT BATCH 13565,11.6441,,,
18:28:22,13567,9.2784,14.4100,5000,0.2946
,CHECKPOINT BATCH 13570,10.3012,,,
,CHECKPOINT BATCH 13575,12.7605,,,
,CHECKPOINT BATCH 13580,8.6063,,,
18:28:25,13585,13.1901,13.2045,5000,0.2942
,CHECKPOINT BATCH 13585,13.1901,,,
,CHECKPOINT BATCH 13590,11.1485,,,
,CHECKPOINT BATCH 13595,11.0192,,,
,CHECKPOINT BATCH 13600,19.4167,,,
18:28:27,13603,11.9077,14.7310,5000,0.2938
,CHECKPOINT BATCH 13605,12.5724,,,
,CHECKPOINT BATCH 13610,13.5147,,,
,CHECKPOINT BATCH 13615,13.2377,,,
18:28:29,13616,14.2357,15.0225,5000,0.2934
,CHECKPOINT BATCH 13620,18.5682,,,
,CHECKPOINT BATCH 13625,22.5516,,,
,CHECKPOINT BATCH 13630,19.3020,,,
18:28:31,13634,15.4318,15.3250,5000,0.2930
,CHECKPOINT BATCH 13635,11.1860,,,
,CHECKPOINT BATCH 13640,14.3027,,,
,CHECKPOINT BATCH 13645,16.8601,,,
,CHECKPOINT BATCH 13650,14.2220,,,
18:28:34,13653,11.4639,15.1900,5000,0.2925
,CHECKPOINT BATCH 13655,10.6253,,,
,CHECKPOINT BATCH 13660,16.8991,,,
,CHECKPOINT BATCH 13665,14.3204,,,
18:28:37,13668,10.0657,15.5095,5000,0.2922
,CHECKPOINT BATCH 13670,12.8590,,,
,CHECKPOINT BATCH 13675,10.2076,,,
,CHECKPOINT BATCH 13680,16.8826,,,
,CHECKPOINT BATCH 13685,18.0195,,,
18:28:39,13686,14.7480,15.5265,5000,0.2917
,CHECKPOINT BATCH 13690,14.2379,,,
,CHECKPOINT BATCH 13695,12.0928,,,
18:28:41,13700,10.2032,15.2285,5000,0.2914
,CHECKPOINT BATCH 13700,10.2032,,,
,CHECKPOINT BATCH 13705,11.5825,,,
,CHECKPOINT BATCH 13710,11.0984,,,
,CHECKPOINT BATCH 13715,12.2571,,,
18:28:43,13718,14.5817,13.1285,5000,0.2910
,CHECKPOINT BATCH 13720,9.7149,,,
,CHECKPOINT BATCH 13725,8.8063,,,
,CHECKPOINT BATCH 13730,21.6304,,,
,CHECKPOINT BATCH 13735,13.8567,,,
18:28:46,13737,15.9974,13.2710,5000,0.2905
,CHECKPOINT BATCH 13740,11.0923,,,
,CHECKPOINT BATCH 13745,11.6823,,,
,CHECKPOINT BATCH 13750,15.9658,,,
18:28:48,13755,8.7282,12.8480,5000,0.2901
,CHECKPOINT BATCH 13755,8.7282,,,
,CHECKPOINT BATCH 13760,14.7454,,,
18:28:50,13762,16.9386,11.9155,5000,0.2899
,CHECKPOINT BATCH 13765,11.7594,,,
,CHECKPOINT BATCH 13770,10.0095,,,
,CHECKPOINT BATCH 13775,9.3470,,,
18:28:52,13780,9.6893,13.7280,5000,0.2895
,CHECKPOINT BATCH 13780,9.6893,,,
,CHECKPOINT BATCH 13785,10.2540,,,
,CHECKPOINT BATCH 13790,12.0831,,,
,CHECKPOINT BATCH 13795,11.4103,,,
18:28:54,13798,16.4712,13.4170,5000,0.2890
,CHECKPOINT BATCH 13800,10.8683,,,
18:28:56,13805,13.6254,14.0130,5000,0.2889
,CHECKPOINT BATCH 13805,13.6254,,,
,CHECKPOINT BATCH 13810,13.2602,,,
,CHECKPOINT BATCH 13815,10.0624,,,
,CHECKPOINT BATCH 13820,12.0768,,,
18:28:58,13823,7.2626,14.0160,5000,0.2885
,CHECKPOINT BATCH 13825,14.9005,,,
,CHECKPOINT BATCH 13830,16.3348,,,
,CHECKPOINT BATCH 13835,12.0217,,,
,CHECKPOINT BATCH 13840,19.5495,,,
18:29:00,13842,8.5445,13.2475,5000,0.2880
,CHECKPOINT BATCH 13845,11.2514,,,
,CHECKPOINT BATCH 13850,12.2741,,,
,CHECKPOINT BATCH 13855,11.7234,,,
18:29:02,13860,18.2245,14.1890,5000,0.2876
,CHECKPOINT BATCH 13860,18.2245,,,
,CHECKPOINT BATCH 13865,14.2954,,,
,CHECKPOINT BATCH 13870,12.6479,,,
,CHECKPOINT BATCH 13875,10.1202,,,
18:29:04,13878,16.9828,14.8270,5000,0.2871
,CHECKPOINT BATCH 13880,11.9865,,,
18:29:06,13885,11.9839,13.4740,5000,0.2870
,CHECKPOINT BATCH 13885,11.9839,,,
,CHECKPOINT BATCH 13890,8.3994,,,
,CHECKPOINT BATCH 13895,17.0854,,,
,CHECKPOINT BATCH 13900,16.4031,,,
18:29:08,13903,13.3191,12.7040,5000,0.2866
,CHECKPOINT BATCH 13905,14.6719,,,
,CHECKPOINT BATCH 13910,10.5314,,,
,CHECKPOINT BATCH 13915,8.9212,,,
,CHECKPOINT BATCH 13920,15.3630,,,
18:29:10,13921,19.5270,14.4625,5000,0.2861
,CHECKPOINT BATCH 13925,12.6350,,,
,CHECKPOINT BATCH 13930,12.9068,,,
18:29:13,13931,12.5264,14.3095,5000,0.2859
,CHECKPOINT BATCH 13935,18.8889,,,
,CHECKPOINT BATCH 13940,17.8378,,,
,CHECKPOINT BATCH 13945,11.6491,,,
18:29:15,13949,14.4111,12.5215,5000,0.2855
,CHECKPOINT BATCH 13950,17.6061,,,
,CHECKPOINT BATCH 13955,8.9585,,,
,CHECKPOINT BATCH 13960,16.3147,,,
,CHECKPOINT BATCH 13965,10.2094,,,
18:29:17,13967,13.3337,11.5130,5000,0.2850
,CHECKPOINT BATCH 13970,10.5365,,,
,CHECKPOINT BATCH 13975,14.1657,,,
,CHECKPOINT BATCH 13980,13.2375,,,
18:29:19,13985,13.6645,11.5870,5000,0.2846
,CHECKPOINT BATCH 13985,13.6645,,,
,CHECKPOINT BATCH 13990,14.9322,,,
,CHECKPOINT BATCH 13995,18.1357,,,
,CHECKPOINT BATCH 14000,19.5870,,,
18:29:22,14003,11.5641,11.4310,5000,0.2842
,CHECKPOINT BATCH 14005,14.6563,,,
,CHECKPOINT BATCH 14010,15.3957,,,
,CHECKPOINT BATCH 14015,15.0856,,,
,CHECKPOINT BATCH 14020,15.6746,,,
18:29:24,14021,14.0107,8.9135,5000,0.2838
,CHECKPOINT BATCH 14025,11.0849,,,
,CHECKPOINT BATCH 14030,11.3602,,,
,CHECKPOINT BATCH 14035,9.3432,,,
18:29:26,14039,9.9302,7.5690,5000,0.2834
,CHECKPOINT BATCH 14040,18.5547,,,
,CHECKPOINT BATCH 14045,15.9974,,,
,CHECKPOINT BATCH 14050,14.9545,,,
,CHECKPOINT BATCH 14055,14.4167,,,
18:29:29,14058,11.5675,6.1610,5000,0.2829
,CHECKPOINT BATCH 14060,16.0784,,,
,CHECKPOINT BATCH 14065,18.3272,,,
,CHECKPOINT BATCH 14070,11.0960,,,
,CHECKPOINT BATCH 14075,14.1263,,,
18:29:31,14076,10.1936,4.0450,5000,0.2825
,CHECKPOINT BATCH 14080,13.0102,,,
,CHECKPOINT BATCH 14085,10.5911,,,
,CHECKPOINT BATCH 14090,12.1746,,,
18:29:33,14095,17.3726,1.4375,5000,0.2821
,CHECKPOINT BATCH 14095,17.3726,,,
,CHECKPOINT BATCH 14100,16.1473,,,
,CHECKPOINT BATCH 14105,9.5355,,,
,CHECKPOINT BATCH 14110,11.1506,,,
18:29:35,14114,11.2152,0.3240,5000,0.2816
,CHECKPOINT BATCH 14115,14.8666,,,
,CHECKPOINT BATCH 14120,8.1444,,,
18:29:37,14125,19.1372,-0.0290,5000,0.2814
,CHECKPOINT BATCH 14125,19.1372,,,
,CHECKPOINT BATCH 14130,10.5612,,,
,CHECKPOINT BATCH 14135,10.1151,,,
,CHECKPOINT BATCH 14140,13.7032,,,
18:29:39,14143,10.5548,2.2570,5000,0.2809
,CHECKPOINT BATCH 14145,11.6173,,,
,CHECKPOINT BATCH 14150,10.2990,,,
,CHECKPOINT BATCH 14155,10.6186,,,
,CHECKPOINT BATCH 14160,9.8849,,,
18:29:42,14161,10.6523,5.8030,5000,0.2805
,CHECKPOINT BATCH 14165,11.3109,,,
,CHECKPOINT BATCH 14170,8.5052,,,
,CHECKPOINT BATCH 14175,9.9492,,,
18:29:44,14179,17.8433,8.1155,5000,0.2801
,CHECKPOINT BATCH 14180,9.0350,,,
,CHECKPOINT BATCH 14185,9.7903,,,
,CHECKPOINT BATCH 14190,7.7937,,,
,CHECKPOINT BATCH 14195,11.9240,,,
18:29:46,14197,14.9306,9.9775,5000,0.2797
,CHECKPOINT BATCH 14200,11.3681,,,
,CHECKPOINT BATCH 14205,10.1760,,,
,CHECKPOINT BATCH 14210,12.0097,,,
18:29:48,14215,14.4718,10.4305,5000,0.2793
,CHECKPOINT BATCH 14215,14.4718,,,
,CHECKPOINT BATCH 14220,17.8800,,,
18:29:50,14221,13.1021,10.4350,5000,0.2791
,CHECKPOINT BATCH 14225,8.0147,,,
,CHECKPOINT BATCH 14230,18.8226,,,
,CHECKPOINT BATCH 14235,11.5617,,,
18:29:52,14239,13.4181,10.0025,5000,0.2787
,CHECKPOINT BATCH 14240,12.6863,,,
,CHECKPOINT BATCH 14245,10.3485,,,
,CHECKPOINT BATCH 14250,15.7243,,,
,CHECKPOINT BATCH 14255,13.0240,,,
18:29:54,14257,7.4187,7.7515,5000,0.2783
,CHECKPOINT BATCH 14260,9.2516,,,
,CHECKPOINT BATCH 14265,15.7005,,,
,CHECKPOINT BATCH 14270,14.4848,,,
,CHECKPOINT BATCH 14275,10.7696,,,
18:29:56,14276,9.9608,6.5705,5000,0.2779
,CHECKPOINT BATCH 14280,11.1230,,,
,CHECKPOINT BATCH 14285,14.8325,,,
,CHECKPOINT BATCH 14290,13.2365,,,
18:29:58,14294,11.8619,5.3425,5000,0.2775
,CHECKPOINT BATCH 14295,13.8575,,,
,CHECKPOINT BATCH 14300,12.4551,,,
,CHECKPOINT BATCH 14305,11.2926,,,
,CHECKPOINT BATCH 14310,8.8958,,,
18:30:00,14312,14.0995,5.7290,5000,0.2771
,CHECKPOINT BATCH 14315,15.1431,,,
,CHECKPOINT BATCH 14320,11.9198,,,
,CHECKPOINT BATCH 14325,12.0104,,,
,CHECKPOINT BATCH 14330,8.3860,,,
18:30:02,14331,15.0477,5.5730,5000,0.2766
,CHECKPOINT BATCH 14335,12.6358,,,
,CHECKPOINT BATCH 14340,9.9851,,,
,CHECKPOINT BATCH 14345,13.7669,,,
18:30:04,14349,12.5199,4.4605,5000,0.2762
,CHECKPOINT BATCH 14350,13.0924,,,
,CHECKPOINT BATCH 14355,9.7317,,,
,CHECKPOINT BATCH 14360,10.8954,,,
,CHECKPOINT BATCH 14365,10.2696,,,
18:30:06,14367,11.1547,3.3895,5000,0.2758
,CHECKPOINT BATCH 14370,14.8870,,,
,CHECKPOINT BATCH 14375,10.8212,,,
,CHECKPOINT BATCH 14380,14.8888,,,
18:30:08,14385,17.9674,2.0450,5000,0.2754
,CHECKPOINT BATCH 14385,17.9674,,,
,CHECKPOINT BATCH 14390,14.8660,,,
,CHECKPOINT BATCH 14395,12.5135,,,
,CHECKPOINT BATCH 14400,12.5986,,,
18:30:10,14403,10.2600,1.2885,5000,0.2750
,CHECKPOINT BATCH 14405,10.7802,,,
,CHECKPOINT BATCH 14410,12.0342,,,
,CHECKPOINT BATCH 14415,8.0756,,,
,CHECKPOINT BATCH 14420,9.9431,,,
18:30:12,14422,8.3339,0.6795,5000,0.2746
,CHECKPOINT BATCH 14425,8.8179,,,
,CHECKPOINT BATCH 14430,9.5396,,,
,CHECKPOINT BATCH 14435,11.5417,,,
,CHECKPOINT BATCH 14440,12.7730,,,
18:30:14,14441,12.3206,0.1930,5000,0.2742
,CHECKPOINT BATCH 14445,13.0258,,,
,CHECKPOINT BATCH 14450,12.1059,,,
,CHECKPOINT BATCH 14455,11.3953,,,
18:30:16,14459,10.8461,0.1355,5000,0.2738
,CHECKPOINT BATCH 14460,9.7453,,,
,CHECKPOINT BATCH 14465,17.4355,,,
,CHECKPOINT BATCH 14470,12.1625,,,
,CHECKPOINT BATCH 14475,12.6962,,,
18:30:19,14478,11.2906,0.0645,5000,0.2733
,CHECKPOINT BATCH 14480,13.7845,,,
,CHECKPOINT BATCH 14485,10.1340,,,
,CHECKPOINT BATCH 14490,7.6179,,,
18:30:21,14491,16.8764,0.0295,5000,0.2730
,CHECKPOINT BATCH 14495,8.7698,,,
,CHECKPOINT BATCH 14500,8.7637,,,
,CHECKPOINT BATCH 14505,9.1789,,,
18:30:23,14509,12.5950,1.5385,5000,0.2726
,CHECKPOINT BATCH 14510,7.9888,,,
,CHECKPOINT BATCH 14515,12.4110,,,
18:30:26,14517,12.3930,2.5690,5000,0.2725
,CHECKPOINT BATCH 14520,9.1501,,,
,CHECKPOINT BATCH 14525,9.5295,,,
,CHECKPOINT BATCH 14530,11.2969,,,
18:30:28,14535,9.4107,3.8535,5000,0.2721
,CHECKPOINT BATCH 14535,9.4107,,,
,CHECKPOINT BATCH 14540,12.4430,,,
,CHECKPOINT BATCH 14545,11.2754,,,
,CHECKPOINT BATCH 14550,14.2488,,,
18:30:30,14554,11.7749,6.3175,5000,0.2716
,CHECKPOINT BATCH 14555,9.8501,,,
,CHECKPOINT BATCH 14560,7.7205,,,
,CHECKPOINT BATCH 14565,14.5465,,,
,CHECKPOINT BATCH 14570,12.8181,,,
18:30:32,14572,14.9356,9.0830,5000,0.2712
,CHECKPOINT BATCH 14575,11.5760,,,
,CHECKPOINT BATCH 14580,11.7149,,,
,CHECKPOINT BATCH 14585,13.7233,,,
18:30:34,14590,15.8622,10.6215,5000,0.2708
,CHECKPOINT BATCH 14590,15.8622,,,
,CHECKPOINT BATCH 14595,7.2791,,,
,CHECKPOINT BATCH 14600,11.0552,,,
,CHECKPOINT BATCH 14605,9.4433,,,
18:30:36,14607,10.0058,10.1060,5000,0.2705
,CHECKPOINT BATCH 14610,12.9367,,,
,CHECKPOINT BATCH 14615,7.2654,,,
18:30:38,14616,15.8897,9.0535,5000,0.2703
,CHECKPOINT BATCH 14620,15.1427,,,
,CHECKPOINT BATCH 14625,11.8039,,,
,CHECKPOINT BATCH 14630,12.4668,,,
18:30:40,14634,12.5159,9.3475,5000,0.2699
,CHECKPOINT BATCH 14635,9.1913,,,
,CHECKPOINT BATCH 14640,11.9845,,,
,CHECKPOINT BATCH 14645,6.9135,,,
18:30:43,14647,7.6290,8.7160,5000,0.2696
,CHECKPOINT BATCH 14650,12.8816,,,
,CHECKPOINT BATCH 14655,11.8350,,,
,CHECKPOINT BATCH 14660,12.1420,,,
18:30:45,14665,10.5201,8.5985,5000,0.2692
,CHECKPOINT BATCH 14665,10.5201,,,
,CHECKPOINT BATCH 14670,12.7199,,,
,CHECKPOINT BATCH 14675,10.0163,,,
18:30:48,14678,11.6041,8.7340,5000,0.2689
,CHECKPOINT BATCH 14680,17.9197,,,
,CHECKPOINT BATCH 14685,10.6837,,,
,CHECKPOINT BATCH 14690,10.0959,,,
,CHECKPOINT BATCH 14695,13.1861,,,
18:30:50,14696,19.2319,9.8345,5000,0.2685
,CHECKPOINT BATCH 14700,11.3736,,,
,CHECKPOINT BATCH 14705,9.3838,,,
,CHECKPOINT BATCH 14710,10.8985,,,
18:30:52,14714,10.6373,11.2350,5000,0.2681
,CHECKPOINT BATCH 14715,10.7017,,,
,CHECKPOINT BATCH 14720,23.4579,,,
,CHECKPOINT BATCH 14725,9.5409,,,
,CHECKPOINT BATCH 14730,10.7441,,,
18:30:54,14732,10.6581,12.3930,5000,0.2677
,CHECKPOINT BATCH 14735,9.8511,,,
,CHECKPOINT BATCH 14740,13.2101,,,
,CHECKPOINT BATCH 14745,11.3789,,,
18:30:56,14750,7.1274,12.0745,5000,0.2673
,CHECKPOINT BATCH 14750,7.1274,,,
,CHECKPOINT BATCH 14755,8.9653,,,
,CHECKPOINT BATCH 14760,14.0296,,,
,CHECKPOINT BATCH 14765,9.8679,,,
18:30:58,14768,12.0197,9.0040,5000,0.2669
,CHECKPOINT BATCH 14770,12.5047,,,
,CHECKPOINT BATCH 14775,8.5575,,,
,CHECKPOINT BATCH 14780,10.5572,,,
,CHECKPOINT BATCH 14785,16.4064,,,
18:31:02,14787,11.7703,6.9985,5000,0.2665
,CHECKPOINT BATCH 14790,9.9099,,,
,CHECKPOINT BATCH 14795,12.3828,,,
,CHECKPOINT BATCH 14800,10.5058,,,
18:31:04,14805,13.0729,5.9750,5000,0.2661
,CHECKPOINT BATCH 14805,13.0729,,,
,CHECKPOINT BATCH 14810,12.0553,,,
,CHECKPOINT BATCH 14815,12.9485,,,
,CHECKPOINT BATCH 14820,7.0095,,,
18:31:06,14823,8.3224,5.7150,5000,0.2658
,CHECKPOINT BATCH 14825,15.7970,,,
,CHECKPOINT BATCH 14830,14.3013,,,
,CHECKPOINT BATCH 14835,12.1650,,,
,CHECKPOINT BATCH 14840,9.6284,,,
18:31:08,14841,19.4170,6.8355,5000,0.2654
,CHECKPOINT BATCH 14845,12.2449,,,
,CHECKPOINT BATCH 14850,10.0429,,,
18:31:10,14853,8.9016,7.7650,5000,0.2651
,CHECKPOINT BATCH 14855,13.7357,,,
,CHECKPOINT BATCH 14860,9.4785,,,
,CHECKPOINT BATCH 14865,14.8303,,,
,CHECKPOINT BATCH 14870,8.5363,,,
18:31:12,14871,8.4083,9.5050,5000,0.2647
,CHECKPOINT BATCH 14875,11.1130,,,
,CHECKPOINT BATCH 14880,13.0173,,,
,CHECKPOINT BATCH 14885,15.8983,,,
18:31:15,14890,12.7763,13.0010,5000,0.2643
,CHECKPOINT BATCH 14890,12.7763,,,
,CHECKPOINT BATCH 14895,18.5730,,,
,CHECKPOINT BATCH 14900,16.6784,,,
,CHECKPOINT BATCH 14905,16.8125,,,
18:31:17,14908,9.1922,14.1770,5000,0.2639
,CHECKPOINT BATCH 14910,11.8800,,,
,CHECKPOINT BATCH 14915,16.2350,,,
18:31:19,14920,11.4880,13.9870,5000,0.2637
,CHECKPOINT BATCH 14920,11.4880,,,
,CHECKPOINT BATCH 14925,22.6952,,,
,CHECKPOINT BATCH 14930,14.3222,,,
,CHECKPOINT BATCH 14935,12.3931,,,
18:31:21,14938,12.0807,12.7815,5000,0.2633
,CHECKPOINT BATCH 14940,13.2250,,,
,CHECKPOINT BATCH 14945,8.4591,,,
,CHECKPOINT BATCH 14950,9.7293,,,
,CHECKPOINT BATCH 14955,9.4605,,,
18:31:23,14956,15.1118,14.5970,5000,0.2629
,CHECKPOINT BATCH 14960,9.6755,,,
,CHECKPOINT BATCH 14965,10.9243,,,
,CHECKPOINT BATCH 14970,19.0099,,,
18:31:26,14971,10.5752,15.1795,5000,0.2626
,CHECKPOINT BATCH 14975,12.1350,,,
,CHECKPOINT BATCH 14980,15.2440,,,
,CHECKPOINT BATCH 14985,12.8498,,,
18:31:28,14989,8.4055,13.2675,5000,0.2622
,CHECKPOINT BATCH 14990,13.2017,,,
,CHECKPOINT BATCH 14995,15.0311,,,
,CHECKPOINT BATCH 15000,9.7713,,,
,CHECKPOINT BATCH 15005,13.0453,,,
18:31:30,15007,9.2706,13.7485,5000,0.2618
,CHECKPOINT BATCH 15010,11.7772,,,
,CHECKPOINT BATCH 15015,13.5633,,,
,CHECKPOINT BATCH 15020,13.5950,,,
18:31:32,15025,22.1406,14.8055,5000,0.2614
,CHECKPOINT BATCH 15025,22.1406,,,
,CHECKPOINT BATCH 15030,9.6006,,,
,CHECKPOINT BATCH 15035,16.2503,,,
,CHECKPOINT BATCH 15040,19.4844,,,
18:31:35,15043,11.0521,15.2620,5000,0.2611
,CHECKPOINT BATCH 15045,16.6329,,,
18:31:37,15050,12.0085,13.7395,5000,0.2609
,CHECKPOINT BATCH 15050,12.0085,,,
,CHECKPOINT BATCH 15055,14.5034,,,
,CHECKPOINT BATCH 15060,11.2362,,,
,CHECKPOINT BATCH 15065,9.6753,,,
18:31:39,15068,13.3648,12.8465,5000,0.2605
,CHECKPOINT BATCH 15070,12.0688,,,
,CHECKPOINT BATCH 15075,9.0505,,,
,CHECKPOINT BATCH 15080,8.5338,,,
,CHECKPOINT BATCH 15085,13.4364,,,
18:31:41,15086,13.2294,15.2170,5000,0.2602
,CHECKPOINT BATCH 15090,13.2695,,,
18:31:43,15093,16.9842,14.7325,5000,0.2600
,CHECKPOINT BATCH 15095,16.4172,,,
,CHECKPOINT BATCH 15100,11.5398,,,
,CHECKPOINT BATCH 15105,17.1423,,,
,CHECKPOINT BATCH 15110,11.5676,,,
18:31:45,15111,13.4811,13.8170,5000,0.2596
,CHECKPOINT BATCH 15115,12.3729,,,
18:31:47,15118,18.7382,13.3435,5000,0.2595
,CHECKPOINT BATCH 15120,10.0719,,,
,CHECKPOINT BATCH 15125,12.2591,,,
,CHECKPOINT BATCH 15130,16.6297,,,
,CHECKPOINT BATCH 15135,16.7680,,,
18:31:49,15136,9.4632,12.4665,5000,0.2591
,CHECKPOINT BATCH 15140,15.9836,,,
,CHECKPOINT BATCH 15145,12.6652,,,
18:31:51,15146,10.4567,12.1445,5000,0.2589
,CHECKPOINT BATCH 15150,18.0128,,,
,CHECKPOINT BATCH 15155,10.8236,,,
,CHECKPOINT BATCH 15160,12.3327,,,
18:31:54,15164,13.0224,11.5375,5000,0.2585
,CHECKPOINT BATCH 15165,8.2537,,,
,CHECKPOINT BATCH 15170,11.1472,,,
,CHECKPOINT BATCH 15175,10.1574,,,
,CHECKPOINT BATCH 15180,10.6639,,,
18:31:56,15182,9.7490,10.8985,5000,0.2582
,CHECKPOINT BATCH 15185,15.1253,,,
,CHECKPOINT BATCH 15190,11.0827,,,
,CHECKPOINT BATCH 15195,8.0805,,,
18:31:58,15200,10.3626,12.1225,5000,0.2578
,CHECKPOINT BATCH 15200,10.3626,,,
,CHECKPOINT BATCH 15205,13.6407,,,
18:32:00,15208,15.3582,11.2125,5000,0.2576
,CHECKPOINT BATCH 15210,13.7660,,,
,CHECKPOINT BATCH 15215,10.5489,,,
,CHECKPOINT BATCH 15220,20.5802,,,
,CHECKPOINT BATCH 15225,15.3982,,,
18:32:02,15226,10.6176,10.6490,5000,0.2572
,CHECKPOINT BATCH 15230,10.0643,,,
,CHECKPOINT BATCH 15235,11.6717,,,
,CHECKPOINT BATCH 15240,14.0332,,,
18:32:04,15244,9.6887,12.3135,5000,0.2569
,CHECKPOINT BATCH 15245,10.7879,,,
,CHECKPOINT BATCH 15250,8.2400,,,
,CHECKPOINT BATCH 15255,8.8738,,,
,CHECKPOINT BATCH 15260,13.6318,,,
18:32:06,15261,12.6864,14.3820,5000,0.2565
,CHECKPOINT BATCH 15265,9.8692,,,
,CHECKPOINT BATCH 15270,16.2891,,,
,CHECKPOINT BATCH 15275,10.7874,,,
18:32:08,15278,10.3369,13.3860,5000,0.2562
,CHECKPOINT BATCH 15280,10.4969,,,
,CHECKPOINT BATCH 15285,8.5394,,,
,CHECKPOINT BATCH 15290,10.2024,,,
,CHECKPOINT BATCH 15295,9.9234,,,
18:32:10,15296,8.1856,11.8360,5000,0.2558
,CHECKPOINT BATCH 15300,15.7005,,,
,CHECKPOINT BATCH 15305,10.5283,,,
,CHECKPOINT BATCH 15310,11.2482,,,
18:32:13,15314,7.5537,11.3305,5000,0.2554
,CHECKPOINT BATCH 15315,11.1053,,,
,CHECKPOINT BATCH 15320,13.0169,,,
,CHECKPOINT BATCH 15325,11.4592,,,
,CHECKPOINT BATCH 15330,8.1142,,,
18:32:15,15332,12.0969,11.1950,5000,0.2551
,CHECKPOINT BATCH 15335,8.9534,,,
,CHECKPOINT BATCH 15340,13.7566,,,
,CHECKPOINT BATCH 15345,11.4981,,,
18:32:17,15350,12.0378,9.8705,5000,0.2547
,CHECKPOINT BATCH 15350,12.0378,,,
,CHECKPOINT BATCH 15355,8.1281,,,
,CHECKPOINT BATCH 15360,8.4535,,,
,CHECKPOINT BATCH 15365,15.5368,,,
18:32:19,15368,11.6303,10.8420,5000,0.2543
,CHECKPOINT BATCH 15370,18.9151,,,
18:32:22,15375,16.1656,10.2220,5000,0.2542
,CHECKPOINT BATCH 15375,16.1656,,,
,CHECKPOINT BATCH 15380,15.0576,,,
,CHECKPOINT BATCH 15385,14.1507,,,
,CHECKPOINT BATCH 15390,11.9536,,,
18:32:24,15393,11.1653,11.0320,5000,0.2538
,CHECKPOINT BATCH 15395,12.3992,,,
,CHECKPOINT BATCH 15400,10.7677,,,
,CHECKPOINT BATCH 15405,9.9176,,,
,CHECKPOINT BATCH 15410,10.2397,,,
18:32:26,15411,10.4209,12.9820,5000,0.2534
,CHECKPOINT BATCH 15415,10.3079,,,
,CHECKPOINT BATCH 15420,7.7665,,,
,CHECKPOINT BATCH 15425,7.5333,,,
18:32:28,15428,9.1435,14.3000,5000,0.2531
,CHECKPOINT BATCH 15430,13.9394,,,
,CHECKPOINT BATCH 15435,13.3897,,,
,CHECKPOINT BATCH 15440,18.9368,,,
,CHECKPOINT BATCH 15445,14.2026,,,
18:32:30,15446,11.8639,13.1745,5000,0.2527
,CHECKPOINT BATCH 15450,9.2258,,,
18:32:32,15453,8.6805,11.9430,5000,0.2526
,CHECKPOINT BATCH 15455,13.9188,,,
,CHECKPOINT BATCH 15460,12.2140,,,
,CHECKPOINT BATCH 15465,18.6729,,,
,CHECKPOINT BATCH 15470,11.1839,,,
18:32:34,15472,6.6208,11.6175,5000,0.2522
,CHECKPOINT BATCH 15475,12.5168,,,
,CHECKPOINT BATCH 15480,10.5319,,,
,CHECKPOINT BATCH 15485,9.4578,,,
18:32:36,15490,6.6009,13.2680,5000,0.2518
,CHECKPOINT BATCH 15490,6.6009,,,
,CHECKPOINT BATCH 15495,10.3441,,,
,CHECKPOINT BATCH 15500,10.2970,,,
,CHECKPOINT BATCH 15505,5.3854,,,
18:32:38,15508,16.8986,13.3535,5000,0.2515
,CHECKPOINT BATCH 15510,10.7851,,,
,CHECKPOINT BATCH 15515,10.9134,,,
,CHECKPOINT BATCH 15520,10.0364,,,
18:32:41,15523,10.8307,12.6060,5000,0.2512
,CHECKPOINT BATCH 15525,9.3881,,,
,CHECKPOINT BATCH 15530,7.5188,,,
,CHECKPOINT BATCH 15535,12.6736,,,
18:32:43,15540,22.3268,13.4080,5000,0.2508
,CHECKPOINT BATCH 15540,22.3268,,,
,CHECKPOINT BATCH 15545,12.0755,,,
,CHECKPOINT BATCH 15550,9.9922,,,
,CHECKPOINT BATCH 15555,7.9442,,,
18:32:45,15558,13.0830,15.5520,5000,0.2505
,CHECKPOINT BATCH 15560,10.6831,,,
,CHECKPOINT BATCH 15565,12.1938,,,
,CHECKPOINT BATCH 15570,14.7233,,,
18:32:48,15573,9.9025,14.9425,5000,0.2502
,CHECKPOINT BATCH 15575,10.4388,,,
,CHECKPOINT BATCH 15580,9.9793,,,
,CHECKPOINT BATCH 15585,14.6621,,,
,CHECKPOINT BATCH 15590,9.6756,,,
18:32:50,15591,7.7240,12.9835,5000,0.2498
,CHECKPOINT BATCH 15595,9.8287,,,
,CHECKPOINT BATCH 15600,12.5912,,,
,CHECKPOINT BATCH 15605,8.2919,,,
18:32:52,15609,10.1118,13.2535,5000,0.2494
,CHECKPOINT BATCH 15610,12.3238,,,
,CHECKPOINT BATCH 15615,12.7252,,,
,CHECKPOINT BATCH 15620,14.8595,,,
,CHECKPOINT BATCH 15625,8.5032,,,
18:32:54,15627,12.6990,14.1885,5000,0.2491
,CHECKPOINT BATCH 15630,8.0648,,,
,CHECKPOINT BATCH 15635,8.7836,,,
,CHECKPOINT BATCH 15640,15.3366,,,
18:32:56,15645,7.6844,13.0845,5000,0.2487
,CHECKPOINT BATCH 15645,7.6844,,,
,CHECKPOINT BATCH 15650,11.4654,,,
,CHECKPOINT BATCH 15655,13.0419,,,
,CHECKPOINT BATCH 15660,15.5802,,,
18:32:58,15663,14.2288,10.6060,5000,0.2484
,CHECKPOINT BATCH 15665,10.7794,,,
,CHECKPOINT BATCH 15670,9.0133,,,
,CHECKPOINT BATCH 15675,9.5795,,,
,CHECKPOINT BATCH 15680,9.9964,,,
18:33:00,15681,6.6917,9.8230,5000,0.2480
,CHECKPOINT BATCH 15685,8.2145,,,
,CHECKPOINT BATCH 15690,17.3558,,,
,CHECKPOINT BATCH 15695,12.0824,,,
18:33:02,15700,8.3695,7.0880,5000,0.2476
,CHECKPOINT BATCH 15700,8.3695,,,
,CHECKPOINT BATCH 15705,19.9948,,,
,CHECKPOINT BATCH 15710,13.1001,,,
,CHECKPOINT BATCH 15715,15.6011,,,
18:33:04,15718,12.0241,4.0175,5000,0.2473
,CHECKPOINT BATCH 15720,9.5170,,,
,CHECKPOINT BATCH 15725,8.9705,,,
,CHECKPOINT BATCH 15730,7.8607,,,
,CHECKPOINT BATCH 15735,7.9792,,,
18:33:06,15736,8.5669,1.6200,5000,0.2469
,CHECKPOINT BATCH 15740,10.6292,,,
,CHECKPOINT BATCH 15745,12.6620,,,
,CHECKPOINT BATCH 15750,12.2290,,,
18:33:08,15754,9.6852,0.7575,5000,0.2466
,CHECKPOINT BATCH 15755,9.3178,,,
,CHECKPOINT BATCH 15760,12.9758,,,
,CHECKPOINT BATCH 15765,10.7132,,,
,CHECKPOINT BATCH 15770,11.3700,,,
18:33:11,15772,9.6070,0.1585,5000,0.2462
,CHECKPOINT BATCH 15775,9.3742,,,
,CHECKPOINT BATCH 15780,12.3905,,,
,CHECKPOINT BATCH 15785,9.7083,,,
18:33:13,15790,9.0254,0.1585,5000,0.2459
,CHECKPOINT BATCH 15790,9.0254,,,
,CHECKPOINT BATCH 15795,11.4195,,,
,CHECKPOINT BATCH 15800,8.1974,,,
,CHECKPOINT BATCH 15805,15.9732,,,
18:33:15,15809,8.6539,0.1800,5000,0.2455
,CHECKPOINT BATCH 15810,10.6263,,,
,CHECKPOINT BATCH 15815,9.2614,,,
,CHECKPOINT BATCH 15820,16.4523,,,
,CHECKPOINT BATCH 15825,13.1015,,,
18:33:17,15827,12.9530,0.1605,5000,0.2451
,CHECKPOINT BATCH 15830,10.9348,,,
,CHECKPOINT BATCH 15835,9.6507,,,
,CHECKPOINT BATCH 15840,12.9183,,,
18:33:19,15845,13.0806,0.1550,5000,0.2448
,CHECKPOINT BATCH 15845,13.0806,,,
,CHECKPOINT BATCH 15850,11.5096,,,
,CHECKPOINT BATCH 15855,16.1780,,,
,CHECKPOINT BATCH 15860,12.0791,,,
18:33:21,15863,10.9317,0.1550,5000,0.2444
,CHECKPOINT BATCH 15865,13.1858,,,
,CHECKPOINT BATCH 15870,11.0361,,,
,CHECKPOINT BATCH 15875,9.9233,,,
,CHECKPOINT BATCH 15880,7.9489,,,
18:33:23,15881,21.7913,0.1550,5000,0.2441
,CHECKPOINT BATCH 15885,14.2782,,,
,CHECKPOINT BATCH 15890,8.0400,,,
,CHECKPOINT BATCH 15895,13.6323,,,
18:33:25,15899,10.9361,0.4390,5000,0.2437
,CHECKPOINT BATCH 15900,13.3058,,,
,CHECKPOINT BATCH 15905,16.5342,,,
,CHECKPOINT BATCH 15910,11.5621,,,
,CHECKPOINT BATCH 15915,13.4988,,,
18:33:27,15917,15.1408,1.0565,5000,0.2434
,CHECKPOINT BATCH 15920,10.8685,,,
18:33:29,15924,9.4577,1.0615,5000,0.2433
,CHECKPOINT BATCH 15925,9.1051,,,
,CHECKPOINT BATCH 15930,11.7360,,,
,CHECKPOINT BATCH 15935,8.9185,,,
,CHECKPOINT BATCH 15940,10.8815,,,
18:33:31,15942,10.3235,4.2370,5000,0.2429
,CHECKPOINT BATCH 15945,11.8137,,,
,CHECKPOINT BATCH 15950,15.0430,,,
,CHECKPOINT BATCH 15955,17.7000,,,
18:33:33,15960,10.2952,7.4450,5000,0.2426
,CHECKPOINT BATCH 15960,10.2952,,,
,CHECKPOINT BATCH 15965,7.9650,,,
18:33:36,15970,10.3487,8.3410,5000,0.2424
,CHECKPOINT BATCH 15970,10.3487,,,
,CHECKPOINT BATCH 15975,9.8200,,,
,CHECKPOINT BATCH 15980,8.8218,,,
,CHECKPOINT BATCH 15985,14.8635,,,
18:33:38,15988,10.7331,10.0560,5000,0.2420
,CHECKPOINT BATCH 15990,13.7443,,,
,CHECKPOINT BATCH 15995,11.2539,,,
,CHECKPOINT BATCH 16000,13.2948,,,
,CHECKPOINT BATCH 16005,11.5670,,,
18:33:40,16006,12.3135,12.6645,5000,0.2417
,CHECKPOINT BATCH 16010,14.8417,,,
,CHECKPOINT BATCH 16015,12.6622,,,
,CHECKPOINT BATCH 16020,10.1210,,,
18:33:42,16024,9.8305,15.2750,5000,0.2413
,CHECKPOINT BATCH 16025,9.0599,,,
18:33:44,16030,10.3711,14.8210,5000,0.2412
,CHECKPOINT BATCH 16030,10.3711,,,
,CHECKPOINT BATCH 16035,15.2129,,,
,CHECKPOINT BATCH 16040,10.5141,,,
,CHECKPOINT BATCH 16045,16.6981,,,
18:33:46,16048,10.5295,13.4665,5000,0.2409
,CHECKPOINT BATCH 16050,10.4449,,,
,CHECKPOINT BATCH 16055,8.5908,,,
,CHECKPOINT BATCH 16060,10.8484,,,
,CHECKPOINT BATCH 16065,9.7958,,,
18:33:48,16066,12.6705,13.1450,5000,0.2405
,CHECKPOINT BATCH 16070,13.9504,,,
,CHECKPOINT BATCH 16075,12.5559,,,
,CHECKPOINT BATCH 16080,11.4856,,,
18:33:51,16082,12.4304,14.1915,5000,0.2402
,CHECKPOINT BATCH 16085,13.4144,,,
,CHECKPOINT BATCH 16090,12.5915,,,
,CHECKPOINT BATCH 16095,8.2571,,,
18:33:53,16100,13.3191,13.2945,5000,0.2399
,CHECKPOINT BATCH 16100,13.3191,,,
,CHECKPOINT BATCH 16105,10.2027,,,
,CHECKPOINT BATCH 16110,12.4983,,,
,CHECKPOINT BATCH 16115,12.1897,,,
18:33:55,16118,13.7590,12.7270,5000,0.2396
,CHECKPOINT BATCH 16120,14.2393,,,
,CHECKPOINT BATCH 16125,16.0205,,,
,CHECKPOINT BATCH 16130,9.7420,,,
,CHECKPOINT BATCH 16135,13.3443,,,
18:33:57,16136,11.2575,14.5355,5000,0.2392
,CHECKPOINT BATCH 16140,9.1293,,,
18:33:59,16143,10.9627,13.3295,5000,0.2391
,CHECKPOINT BATCH 16145,11.5371,,,
,CHECKPOINT BATCH 16150,9.6758,,,
,CHECKPOINT BATCH 16155,14.8469,,,
,CHECKPOINT BATCH 16160,12.4377,,,
18:34:01,16161,17.6522,13.6550,5000,0.2387
,CHECKPOINT BATCH 16165,10.2548,,,
18:34:03,16169,12.2660,13.0245,5000,0.2386
,CHECKPOINT BATCH 16170,8.2389,,,
,CHECKPOINT BATCH 16175,8.5673,,,
,CHECKPOINT BATCH 16180,15.9819,,,
,CHECKPOINT BATCH 16185,13.3976,,,
18:34:05,16187,9.7034,13.3390,5000,0.2382
,CHECKPOINT BATCH 16190,15.2110,,,
,CHECKPOINT BATCH 16195,13.7111,,,
,CHECKPOINT BATCH 16200,10.9108,,,
,CHECKPOINT BATCH 16205,14.7616,,,
18:34:08,16206,11.7465,14.0760,5000,0.2379
,CHECKPOINT BATCH 16210,14.0633,,,
,CHECKPOINT BATCH 16215,13.6151,,,
,CHECKPOINT BATCH 16220,8.9446,,,
18:34:10,16224,10.5915,13.5370,5000,0.2376
,CHECKPOINT BATCH 16225,11.8934,,,
,CHECKPOINT BATCH 16230,12.0480,,,
18:34:12,16231,8.8066,12.4755,5000,0.2374
,CHECKPOINT BATCH 16235,19.8935,,,
,CHECKPOINT BATCH 16240,15.0848,,,
,CHECKPOINT BATCH 16245,12.4114,,,
18:34:14,16249,12.5398,14.2805,5000,0.2371
,CHECKPOINT BATCH 16250,17.6929,,,
,CHECKPOINT BATCH 16255,10.0299,,,
18:34:16,16260,11.6615,14.4330,5000,0.2369
,CHECKPOINT BATCH 16260,11.6615,,,
,CHECKPOINT BATCH 16265,10.9465,,,
,CHECKPOINT BATCH 16270,14.2671,,,
,CHECKPOINT BATCH 16275,21.1127,,,
18:34:18,16278,15.6641,14.7740,5000,0.2365
,CHECKPOINT BATCH 16280,9.3879,,,
,CHECKPOINT BATCH 16285,14.0488,,,
,CHECKPOINT BATCH 16290,10.7555,,,
18:34:22,16294,15.9457,14.9590,5000,0.2362
,CHECKPOINT BATCH 16295,11.0637,,,
,CHECKPOINT BATCH 16300,13.9738,,,
,CHECKPOINT BATCH 16305,15.5761,,,
,CHECKPOINT BATCH 16310,15.3465,,,
18:34:24,16312,12.9712,13.4765,5000,0.2359
,CHECKPOINT BATCH 16315,17.9610,,,
,CHECKPOINT BATCH 16320,15.9717,,,
,CHECKPOINT BATCH 16325,7.8149,,,
18:34:26,16330,17.5961,15.4425,5000,0.2356
,CHECKPOINT BATCH 16330,17.5961,,,
,CHECKPOINT BATCH 16335,10.5783,,,
,CHECKPOINT BATCH 16340,8.5431,,,
,CHECKPOINT BATCH 16345,9.4971,,,
18:34:28,16348,10.7155,14.8045,5000,0.2352
,CHECKPOINT BATCH 16350,10.8933,,,
,CHECKPOINT BATCH 16355,12.6192,,,
,CHECKPOINT BATCH 16360,17.8494,,,
,CHECKPOINT BATCH 16365,15.8699,,,
18:34:30,16366,11.4479,14.7710,5000,0.2349
,CHECKPOINT BATCH 16370,12.6771,,,
,CHECKPOINT BATCH 16375,10.9638,,,
,CHECKPOINT BATCH 16380,10.4035,,,
18:34:32,16384,10.2895,15.0860,5000,0.2346
,CHECKPOINT BATCH 16385,8.7807,,,
,CHECKPOINT BATCH 16390,8.2066,,,
18:34:34,16391,12.4408,13.8605,5000,0.2344
,CHECKPOINT BATCH 16395,7.9685,,,
,CHECKPOINT BATCH 16400,11.9109,,,
,CHECKPOINT BATCH 16405,9.1543,,,
18:34:36,16409,9.4250,13.5475,5000,0.2341
,CHECKPOINT BATCH 16410,11.8533,,,
,CHECKPOINT BATCH 16415,9.9540,,,
,CHECKPOINT BATCH 16420,16.6557,,,
,CHECKPOINT BATCH 16425,12.0282,,,
18:34:38,16427,12.7402,10.6075,5000,0.2338
,CHECKPOINT BATCH 16430,10.9625,,,
,CHECKPOINT BATCH 16435,6.8105,,,
,CHECKPOINT BATCH 16440,11.2048,,,
18:34:40,16445,8.9317,8.0030,5000,0.2335
,CHECKPOINT BATCH 16445,8.9317,,,
,CHECKPOINT BATCH 16450,11.9045,,,
,CHECKPOINT BATCH 16455,12.3233,,,
,CHECKPOINT BATCH 16460,8.9648,,,
18:34:42,16463,11.6952,5.7075,5000,0.2331
,CHECKPOINT BATCH 16465,11.0085,,,
,CHECKPOINT BATCH 16470,12.8861,,,
,CHECKPOINT BATCH 16475,16.7806,,,
,CHECKPOINT BATCH 16480,10.1516,,,
18:34:44,16481,11.2361,3.9665,5000,0.2328
,CHECKPOINT BATCH 16485,9.8830,,,
,CHECKPOINT BATCH 16490,11.9580,,,
18:34:47,16495,10.7568,4.2310,5000,0.2325
,CHECKPOINT BATCH 16495,10.7568,,,
,CHECKPOINT BATCH 16500,15.9176,,,
,CHECKPOINT BATCH 16505,8.4580,,,
,CHECKPOINT BATCH 16510,12.0362,,,
18:34:49,16513,10.7385,3.9515,5000,0.2322
,CHECKPOINT BATCH 16515,11.2214,,,
,CHECKPOINT BATCH 16520,8.8962,,,
18:34:52,16525,15.2128,3.7990,5000,0.2320
,CHECKPOINT BATCH 16525,15.2128,,,
,CHECKPOINT BATCH 16530,18.1024,,,
,CHECKPOINT BATCH 16535,9.3227,,,
,CHECKPOINT BATCH 16540,10.7680,,,
18:34:54,16543,11.2503,5.2295,5000,0.2317
,CHECKPOINT BATCH 16545,12.7283,,,
,CHECKPOINT BATCH 16550,6.3210,,,
18:34:56,16552,11.2224,6.1390,5000,0.2315
,CHECKPOINT BATCH 16555,10.6833,,,
,CHECKPOINT BATCH 16560,11.8149,,,
,CHECKPOINT BATCH 16565,13.3843,,,
18:34:58,16570,16.1786,7.5475,5000,0.2312
,CHECKPOINT BATCH 16570,16.1786,,,
,CHECKPOINT BATCH 16575,9.2910,,,
18:35:00,16576,17.4621,7.5685,5000,0.2311
,CHECKPOINT BATCH 16580,12.7416,,,
,CHECKPOINT BATCH 16585,8.4131,,,
,CHECKPOINT BATCH 16590,5.6762,,,
18:35:02,16594,7.9256,7.7420,5000,0.2307
,CHECKPOINT BATCH 16595,7.6294,,,
,CHECKPOINT BATCH 16600,12.3141,,,
18:35:04,16601,8.8914,7.7425,5000,0.2306
,CHECKPOINT BATCH 16605,12.1959,,,
,CHECKPOINT BATCH 16610,8.7949,,,
,CHECKPOINT BATCH 16615,10.2994,,,
18:35:08,16619,14.0787,9.0725,5000,0.2303
,CHECKPOINT BATCH 16620,18.9671,,,
,CHECKPOINT BATCH 16625,7.9320,,,
,CHECKPOINT BATCH 16630,10.3870,,,
,CHECKPOINT BATCH 16635,8.3425,,,
18:35:10,16637,11.6250,9.4025,5000,0.2300
,CHECKPOINT BATCH 16640,9.4222,,,
,CHECKPOINT BATCH 16645,14.1847,,,
,CHECKPOINT BATCH 16650,10.7860,,,
18:35:12,16655,12.3270,10.6545,5000,0.2296
,CHECKPOINT BATCH 16655,12.3270,,,
,CHECKPOINT BATCH 16660,13.0627,,,
,CHECKPOINT BATCH 16665,13.6872,,,
,CHECKPOINT BATCH 16670,10.2984,,,
18:35:15,16673,17.7469,12.1845,5000,0.2293
,CHECKPOINT BATCH 16675,13.9507,,,
,CHECKPOINT BATCH 16680,9.6276,,,
,CHECKPOINT BATCH 16685,15.2358,,,
,CHECKPOINT BATCH 16690,16.0719,,,
18:35:17,16691,13.8010,12.5065,5000,0.2290
,CHECKPOINT BATCH 16695,10.2613,,,
,CHECKPOINT BATCH 16700,18.5141,,,
,CHECKPOINT BATCH 16705,13.1852,,,
18:35:19,16709,10.6883,13.4025,5000,0.2287
,CHECKPOINT BATCH 16710,9.7487,,,
,CHECKPOINT BATCH 16715,10.6803,,,
,CHECKPOINT BATCH 16720,14.4118,,,
,CHECKPOINT BATCH 16725,18.4230,,,
18:35:21,16727,12.3534,14.4745,5000,0.2284
,CHECKPOINT BATCH 16730,10.8432,,,
,CHECKPOINT BATCH 16735,17.8118,,,
,CHECKPOINT BATCH 16740,15.3408,,,
18:35:23,16745,18.5788,13.4065,5000,0.2280
,CHECKPOINT BATCH 16745,18.5788,,,
,CHECKPOINT BATCH 16750,16.0615,,,
,CHECKPOINT BATCH 16755,16.8427,,,
,CHECKPOINT BATCH 16760,12.2643,,,
18:35:25,16763,17.5844,10.6520,5000,0.2277
,CHECKPOINT BATCH 16765,11.8400,,,
,CHECKPOINT BATCH 16770,11.7405,,,
,CHECKPOINT BATCH 16775,10.6618,,,
,CHECKPOINT BATCH 16780,15.8336,,,
18:35:27,16781,15.0896,9.3805,5000,0.2274
,CHECKPOINT BATCH 16785,9.6383,,,
,CHECKPOINT BATCH 16790,9.8325,,,
,CHECKPOINT BATCH 16795,9.6763,,,
18:35:29,16799,19.6122,7.8175,5000,0.2271
,CHECKPOINT BATCH 16800,13.8984,,,
,CHECKPOINT BATCH 16805,15.1811,,,
,CHECKPOINT BATCH 16810,19.8410,,,
,CHECKPOINT BATCH 16815,10.2961,,,
18:35:31,16817,12.4295,4.7365,5000,0.2268
,CHECKPOINT BATCH 16820,10.5460,,,
18:35:34,16825,9.6313,3.6620,5000,0.2266
,CHECKPOINT BATCH 16825,9.6313,,,
,CHECKPOINT BATCH 16830,15.2231,,,
,CHECKPOINT BATCH 16835,12.3595,,,
,CHECKPOINT BATCH 16840,14.4168,,,
18:35:36,16843,10.3885,3.6645,5000,0.2263
,CHECKPOINT BATCH 16845,11.2469,,,
,CHECKPOINT BATCH 16850,18.0482,,,
,CHECKPOINT BATCH 16855,12.5347,,,
,CHECKPOINT BATCH 16860,10.4812,,,
18:35:38,16861,9.6762,6.6730,5000,0.2260
,CHECKPOINT BATCH 16865,12.3998,,,
,CHECKPOINT BATCH 16870,16.9176,,,
,CHECKPOINT BATCH 16875,15.6755,,,
18:35:40,16879,14.6136,8.5250,5000,0.2257
,CHECKPOINT BATCH 16880,14.7239,,,
,CHECKPOINT BATCH 16885,9.6332,,,
,CHECKPOINT BATCH 16890,18.2883,,,
,CHECKPOINT BATCH 16895,12.3593,,,
18:35:42,16897,12.8301,8.9960,5000,0.2253
,CHECKPOINT BATCH 16900,14.1197,,,
,CHECKPOINT BATCH 16905,10.3455,,,
,CHECKPOINT BATCH 16910,13.0798,,,
18:35:44,16915,11.3309,11.4505,5000,0.2250
,CHECKPOINT BATCH 16915,11.3309,,,
,CHECKPOINT BATCH 16920,11.3139,,,
,CHECKPOINT BATCH 16925,13.4211,,,
,CHECKPOINT BATCH 16930,15.4385,,,
18:35:46,16933,11.7536,14.0440,5000,0.2247
,CHECKPOINT BATCH 16935,8.4697,,,
,CHECKPOINT BATCH 16940,11.0591,,,
,CHECKPOINT BATCH 16945,14.5565,,,
,CHECKPOINT BATCH 16950,14.0331,,,
18:35:48,16951,10.7148,13.2910,5000,0.2244
,CHECKPOINT BATCH 16955,16.8734,,,
18:35:50,16958,9.6050,11.9410,5000,0.2243
,CHECKPOINT BATCH 16960,12.3797,,,
,CHECKPOINT BATCH 16965,9.3809,,,
,CHECKPOINT BATCH 16970,11.7017,,,
,CHECKPOINT BATCH 16975,7.9219,,,
18:35:52,16976,11.9756,11.2230,5000,0.2240
,CHECKPOINT BATCH 16980,11.4856,,,
,CHECKPOINT BATCH 16985,12.8786,,,
,CHECKPOINT BATCH 16990,15.1926,,,
18:35:54,16994,16.5165,13.2380,5000,0.2237
,CHECKPOINT BATCH 16995,15.3507,,,
,CHECKPOINT BATCH 17000,9.6241,,,
,CHECKPOINT BATCH 17005,10.4087,,,
,CHECKPOINT BATCH 17010,13.9796,,,
18:35:56,17012,8.1988,13.8660,5000,0.2233
,CHECKPOINT BATCH 17015,9.0225,,,
18:35:58,17020,14.2558,12.7865,5000,0.2232
,CHECKPOINT BATCH 17020,14.2558,,,
,CHECKPOINT BATCH 17025,19.2742,,,
,CHECKPOINT BATCH 17030,11.6637,,,
,CHECKPOINT BATCH 17035,16.1194,,,
18:36:01,17038,10.7702,12.3430,5000,0.2229
,CHECKPOINT BATCH 17040,10.9125,,,
,CHECKPOINT BATCH 17045,11.3868,,,
,CHECKPOINT BATCH 17050,17.0760,,,
,CHECKPOINT BATCH 17055,19.3404,,,
18:36:03,17056,16.4844,14.3135,5000,0.2226
,CHECKPOINT BATCH 17060,13.0578,,,
,CHECKPOINT BATCH 17065,17.8775,,,
,CHECKPOINT BATCH 17070,12.2589,,,
18:36:05,17074,18.2225,15.0330,5000,0.2223
,CHECKPOINT BATCH 17075,10.9446,,,
,CHECKPOINT BATCH 17080,12.1347,,,
,CHECKPOINT BATCH 17085,9.7771,,,
,CHECKPOINT BATCH 17090,20.0792,,,
18:36:07,17092,10.8297,14.5660,5000,0.2220
,CHECKPOINT BATCH 17095,12.9875,,,
18:36:09,17100,12.5892,13.8105,5000,0.2218
,CHECKPOINT BATCH 17100,12.5892,,,
,CHECKPOINT BATCH 17105,15.2033,,,
,CHECKPOINT BATCH 17110,12.0620,,,
,CHECKPOINT BATCH 17115,12.0208,,,
18:36:11,17118,14.2793,12.7905,5000,0.2215
,CHECKPOINT BATCH 17120,14.1317,,,
,CHECKPOINT BATCH 17125,12.0876,,,
,CHECKPOINT BATCH 17130,9.9857,,,
,CHECKPOINT BATCH 17135,15.0740,,,
18:36:13,17136,13.2139,15.3230,5000,0.2212
,CHECKPOINT BATCH 17140,11.8263,,,
,CHECKPOINT BATCH 17145,11.5726,,,
,CHECKPOINT BATCH 17150,13.5848,,,
18:36:15,17154,14.9663,14.9570,5000,0.2209
,CHECKPOINT BATCH 17155,12.3801,,,
,CHECKPOINT BATCH 17160,13.7693,,,
18:36:17,17162,15.4450,14.6480,5000,0.2208
,CHECKPOINT BATCH 17165,14.7316,,,
,CHECKPOINT BATCH 17170,14.8508,,,
,CHECKPOINT BATCH 17175,11.5930,,,
18:36:19,17180,9.1479,13.9325,5000,0.2205
,CHECKPOINT BATCH 17180,9.1479,,,
,CHECKPOINT BATCH 17185,9.3655,,,
,CHECKPOINT BATCH 17190,20.9297,,,
,CHECKPOINT BATCH 17195,12.7075,,,
18:36:21,17198,13.9947,14.8015,5000,0.2201
,CHECKPOINT BATCH 17200,10.9966,,,
,CHECKPOINT BATCH 17205,18.8482,,,
,CHECKPOINT BATCH 17210,9.7569,,,
,CHECKPOINT BATCH 17215,14.4505,,,
18:36:23,17217,9.2700,17.2090,5000,0.2198
,CHECKPOINT BATCH 17220,10.6867,,,
18:36:25,17223,10.6851,16.0100,5000,0.2197
,CHECKPOINT BATCH 17225,22.4508,,,
,CHECKPOINT BATCH 17230,17.0514,,,
,CHECKPOINT BATCH 17235,13.0142,,,
,CHECKPOINT BATCH 17240,8.6111,,,
18:36:27,17241,13.3707,14.2125,5000,0.2194
,CHECKPOINT BATCH 17245,17.3960,,,
,CHECKPOINT BATCH 17250,8.4586,,,
,CHECKPOINT BATCH 17255,15.3297,,,
18:36:30,17259,13.8905,12.9570,5000,0.2191
,CHECKPOINT BATCH 17260,15.6737,,,
,CHECKPOINT BATCH 17265,16.7259,,,
,CHECKPOINT BATCH 17270,11.4240,,,
,CHECKPOINT BATCH 17275,10.9303,,,
18:36:32,17278,16.5749,13.9595,5000,0.2188
,CHECKPOINT BATCH 17280,18.9054,,,
,CHECKPOINT BATCH 17285,12.1051,,,
,CHECKPOINT BATCH 17290,18.5840,,,
,CHECKPOINT BATCH 17295,15.6467,,,
18:36:34,17296,12.8302,11.8600,5000,0.2185
,CHECKPOINT BATCH 17300,14.4762,,,
,CHECKPOINT BATCH 17305,14.0990,,,
,CHECKPOINT BATCH 17310,15.0027,,,
18:36:36,17314,11.2906,8.6195,5000,0.2182
,CHECKPOINT BATCH 17315,15.1735,,,
,CHECKPOINT BATCH 17320,10.7398,,,
,CHECKPOINT BATCH 17325,10.0780,,,
,CHECKPOINT BATCH 17330,11.7757,,,
18:36:38,17333,12.4965,7.0840,5000,0.2179
,CHECKPOINT BATCH 17335,12.9773,,,
,CHECKPOINT BATCH 17340,11.0861,,,
,CHECKPOINT BATCH 17345,10.2641,,,
,CHECKPOINT BATCH 17350,11.7601,,,
18:36:40,17352,12.2153,4.9530,5000,0.2175
,CHECKPOINT BATCH 17355,18.8553,,,
,CHECKPOINT BATCH 17360,10.7579,,,
,CHECKPOINT BATCH 17365,10.3726,,,
18:36:42,17370,13.2165,2.3610,5000,0.2172
,CHECKPOINT BATCH 17370,13.2165,,,
,CHECKPOINT BATCH 17375,17.2705,,,
,CHECKPOINT BATCH 17380,14.3303,,,
,CHECKPOINT BATCH 17385,14.0675,,,
18:36:44,17388,12.2911,0.5765,5000,0.2169
,CHECKPOINT BATCH 17390,14.4108,,,
18:36:46,17395,11.0561,0.1405,5000,0.2168
,CHECKPOINT BATCH 17395,11.0561,,,
,CHECKPOINT BATCH 17400,12.9632,,,
,CHECKPOINT BATCH 17405,14.3342,,,
,CHECKPOINT BATCH 17410,14.3907,,,
18:36:48,17414,12.3139,2.9255,5000,0.2165
,CHECKPOINT BATCH 17415,13.9116,,,
,CHECKPOINT BATCH 17420,13.7434,,,
,CHECKPOINT BATCH 17425,11.5676,,,
,CHECKPOINT BATCH 17430,11.3321,,,
18:36:50,17432,30.6439,6.5315,5000,0.2162
,CHECKPOINT BATCH 17435,13.0401,,,
,CHECKPOINT BATCH 17440,11.2870,,,
18:36:53,17443,8.7560,8.0425,5000,0.2160
,CHECKPOINT BATCH 17445,12.5141,,,
,CHECKPOINT BATCH 17450,14.9558,,,
,CHECKPOINT BATCH 17455,13.0319,,,
,CHECKPOINT BATCH 17460,11.7952,,,
18:36:55,17461,9.9222,9.5915,5000,0.2157
,CHECKPOINT BATCH 17465,19.0687,,,
,CHECKPOINT BATCH 17470,12.8715,,,
,CHECKPOINT BATCH 17475,9.2728,,,
18:36:57,17479,10.9558,13.5125,5000,0.2154
,CHECKPOINT BATCH 17480,13.0388,,,
,CHECKPOINT BATCH 17485,14.9710,,,
,CHECKPOINT BATCH 17490,13.8113,,,
,CHECKPOINT BATCH 17495,12.5280,,,
18:36:59,17497,13.6404,15.2900,5000,0.2151
,CHECKPOINT BATCH 17500,10.8562,,,
,CHECKPOINT BATCH 17505,7.5427,,,
18:37:02,17508,9.8844,13.8790,5000,0.2150
,CHECKPOINT BATCH 17510,15.0186,,,
,CHECKPOINT BATCH 17515,14.3132,,,
,CHECKPOINT BATCH 17520,12.7586,,,
,CHECKPOINT BATCH 17525,17.6314,,,
18:37:04,17526,12.0773,11.5260,5000,0.2147
,CHECKPOINT BATCH 17530,14.1513,,,
,CHECKPOINT BATCH 17535,12.7834,,,
,CHECKPOINT BATCH 17540,10.2635,,,
18:37:06,17544,8.1899,11.2180,5000,0.2144
,CHECKPOINT BATCH 17545,17.6741,,,
,CHECKPOINT BATCH 17550,11.0397,,,
18:37:08,17555,13.9477,12.1040,5000,0.2142
,CHECKPOINT BATCH 17555,13.9477,,,
,CHECKPOINT BATCH 17560,7.6950,,,
,CHECKPOINT BATCH 17565,16.4255,,,
,CHECKPOINT BATCH 17570,16.2769,,,
18:37:10,17573,10.2387,10.6120,5000,0.2139
,CHECKPOINT BATCH 17575,7.1164,,,
,CHECKPOINT BATCH 17580,14.2425,,,
,CHECKPOINT BATCH 17585,16.0252,,,
,CHECKPOINT BATCH 17590,18.3403,,,
18:37:12,17591,19.3676,11.5540,5000,0.2136
,CHECKPOINT BATCH 17595,12.9819,,,
,CHECKPOINT BATCH 17600,15.7002,,,
,CHECKPOINT BATCH 17605,18.7450,,,
18:37:14,17609,16.1266,13.2665,5000,0.2133
,CHECKPOINT BATCH 17610,11.2692,,,
,CHECKPOINT BATCH 17615,14.6397,,,
,CHECKPOINT BATCH 17620,14.4387,,,
,CHECKPOINT BATCH 17625,17.0340,,,
18:37:16,17627,15.2193,12.3045,5000,0.2130
,CHECKPOINT BATCH 17630,12.0879,,,
,CHECKPOINT BATCH 17635,17.0153,,,
,CHECKPOINT BATCH 17640,19.3036,,,
18:37:18,17645,21.3527,11.3600,5000,0.2127
,CHECKPOINT BATCH 17645,21.3527,,,
,CHECKPOINT BATCH 17650,18.0903,,,
,CHECKPOINT BATCH 17655,11.6190,,,
,CHECKPOINT BATCH 17660,13.9074,,,
18:37:21,17663,18.1461,11.5030,5000,0.2124
,CHECKPOINT BATCH 17665,12.0411,,,
,CHECKPOINT BATCH 17670,12.1079,,,
,CHECKPOINT BATCH 17675,13.3822,,,
,CHECKPOINT BATCH 17680,14.3488,,,
18:37:23,17681,17.5253,8.4450,5000,0.2121
,CHECKPOINT BATCH 17685,15.9720,,,
,CHECKPOINT BATCH 17690,16.4506,,,
,CHECKPOINT BATCH 17695,12.7682,,,
18:37:25,17699,15.2888,5.1905,5000,0.2118
,CHECKPOINT BATCH 17700,11.2974,,,
,CHECKPOINT BATCH 17705,9.7284,,,
,CHECKPOINT BATCH 17710,16.2353,,,
18:37:28,17713,19.6457,4.0940,5000,0.2116
,CHECKPOINT BATCH 17715,12.3449,,,
,CHECKPOINT BATCH 17720,15.7188,,,
,CHECKPOINT BATCH 17725,10.0127,,,
,CHECKPOINT BATCH 17730,19.4238,,,
18:37:30,17731,11.8205,6.5720,5000,0.2113
,CHECKPOINT BATCH 17735,11.1473,,,
,CHECKPOINT BATCH 17740,11.8863,,,
,CHECKPOINT BATCH 17745,13.6516,,,
18:37:32,17749,12.9074,7.8575,5000,0.2110
,CHECKPOINT BATCH 17750,14.3836,,,
,CHECKPOINT BATCH 17755,15.6924,,,
,CHECKPOINT BATCH 17760,17.2427,,,
,CHECKPOINT BATCH 17765,12.0843,,,
18:37:34,17767,10.3452,8.6290,5000,0.2107
,CHECKPOINT BATCH 17770,12.8463,,,
,CHECKPOINT BATCH 17775,12.4518,,,
,CHECKPOINT BATCH 17780,22.1268,,,
18:37:36,17785,19.3603,10.6170,5000,0.2104
,CHECKPOINT BATCH 17785,19.3603,,,
,CHECKPOINT BATCH 17790,19.3094,,,
,CHECKPOINT BATCH 17795,13.8342,,,
18:37:39,17799,16.8900,11.5440,5000,0.2102
,CHECKPOINT BATCH 17800,12.2946,,,
,CHECKPOINT BATCH 17805,9.9947,,,
,CHECKPOINT BATCH 17810,17.8335,,,
,CHECKPOINT BATCH 17815,14.2713,,,
18:37:41,17817,20.2597,13.1165,5000,0.2099
,CHECKPOINT BATCH 17820,16.7362,,,
,CHECKPOINT BATCH 17825,14.3612,,,
,CHECKPOINT BATCH 17830,13.0387,,,
18:37:43,17835,10.1932,11.5415,5000,0.2096
,CHECKPOINT BATCH 17835,10.1932,,,
,CHECKPOINT BATCH 17840,17.1551,,,
,CHECKPOINT BATCH 17845,15.5975,,,
,CHECKPOINT BATCH 17850,12.9263,,,
18:37:45,17853,9.6354,11.6735,5000,0.2094
,CHECKPOINT BATCH 17855,13.7747,,,
,CHECKPOINT BATCH 17860,13.6686,,,
,CHECKPOINT BATCH 17865,10.3200,,,
,CHECKPOINT BATCH 17870,14.1465,,,
18:37:47,17871,9.8989,11.4990,5000,0.2091
,CHECKPOINT BATCH 17875,21.9954,,,
,CHECKPOINT BATCH 17880,12.0708,,,
,CHECKPOINT BATCH 17885,17.9072,,,
18:37:50,17889,15.2590,11.9690,5000,0.2088
,CHECKPOINT BATCH 17890,21.8838,,,
,CHECKPOINT BATCH 17895,10.7995,,,
,CHECKPOINT BATCH 17900,9.5783,,,
,CHECKPOINT BATCH 17905,11.4812,,,
18:37:52,17907,18.4251,13.6580,5000,0.2085
,CHECKPOINT BATCH 17910,16.5081,,,
,CHECKPOINT BATCH 17915,13.6236,,,
,CHECKPOINT BATCH 17920,14.9415,,,
18:37:54,17925,11.5484,14.2550,5000,0.2082
,CHECKPOINT BATCH 17925,11.5484,,,
,CHECKPOINT BATCH 17930,15.6749,,,
,CHECKPOINT BATCH 17935,11.1190,,,
,CHECKPOINT BATCH 17940,11.7850,,,
18:37:56,17943,19.7860,14.1440,5000,0.2079
,CHECKPOINT BATCH 17945,17.1992,,,
,CHECKPOINT BATCH 17950,16.6607,,,
,CHECKPOINT BATCH 17955,19.3350,,,
,CHECKPOINT BATCH 17960,16.0248,,,
18:37:58,17961,17.6001,12.6310,5000,0.2076
,CHECKPOINT BATCH 17965,11.2545,,,
,CHECKPOINT BATCH 17970,11.4157,,,
,CHECKPOINT BATCH 17975,18.0003,,,
18:38:00,17979,10.1126,11.2290,5000,0.2074
,CHECKPOINT BATCH 17980,25.1359,,,
,CHECKPOINT BATCH 17985,19.0486,,,
,CHECKPOINT BATCH 17990,13.3574,,,
,CHECKPOINT BATCH 17995,19.2706,,,
18:38:02,17997,22.2021,10.2640,5000,0.2071
,CHECKPOINT BATCH 18000,18.4627,,,
,CHECKPOINT BATCH 18005,10.6299,,,
,CHECKPOINT BATCH 18010,16.7935,,,
,CHECKPOINT BATCH 18015,11.8471,,,
18:38:05,18016,15.1049,7.4950,5000,0.2068
,CHECKPOINT BATCH 18020,20.5343,,,
,CHECKPOINT BATCH 18025,23.3079,,,
,CHECKPOINT BATCH 18030,14.3492,,,
18:38:08,18031,12.2392,5.9320,5000,0.2065
,CHECKPOINT BATCH 18035,16.0206,,,
,CHECKPOINT BATCH 18040,13.3248,,,
,CHECKPOINT BATCH 18045,10.1028,,,
18:38:10,18049,11.0185,6.2625,5000,0.2063
,CHECKPOINT BATCH 18050,16.5368,,,
,CHECKPOINT BATCH 18055,15.7411,,,
,CHECKPOINT BATCH 18060,11.2522,,,
,CHECKPOINT BATCH 18065,13.3505,,,
18:38:12,18067,15.8155,7.4790,5000,0.2060
,CHECKPOINT BATCH 18070,13.0504,,,
18:38:14,18075,14.1766,7.8020,5000,0.2059
,CHECKPOINT BATCH 18075,14.1766,,,
,CHECKPOINT BATCH 18080,14.3741,,,
,CHECKPOINT BATCH 18085,12.1334,,,
,CHECKPOINT BATCH 18090,12.7381,,,
18:38:16,18093,14.1436,8.7955,5000,0.2056
,CHECKPOINT BATCH 18095,15.3658,,,
,CHECKPOINT BATCH 18100,12.9246,,,
,CHECKPOINT BATCH 18105,8.6887,,,
,CHECKPOINT BATCH 18110,12.3947,,,
18:38:18,18112,18.2521,10.3510,5000,0.2053
,CHECKPOINT BATCH 18115,15.5465,,,
,CHECKPOINT BATCH 18120,8.1920,,,
,CHECKPOINT BATCH 18125,17.9031,,,
18:38:20,18130,11.6031,12.2485,5000,0.2050
,CHECKPOINT BATCH 18130,11.6031,,,
,CHECKPOINT BATCH 18135,11.5925,,,
,CHECKPOINT BATCH 18140,11.8353,,,
,CHECKPOINT BATCH 18145,15.2961,,,
18:38:22,18148,13.3910,13.1645,5000,0.2047
,CHECKPOINT BATCH 18150,19.8736,,,
,CHECKPOINT BATCH 18155,15.8212,,,
,CHECKPOINT BATCH 18160,19.4708,,,
,CHECKPOINT BATCH 18165,17.0010,,,
18:38:24,18166,13.4312,12.7115,5000,0.2044
,CHECKPOINT BATCH 18170,20.1825,,,
18:38:26,18173,7.9812,12.2400,5000,0.2043
,CHECKPOINT BATCH 18175,10.8610,,,
,CHECKPOINT BATCH 18180,13.3176,,,
,CHECKPOINT BATCH 18185,12.4496,,,
,CHECKPOINT BATCH 18190,8.2900,,,
18:38:28,18191,13.2337,12.9910,5000,0.2041
,CHECKPOINT BATCH 18195,10.2027,,,
,CHECKPOINT BATCH 18200,10.3016,,,
,CHECKPOINT BATCH 18205,15.0516,,,
18:38:30,18209,19.6786,14.0235,5000,0.2038
,CHECKPOINT BATCH 18210,13.4050,,,
,CHECKPOINT BATCH 18215,16.5073,,,
18:38:33,18218,14.5848,13.4200,5000,0.2036
,CHECKPOINT BATCH 18220,17.8634,,,
,CHECKPOINT BATCH 18225,20.8414,,,
,CHECKPOINT BATCH 18230,17.2530,,,
,CHECKPOINT BATCH 18235,13.9777,,,
18:38:35,18236,19.9074,12.1810,5000,0.2034
,CHECKPOINT BATCH 18240,16.8871,,,
,CHECKPOINT BATCH 18245,13.0283,,,
,CHECKPOINT BATCH 18250,14.3934,,,
18:38:37,18254,10.2518,12.8835,5000,0.2031
,CHECKPOINT BATCH 18255,22.4544,,,
,CHECKPOINT BATCH 18260,17.3169,,,
,CHECKPOINT BATCH 18265,13.4596,,,
,CHECKPOINT BATCH 18270,20.0031,,,
18:38:39,18272,8.1682,14.3000,5000,0.2028
,CHECKPOINT BATCH 18275,14.6921,,,
,CHECKPOINT BATCH 18280,10.8795,,,
,CHECKPOINT BATCH 18285,9.8833,,,
18:38:41,18290,16.0716,14.6840,5000,0.2025
,CHECKPOINT BATCH 18290,16.0716,,,
,CHECKPOINT BATCH 18295,12.3697,,,
,CHECKPOINT BATCH 18300,19.3182,,,
,CHECKPOINT BATCH 18305,14.4288,,,
18:38:43,18308,15.8303,12.8645,5000,0.2023
,CHECKPOINT BATCH 18310,12.8174,,,
,CHECKPOINT BATCH 18315,13.2960,,,
18:38:45,18317,9.8532,12.5600,5000,0.2021
,CHECKPOINT BATCH 18320,22.0967,,,
,CHECKPOINT BATCH 18325,10.5462,,,
,CHECKPOINT BATCH 18330,19.8812,,,
18:38:48,18335,11.4613,13.3030,5000,0.2019
,CHECKPOINT BATCH 18335,11.4613,,,
,CHECKPOINT BATCH 18340,15.8091,,,
,CHECKPOINT BATCH 18345,14.0472,,,
,CHECKPOINT BATCH 18350,15.7360,,,
18:38:50,18353,12.8951,13.1320,5000,0.2016
,CHECKPOINT BATCH 18355,26.8176,,,
,CHECKPOINT BATCH 18360,8.9067,,,
,CHECKPOINT BATCH 18365,21.8499,,,
,CHECKPOINT BATCH 18370,15.2127,,,
18:38:52,18371,8.6282,12.3275,5000,0.2013
,CHECKPOINT BATCH 18375,18.7355,,,
,CHECKPOINT BATCH 18380,10.7443,,,
,CHECKPOINT BATCH 18385,18.7304,,,
18:38:55,18388,21.8912,11.4115,5000,0.2011
,CHECKPOINT BATCH 18390,11.4791,,,
,CHECKPOINT BATCH 18395,12.3922,,,
,CHECKPOINT BATCH 18400,13.4013,,,
,CHECKPOINT BATCH 18405,13.3227,,,
18:38:57,18406,9.8478,11.7830,5000,0.2008
,CHECKPOINT BATCH 18410,18.0224,,,
,CHECKPOINT BATCH 18415,14.9103,,,
,CHECKPOINT BATCH 18420,10.0659,,,
18:38:59,18424,12.8736,13.1095,5000,0.2005
,CHECKPOINT BATCH 18425,15.1196,,,
,CHECKPOINT BATCH 18430,15.1612,,,
,CHECKPOINT BATCH 18435,11.0838,,,
,CHECKPOINT BATCH 18440,11.9768,,,
18:39:01,18442,14.2399,13.1630,5000,0.2002
,CHECKPOINT BATCH 18445,13.4367,,,
,CHECKPOINT BATCH 18450,19.2038,,,
,CHECKPOINT BATCH 18455,13.4584,,,
18:39:04,18457,11.9542,11.7730,5000,0.2000
,CHECKPOINT BATCH 18460,9.7709,,,
,CHECKPOINT BATCH 18465,14.1074,,,
,CHECKPOINT BATCH 18470,11.0450,,,
18:39:06,18475,14.1046,11.0585,5000,0.1997
,CHECKPOINT BATCH 18475,14.1046,,,
,CHECKPOINT BATCH 18480,17.9129,,,
,CHECKPOINT BATCH 18485,17.7796,,,
,CHECKPOINT BATCH 18490,16.8550,,,
18:39:08,18493,11.3321,12.9945,5000,0.1995
,CHECKPOINT BATCH 18495,14.7215,,,
,CHECKPOINT BATCH 18500,13.4432,,,
,CHECKPOINT BATCH 18505,15.2560,,,
,CHECKPOINT BATCH 18510,15.4205,,,
18:39:10,18511,11.1142,13.8855,5000,0.1992
,CHECKPOINT BATCH 18515,12.4892,,,
,CHECKPOINT BATCH 18520,13.8409,,,
18:39:13,18521,13.0007,13.4440,5000,0.1991
,CHECKPOINT BATCH 18525,13.5934,,,
,CHECKPOINT BATCH 18530,10.8603,,,
,CHECKPOINT BATCH 18535,15.6148,,,
18:39:15,18539,12.1908,12.0810,5000,0.1988
,CHECKPOINT BATCH 18540,15.6761,,,
,CHECKPOINT BATCH 18545,11.2911,,,
,CHECKPOINT BATCH 18550,14.8721,,,
,CHECKPOINT BATCH 18555,11.2957,,,
18:39:17,18558,12.9912,12.6640,5000,0.1985
,CHECKPOINT BATCH 18560,10.3527,,,
,CHECKPOINT BATCH 18565,18.8230,,,
,CHECKPOINT BATCH 18570,14.5344,,,
,CHECKPOINT BATCH 18575,12.5453,,,
18:39:19,18576,10.1516,12.9160,5000,0.1982
,CHECKPOINT BATCH 18580,17.2301,,,
,CHECKPOINT BATCH 18585,20.8417,,,
,CHECKPOINT BATCH 18590,11.0249,,,
18:39:21,18594,12.9634,11.7200,5000,0.1980
,CHECKPOINT BATCH 18595,10.6432,,,
,CHECKPOINT BATCH 18600,10.3454,,,
,CHECKPOINT BATCH 18605,13.4961,,,
,CHECKPOINT BATCH 18610,10.3321,,,
18:39:23,18612,16.9004,10.3495,5000,0.1977
,CHECKPOINT BATCH 18615,14.3808,,,
,CHECKPOINT BATCH 18620,13.0879,,,
,CHECKPOINT BATCH 18625,15.3882,,,
18:39:25,18630,9.2006,11.5755,5000,0.1974
,CHECKPOINT BATCH 18630,9.2006,,,
,CHECKPOINT BATCH 18635,10.7313,,,
18:39:27,18637,15.2799,10.6630,5000,0.1973
,CHECKPOINT BATCH 18640,11.1924,,,
,CHECKPOINT BATCH 18645,11.3273,,,
,CHECKPOINT BATCH 18650,14.6045,,,
18:39:29,18655,14.0289,11.0300,5000,0.1971
,CHECKPOINT BATCH 18655,14.0289,,,
,CHECKPOINT BATCH 18660,15.9616,,,
,CHECKPOINT BATCH 18665,17.3712,,,
,CHECKPOINT BATCH 18670,11.0616,,,
18:39:31,18673,12.6711,12.8845,5000,0.1968
,CHECKPOINT BATCH 18675,15.0262,,,
18:39:33,18680,12.7072,12.5705,5000,0.1967
,CHECKPOINT BATCH 18680,12.7072,,,
,CHECKPOINT BATCH 18685,17.9477,,,
,CHECKPOINT BATCH 18690,11.1149,,,
,CHECKPOINT BATCH 18695,17.2097,,,
18:39:35,18698,21.5115,13.8585,5000,0.1964
,CHECKPOINT BATCH 18700,14.7611,,,
,CHECKPOINT BATCH 18705,15.4957,,,
,CHECKPOINT BATCH 18710,11.0770,,,
,CHECKPOINT BATCH 18715,14.6160,,,
18:39:37,18716,20.7296,15.2735,5000,0.1962
,CHECKPOINT BATCH 18720,11.6372,,,
,CHECKPOINT BATCH 18725,14.2006,,,
,CHECKPOINT BATCH 18730,15.5038,,,
18:39:39,18734,18.4692,13.8575,5000,0.1959
,CHECKPOINT BATCH 18735,11.9889,,,
18:39:41,18740,24.8295,14.0095,5000,0.1958
,CHECKPOINT BATCH 18740,24.8295,,,
,CHECKPOINT BATCH 18745,16.1816,,,
,CHECKPOINT BATCH 18750,15.4154,,,
,CHECKPOINT BATCH 18755,18.3829,,,
18:39:43,18758,20.4894,13.1325,5000,0.1956
,CHECKPOINT BATCH 18760,17.0148,,,
,CHECKPOINT BATCH 18765,13.0370,,,
,CHECKPOINT BATCH 18770,18.0023,,,
,CHECKPOINT BATCH 18775,12.0442,,,
18:39:45,18776,21.0819,12.6490,5000,0.1953
,CHECKPOINT BATCH 18780,14.4043,,,
,CHECKPOINT BATCH 18785,12.6105,,,
,CHECKPOINT BATCH 18790,15.5939,,,
18:39:47,18794,12.0522,13.8635,5000,0.1950
,CHECKPOINT BATCH 18795,20.2002,,,
,CHECKPOINT BATCH 18800,12.6487,,,
18:39:50,18801,11.6483,13.3965,5000,0.1949
,CHECKPOINT BATCH 18805,12.1591,,,
,CHECKPOINT BATCH 18810,14.7663,,,
,CHECKPOINT BATCH 18815,9.3366,,,
18:39:52,18819,12.7604,12.3150,5000,0.1947
,CHECKPOINT BATCH 18820,20.3350,,,
,CHECKPOINT BATCH 18825,18.1634,,,
,CHECKPOINT BATCH 18830,12.7738,,,
,CHECKPOINT BATCH 18835,20.1545,,,
18:39:54,18837,10.3606,15.5675,5000,0.1944
,CHECKPOINT BATCH 18840,13.5278,,,
,CHECKPOINT BATCH 18845,20.2312,,,
,CHECKPOINT BATCH 18850,20.5578,,,
18:39:56,18855,11.9865,16.9225,5000,0.1942
,CHECKPOINT BATCH 18855,11.9865,,,
,CHECKPOINT BATCH 18860,21.1687,,,
18:39:58,18862,14.6196,16.0165,5000,0.1941
,CHECKPOINT BATCH 18865,15.4400,,,
,CHECKPOINT BATCH 18870,12.3735,,,
,CHECKPOINT BATCH 18875,17.6162,,,
18:40:00,18880,12.5475,14.8685,5000,0.1938
,CHECKPOINT BATCH 18880,12.5475,,,
,CHECKPOINT BATCH 18885,13.1005,,,
,CHECKPOINT BATCH 18890,16.6891,,,
,CHECKPOINT BATCH 18895,14.0757,,,
18:40:02,18898,13.0367,14.7070,5000,0.1935
,CHECKPOINT BATCH 18900,13.0666,,,
18:40:04,18905,14.0450,14.9915,5000,0.1934
,CHECKPOINT BATCH 18905,14.0450,,,
,CHECKPOINT BATCH 18910,12.3207,,,
,CHECKPOINT BATCH 18915,11.6156,,,
,CHECKPOINT BATCH 18920,16.6475,,,
18:40:06,18923,13.2959,13.3355,5000,0.1932
,CHECKPOINT BATCH 18925,16.4691,,,
,CHECKPOINT BATCH 18930,15.0444,,,
,CHECKPOINT BATCH 18935,12.1317,,,
,CHECKPOINT BATCH 18940,13.7958,,,
18:40:08,18941,10.9907,12.5020,5000,0.1929
,CHECKPOINT BATCH 18945,10.6723,,,
,CHECKPOINT BATCH 18950,9.1002,,,
,CHECKPOINT BATCH 18955,12.1204,,,
18:40:10,18959,12.3108,12.6415,5000,0.1927
,CHECKPOINT BATCH 18960,9.4009,,,
,CHECKPOINT BATCH 18965,19.2795,,,
,CHECKPOINT BATCH 18970,9.6165,,,
,CHECKPOINT BATCH 18975,12.6069,,,
18:40:12,18977,12.7956,12.6410,5000,0.1924
,CHECKPOINT BATCH 18980,15.4749,,,
,CHECKPOINT BATCH 18985,15.5003,,,
,CHECKPOINT BATCH 18990,9.4628,,,
18:40:14,18995,12.5386,10.4590,5000,0.1922
,CHECKPOINT BATCH 18995,12.5386,,,
,CHECKPOINT BATCH 19000,11.8816,,,
,CHECKPOINT BATCH 19005,13.2328,,,
,CHECKPOINT BATCH 19010,10.4275,,,
18:40:16,19013,13.7186,9.1960,5000,0.1919
,CHECKPOINT BATCH 19015,19.7985,,,
,CHECKPOINT BATCH 19020,16.1257,,,
,CHECKPOINT BATCH 19025,11.4876,,,
,CHECKPOINT BATCH 19030,8.7836,,,
18:40:18,19031,14.2920,6.2535,5000,0.1917
,CHECKPOINT BATCH 19035,13.5838,,,
,CHECKPOINT BATCH 19040,12.2432,,,
,CHECKPOINT BATCH 19045,18.1656,,,
18:40:20,19049,11.5963,3.6790,5000,0.1914
,CHECKPOINT BATCH 19050,10.7136,,,
,CHECKPOINT BATCH 19055,15.3465,,,
,CHECKPOINT BATCH 19060,13.4407,,,
,CHECKPOINT BATCH 19065,9.6291,,,
18:40:22,19067,15.9625,1.3235,5000,0.1911
,CHECKPOINT BATCH 19070,12.1697,,,
,CHECKPOINT BATCH 19075,19.9907,,,
,CHECKPOINT BATCH 19080,11.6951,,,
18:40:24,19085,8.0409,0.0965,5000,0.1909
,CHECKPOINT BATCH 19085,8.0409,,,
,CHECKPOINT BATCH 19090,15.5712,,,
,CHECKPOINT BATCH 19095,13.7420,,,
,CHECKPOINT BATCH 19100,17.6359,,,
18:40:27,19103,13.7421,-0.0030,5000,0.1906
,CHECKPOINT BATCH 19105,18.2758,,,
,CHECKPOINT BATCH 19110,11.9079,,,
,CHECKPOINT BATCH 19115,14.6742,,,
,CHECKPOINT BATCH 19120,10.1187,,,
18:40:29,19121,14.3813,0.0325,5000,0.1904
,CHECKPOINT BATCH 19125,14.6014,,,
,CHECKPOINT BATCH 19130,9.7348,,,
,CHECKPOINT BATCH 19135,11.6444,,,
18:40:31,19139,16.7017,0.0635,5000,0.1901
,CHECKPOINT BATCH 19140,18.2303,,,
,CHECKPOINT BATCH 19145,16.7003,,,
,CHECKPOINT BATCH 19150,14.9503,,,
,CHECKPOINT BATCH 19155,13.9936,,,
18:40:33,19157,18.1113,0.0710,5000,0.1899
,CHECKPOINT BATCH 19160,13.0681,,,
,CHECKPOINT BATCH 19165,14.4656,,,
,CHECKPOINT BATCH 19170,11.1185,,,
18:40:35,19175,17.2108,0.5560,5000,0.1896
,CHECKPOINT BATCH 19175,17.2108,,,
,CHECKPOINT BATCH 19180,14.1035,,,
,CHECKPOINT BATCH 19185,10.5857,,,
,CHECKPOINT BATCH 19190,12.6580,,,
18:40:37,19193,8.6338,0.5015,5000,0.1894
,CHECKPOINT BATCH 19195,14.7917,,,
,CHECKPOINT BATCH 19200,13.7669,,,
,CHECKPOINT BATCH 19205,9.1085,,,
,CHECKPOINT BATCH 19210,12.2095,,,
18:40:39,19211,13.0134,0.4630,5000,0.1891
,CHECKPOINT BATCH 19215,10.6155,,,
,CHECKPOINT BATCH 19220,9.7978,,,
,CHECKPOINT BATCH 19225,19.7124,,,
18:40:41,19230,15.0790,0.4500,5000,0.1889
,CHECKPOINT BATCH 19230,15.0790,,,
,CHECKPOINT BATCH 19235,13.4718,,,
18:40:43,19236,14.6008,0.4480,5000,0.1888
,CHECKPOINT BATCH 19240,10.0254,,,
,CHECKPOINT BATCH 19245,9.6499,,,
,CHECKPOINT BATCH 19250,16.4696,,,
18:40:45,19254,10.1977,2.9265,5000,0.1885
,CHECKPOINT BATCH 19255,13.3924,,,
,CHECKPOINT BATCH 19260,9.9071,,,
,CHECKPOINT BATCH 19265,14.2927,,,
,CHECKPOINT BATCH 19270,13.5355,,,
18:40:47,19272,17.0065,5.6350,5000,0.1883
,CHECKPOINT BATCH 19275,15.4812,,,
,CHECKPOINT BATCH 19280,13.5775,,,
,CHECKPOINT BATCH 19285,16.3463,,,
18:40:49,19290,14.2685,7.9345,5000,0.1880
,CHECKPOINT BATCH 19290,14.2685,,,
,CHECKPOINT BATCH 19295,15.5519,,,
18:40:52,19300,12.2012,9.0160,5000,0.1879
,CHECKPOINT BATCH 19300,12.2012,,,
,CHECKPOINT BATCH 19305,9.6130,,,
,CHECKPOINT BATCH 19310,17.7578,,,
,CHECKPOINT BATCH 19315,16.0995,,,
18:40:54,19318,9.2404,11.0445,5000,0.1876
,CHECKPOINT BATCH 19320,13.4866,,,
18:40:56,19325,15.3194,12.1045,5000,0.1875
,CHECKPOINT BATCH 19325,15.3194,,,
,CHECKPOINT BATCH 19330,10.9030,,,
,CHECKPOINT BATCH 19335,16.7420,,,
,CHECKPOINT BATCH 19340,11.1148,,,
18:40:58,19343,11.6587,13.7970,5000,0.1873
,CHECKPOINT BATCH 19345,16.4786,,,
,CHECKPOINT BATCH 19350,13.7002,,,
,CHECKPOINT BATCH 19355,12.9449,,,
,CHECKPOINT BATCH 19360,13.5729,,,
18:41:00,19361,12.6656,13.0445,5000,0.1871
,CHECKPOINT BATCH 19365,14.6227,,,
,CHECKPOINT BATCH 19370,15.8113,,,
,CHECKPOINT BATCH 19375,11.0698,,,
18:41:02,19379,9.0512,12.7530,5000,0.1868
,CHECKPOINT BATCH 19380,19.0277,,,
,CHECKPOINT BATCH 19385,13.3352,,,
,CHECKPOINT BATCH 19390,14.9497,,,
,CHECKPOINT BATCH 19395,14.7369,,,
18:41:04,19397,22.1786,13.3450,5000,0.1866
,CHECKPOINT BATCH 19400,19.9662,,,
,CHECKPOINT BATCH 19405,11.9149,,,
,CHECKPOINT BATCH 19410,21.8090,,,
18:41:07,19413,10.8263,14.5505,5000,0.1863
,CHECKPOINT BATCH 19415,14.8683,,,
,CHECKPOINT BATCH 19420,7.6003,,,
,CHECKPOINT BATCH 19425,13.2256,,,
,CHECKPOINT BATCH 19430,9.6752,,,
18:41:09,19431,9.4160,13.6900,5000,0.1861
,CHECKPOINT BATCH 19435,11.8525,,,
,CHECKPOINT BATCH 19440,10.8086,,,
,CHECKPOINT BATCH 19445,10.2398,,,
18:41:11,19449,9.2634,14.2365,5000,0.1859
,CHECKPOINT BATCH 19450,18.1668,,,
,CHECKPOINT BATCH 19455,10.9534,,,
,CHECKPOINT BATCH 19460,13.8055,,,
,CHECKPOINT BATCH 19465,15.5471,,,
18:41:13,19467,17.4121,14.3995,5000,0.1856
,CHECKPOINT BATCH 19470,13.4095,,,
,CHECKPOINT BATCH 19475,13.8675,,,
,CHECKPOINT BATCH 19480,15.1393,,,
18:41:15,19485,16.0130,14.6965,5000,0.1854
,CHECKPOINT BATCH 19485,16.0130,,,
,CHECKPOINT BATCH 19490,11.7485,,,
,CHECKPOINT BATCH 19495,12.6337,,,
,CHECKPOINT BATCH 19500,18.3883,,,
18:41:17,19503,10.3014,12.1085,5000,0.1851
,CHECKPOINT BATCH 19505,19.0587,,,
,CHECKPOINT BATCH 19510,10.9315,,,
18:41:20,19513,12.4338,11.1815,5000,0.1850
,CHECKPOINT BATCH 19515,15.3171,,,
,CHECKPOINT BATCH 19520,16.3386,,,
,CHECKPOINT BATCH 19525,13.1705,,,
,CHECKPOINT BATCH 19530,8.1419,,,
18:41:22,19531,9.3661,10.8810,5000,0.1847
,CHECKPOINT BATCH 19535,15.3168,,,
,CHECKPOINT BATCH 19540,12.5289,,,
,CHECKPOINT BATCH 19545,13.6083,,,
18:41:24,19549,15.2163,11.5565,5000,0.1845
,CHECKPOINT BATCH 19550,10.3740,,,
,CHECKPOINT BATCH 19555,10.9599,,,
,CHECKPOINT BATCH 19560,13.7911,,,
,CHECKPOINT BATCH 19565,15.5650,,,
18:41:26,19567,12.8927,11.4185,5000,0.1843
,CHECKPOINT BATCH 19570,11.0751,,,
,CHECKPOINT BATCH 19575,23.0436,,,
18:41:29,19578,12.8674,10.4825,5000,0.1841
,CHECKPOINT BATCH 19580,16.6051,,,
,CHECKPOINT BATCH 19585,14.1382,,,
,CHECKPOINT BATCH 19590,13.3756,,,
,CHECKPOINT BATCH 19595,11.4203,,,
18:41:31,19596,11.5767,11.4655,5000,0.1839
,CHECKPOINT BATCH 19600,10.2479,,,
,CHECKPOINT BATCH 19605,11.8281,,,
,CHECKPOINT BATCH 19610,13.8095,,,
18:41:33,19614,18.0257,14.8300,5000,0.1836
,CHECKPOINT BATCH 19615,15.6375,,,
,CHECKPOINT BATCH 19620,9.4828,,,
,CHECKPOINT BATCH 19625,12.6586,,,
18:41:36,19630,10.0365,15.3795,5000,0.1834
,CHECKPOINT BATCH 19630,10.0365,,,
,CHECKPOINT BATCH 19635,10.2504,,,
,CHECKPOINT BATCH 19640,13.2894,,,
,CHECKPOINT BATCH 19645,15.7342,,,
18:41:38,19649,12.0751,12.9725,5000,0.1832
,CHECKPOINT BATCH 19650,14.1875,,,
,CHECKPOINT BATCH 19655,17.4855,,,
,CHECKPOINT BATCH 19660,10.1077,,,
,CHECKPOINT BATCH 19665,14.5207,,,
18:41:40,19667,12.4474,12.6335,5000,0.1829
,CHECKPOINT BATCH 19670,10.1029,,,
,CHECKPOINT BATCH 19675,11.5091,,,
18:41:43,19680,14.7805,13.8745,5000,0.1827
,CHECKPOINT BATCH 19680,14.7805,,,
,CHECKPOINT BATCH 19685,19.5510,,,
,CHECKPOINT BATCH 19690,13.1041,,,
,CHECKPOINT BATCH 19695,17.1620,,,
18:41:45,19698,11.5991,12.5205,5000,0.1825
,CHECKPOINT BATCH 19700,8.5301,,,
,CHECKPOINT BATCH 19705,16.7967,,,
,CHECKPOINT BATCH 19710,15.9374,,,
,CHECKPOINT BATCH 19715,20.0096,,,
18:41:47,19717,11.3382,12.0240,5000,0.1823
,CHECKPOINT BATCH 19720,28.4466,,,
,CHECKPOINT BATCH 19725,13.7773,,,
,CHECKPOINT BATCH 19730,11.7534,,,
18:41:49,19735,14.0018,13.0515,5000,0.1820
,CHECKPOINT BATCH 19735,14.0018,,,
,CHECKPOINT BATCH 19740,12.4590,,,
,CHECKPOINT BATCH 19745,14.5121,,,
18:41:52,19746,11.8767,12.5530,5000,0.1819
,CHECKPOINT BATCH 19750,11.5732,,,
,CHECKPOINT BATCH 19755,15.2008,,,
,CHECKPOINT BATCH 19760,18.0118,,,
18:41:54,19764,13.4762,11.8360,5000,0.1816
,CHECKPOINT BATCH 19765,15.0419,,,
,CHECKPOINT BATCH 19770,15.3315,,,
,CHECKPOINT BATCH 19775,8.7653,,,
,CHECKPOINT BATCH 19780,17.7600,,,
18:41:56,19782,10.0345,12.6960,5000,0.1814
,CHECKPOINT BATCH 19785,8.9467,,,
,CHECKPOINT BATCH 19790,10.0524,,,
,CHECKPOINT BATCH 19795,12.0743,,,
18:41:59,19797,13.2353,14.0175,5000,0.1812
,CHECKPOINT BATCH 19800,11.5670,,,
,CHECKPOINT BATCH 19805,14.4462,,,
,CHECKPOINT BATCH 19810,15.3294,,,
18:42:01,19815,8.5362,13.2940,5000,0.1810
,CHECKPOINT BATCH 19815,8.5362,,,
,CHECKPOINT BATCH 19820,10.9659,,,
,CHECKPOINT BATCH 19825,8.9296,,,
,CHECKPOINT BATCH 19830,11.6999,,,
18:42:03,19833,15.1129,13.8845,5000,0.1807
,CHECKPOINT BATCH 19835,10.0626,,,
,CHECKPOINT BATCH 19840,15.2785,,,
,CHECKPOINT BATCH 19845,15.8755,,,
,CHECKPOINT BATCH 19850,18.0502,,,
18:42:05,19851,16.5548,15.2350,5000,0.1805
,CHECKPOINT BATCH 19855,18.1692,,,
,CHECKPOINT BATCH 19860,14.7589,,,
18:42:07,19862,14.1964,15.0480,5000,0.1804
,CHECKPOINT BATCH 19865,14.9412,,,
,CHECKPOINT BATCH 19870,18.6095,,,
,CHECKPOINT BATCH 19875,14.2303,,,
18:42:10,19880,15.6866,13.4475,5000,0.1801
,CHECKPOINT BATCH 19880,15.6866,,,
,CHECKPOINT BATCH 19885,12.5172,,,
,CHECKPOINT BATCH 19890,20.3624,,,
,CHECKPOINT BATCH 19895,14.0447,,,
18:42:12,19898,22.9681,14.3585,5000,0.1799
,CHECKPOINT BATCH 19900,15.5297,,,
,CHECKPOINT BATCH 19905,22.5376,,,
,CHECKPOINT BATCH 19910,18.4401,,,
18:42:15,19914,17.0678,14.8115,5000,0.1797
,CHECKPOINT BATCH 19915,13.0785,,,
,CHECKPOINT BATCH 19920,11.0319,,,
,CHECKPOINT BATCH 19925,21.9234,,,
,CHECKPOINT BATCH 19930,17.2886,,,
18:42:17,19932,16.1832,14.1350,5000,0.1794
,CHECKPOINT BATCH 19935,14.1637,,,
,CHECKPOINT BATCH 19940,19.2721,,,
,CHECKPOINT BATCH 19945,17.6402,,,
18:42:19,19950,10.2281,15.5520,5000,0.1792
,CHECKPOINT BATCH 19950,10.2281,,,
,CHECKPOINT BATCH 19955,16.7509,,,
,CHECKPOINT BATCH 19960,12.4090,,,
,CHECKPOINT BATCH 19965,15.1983,,,
18:42:21,19968,10.9467,16.2965,5000,0.1790
,CHECKPOINT BATCH 19970,17.6327,,,
18:42:23,19975,15.7590,15.8425,5000,0.1789
,CHECKPOINT BATCH 19975,15.7590,,,
,CHECKPOINT BATCH 19980,10.3188,,,
,CHECKPOINT BATCH 19985,11.1363,,,
,CHECKPOINT BATCH 19990,15.7017,,,
18:42:25,19993,20.4529,15.8540,5000,0.1787
,CHECKPOINT BATCH 19995,15.7263,,,
,CHECKPOINT BATCH 20000,19.8451,,,
,CHECKPOINT BATCH 20005,9.6747,,,
,CHECKPOINT BATCH 20010,15.6570,,,
18:42:27,20011,9.3898,15.9875,5000,0.1784
,CHECKPOINT BATCH 20015,16.9265,,,
,CHECKPOINT BATCH 20020,12.2163,,,
,CHECKPOINT BATCH 20025,12.5313,,,
18:42:29,20029,12.1490,15.0110,5000,0.1782
,CHECKPOINT BATCH 20030,14.9757,,,
,CHECKPOINT BATCH 20035,9.9576,,,
,CHECKPOINT BATCH 20040,11.9705,,,
,CHECKPOINT BATCH 20045,13.1592,,,
18:42:31,20047,11.8876,11.4640,5000,0.1780
,CHECKPOINT BATCH 20050,15.7384,,,
18:42:33,20054,13.2572,10.2340,5000,0.1779
,CHECKPOINT BATCH 20055,21.3627,,,
,CHECKPOINT BATCH 20060,11.7823,,,
,CHECKPOINT BATCH 20065,14.4488,,,
,CHECKPOINT BATCH 20070,16.4820,,,
18:42:35,20072,15.1671,11.3290,5000,0.1776
,CHECKPOINT BATCH 20075,10.9033,,,
,CHECKPOINT BATCH 20080,10.0353,,,
,CHECKPOINT BATCH 20085,14.8072,,,
18:42:37,20090,8.1500,11.9125,5000,0.1774
,CHECKPOINT BATCH 20090,8.1500,,,
,CHECKPOINT BATCH 20095,9.0317,,,
,CHECKPOINT BATCH 20100,8.9101,,,
,CHECKPOINT BATCH 20105,18.3153,,,
18:42:41,20108,11.6232,11.1615,5000,0.1772
,CHECKPOINT BATCH 20110,11.7161,,,
,CHECKPOINT BATCH 20115,15.9472,,,
,CHECKPOINT BATCH 20120,7.9231,,,
,CHECKPOINT BATCH 20125,12.8587,,,
18:42:43,20126,13.6835,12.4440,5000,0.1770
,CHECKPOINT BATCH 20130,10.8526,,,
,CHECKPOINT BATCH 20135,13.6335,,,
,CHECKPOINT BATCH 20140,11.4558,,,
18:42:45,20144,17.3862,15.7260,5000,0.1767
,CHECKPOINT BATCH 20145,9.7847,,,
,CHECKPOINT BATCH 20150,11.8330,,,
,CHECKPOINT BATCH 20155,9.6651,,,
,CHECKPOINT BATCH 20160,12.5603,,,
18:42:47,20162,17.6538,17.7050,5000,0.1765
,CHECKPOINT BATCH 20165,12.4676,,,
18:42:49,20169,15.3563,17.5335,5000,0.1764
,CHECKPOINT BATCH 20170,9.4178,,,
,CHECKPOINT BATCH 20175,10.2067,,,
,CHECKPOINT BATCH 20180,15.9479,,,
,CHECKPOINT BATCH 20185,13.3748,,,
18:42:51,20187,15.9483,16.0640,5000,0.1762
,CHECKPOINT BATCH 20190,10.7943,,,
,CHECKPOINT BATCH 20195,14.1500,,,
,CHECKPOINT BATCH 20200,9.8948,,,
18:42:53,20205,13.0762,16.4900,5000,0.1760
,CHECKPOINT BATCH 20205,13.0762,,,
,CHECKPOINT BATCH 20210,13.9966,,,
18:42:55,20212,12.6465,16.7930,5000,0.1759
,CHECKPOINT BATCH 20215,16.4697,,,
,CHECKPOINT BATCH 20220,11.0529,,,
,CHECKPOINT BATCH 20225,11.0266,,,
18:42:57,20229,9.9045,15.8780,5000,0.1757
,CHECKPOINT BATCH 20230,12.6093,,,
,CHECKPOINT BATCH 20235,16.4795,,,
,CHECKPOINT BATCH 20240,12.9222,,,
,CHECKPOINT BATCH 20245,8.8264,,,
18:42:59,20247,10.1229,15.6860,5000,0.1754
,CHECKPOINT BATCH 20250,7.8661,,,
,CHECKPOINT BATCH 20255,8.9686,,,
,CHECKPOINT BATCH 20260,9.5400,,,
18:43:01,20265,17.8114,15.2175,5000,0.1752
,CHECKPOINT BATCH 20265,17.8114,,,
,CHECKPOINT BATCH 20270,14.1260,,,
,CHECKPOINT BATCH 20275,10.5713,,,
,CHECKPOINT BATCH 20280,11.0339,,,
18:43:04,20284,12.3439,13.0605,5000,0.1750
,CHECKPOINT BATCH 20285,12.6085,,,
,CHECKPOINT BATCH 20290,11.0042,,,
,CHECKPOINT BATCH 20295,15.3691,,,
,CHECKPOINT BATCH 20300,14.1941,,,
18:43:06,20302,11.2063,8.9605,5000,0.1747
,CHECKPOINT BATCH 20305,9.7429,,,
,CHECKPOINT BATCH 20310,16.6105,,,
,CHECKPOINT BATCH 20315,19.4859,,,
18:43:08,20320,17.7768,7.4310,5000,0.1745
,CHECKPOINT BATCH 20320,17.7768,,,
,CHECKPOINT BATCH 20325,11.2514,,,
,CHECKPOINT BATCH 20330,7.2190,,,
,CHECKPOINT BATCH 20335,14.6090,,,
18:43:10,20338,15.1069,4.1220,5000,0.1743
,CHECKPOINT BATCH 20340,11.1283,,,
,CHECKPOINT BATCH 20345,11.7778,,,
18:43:12,20349,18.0525,2.0040,5000,0.1742
,CHECKPOINT BATCH 20350,18.3018,,,
,CHECKPOINT BATCH 20355,11.1493,,,
,CHECKPOINT BATCH 20360,13.4318,,,
,CHECKPOINT BATCH 20365,12.1048,,,
18:43:14,20367,8.6629,2.6545,5000,0.1739
,CHECKPOINT BATCH 20370,14.4826,,,
,CHECKPOINT BATCH 20375,12.4795,,,
,CHECKPOINT BATCH 20380,11.3991,,,
18:43:16,20385,21.1557,5.5690,5000,0.1737
,CHECKPOINT BATCH 20385,21.1557,,,
,CHECKPOINT BATCH 20390,13.7041,,,
,CHECKPOINT BATCH 20395,14.7356,,,
,CHECKPOINT BATCH 20400,16.5509,,,
18:43:18,20403,10.9038,8.1690,5000,0.1735
,CHECKPOINT BATCH 20405,9.4967,,,
,CHECKPOINT BATCH 20410,8.9488,,,
18:43:21,20415,13.1288,9.2010,5000,0.1733
,CHECKPOINT BATCH 20415,13.1288,,,
,CHECKPOINT BATCH 20420,11.4040,,,
,CHECKPOINT BATCH 20425,11.5136,,,
,CHECKPOINT BATCH 20430,8.8883,,,
18:43:23,20433,17.1467,10.7310,5000,0.1731
,CHECKPOINT BATCH 20435,15.3397,,,
,CHECKPOINT BATCH 20440,12.3448,,,
18:43:26,20442,18.6013,11.7480,5000,0.1730
,CHECKPOINT BATCH 20445,12.1982,,,
,CHECKPOINT BATCH 20450,20.7269,,,
,CHECKPOINT BATCH 20455,15.9276,,,
18:43:28,20460,11.2243,12.2040,5000,0.1728
,CHECKPOINT BATCH 20460,11.2243,,,
,CHECKPOINT BATCH 20465,20.5835,,,
,CHECKPOINT BATCH 20470,7.6342,,,
,CHECKPOINT BATCH 20475,15.0591,,,
18:43:30,20479,11.7198,11.3745,5000,0.1726
,CHECKPOINT BATCH 20480,12.6353,,,
,CHECKPOINT BATCH 20485,16.0081,,,
,CHECKPOINT BATCH 20490,22.7375,,,
,CHECKPOINT BATCH 20495,8.6212,,,
18:43:32,20497,14.7243,11.0385,5000,0.1723
,CHECKPOINT BATCH 20500,17.2398,,,
,CHECKPOINT BATCH 20505,18.3365,,,
,CHECKPOINT BATCH 20510,15.2952,,,
18:43:34,20515,14.3065,11.3595,5000,0.1721
,CHECKPOINT BATCH 20515,14.3065,,,
,CHECKPOINT BATCH 20520,12.9448,,,
,CHECKPOINT BATCH 20525,23.2692,,,
,CHECKPOINT BATCH 20530,11.4099,,,
18:43:36,20533,13.0131,12.3965,5000,0.1719
,CHECKPOINT BATCH 20535,11.7706,,,
,CHECKPOINT BATCH 20540,12.0001,,,
,CHECKPOINT BATCH 20545,15.3213,,,
,CHECKPOINT BATCH 20550,9.9808,,,
18:43:38,20551,10.5621,12.6885,5000,0.1717
,CHECKPOINT BATCH 20555,10.9004,,,
18:43:40,20558,13.5104,12.0775,5000,0.1716
,CHECKPOINT BATCH 20560,15.4143,,,
,CHECKPOINT BATCH 20565,13.3223,,,
,CHECKPOINT BATCH 20570,9.7878,,,
,CHECKPOINT BATCH 20575,11.8521,,,
18:43:42,20576,11.4873,12.8890,5000,0.1714
,CHECKPOINT BATCH 20580,9.0468,,,
,CHECKPOINT BATCH 20585,15.7551,,,
,CHECKPOINT BATCH 20590,12.0518,,,
18:43:44,20594,13.3455,13.8650,5000,0.1712
,CHECKPOINT BATCH 20595,8.9132,,,
,CHECKPOINT BATCH 20600,8.0042,,,
,CHECKPOINT BATCH 20605,11.7003,,,
,CHECKPOINT BATCH 20610,8.6969,,,
18:43:46,20612,7.8833,13.5375,5000,0.1709
,CHECKPOINT BATCH 20615,16.8401,,,
,CHECKPOINT BATCH 20620,12.5310,,,
,CHECKPOINT BATCH 20625,11.2912,,,
18:43:48,20630,13.4904,13.3770,5000,0.1707
,CHECKPOINT BATCH 20630,13.4904,,,
,CHECKPOINT BATCH 20635,9.5450,,,
18:43:51,20639,13.4724,12.4350,5000,0.1706
,CHECKPOINT BATCH 20640,12.8298,,,
,CHECKPOINT BATCH 20645,10.7685,,,
,CHECKPOINT BATCH 20650,13.8391,,,
,CHECKPOINT BATCH 20655,15.7245,,,
18:43:53,20657,13.3960,13.3980,5000,0.1704
,CHECKPOINT BATCH 20660,13.2804,,,
,CHECKPOINT BATCH 20665,14.0011,,,
,CHECKPOINT BATCH 20670,9.9543,,,
18:43:55,20675,15.9688,14.1875,5000,0.1702
,CHECKPOINT BATCH 20675,15.9688,,,
,CHECKPOINT BATCH 20680,17.4619,,,
,CHECKPOINT BATCH 20685,12.5402,,,
,CHECKPOINT BATCH 20690,9.8014,,,
18:43:57,20693,9.5107,14.0315,5000,0.1700
,CHECKPOINT BATCH 20695,10.3048,,,
,CHECKPOINT BATCH 20700,14.7388,,,
,CHECKPOINT BATCH 20705,11.8191,,,
,CHECKPOINT BATCH 20710,12.1387,,,
18:43:59,20711,16.6755,14.7935,5000,0.1697
,CHECKPOINT BATCH 20715,11.6673,,,
,CHECKPOINT BATCH 20720,21.7679,,,
,CHECKPOINT BATCH 20725,13.2631,,,
18:44:01,20729,15.0415,14.6025,5000,0.1695
,CHECKPOINT BATCH 20730,15.1701,,,
,CHECKPOINT BATCH 20735,14.1190,,,
,CHECKPOINT BATCH 20740,16.4459,,,
,CHECKPOINT BATCH 20745,15.7468,,,
18:44:03,20747,11.3209,15.3325,5000,0.1693
,CHECKPOINT BATCH 20750,18.8109,,,
,CHECKPOINT BATCH 20755,14.6140,,,
,CHECKPOINT BATCH 20760,15.0683,,,
18:44:05,20765,16.1801,13.4295,5000,0.1691
,CHECKPOINT BATCH 20765,16.1801,,,
,CHECKPOINT BATCH 20770,19.1066,,,
,CHECKPOINT BATCH 20775,10.4474,,,
,CHECKPOINT BATCH 20780,9.5608,,,
18:44:07,20783,20.2663,11.2245,5000,0.1689
,CHECKPOINT BATCH 20785,17.1241,,,
18:44:09,20789,15.5194,10.1525,5000,0.1688
,CHECKPOINT BATCH 20790,12.1973,,,
,CHECKPOINT BATCH 20795,12.7155,,,
,CHECKPOINT BATCH 20800,12.2517,,,
,CHECKPOINT BATCH 20805,9.6330,,,
18:44:11,20807,10.4431,9.8715,5000,0.1686
,CHECKPOINT BATCH 20810,13.2385,,,
,CHECKPOINT BATCH 20815,12.8611,,,
,CHECKPOINT BATCH 20820,18.2782,,,
18:44:13,20825,13.1571,10.6835,5000,0.1684
,CHECKPOINT BATCH 20825,13.1571,,,
,CHECKPOINT BATCH 20830,12.4786,,,
,CHECKPOINT BATCH 20835,17.1845,,,
,CHECKPOINT BATCH 20840,18.2811,,,
18:44:15,20843,13.4741,11.6450,5000,0.1682
,CHECKPOINT BATCH 20845,9.6843,,,
,CHECKPOINT BATCH 20850,18.8366,,,
18:44:18,20852,16.9013,11.9625,5000,0.1681
,CHECKPOINT BATCH 20855,13.7877,,,
,CHECKPOINT BATCH 20860,12.9620,,,
,CHECKPOINT BATCH 20865,15.3161,,,
18:44:20,20870,15.2499,12.6340,5000,0.1679
,CHECKPOINT BATCH 20870,15.2499,,,
,CHECKPOINT BATCH 20875,16.5420,,,
,CHECKPOINT BATCH 20880,12.8538,,,
,CHECKPOINT BATCH 20885,17.5559,,,
18:44:22,20888,15.8429,14.9625,5000,0.1676
,CHECKPOINT BATCH 20890,13.3272,,,
,CHECKPOINT BATCH 20895,18.1375,,,
,CHECKPOINT BATCH 20900,12.5308,,,
,CHECKPOINT BATCH 20905,14.2022,,,
18:44:24,20906,8.4151,15.4210,5000,0.1674
,CHECKPOINT BATCH 20910,20.4959,,,
,CHECKPOINT BATCH 20915,16.9748,,,
,CHECKPOINT BATCH 20920,12.3728,,,
18:44:26,20924,17.2035,14.8090,5000,0.1672
,CHECKPOINT BATCH 20925,13.7162,,,
,CHECKPOINT BATCH 20930,19.3252,,,
18:44:28,20931,14.7082,13.5935,5000,0.1671
,CHECKPOINT BATCH 20935,17.6846,,,
,CHECKPOINT BATCH 20940,11.8691,,,
,CHECKPOINT BATCH 20945,12.5734,,,
18:44:30,20949,15.3709,13.4585,5000,0.1669
,CHECKPOINT BATCH 20950,16.8632,,,
,CHECKPOINT BATCH 20955,11.9987,,,
,CHECKPOINT BATCH 20960,12.6961,,,
,CHECKPOINT BATCH 20965,10.9510,,,
18:44:32,20967,14.3014,14.9840,5000,0.1667
,CHECKPOINT BATCH 20970,16.6283,,,
,CHECKPOINT BATCH 20975,12.0029,,,
,CHECKPOINT BATCH 20980,9.7855,,,
18:44:34,20985,9.7462,15.1580,5000,0.1665
,CHECKPOINT BATCH 20985,9.7462,,,
,CHECKPOINT BATCH 20990,12.6981,,,
,CHECKPOINT BATCH 20995,15.2306,,,
,CHECKPOINT BATCH 21000,14.1250,,,
18:44:36,21003,11.5731,14.2260,5000,0.1663
,CHECKPOINT BATCH 21005,16.0871,,,
18:44:38,21009,14.9065,13.2980,5000,0.1662
,CHECKPOINT BATCH 21010,11.3452,,,
,CHECKPOINT BATCH 21015,17.3620,,,
,CHECKPOINT BATCH 21020,13.1948,,,
,CHECKPOINT BATCH 21025,8.7388,,,
18:44:40,21026,10.7889,13.6305,5000,0.1660
,CHECKPOINT BATCH 21030,13.5550,,,
,CHECKPOINT BATCH 21035,21.2030,,,
,CHECKPOINT BATCH 21040,14.8541,,,
18:44:42,21044,9.5582,15.6005,5000,0.1658
,CHECKPOINT BATCH 21045,23.7247,,,
,CHECKPOINT BATCH 21050,16.8513,,,
,CHECKPOINT BATCH 21055,24.9054,,,
,CHECKPOINT BATCH 21060,14.9263,,,
18:44:44,21062,13.2245,15.5975,5000,0.1656
,CHECKPOINT BATCH 21065,17.4304,,,
,CHECKPOINT BATCH 21070,19.2865,,,
,CHECKPOINT BATCH 21075,10.6353,,,
18:44:46,21080,19.4888,14.5190,5000,0.1654
,CHECKPOINT BATCH 21080,19.4888,,,
,CHECKPOINT BATCH 21085,11.3054,,,
18:44:49,21089,12.2868,12.9585,5000,0.1653
,CHECKPOINT BATCH 21090,10.0716,,,
,CHECKPOINT BATCH 21095,15.2921,,,
,CHECKPOINT BATCH 21100,15.2329,,,
,CHECKPOINT BATCH 21105,19.5023,,,
18:44:51,21106,10.9844,14.2210,5000,0.1651
,CHECKPOINT BATCH 21110,21.2484,,,
,CHECKPOINT BATCH 21115,12.5727,,,
,CHECKPOINT BATCH 21120,16.8981,,,
18:44:54,21121,18.5854,15.2335,5000,0.1649
,CHECKPOINT BATCH 21125,10.7901,,,
,CHECKPOINT BATCH 21130,11.6151,,,
,CHECKPOINT BATCH 21135,10.8547,,,
18:44:56,21139,15.1336,13.5735,5000,0.1647
,CHECKPOINT BATCH 21140,15.4327,,,
,CHECKPOINT BATCH 21145,13.4627,,,
18:44:58,21147,14.6364,12.9275,5000,0.1646
,CHECKPOINT BATCH 21150,16.1574,,,
,CHECKPOINT BATCH 21155,17.5087,,,
,CHECKPOINT BATCH 21160,16.6254,,,
18:45:00,21165,13.0907,12.7710,5000,0.1644
,CHECKPOINT BATCH 21165,13.0907,,,
,CHECKPOINT BATCH 21170,17.3762,,,
,CHECKPOINT BATCH 21175,15.4586,,,
,CHECKPOINT BATCH 21180,8.7716,,,
18:45:02,21183,14.0543,13.3295,5000,0.1642
,CHECKPOINT BATCH 21185,28.0671,,,
18:45:04,21189,16.8177,13.4920,5000,0.1642
,CHECKPOINT BATCH 21190,9.9308,,,
,CHECKPOINT BATCH 21195,16.0643,,,
,CHECKPOINT BATCH 21200,18.2207,,,
,CHECKPOINT BATCH 21205,18.6775,,,
18:45:06,21207,17.6500,14.5570,5000,0.1640
,CHECKPOINT BATCH 21210,12.2962,,,
,CHECKPOINT BATCH 21215,13.8374,,,
,CHECKPOINT BATCH 21220,10.5045,,,
18:45:08,21225,13.4481,16.2770,5000,0.1637
,CHECKPOINT BATCH 21225,13.4481,,,
,CHECKPOINT BATCH 21230,16.2382,,,
,CHECKPOINT BATCH 21235,11.5484,,,
,CHECKPOINT BATCH 21240,14.4405,,,
18:45:10,21243,15.3112,15.6500,5000,0.1635
,CHECKPOINT BATCH 21245,18.8524,,,
,CHECKPOINT BATCH 21250,14.9439,,,
,CHECKPOINT BATCH 21255,9.6730,,,
,CHECKPOINT BATCH 21260,19.9765,,,
18:45:13,21262,19.7968,13.7735,5000,0.1633
,CHECKPOINT BATCH 21265,13.3217,,,
,CHECKPOINT BATCH 21270,13.1348,,,
,CHECKPOINT BATCH 21275,12.2858,,,
18:45:15,21280,22.4764,10.7315,5000,0.1631
,CHECKPOINT BATCH 21280,22.4764,,,
,CHECKPOINT BATCH 21285,12.2258,,,
,CHECKPOINT BATCH 21290,11.5704,,,
,CHECKPOINT BATCH 21295,14.7793,,,
18:45:17,21298,13.5384,8.9985,5000,0.1629
,CHECKPOINT BATCH 21300,14.2553,,,
18:45:19,21305,17.2695,7.0135,5000,0.1628
,CHECKPOINT BATCH 21305,17.2695,,,
,CHECKPOINT BATCH 21310,12.5187,,,
,CHECKPOINT BATCH 21315,15.3339,,,
,CHECKPOINT BATCH 21320,16.4483,,,
18:45:21,21323,10.3438,5.0320,5000,0.1626
,CHECKPOINT BATCH 21325,10.0235,,,
,CHECKPOINT BATCH 21330,15.6252,,,
,CHECKPOINT BATCH 21335,12.1752,,,
,CHECKPOINT BATCH 21340,13.7055,,,
18:45:23,21342,16.6184,3.5175,5000,0.1624
,CHECKPOINT BATCH 21345,8.3267,,,
,CHECKPOINT BATCH 21350,12.7564,,,
,CHECKPOINT BATCH 21355,13.9890,,,
18:45:25,21360,11.8741,2.9390,5000,0.1622
,CHECKPOINT BATCH 21360,11.8741,,,
,CHECKPOINT BATCH 21365,8.9294,,,
,CHECKPOINT BATCH 21370,20.0875,,,
,CHECKPOINT BATCH 21375,18.5065,,,
18:45:27,21378,9.8417,2.9755,5000,0.1620
,CHECKPOINT BATCH 21380,9.4805,,,
,CHECKPOINT BATCH 21385,8.8473,,,
,CHECKPOINT BATCH 21390,16.9400,,,
,CHECKPOINT BATCH 21395,14.5224,,,
18:45:29,21397,14.5403,3.0135,5000,0.1618
,CHECKPOINT BATCH 21400,12.8803,,,
,CHECKPOINT BATCH 21405,11.6641,,,
,CHECKPOINT BATCH 21410,16.4540,,,
,CHECKPOINT BATCH 21415,12.6170,,,
18:45:31,21416,11.9687,1.7685,5000,0.1616
,CHECKPOINT BATCH 21420,14.5705,,,
,CHECKPOINT BATCH 21425,10.6811,,,
,CHECKPOINT BATCH 21430,11.0435,,,
18:45:33,21434,15.3386,0.1015,5000,0.1614
,CHECKPOINT BATCH 21435,14.5272,,,
,CHECKPOINT BATCH 21440,11.3739,,,
,CHECKPOINT BATCH 21445,13.3880,,,
,CHECKPOINT BATCH 21450,15.4706,,,
18:45:35,21452,11.8589,1.5955,5000,0.1612
,CHECKPOINT BATCH 21455,20.2796,,,
,CHECKPOINT BATCH 21460,13.2850,,,
,CHECKPOINT BATCH 21465,13.3561,,,
18:45:37,21470,21.8013,4.6455,5000,0.1610
,CHECKPOINT BATCH 21470,21.8013,,,
,CHECKPOINT BATCH 21475,20.2665,,,
,CHECKPOINT BATCH 21480,15.2104,,,
,CHECKPOINT BATCH 21485,10.8415,,,
18:45:39,21488,12.9328,7.0710,5000,0.1608
,CHECKPOINT BATCH 21490,20.6188,,,
,CHECKPOINT BATCH 21495,13.3426,,,
,CHECKPOINT BATCH 21500,9.4951,,,
,CHECKPOINT BATCH 21505,11.1168,,,
18:45:41,21506,12.5335,8.3060,5000,0.1606
,CHECKPOINT BATCH 21510,11.9282,,,
,CHECKPOINT BATCH 21515,11.6322,,,
,CHECKPOINT BATCH 21520,7.3997,,,
18:45:44,21524,11.8543,8.3600,5000,0.1604
,CHECKPOINT BATCH 21525,15.0373,,,
,CHECKPOINT BATCH 21530,17.6092,,,
,CHECKPOINT BATCH 21535,14.4799,,,
,CHECKPOINT BATCH 21540,10.7191,,,
18:45:46,21542,12.6525,8.3820,5000,0.1602
,CHECKPOINT BATCH 21545,14.5421,,,
,CHECKPOINT BATCH 21550,11.2052,,,
,CHECKPOINT BATCH 21555,11.3303,,,
18:45:48,21560,16.1039,6.1305,5000,0.1600
,CHECKPOINT BATCH 21560,16.1039,,,
,CHECKPOINT BATCH 21565,17.6066,,,
,CHECKPOINT BATCH 21570,13.1991,,,
,CHECKPOINT BATCH 21575,11.8981,,,
18:45:50,21578,20.3850,3.6505,5000,0.1598
,CHECKPOINT BATCH 21580,9.8665,,,
,CHECKPOINT BATCH 21585,11.5071,,,
,CHECKPOINT BATCH 21590,14.0291,,,
,CHECKPOINT BATCH 21595,11.2260,,,
18:45:52,21596,12.0308,1.2125,5000,0.1596
,CHECKPOINT BATCH 21600,15.8577,,,
,CHECKPOINT BATCH 21605,16.2639,,,
,CHECKPOINT BATCH 21610,10.5297,,,
18:45:54,21614,11.3574,0.8195,5000,0.1594
,CHECKPOINT BATCH 21615,13.7930,,,
,CHECKPOINT BATCH 21620,16.0713,,,
,CHECKPOINT BATCH 21625,11.2353,,,
,CHECKPOINT BATCH 21630,17.9183,,,
18:45:56,21632,20.8657,0.6250,5000,0.1592
,CHECKPOINT BATCH 21635,10.0395,,,
,CHECKPOINT BATCH 21640,9.7281,,,
,CHECKPOINT BATCH 21645,11.0576,,,
18:45:58,21650,10.2044,0.1455,5000,0.1590
,CHECKPOINT BATCH 21650,10.2044,,,
,CHECKPOINT BATCH 21655,11.6185,,,
,CHECKPOINT BATCH 21660,11.1773,,,
,CHECKPOINT BATCH 21665,11.0181,,,
18:46:00,21668,11.3782,-0.0335,5000,0.1588
,CHECKPOINT BATCH 21670,9.7701,,,
,CHECKPOINT BATCH 21675,10.2396,,,
,CHECKPOINT BATCH 21680,17.3140,,,
,CHECKPOINT BATCH 21685,17.3142,,,
18:46:02,21686,12.1425,0.7535,5000,0.1586
,CHECKPOINT BATCH 21690,13.5762,,,
18:46:04,21693,9.4714,0.9270,5000,0.1585
,CHECKPOINT BATCH 21695,18.0041,,,
,CHECKPOINT BATCH 21700,14.9089,,,
,CHECKPOINT BATCH 21705,9.2323,,,
,CHECKPOINT BATCH 21710,15.5484,,,
18:46:06,21711,12.0010,4.1660,5000,0.1583
,CHECKPOINT BATCH 21715,14.9503,,,
,CHECKPOINT BATCH 21720,14.4216,,,
,CHECKPOINT BATCH 21725,9.1999,,,
18:46:09,21729,12.5454,7.2165,5000,0.1582
,CHECKPOINT BATCH 21730,15.8660,,,
,CHECKPOINT BATCH 21735,10.5626,,,
,CHECKPOINT BATCH 21740,16.1456,,,
,CHECKPOINT BATCH 21745,12.6718,,,
18:46:12,21747,12.0289,7.2890,5000,0.1580
,CHECKPOINT BATCH 21750,10.2908,,,
18:46:14,21754,25.6239,7.3180,5000,0.1579
,CHECKPOINT BATCH 21755,10.0687,,,
,CHECKPOINT BATCH 21760,11.4882,,,
,CHECKPOINT BATCH 21765,10.4144,,,
,CHECKPOINT BATCH 21770,10.4837,,,
18:46:16,21772,9.1055,9.3290,5000,0.1577
,CHECKPOINT BATCH 21775,11.9017,,,
,CHECKPOINT BATCH 21780,18.2798,,,
,CHECKPOINT BATCH 21785,12.0829,,,
18:46:18,21790,10.9745,12.0775,5000,0.1575
,CHECKPOINT BATCH 21790,10.9745,,,
,CHECKPOINT BATCH 21795,10.7308,,,
,CHECKPOINT BATCH 21800,15.7954,,,
,CHECKPOINT BATCH 21805,11.2607,,,
18:46:20,21808,12.9708,11.4155,5000,0.1573
,CHECKPOINT BATCH 21810,10.3648,,,
,CHECKPOINT BATCH 21815,16.6281,,,
,CHECKPOINT BATCH 21820,8.2633,,,
,CHECKPOINT BATCH 21825,11.3003,,,
18:46:22,21826,9.6819,10.3415,5000,0.1571
,CHECKPOINT BATCH 21830,14.7601,,,
,CHECKPOINT BATCH 21835,10.6842,,,
,CHECKPOINT BATCH 21840,16.9801,,,
18:46:25,21843,10.6671,12.4415,5000,0.1569
,CHECKPOINT BATCH 21845,10.3532,,,
,CHECKPOINT BATCH 21850,10.9463,,,
,CHECKPOINT BATCH 21855,10.9684,,,
,CHECKPOINT BATCH 21860,15.6351,,,
18:46:27,21861,18.0114,13.3545,5000,0.1567
,CHECKPOINT BATCH 21865,16.2707,,,
,CHECKPOINT BATCH 21870,11.6180,,,
,CHECKPOINT BATCH 21875,16.0379,,,
18:46:29,21879,15.0924,13.3785,5000,0.1565
,CHECKPOINT BATCH 21880,19.1926,,,
,CHECKPOINT BATCH 21885,13.7858,,,
,CHECKPOINT BATCH 21890,13.7050,,,
,CHECKPOINT BATCH 21895,10.7964,,,
18:46:31,21897,20.0604,12.4470,5000,0.1564
,CHECKPOINT BATCH 21900,24.6511,,,
,CHECKPOINT BATCH 21905,21.1570,,,
,CHECKPOINT BATCH 21910,14.5325,,,
18:46:33,21915,9.9834,12.5935,5000,0.1562
,CHECKPOINT BATCH 21915,9.9834,,,
,CHECKPOINT BATCH 21920,21.0378,,,
,CHECKPOINT BATCH 21925,22.5960,,,
,CHECKPOINT BATCH 21930,11.6243,,,
18:46:35,21933,11.7424,11.4955,5000,0.1560
,CHECKPOINT BATCH 21935,20.0353,,,
,CHECKPOINT BATCH 21940,9.4072,,,
,CHECKPOINT BATCH 21945,19.8366,,,
,CHECKPOINT BATCH 21950,14.9464,,,
18:46:37,21951,17.6174,12.3980,5000,0.1558
,CHECKPOINT BATCH 21955,13.3134,,,
18:46:39,21958,18.3684,12.3890,5000,0.1557
,CHECKPOINT BATCH 21960,20.0226,,,
,CHECKPOINT BATCH 21965,15.9057,,,
,CHECKPOINT BATCH 21970,15.4929,,,
,CHECKPOINT BATCH 21975,13.0880,,,
18:46:41,21976,18.4206,10.5635,5000,0.1555
,CHECKPOINT BATCH 21980,18.0848,,,
,CHECKPOINT BATCH 21985,14.4784,,,
,CHECKPOINT BATCH 21990,14.3447,,,
18:46:43,21994,12.5254,11.4500,5000,0.1553
,CHECKPOINT BATCH 21995,12.7647,,,
,CHECKPOINT BATCH 22000,18.8849,,,
,CHECKPOINT BATCH 22005,11.8394,,,
,CHECKPOINT BATCH 22010,19.2430,,,
18:46:46,22013,16.1987,12.1055,5000,0.1551
,CHECKPOINT BATCH 22015,13.6417,,,
,CHECKPOINT BATCH 22020,13.9671,,,
,CHECKPOINT BATCH 22025,11.0262,,,
,CHECKPOINT BATCH 22030,12.3022,,,
18:46:48,22031,14.0816,12.2455,5000,0.1549
,CHECKPOINT BATCH 22035,13.7982,,,
,CHECKPOINT BATCH 22040,12.8022,,,
,CHECKPOINT BATCH 22045,11.8188,,,
18:46:50,22049,18.7510,12.9055,5000,0.1547
,CHECKPOINT BATCH 22050,11.7559,,,
,CHECKPOINT BATCH 22055,13.5868,,,
,CHECKPOINT BATCH 22060,15.1918,,,
18:46:53,22064,14.9430,13.0190,5000,0.1546
,CHECKPOINT BATCH 22065,13.4149,,,
,CHECKPOINT BATCH 22070,12.4120,,,
,CHECKPOINT BATCH 22075,9.1670,,,
,CHECKPOINT BATCH 22080,11.6570,,,
18:46:55,22082,9.2138,13.3615,5000,0.1544
,CHECKPOINT BATCH 22085,18.9060,,,
,CHECKPOINT BATCH 22090,12.7705,,,
,CHECKPOINT BATCH 22095,8.9014,,,
18:46:57,22100,9.0777,14.0445,5000,0.1542
,CHECKPOINT BATCH 22100,9.0777,,,
,CHECKPOINT BATCH 22105,11.9608,,,
18:46:59,22107,10.2961,13.2920,5000,0.1541
,CHECKPOINT BATCH 22110,17.7633,,,
,CHECKPOINT BATCH 22115,13.1379,,,
,CHECKPOINT BATCH 22120,10.3397,,,
18:47:01,22125,12.6740,15.1365,5000,0.1540
,CHECKPOINT BATCH 22125,12.6740,,,
,CHECKPOINT BATCH 22130,11.6765,,,
,CHECKPOINT BATCH 22135,10.5732,,,
,CHECKPOINT BATCH 22140,17.4403,,,
18:47:03,22143,8.2932,15.7200,5000,0.1538
,CHECKPOINT BATCH 22145,17.3671,,,
,CHECKPOINT BATCH 22150,17.3631,,,
,CHECKPOINT BATCH 22155,11.2560,,,
,CHECKPOINT BATCH 22160,7.9800,,,
18:47:05,22161,14.1392,14.6385,5000,0.1536
,CHECKPOINT BATCH 22165,13.2724,,,
,CHECKPOINT BATCH 22170,14.5834,,,
,CHECKPOINT BATCH 22175,10.4259,,,
18:47:07,22179,12.0742,12.9020,5000,0.1534
,CHECKPOINT BATCH 22180,9.8669,,,
,CHECKPOINT BATCH 22185,10.5115,,,
,CHECKPOINT BATCH 22190,9.7409,,,
,CHECKPOINT BATCH 22195,8.6541,,,
18:47:09,22197,19.7078,8.5840,5000,0.1532
,CHECKPOINT BATCH 22200,9.8835,,,
,CHECKPOINT BATCH 22205,15.4610,,,
,CHECKPOINT BATCH 22210,15.7149,,,
18:47:11,22215,11.8411,6.8755,5000,0.1530
,CHECKPOINT BATCH 22215,11.8411,,,
,CHECKPOINT BATCH 22220,15.8326,,,
,CHECKPOINT BATCH 22225,15.3435,,,
,CHECKPOINT BATCH 22230,12.6561,,,
18:47:14,22233,7.1903,2.4220,5000,0.1528
,CHECKPOINT BATCH 22235,11.0595,,,
,CHECKPOINT BATCH 22240,9.7123,,,
,CHECKPOINT BATCH 22245,10.1654,,,
,CHECKPOINT BATCH 22250,19.0918,,,
18:47:16,22251,13.3216,0.4525,5000,0.1527
,CHECKPOINT BATCH 22255,9.5004,,,
,CHECKPOINT BATCH 22260,11.8217,,,
,CHECKPOINT BATCH 22265,19.7001,,,
18:47:18,22269,12.8315,0.0465,5000,0.1525
,CHECKPOINT BATCH 22270,16.7596,,,
,CHECKPOINT BATCH 22275,14.5897,,,
,CHECKPOINT BATCH 22280,10.6268,,,
,CHECKPOINT BATCH 22285,12.3870,,,
18:47:20,22287,17.9690,0.5245,5000,0.1523
,CHECKPOINT BATCH 22290,13.6936,,,
,CHECKPOINT BATCH 22295,14.5767,,,
,CHECKPOINT BATCH 22300,8.8292,,,
18:47:22,22305,14.8930,0.6570,5000,0.1521
,CHECKPOINT BATCH 22305,14.8930,,,
,CHECKPOINT BATCH 22310,11.2783,,,
,CHECKPOINT BATCH 22315,15.5731,,,
,CHECKPOINT BATCH 22320,17.2618,,,
18:47:24,22323,11.1173,2.4490,5000,0.1519
,CHECKPOINT BATCH 22325,8.9660,,,
,CHECKPOINT BATCH 22330,9.3114,,,
,CHECKPOINT BATCH 22335,18.1027,,,
,CHECKPOINT BATCH 22340,17.0755,,,
18:47:26,22341,10.4181,5.0385,5000,0.1517
,CHECKPOINT BATCH 22345,15.1471,,,
,CHECKPOINT BATCH 22350,13.5971,,,
,CHECKPOINT BATCH 22355,13.6246,,,
18:47:28,22359,10.1507,6.2510,5000,0.1516
,CHECKPOINT BATCH 22360,14.9913,,,
,CHECKPOINT BATCH 22365,8.8161,,,
,CHECKPOINT BATCH 22370,8.1601,,,
,CHECKPOINT BATCH 22375,10.8372,,,
18:47:30,22377,11.5606,7.1335,5000,0.1514
,CHECKPOINT BATCH 22380,11.0473,,,
,CHECKPOINT BATCH 22385,8.2580,,,
,CHECKPOINT BATCH 22390,9.7356,,,
18:47:32,22395,12.0348,7.9290,5000,0.1512
,CHECKPOINT BATCH 22395,12.0348,,,
,CHECKPOINT BATCH 22400,21.3603,,,
,CHECKPOINT BATCH 22405,11.1970,,,
,CHECKPOINT BATCH 22410,9.3085,,,
18:47:34,22413,10.4128,9.0020,5000,0.1510
,CHECKPOINT BATCH 22415,9.8157,,,
,CHECKPOINT BATCH 22420,13.3744,,,
,CHECKPOINT BATCH 22425,9.6026,,,
,CHECKPOINT BATCH 22430,13.7916,,,
18:47:36,22431,10.4612,8.8825,5000,0.1508
,CHECKPOINT BATCH 22435,15.9989,,,
18:47:38,22438,15.2188,8.0980,5000,0.1508
,CHECKPOINT BATCH 22440,12.1318,,,
,CHECKPOINT BATCH 22445,10.3445,,,
,CHECKPOINT BATCH 22450,15.8883,,,
,CHECKPOINT BATCH 22455,16.8670,,,
18:47:40,22456,10.5318,8.8985,5000,0.1506
,CHECKPOINT BATCH 22460,20.9569,,,
,CHECKPOINT BATCH 22465,10.5595,,,
,CHECKPOINT BATCH 22470,13.0358,,,
18:47:42,22474,11.2430,11.6885,5000,0.1504
,CHECKPOINT BATCH 22475,10.4437,,,
,CHECKPOINT BATCH 22480,11.4675,,,
,CHECKPOINT BATCH 22485,11.7090,,,
,CHECKPOINT BATCH 22490,20.3477,,,
18:47:44,22492,9.6673,12.5835,5000,0.1502
,CHECKPOINT BATCH 22495,13.3782,,,
,CHECKPOINT BATCH 22500,11.2114,,,
,CHECKPOINT BATCH 22505,10.9470,,,
,CHECKPOINT BATCH 22510,10.1313,,,
18:47:47,22511,12.4817,12.9285,5000,0.1500
,CHECKPOINT BATCH 22515,9.2960,,,
,CHECKPOINT BATCH 22520,9.8432,,,
,CHECKPOINT BATCH 22525,14.6622,,,
18:47:49,22529,14.2759,10.7955,5000,0.1498
,CHECKPOINT BATCH 22530,14.5684,,,
,CHECKPOINT BATCH 22535,12.6123,,,
,CHECKPOINT BATCH 22540,11.1586,,,
,CHECKPOINT BATCH 22545,18.0979,,,
18:47:51,22547,21.3890,9.5770,5000,0.1497
,CHECKPOINT BATCH 22550,12.9501,,,
,CHECKPOINT BATCH 22555,11.9213,,,
,CHECKPOINT BATCH 22560,7.3045,,,
,CHECKPOINT BATCH 22565,13.6055,,,
18:47:53,22566,14.7567,5.8840,5000,0.1495
,CHECKPOINT BATCH 22570,11.0058,,,
,CHECKPOINT BATCH 22575,5.9185,,,
,CHECKPOINT BATCH 22580,12.2415,,,
18:47:55,22584,10.2616,3.2480,5000,0.1493
,CHECKPOINT BATCH 22585,15.1319,,,
,CHECKPOINT BATCH 22590,12.8245,,,
,CHECKPOINT BATCH 22595,8.7169,,,
,CHECKPOINT BATCH 22600,15.4955,,,
18:47:57,22602,8.1015,1.3955,5000,0.1491
,CHECKPOINT BATCH 22605,8.8935,,,
,CHECKPOINT BATCH 22610,15.0475,,,
,CHECKPOINT BATCH 22615,10.9782,,,
18:48:00,22617,13.3294,0.4670,5000,0.1490
,CHECKPOINT BATCH 22620,19.5776,,,
,CHECKPOINT BATCH 22625,12.2851,,,
,CHECKPOINT BATCH 22630,14.3747,,,
18:48:02,22635,13.5660,2.0140,5000,0.1488
,CHECKPOINT BATCH 22635,13.5660,,,
,CHECKPOINT BATCH 22640,8.0843,,,
18:48:04,22642,14.5267,2.8965,5000,0.1487
,CHECKPOINT BATCH 22645,24.2294,,,
,CHECKPOINT BATCH 22650,18.0187,,,
,CHECKPOINT BATCH 22655,11.9030,,,
18:48:06,22660,18.2849,5.0510,5000,0.1485
,CHECKPOINT BATCH 22660,18.2849,,,
,CHECKPOINT BATCH 22665,17.9133,,,
,CHECKPOINT BATCH 22670,8.6483,,,
,CHECKPOINT BATCH 22675,11.6629,,,
18:48:08,22678,13.6743,7.9160,5000,0.1484
,CHECKPOINT BATCH 22680,14.9932,,,
,CHECKPOINT BATCH 22685,11.1361,,,
,CHECKPOINT BATCH 22690,13.2595,,,
,CHECKPOINT BATCH 22695,11.9218,,,
18:48:10,22696,17.1919,10.0515,5000,0.1482
,CHECKPOINT BATCH 22700,12.5887,,,
,CHECKPOINT BATCH 22705,13.2648,,,
,CHECKPOINT BATCH 22710,9.0089,,,
18:48:12,22714,10.3751,12.5330,5000,0.1480
,CHECKPOINT BATCH 22715,13.4699,,,
,CHECKPOINT BATCH 22720,15.1532,,,
,CHECKPOINT BATCH 22725,12.4801,,,
,CHECKPOINT BATCH 22730,12.0634,,,
18:48:14,22732,10.9301,14.3465,5000,0.1478
,CHECKPOINT BATCH 22735,10.1025,,,
18:48:16,22739,11.4148,13.1610,5000,0.1478
,CHECKPOINT BATCH 22740,16.5338,,,
,CHECKPOINT BATCH 22745,13.5166,,,
,CHECKPOINT BATCH 22750,17.9237,,,
18:48:20,22755,23.6529,14.0390,5000,0.1476
,CHECKPOINT BATCH 22755,23.6529,,,
,CHECKPOINT BATCH 22760,10.5100,,,
,CHECKPOINT BATCH 22765,10.8149,,,
,CHECKPOINT BATCH 22770,20.3761,,,
18:48:22,22772,7.1192,13.1735,5000,0.1474
,CHECKPOINT BATCH 22775,14.3551,,,
18:48:24,22779,10.4995,12.2585,5000,0.1474
,CHECKPOINT BATCH 22780,13.8626,,,
,CHECKPOINT BATCH 22785,15.8961,,,
,CHECKPOINT BATCH 22790,12.8731,,,
,CHECKPOINT BATCH 22795,17.3682,,,
18:48:26,22797,16.5092,12.3030,5000,0.1472
,CHECKPOINT BATCH 22800,7.6859,,,
,CHECKPOINT BATCH 22805,9.7307,,,
,CHECKPOINT BATCH 22810,13.0279,,,
18:48:28,22815,10.8847,13.5065,5000,0.1470
,CHECKPOINT BATCH 22815,10.8847,,,
,CHECKPOINT BATCH 22820,16.0870,,,
,CHECKPOINT BATCH 22825,16.4158,,,
,CHECKPOINT BATCH 22830,9.3603,,,
18:48:30,22833,19.5418,12.4295,5000,0.1468
,CHECKPOINT BATCH 22835,12.8252,,,
,CHECKPOINT BATCH 22840,13.9951,,,
,CHECKPOINT BATCH 22845,16.2556,,,
,CHECKPOINT BATCH 22850,11.0019,,,
18:48:32,22851,12.0543,11.2095,5000,0.1467
,CHECKPOINT BATCH 22855,14.2872,,,
,CHECKPOINT BATCH 22860,9.8295,,,
,CHECKPOINT BATCH 22865,16.8580,,,
18:48:34,22869,18.3613,9.3865,5000,0.1465
,CHECKPOINT BATCH 22870,16.2871,,,
,CHECKPOINT BATCH 22875,9.7273,,,
,CHECKPOINT BATCH 22880,10.2682,,,
,CHECKPOINT BATCH 22885,14.8701,,,
18:48:36,22887,13.5234,8.0085,5000,0.1463
,CHECKPOINT BATCH 22890,12.7898,,,
,CHECKPOINT BATCH 22895,10.2826,,,
,CHECKPOINT BATCH 22900,13.7335,,,
18:48:38,22905,15.9269,4.3785,5000,0.1462
,CHECKPOINT BATCH 22905,15.9269,,,
,CHECKPOINT BATCH 22910,11.3339,,,
,CHECKPOINT BATCH 22915,12.3628,,,
,CHECKPOINT BATCH 22920,12.4692,,,
18:48:40,22923,7.1194,1.5135,5000,0.1460
,CHECKPOINT BATCH 22925,8.1196,,,
,CHECKPOINT BATCH 22930,10.9861,,,
,CHECKPOINT BATCH 22935,11.2243,,,
,CHECKPOINT BATCH 22940,20.1959,,,
18:48:42,22941,26.2863,0.7860,5000,0.1458
,CHECKPOINT BATCH 22945,14.7463,,,
,CHECKPOINT BATCH 22950,10.1185,,,
,CHECKPOINT BATCH 22955,12.6585,,,
18:48:44,22959,8.9022,0.1980,5000,0.1456
,CHECKPOINT BATCH 22960,8.8791,,,
,CHECKPOINT BATCH 22965,12.4468,,,
,CHECKPOINT BATCH 22970,16.4495,,,
,CHECKPOINT BATCH 22975,13.8266,,,
18:48:46,22977,11.1120,0.2500,5000,0.1455
,CHECKPOINT BATCH 22980,9.1119,,,
,CHECKPOINT BATCH 22985,9.7574,,,
,CHECKPOINT BATCH 22990,11.5730,,,
18:48:48,22995,15.4206,0.2695,5000,0.1453
,CHECKPOINT BATCH 22995,15.4206,,,
,CHECKPOINT BATCH 23000,10.2260,,,
,CHECKPOINT BATCH 23005,11.4955,,,
,CHECKPOINT BATCH 23010,10.1482,,,
18:48:50,23013,17.3881,0.2370,5000,0.1451
,CHECKPOINT BATCH 23015,16.6146,,,
,CHECKPOINT BATCH 23020,12.0801,,,
18:48:53,23021,15.0141,0.2040,5000,0.1450
,CHECKPOINT BATCH 23025,15.3093,,,
,CHECKPOINT BATCH 23030,6.7383,,,
,CHECKPOINT BATCH 23035,10.3265,,,
18:48:55,23038,13.9450,2.0200,5000,0.1449
,CHECKPOINT BATCH 23040,11.6229,,,
,CHECKPOINT BATCH 23045,11.9302,,,
,CHECKPOINT BATCH 23050,10.3098,,,
,CHECKPOINT BATCH 23055,12.7323,,,
18:48:57,23056,11.4198,5.6730,5000,0.1447
,CHECKPOINT BATCH 23060,20.1025,,,
,CHECKPOINT BATCH 23065,9.5493,,,
,CHECKPOINT BATCH 23070,9.0847,,,
18:48:59,23074,16.1142,8.2150,5000,0.1445
,CHECKPOINT BATCH 23075,8.4774,,,
,CHECKPOINT BATCH 23080,9.2118,,,
,CHECKPOINT BATCH 23085,8.1996,,,
,CHECKPOINT BATCH 23090,9.1755,,,
18:49:01,23092,9.4293,10.9360,5000,0.1444
,CHECKPOINT BATCH 23095,7.1686,,,
,CHECKPOINT BATCH 23100,14.2034,,,
,CHECKPOINT BATCH 23105,5.7259,,,
18:49:03,23110,9.4496,14.3535,5000,0.1442
,CHECKPOINT BATCH 23110,9.4496,,,
,CHECKPOINT BATCH 23115,13.4269,,,
,CHECKPOINT BATCH 23120,10.9288,,,
,CHECKPOINT BATCH 23125,9.1064,,,
18:49:05,23128,12.9684,16.5185,5000,0.1440
,CHECKPOINT BATCH 23130,15.2529,,,
,CHECKPOINT BATCH 23135,9.0595,,,
,CHECKPOINT BATCH 23140,19.9724,,,
,CHECKPOINT BATCH 23145,9.0331,,,
18:49:07,23146,9.7185,15.4755,5000,0.1439
,CHECKPOINT BATCH 23150,11.0152,,,
,CHECKPOINT BATCH 23155,10.7119,,,
18:49:10,23157,10.8028,14.3675,5000,0.1438
,CHECKPOINT BATCH 23160,9.0427,,,
,CHECKPOINT BATCH 23165,11.6979,,,
,CHECKPOINT BATCH 23170,12.2508,,,
,CHECKPOINT BATCH 23175,17.2485,,,
18:49:12,23176,11.1040,14.7045,5000,0.1436
,CHECKPOINT BATCH 23180,8.3606,,,
,CHECKPOINT BATCH 23185,11.9160,,,
,CHECKPOINT BATCH 23190,12.5489,,,
18:49:14,23194,7.6250,15.4700,5000,0.1434
,CHECKPOINT BATCH 23195,24.5484,,,
,CHECKPOINT BATCH 23200,8.6374,,,
,CHECKPOINT BATCH 23205,9.4497,,,
,CHECKPOINT BATCH 23210,12.2658,,,
18:49:16,23212,8.8694,15.2760,5000,0.1432
,CHECKPOINT BATCH 23215,10.4260,,,
,CHECKPOINT BATCH 23220,20.0011,,,
,CHECKPOINT BATCH 23225,12.4308,,,
18:49:19,23230,12.9922,15.5280,5000,0.1431
,CHECKPOINT BATCH 23230,12.9922,,,
,CHECKPOINT BATCH 23235,18.0600,,,
,CHECKPOINT BATCH 23240,14.5744,,,
,CHECKPOINT BATCH 23245,10.7157,,,
18:49:21,23248,14.0501,15.3905,5000,0.1429
,CHECKPOINT BATCH 23250,12.4976,,,
,CHECKPOINT BATCH 23255,12.9690,,,
,CHECKPOINT BATCH 23260,20.6329,,,
,CHECKPOINT BATCH 23265,9.1068,,,
18:49:24,23266,24.4366,18.4730,5000,0.1427
,CHECKPOINT BATCH 23270,10.8841,,,
,CHECKPOINT BATCH 23275,15.1434,,,
,CHECKPOINT BATCH 23280,10.2562,,,
18:49:26,23284,10.9560,17.6990,5000,0.1426
,CHECKPOINT BATCH 23285,12.3493,,,
,CHECKPOINT BATCH 23290,15.5638,,,
,CHECKPOINT BATCH 23295,10.8943,,,
,CHECKPOINT BATCH 23300,23.4882,,,
18:49:28,23303,19.3416,18.0260,5000,0.1424
,CHECKPOINT BATCH 23305,8.2830,,,
18:49:30,23309,9.4299,17.1080,5000,0.1423
,CHECKPOINT BATCH 23310,20.1328,,,
,CHECKPOINT BATCH 23315,12.4661,,,
,CHECKPOINT BATCH 23320,17.8300,,,
,CHECKPOINT BATCH 23325,9.9269,,,
18:49:32,23327,7.9193,17.1355,5000,0.1422
,CHECKPOINT BATCH 23330,21.5460,,,
,CHECKPOINT BATCH 23335,13.5706,,,
,CHECKPOINT BATCH 23340,14.8274,,,
18:49:34,23345,20.7481,18.9675,5000,0.1420
,CHECKPOINT BATCH 23345,20.7481,,,
,CHECKPOINT BATCH 23350,11.3124,,,
,CHECKPOINT BATCH 23355,15.7375,,,
,CHECKPOINT BATCH 23360,8.8738,,,
18:49:36,23363,10.4736,16.3265,5000,0.1419
,CHECKPOINT BATCH 23365,9.3004,,,
,CHECKPOINT BATCH 23370,9.5509,,,
,CHECKPOINT BATCH 23375,14.0375,,,
,CHECKPOINT BATCH 23380,18.5028,,,
18:49:38,23381,10.2897,15.0670,5000,0.1417
,CHECKPOINT BATCH 23385,8.8094,,,
,CHECKPOINT BATCH 23390,9.4277,,,
18:49:41,23394,9.6113,14.1475,5000,0.1416
,CHECKPOINT BATCH 23395,15.1242,,,
,CHECKPOINT BATCH 23400,9.9822,,,
,CHECKPOINT BATCH 23405,14.8170,,,
,CHECKPOINT BATCH 23410,15.7685,,,
18:49:43,23412,15.1783,13.9990,5000,0.1414
,CHECKPOINT BATCH 23415,10.2047,,,
,CHECKPOINT BATCH 23420,14.1778,,,
,CHECKPOINT BATCH 23425,18.5222,,,
18:49:45,23430,9.7213,13.9755,5000,0.1412
,CHECKPOINT BATCH 23430,9.7213,,,
,CHECKPOINT BATCH 23435,8.2855,,,
,CHECKPOINT BATCH 23440,18.0364,,,
,CHECKPOINT BATCH 23445,7.2957,,,
18:49:47,23448,9.4444,13.3845,5000,0.1411
,CHECKPOINT BATCH 23450,7.1985,,,
,CHECKPOINT BATCH 23455,21.7869,,,
,CHECKPOINT BATCH 23460,21.6853,,,
,CHECKPOINT BATCH 23465,10.5623,,,
18:49:49,23466,22.8073,12.4415,5000,0.1409
,CHECKPOINT BATCH 23470,14.8516,,,
,CHECKPOINT BATCH 23475,13.9874,,,
,CHECKPOINT BATCH 23480,19.0646,,,
18:49:51,23485,19.8212,10.1395,5000,0.1407
,CHECKPOINT BATCH 23485,19.8212,,,
,CHECKPOINT BATCH 23490,10.4883,,,
,CHECKPOINT BATCH 23495,12.8751,,,
,CHECKPOINT BATCH 23500,10.9976,,,
18:49:53,23503,14.2608,8.8620,5000,0.1406
,CHECKPOINT BATCH 23505,16.1141,,,
,CHECKPOINT BATCH 23510,14.9019,,,
,CHECKPOINT BATCH 23515,36.1369,,,
,CHECKPOINT BATCH 23520,7.7257,,,
18:49:55,23521,14.6409,5.9390,5000,0.1404
,CHECKPOINT BATCH 23525,11.1550,,,
,CHECKPOINT BATCH 23530,16.6595,,,
,CHECKPOINT BATCH 23535,11.9486,,,
18:49:57,23539,14.2574,4.5200,5000,0.1402
,CHECKPOINT BATCH 23540,11.2707,,,
,CHECKPOINT BATCH 23545,15.0942,,,
,CHECKPOINT BATCH 23550,10.7125,,,
18:50:00,23552,12.3222,4.0285,5000,0.1401
,CHECKPOINT BATCH 23555,10.6774,,,
,CHECKPOINT BATCH 23560,8.5251,,,
,CHECKPOINT BATCH 23565,8.9593,,,
18:50:02,23570,11.8798,5.7620,5000,0.1400
,CHECKPOINT BATCH 23570,11.8798,,,
,CHECKPOINT BATCH 23575,13.5708,,,
,CHECKPOINT BATCH 23580,14.1234,,,
,CHECKPOINT BATCH 23585,10.6666,,,
18:50:04,23589,21.5567,9.4495,5000,0.1398
,CHECKPOINT BATCH 23590,13.3505,,,
,CHECKPOINT BATCH 23595,17.8344,,,
,CHECKPOINT BATCH 23600,12.8764,,,
,CHECKPOINT BATCH 23605,15.3916,,,
18:50:06,23607,20.3438,12.2660,5000,0.1396
,CHECKPOINT BATCH 23610,15.9743,,,
,CHECKPOINT BATCH 23615,8.2733,,,
,CHECKPOINT BATCH 23620,23.0030,,,
18:50:08,23625,13.3249,14.3945,5000,0.1395
,CHECKPOINT BATCH 23625,13.3249,,,
,CHECKPOINT BATCH 23630,11.8731,,,
18:50:11,23633,12.1322,14.5530,5000,0.1394
,CHECKPOINT BATCH 23635,27.0840,,,
,CHECKPOINT BATCH 23640,12.2704,,,
,CHECKPOINT BATCH 23645,10.9984,,,
,CHECKPOINT BATCH 23650,27.5210,,,
18:50:13,23651,19.7423,14.0315,5000,0.1392
,CHECKPOINT BATCH 23655,17.7211,,,
,CHECKPOINT BATCH 23660,18.2173,,,
,CHECKPOINT BATCH 23665,13.8889,,,
18:50:15,23669,13.9560,15.1175,5000,0.1391
,CHECKPOINT BATCH 23670,13.5712,,,
,CHECKPOINT BATCH 23675,13.5222,,,
,CHECKPOINT BATCH 23680,14.9507,,,
,CHECKPOINT BATCH 23685,13.2810,,,
18:50:17,23686,16.9077,14.9665,5000,0.1389
,CHECKPOINT BATCH 23690,9.4423,,,
,CHECKPOINT BATCH 23695,11.4713,,,
,CHECKPOINT BATCH 23700,14.3440,,,
18:50:19,23704,8.9453,13.7015,5000,0.1388
,CHECKPOINT BATCH 23705,17.7806,,,
,CHECKPOINT BATCH 23710,13.2608,,,
,CHECKPOINT BATCH 23715,13.6111,,,
,CHECKPOINT BATCH 23720,9.2828,,,
18:50:21,23722,13.9888,13.4335,5000,0.1386
,CHECKPOINT BATCH 23725,12.1524,,,
18:50:23,23729,14.3510,12.6925,5000,0.1385
,CHECKPOINT BATCH 23730,15.1689,,,
,CHECKPOINT BATCH 23735,10.2722,,,
,CHECKPOINT BATCH 23740,9.2826,,,
,CHECKPOINT BATCH 23745,10.6882,,,
18:50:25,23747,15.3629,15.2695,5000,0.1384
,CHECKPOINT BATCH 23750,8.0755,,,
18:50:27,23755,11.6963,15.7060,5000,0.1383
,CHECKPOINT BATCH 23755,11.6963,,,
,CHECKPOINT BATCH 23760,13.7119,,,
,CHECKPOINT BATCH 23765,12.4388,,,
,CHECKPOINT BATCH 23770,11.3059,,,
18:50:29,23773,9.8180,13.5740,5000,0.1382
,CHECKPOINT BATCH 23775,13.4839,,,
,CHECKPOINT BATCH 23780,10.7462,,,
,CHECKPOINT BATCH 23785,11.4639,,,
,CHECKPOINT BATCH 23790,15.5058,,,
18:50:31,23791,17.9457,15.1225,5000,0.1380
,CHECKPOINT BATCH 23795,16.5372,,,
,CHECKPOINT BATCH 23800,11.4536,,,
,CHECKPOINT BATCH 23805,15.9850,,,
18:50:33,23809,18.9382,16.5255,5000,0.1378
,CHECKPOINT BATCH 23810,12.7354,,,
,CHECKPOINT BATCH 23815,23.2247,,,
,CHECKPOINT BATCH 23820,16.5499,,,
,CHECKPOINT BATCH 23825,17.1402,,,
18:50:35,23827,13.0890,17.0640,5000,0.1377
,CHECKPOINT BATCH 23830,15.2967,,,
,CHECKPOINT BATCH 23835,22.5595,,,
,CHECKPOINT BATCH 23840,20.3895,,,
18:50:38,23845,11.0320,15.8080,5000,0.1375
,CHECKPOINT BATCH 23845,11.0320,,,
,CHECKPOINT BATCH 23850,14.8582,,,
,CHECKPOINT BATCH 23855,10.1070,,,
,CHECKPOINT BATCH 23860,14.5509,,,
18:50:40,23863,11.3577,16.0980,5000,0.1374
,CHECKPOINT BATCH 23865,13.8786,,,
,CHECKPOINT BATCH 23870,15.3707,,,
,CHECKPOINT BATCH 23875,9.1125,,,
,CHECKPOINT BATCH 23880,12.6172,,,
18:50:42,23881,11.7541,15.3280,5000,0.1372
,CHECKPOINT BATCH 23885,12.5969,,,
,CHECKPOINT BATCH 23890,10.6586,,,
,CHECKPOINT BATCH 23895,11.0418,,,
18:50:44,23899,19.7073,12.6785,5000,0.1371
,CHECKPOINT BATCH 23900,20.5926,,,
,CHECKPOINT BATCH 23905,14.5694,,,
,CHECKPOINT BATCH 23910,13.8659,,,
18:50:46,23911,15.5865,10.8190,5000,0.1370
,CHECKPOINT BATCH 23915,15.1545,,,
,CHECKPOINT BATCH 23920,16.2575,,,
,CHECKPOINT BATCH 23925,13.8475,,,
18:50:48,23929,12.0876,10.6010,5000,0.1368
,CHECKPOINT BATCH 23930,11.0999,,,
,CHECKPOINT BATCH 23935,11.3597,,,
,CHECKPOINT BATCH 23940,9.2836,,,
,CHECKPOINT BATCH 23945,9.3939,,,
18:50:50,23947,16.7304,12.3005,5000,0.1366
,CHECKPOINT BATCH 23950,13.4595,,,
,CHECKPOINT BATCH 23955,15.1588,,,
,CHECKPOINT BATCH 23960,11.9038,,,
18:50:52,23965,9.7030,13.6975,5000,0.1365
,CHECKPOINT BATCH 23965,9.7030,,,
,CHECKPOINT BATCH 23970,14.5088,,,
,CHECKPOINT BATCH 23975,10.1694,,,
18:50:55,23978,11.9608,14.3195,5000,0.1364
,CHECKPOINT BATCH 23980,9.8653,,,
,CHECKPOINT BATCH 23985,10.5050,,,
,CHECKPOINT BATCH 23990,5.7314,,,
,CHECKPOINT BATCH 23995,9.8245,,,
18:50:57,23996,10.3081,15.2945,5000,0.1362
,CHECKPOINT BATCH 24000,14.3472,,,
,CHECKPOINT BATCH 24005,18.5387,,,
,CHECKPOINT BATCH 24010,12.9985,,,
18:50:59,24014,11.9210,18.5400,5000,0.1361
,CHECKPOINT BATCH 24015,12.5127,,,
,CHECKPOINT BATCH 24020,8.3940,,,
,CHECKPOINT BATCH 24025,10.3920,,,
,CHECKPOINT BATCH 24030,9.6338,,,
18:51:01,24032,16.7115,18.5345,5000,0.1359
,CHECKPOINT BATCH 24035,15.9581,,,
,CHECKPOINT BATCH 24040,12.5755,,,
,CHECKPOINT BATCH 24045,17.8335,,,
18:51:03,24050,12.6696,17.2545,5000,0.1358
,CHECKPOINT BATCH 24050,12.6696,,,
,CHECKPOINT BATCH 24055,11.5395,,,
,CHECKPOINT BATCH 24060,26.0123,,,
,CHECKPOINT BATCH 24065,8.2446,,,
18:51:06,24068,12.9372,15.6915,5000,0.1356
,CHECKPOINT BATCH 24070,9.9962,,,
,CHECKPOINT BATCH 24075,23.5687,,,
,CHECKPOINT BATCH 24080,24.8322,,,
,CHECKPOINT BATCH 24085,17.2712,,,
18:51:08,24086,21.6046,14.9260,5000,0.1354
,CHECKPOINT BATCH 24090,10.0130,,,
,CHECKPOINT BATCH 24095,11.8603,,,
,CHECKPOINT BATCH 24100,14.2861,,,
18:51:10,24104,10.6727,11.9985,5000,0.1353
,CHECKPOINT BATCH 24105,11.4016,,,
,CHECKPOINT BATCH 24110,10.7998,,,
18:51:12,24114,11.7007,11.1870,5000,0.1352
,CHECKPOINT BATCH 24115,9.9528,,,
,CHECKPOINT BATCH 24120,20.1537,,,
,CHECKPOINT BATCH 24125,9.6138,,,
,CHECKPOINT BATCH 24130,9.9585,,,
18:51:14,24131,14.3197,9.8315,5000,0.1351
,CHECKPOINT BATCH 24135,11.0944,,,
,CHECKPOINT BATCH 24140,15.7196,,,
,CHECKPOINT BATCH 24145,12.3087,,,
18:51:16,24150,12.2180,10.7465,5000,0.1349
,CHECKPOINT BATCH 24150,12.2180,,,
,CHECKPOINT BATCH 24155,14.6978,,,
,CHECKPOINT BATCH 24160,9.4772,,,
,CHECKPOINT BATCH 24165,14.2959,,,
18:51:18,24168,11.2978,11.8775,5000,0.1347
,CHECKPOINT BATCH 24170,12.2931,,,
,CHECKPOINT BATCH 24175,11.0289,,,
18:51:21,24177,9.3759,12.3410,5000,0.1347
,CHECKPOINT BATCH 24180,13.3361,,,
,CHECKPOINT BATCH 24185,10.5234,,,
,CHECKPOINT BATCH 24190,17.9988,,,
18:51:23,24195,7.7042,13.4210,5000,0.1345
,CHECKPOINT BATCH 24195,7.7042,,,
,CHECKPOINT BATCH 24200,8.2623,,,
,CHECKPOINT BATCH 24205,14.3720,,,
,CHECKPOINT BATCH 24210,8.7735,,,
18:51:25,24213,14.7929,15.7165,5000,0.1344
,CHECKPOINT BATCH 24215,11.5555,,,
,CHECKPOINT BATCH 24220,14.0494,,,
,CHECKPOINT BATCH 24225,12.2690,,,
,CHECKPOINT BATCH 24230,17.7196,,,
18:51:27,24231,11.0838,17.3865,5000,0.1342
,CHECKPOINT BATCH 24235,10.1847,,,
,CHECKPOINT BATCH 24240,22.5616,,,
,CHECKPOINT BATCH 24245,8.6575,,,
18:51:29,24249,9.0628,14.5100,5000,0.1341
,CHECKPOINT BATCH 24250,11.2399,,,
,CHECKPOINT BATCH 24255,13.6198,,,
18:51:31,24256,13.2756,13.4390,5000,0.1340
,CHECKPOINT BATCH 24260,14.6246,,,
,CHECKPOINT BATCH 24265,10.9909,,,
,CHECKPOINT BATCH 24270,15.1872,,,
18:51:33,24273,14.2867,14.2910,5000,0.1339
,CHECKPOINT BATCH 24275,15.4209,,,
,CHECKPOINT BATCH 24280,13.6869,,,
,CHECKPOINT BATCH 24285,12.2780,,,
,CHECKPOINT BATCH 24290,32.8868,,,
18:51:35,24291,15.3449,15.8120,5000,0.1337
,CHECKPOINT BATCH 24295,13.6014,,,
,CHECKPOINT BATCH 24300,8.8839,,,
,CHECKPOINT BATCH 24305,11.5960,,,
18:51:37,24309,7.0156,14.4790,5000,0.1336
,CHECKPOINT BATCH 24310,14.5552,,,
,CHECKPOINT BATCH 24315,10.2810,,,
,CHECKPOINT BATCH 24320,13.5324,,,
,CHECKPOINT BATCH 24325,17.7376,,,
18:51:39,24327,15.8424,13.3490,5000,0.1334
,CHECKPOINT BATCH 24330,10.4958,,,
,CHECKPOINT BATCH 24335,13.4895,,,
18:51:42,24339,8.0252,12.8765,5000,0.1333
,CHECKPOINT BATCH 24340,13.8695,,,
,CHECKPOINT BATCH 24345,10.1741,,,
,CHECKPOINT BATCH 24350,16.0742,,,
,CHECKPOINT BATCH 24355,13.4445,,,
18:51:44,24357,15.8543,13.9850,5000,0.1332
,CHECKPOINT BATCH 24360,10.0569,,,
,CHECKPOINT BATCH 24365,16.4306,,,
,CHECKPOINT BATCH 24370,12.3839,,,
,CHECKPOINT BATCH 24375,13.7947,,,
18:51:46,24376,9.8870,13.9870,5000,0.1330
,CHECKPOINT BATCH 24380,8.0514,,,
,CHECKPOINT BATCH 24385,19.2599,,,
,CHECKPOINT BATCH 24390,13.3850,,,
18:51:48,24394,16.5907,14.8820,5000,0.1329
,CHECKPOINT BATCH 24395,18.2719,,,
,CHECKPOINT BATCH 24400,8.2295,,,
,CHECKPOINT BATCH 24405,8.7788,,,
,CHECKPOINT BATCH 24410,11.0198,,,
18:51:50,24412,13.3515,14.8725,5000,0.1327
,CHECKPOINT BATCH 24415,11.0508,,,
18:51:52,24419,8.3843,14.2950,5000,0.1326
,CHECKPOINT BATCH 24420,8.9581,,,
,CHECKPOINT BATCH 24425,16.8094,,,
,CHECKPOINT BATCH 24430,8.8928,,,
,CHECKPOINT BATCH 24435,17.9209,,,
18:51:54,24437,11.2021,14.9545,5000,0.1325
,CHECKPOINT BATCH 24440,12.6979,,,
,CHECKPOINT BATCH 24445,8.8794,,,
,CHECKPOINT BATCH 24450,14.2864,,,
18:51:56,24455,13.7273,17.5440,5000,0.1323
,CHECKPOINT BATCH 24455,13.7273,,,
,CHECKPOINT BATCH 24460,8.8021,,,
18:51:58,24462,20.0441,16.4790,5000,0.1323
,CHECKPOINT BATCH 24465,12.7287,,,
,CHECKPOINT BATCH 24470,11.2911,,,
,CHECKPOINT BATCH 24475,11.8487,,,
18:52:01,24480,14.8612,15.1315,5000,0.1321
,CHECKPOINT BATCH 24480,14.8612,,,
,CHECKPOINT BATCH 24485,9.6323,,,
,CHECKPOINT BATCH 24490,9.9582,,,
,CHECKPOINT BATCH 24495,15.2850,,,
18:52:03,24498,12.6651,14.7985,5000,0.1320
,CHECKPOINT BATCH 24500,11.7803,,,
,CHECKPOINT BATCH 24505,16.4304,,,
,CHECKPOINT BATCH 24510,18.5460,,,
,CHECKPOINT BATCH 24515,17.1046,,,
18:52:05,24516,26.3147,16.0490,5000,0.1318
,CHECKPOINT BATCH 24520,12.8349,,,
,CHECKPOINT BATCH 24525,6.8963,,,
,CHECKPOINT BATCH 24530,10.1342,,,
18:52:07,24535,10.7209,16.7780,5000,0.1317
,CHECKPOINT BATCH 24535,10.7209,,,
,CHECKPOINT BATCH 24540,14.5948,,,
18:52:09,24542,10.2328,15.6860,5000,0.1316
,CHECKPOINT BATCH 24545,8.4500,,,
,CHECKPOINT BATCH 24550,9.3101,,,
,CHECKPOINT BATCH 24555,13.1436,,,
18:52:11,24560,11.5471,14.4800,5000,0.1315
,CHECKPOINT BATCH 24560,11.5471,,,
,CHECKPOINT BATCH 24565,6.8812,,,
,CHECKPOINT BATCH 24570,18.2963,,,
,CHECKPOINT BATCH 24575,12.4105,,,
18:52:13,24578,9.8190,15.7165,5000,0.1313
,CHECKPOINT BATCH 24580,25.0633,,,
,CHECKPOINT BATCH 24585,12.4200,,,
,CHECKPOINT BATCH 24590,13.9047,,,
,CHECKPOINT BATCH 24595,11.8968,,,
18:52:15,24596,16.0298,15.5930,5000,0.1312
,CHECKPOINT BATCH 24600,14.0865,,,
,CHECKPOINT BATCH 24605,12.6815,,,
,CHECKPOINT BATCH 24610,10.0486,,,
18:52:17,24614,12.9100,14.4965,5000,0.1310
,CHECKPOINT BATCH 24615,9.2865,,,
,CHECKPOINT BATCH 24620,6.2146,,,
,CHECKPOINT BATCH 24625,15.6425,,,
,CHECKPOINT BATCH 24630,9.3355,,,
18:52:19,24633,9.9430,13.4070,5000,0.1309
,CHECKPOINT BATCH 24635,12.9239,,,
,CHECKPOINT BATCH 24640,11.6367,,,
,CHECKPOINT BATCH 24645,11.2308,,,
,CHECKPOINT BATCH 24650,26.0105,,,
18:52:21,24651,20.2841,13.8555,5000,0.1308
,CHECKPOINT BATCH 24655,9.7308,,,
,CHECKPOINT BATCH 24660,9.7206,,,
,CHECKPOINT BATCH 24665,14.8102,,,
18:52:23,24669,10.1868,12.9140,5000,0.1306
,CHECKPOINT BATCH 24670,11.2214,,,
,CHECKPOINT BATCH 24675,7.7130,,,
,CHECKPOINT BATCH 24680,19.8329,,,
,CHECKPOINT BATCH 24685,15.4855,,,
18:52:25,24687,12.4931,10.7455,5000,0.1305
,CHECKPOINT BATCH 24690,16.6527,,,
,CHECKPOINT BATCH 24695,15.7595,,,
18:52:28,24698,11.1134,10.1030,5000,0.1304
,CHECKPOINT BATCH 24700,15.7902,,,
,CHECKPOINT BATCH 24705,9.1787,,,
,CHECKPOINT BATCH 24710,21.0495,,,
,CHECKPOINT BATCH 24715,9.5129,,,
18:52:30,24716,14.8846,10.4310,5000,0.1302
,CHECKPOINT BATCH 24720,12.8350,,,
,CHECKPOINT BATCH 24725,19.3492,,,
18:52:33,24730,16.1386,11.6650,5000,0.1301
,CHECKPOINT BATCH 24730,16.1386,,,
,CHECKPOINT BATCH 24735,10.5969,,,
,CHECKPOINT BATCH 24740,14.8339,,,
,CHECKPOINT BATCH 24745,10.4279,,,
18:52:35,24748,13.2410,11.5260,5000,0.1300
,CHECKPOINT BATCH 24750,31.2593,,,
,CHECKPOINT BATCH 24755,8.9938,,,
,CHECKPOINT BATCH 24760,7.9480,,,
,CHECKPOINT BATCH 24765,13.2952,,,
18:52:37,24766,9.1385,13.8005,5000,0.1298
,CHECKPOINT BATCH 24770,12.2216,,,
,CHECKPOINT BATCH 24775,12.7383,,,
,CHECKPOINT BATCH 24780,14.3503,,,
18:52:39,24784,18.4748,15.9365,5000,0.1297
,CHECKPOINT BATCH 24785,12.8817,,,
,CHECKPOINT BATCH 24790,8.5655,,,
18:52:41,24791,9.6945,15.6680,5000,0.1296
,CHECKPOINT BATCH 24795,21.5091,,,
,CHECKPOINT BATCH 24800,12.4356,,,
,CHECKPOINT BATCH 24805,17.6694,,,
18:52:43,24809,10.4046,16.4115,5000,0.1295
,CHECKPOINT BATCH 24810,14.5141,,,
,CHECKPOINT BATCH 24815,18.2788,,,
,CHECKPOINT BATCH 24820,12.4172,,,
,CHECKPOINT BATCH 24825,8.4267,,,
18:52:45,24827,9.0051,16.1375,5000,0.1293
,CHECKPOINT BATCH 24830,19.8928,,,
,CHECKPOINT BATCH 24835,10.3048,,,
,CHECKPOINT BATCH 24840,10.2102,,,
18:52:47,24845,13.2106,17.0305,5000,0.1292
,CHECKPOINT BATCH 24845,13.2106,,,
,CHECKPOINT BATCH 24850,16.5081,,,
,CHECKPOINT BATCH 24855,16.9939,,,
,CHECKPOINT BATCH 24860,12.4597,,,
18:52:49,24863,10.1185,14.7735,5000,0.1291
,CHECKPOINT BATCH 24865,9.3038,,,
,CHECKPOINT BATCH 24870,12.7469,,,
,CHECKPOINT BATCH 24875,9.9172,,,
,CHECKPOINT BATCH 24880,13.0335,,,
18:52:51,24881,5.5125,12.6440,5000,0.1289
,CHECKPOINT BATCH 24885,11.8199,,,
,CHECKPOINT BATCH 24890,11.5774,,,
,CHECKPOINT BATCH 24895,15.8170,,,
18:52:54,24899,14.5983,13.8370,5000,0.1288
,CHECKPOINT BATCH 24900,7.6365,,,
,CHECKPOINT BATCH 24905,9.6238,,,
,CHECKPOINT BATCH 24910,22.9900,,,
,CHECKPOINT BATCH 24915,15.1868,,,
18:52:57,24916,7.6825,12.9700,5000,0.1286
,CHECKPOINT BATCH 24920,14.6961,,,
,CHECKPOINT BATCH 24925,14.3121,,,
,CHECKPOINT BATCH 24930,16.3090,,,
18:52:59,24934,15.4270,11.3100,5000,0.1285
,CHECKPOINT BATCH 24935,22.6707,,,
,CHECKPOINT BATCH 24940,14.8625,,,
,CHECKPOINT BATCH 24945,10.7941,,,
,CHECKPOINT BATCH 24950,11.6169,,,
18:53:01,24952,11.3363,13.0085,5000,0.1284
,CHECKPOINT BATCH 24955,13.7372,,,
,CHECKPOINT BATCH 24960,8.7039,,,
,CHECKPOINT BATCH 24965,19.9061,,,
18:53:03,24970,9.6248,13.5600,5000,0.1282
,CHECKPOINT BATCH 24970,9.6248,,,
,CHECKPOINT BATCH 24975,8.5718,,,
,CHECKPOINT BATCH 24980,15.2575,,,
,CHECKPOINT BATCH 24985,18.3836,,,
18:53:05,24988,17.8268,13.5770,5000,0.1281
,CHECKPOINT BATCH 24990,13.2200,,,
,CHECKPOINT BATCH 24995,14.9217,,,
,CHECKPOINT BATCH 25000,13.3956,,,
,CHECKPOINT BATCH 25005,12.6357,,,
18:53:07,25006,7.4277,11.2505,5000,0.1279
,CHECKPOINT BATCH 25010,9.2698,,,
,CHECKPOINT BATCH 25015,23.2498,,,
,CHECKPOINT BATCH 25020,8.4441,,,
18:53:09,25024,11.5831,9.6775,5000,0.1278
,CHECKPOINT BATCH 25025,8.0879,,,
,CHECKPOINT BATCH 25030,7.3859,,,
,CHECKPOINT BATCH 25035,12.0554,,,
,CHECKPOINT BATCH 25040,8.3024,,,
18:53:11,25042,13.2160,6.7650,5000,0.1277
,CHECKPOINT BATCH 25045,7.5240,,,
,CHECKPOINT BATCH 25050,11.6998,,,
,CHECKPOINT BATCH 25055,8.1990,,,
18:53:13,25060,12.6378,3.3990,5000,0.1275
,CHECKPOINT BATCH 25060,12.6378,,,
,CHECKPOINT BATCH 25065,13.8375,,,
,CHECKPOINT BATCH 25070,13.3022,,,
,CHECKPOINT BATCH 25075,19.9565,,,
18:53:15,25078,11.8558,1.4225,5000,0.1274
,CHECKPOINT BATCH 25080,8.6934,,,
,CHECKPOINT BATCH 25085,13.4143,,,
,CHECKPOINT BATCH 25090,8.1870,,,
,CHECKPOINT BATCH 25095,10.0317,,,
18:53:17,25096,11.4296,0.0575,5000,0.1272
,CHECKPOINT BATCH 25100,20.7321,,,
,CHECKPOINT BATCH 25105,17.4991,,,
,CHECKPOINT BATCH 25110,16.0118,,,
18:53:19,25114,8.8771,0.0675,5000,0.1271
,CHECKPOINT BATCH 25115,10.6479,,,
,CHECKPOINT BATCH 25120,17.3836,,,
,CHECKPOINT BATCH 25125,11.0303,,,
,CHECKPOINT BATCH 25130,11.1604,,,
18:53:21,25132,24.1253,0.8610,5000,0.1270
,CHECKPOINT BATCH 25135,7.4884,,,
,CHECKPOINT BATCH 25140,17.9399,,,
,CHECKPOINT BATCH 25145,11.8065,,,
18:53:23,25150,13.3126,2.9590,5000,0.1268
,CHECKPOINT BATCH 25150,13.3126,,,
,CHECKPOINT BATCH 25155,7.7751,,,
,CHECKPOINT BATCH 25160,15.1789,,,
,CHECKPOINT BATCH 25165,8.8616,,,
18:53:25,25168,16.9051,4.7690,5000,0.1267
,CHECKPOINT BATCH 25170,10.7666,,,
,CHECKPOINT BATCH 25175,16.8086,,,
,CHECKPOINT BATCH 25180,8.9742,,,
,CHECKPOINT BATCH 25185,7.4555,,,
18:53:27,25186,20.2218,7.2180,5000,0.1265
,CHECKPOINT BATCH 25190,9.3440,,,
,CHECKPOINT BATCH 25195,21.3056,,,
,CHECKPOINT BATCH 25200,11.2937,,,
18:53:30,25205,6.9919,8.7105,5000,0.1264
,CHECKPOINT BATCH 25205,6.9919,,,
,CHECKPOINT BATCH 25210,24.1732,,,
18:53:32,25215,9.9193,9.4770,5000,0.1263
,CHECKPOINT BATCH 25215,9.9193,,,
,CHECKPOINT BATCH 25220,8.6652,,,
,CHECKPOINT BATCH 25225,13.9360,,,
,CHECKPOINT BATCH 25230,17.5744,,,
18:53:34,25233,9.5877,10.5575,5000,0.1262
,CHECKPOINT BATCH 25235,8.0077,,,
,CHECKPOINT BATCH 25240,8.8777,,,
,CHECKPOINT BATCH 25245,9.0111,,,
,CHECKPOINT BATCH 25250,12.2960,,,
18:53:36,25251,17.3350,13.0295,5000,0.1260
,CHECKPOINT BATCH 25255,11.1096,,,
,CHECKPOINT BATCH 25260,11.9425,,,
,CHECKPOINT BATCH 25265,10.1126,,,
18:53:38,25269,7.2690,15.0545,5000,0.1259
,CHECKPOINT BATCH 25270,7.9834,,,
,CHECKPOINT BATCH 25275,7.7786,,,
18:53:41,25278,9.2275,15.1990,5000,0.1258
,CHECKPOINT BATCH 25280,11.7208,,,
,CHECKPOINT BATCH 25285,6.4992,,,
,CHECKPOINT BATCH 25290,10.5031,,,
,CHECKPOINT BATCH 25295,8.2323,,,
18:53:43,25296,14.5805,15.7035,5000,0.1257
,CHECKPOINT BATCH 25300,11.1976,,,
,CHECKPOINT BATCH 25305,10.3766,,,
,CHECKPOINT BATCH 25310,9.2389,,,
18:53:45,25314,11.4148,18.3025,5000,0.1256
,CHECKPOINT BATCH 25315,15.6144,,,
,CHECKPOINT BATCH 25320,9.4984,,,
18:53:47,25323,10.0212,19.3445,5000,0.1255
,CHECKPOINT BATCH 25325,8.9888,,,
,CHECKPOINT BATCH 25330,8.4975,,,
,CHECKPOINT BATCH 25335,22.4019,,,
,CHECKPOINT BATCH 25340,8.8847,,,
18:53:49,25341,16.2534,17.8310,5000,0.1254
,CHECKPOINT BATCH 25345,16.7742,,,
,CHECKPOINT BATCH 25350,11.8928,,,
,CHECKPOINT BATCH 25355,9.8864,,,
18:53:51,25359,13.7160,16.9170,5000,0.1252
,CHECKPOINT BATCH 25360,8.6570,,,
,CHECKPOINT BATCH 25365,13.7763,,,
,CHECKPOINT BATCH 25370,14.2417,,,
,CHECKPOINT BATCH 25375,14.8062,,,
18:53:53,25376,9.8044,16.7410,5000,0.1251
,CHECKPOINT BATCH 25380,18.4557,,,
,CHECKPOINT BATCH 25385,11.0367,,,
,CHECKPOINT BATCH 25390,12.2341,,,
18:53:55,25394,12.3100,17.7785,5000,0.1250
,CHECKPOINT BATCH 25395,9.3235,,,
,CHECKPOINT BATCH 25400,8.0935,,,
,CHECKPOINT BATCH 25405,8.7337,,,
,CHECKPOINT BATCH 25410,13.3886,,,
18:53:57,25412,11.9272,16.1475,5000,0.1248
,CHECKPOINT BATCH 25415,18.9336,,,
,CHECKPOINT BATCH 25420,6.0996,,,
,CHECKPOINT BATCH 25425,10.9948,,,
18:53:59,25430,12.4356,15.0795,5000,0.1247
,CHECKPOINT BATCH 25430,12.4356,,,
,CHECKPOINT BATCH 25435,14.6390,,,
,CHECKPOINT BATCH 25440,10.6695,,,
,CHECKPOINT BATCH 25445,7.9545,,,
18:54:01,25449,14.6714,13.2375,5000,0.1246
,CHECKPOINT BATCH 25450,14.8731,,,
,CHECKPOINT BATCH 25455,16.1855,,,
,CHECKPOINT BATCH 25460,12.9595,,,
,CHECKPOINT BATCH 25465,14.7536,,,
18:54:03,25467,16.8883,11.2360,5000,0.1244
,CHECKPOINT BATCH 25470,18.0141,,,
,CHECKPOINT BATCH 25475,8.6331,,,
,CHECKPOINT BATCH 25480,16.3955,,,
18:54:05,25485,8.2545,10.1345,5000,0.1243
,CHECKPOINT BATCH 25485,8.2545,,,
,CHECKPOINT BATCH 25490,17.7574,,,
18:54:08,25492,14.1889,8.9160,5000,0.1242
,CHECKPOINT BATCH 25495,20.3831,,,
,CHECKPOINT BATCH 25500,13.1094,,,
,CHECKPOINT BATCH 25505,10.7411,,,
18:54:10,25510,8.5907,8.7455,5000,0.1241
,CHECKPOINT BATCH 25510,8.5907,,,
,CHECKPOINT BATCH 25515,8.6354,,,
,CHECKPOINT BATCH 25520,17.2897,,,
,CHECKPOINT BATCH 25525,11.1601,,,
18:54:12,25528,12.8737,10.5500,5000,0.1240
,CHECKPOINT BATCH 25530,16.9385,,,
,CHECKPOINT BATCH 25535,9.7188,,,
,CHECKPOINT BATCH 25540,10.7373,,,
,CHECKPOINT BATCH 25545,17.9617,,,
18:54:14,25546,15.3875,13.0165,5000,0.1238
,CHECKPOINT BATCH 25550,16.3290,,,
,CHECKPOINT BATCH 25555,10.6555,,,
,CHECKPOINT BATCH 25560,16.2561,,,
18:54:16,25564,14.7435,14.2430,5000,0.1237
,CHECKPOINT BATCH 25565,11.5481,,,
,CHECKPOINT BATCH 25570,8.1735,,,
18:54:18,25571,14.3224,13.9550,5000,0.1237
,CHECKPOINT BATCH 25575,10.2542,,,
,CHECKPOINT BATCH 25580,14.3978,,,
,CHECKPOINT BATCH 25585,10.9140,,,
18:54:20,25589,12.4938,14.9025,5000,0.1235
,CHECKPOINT BATCH 25590,11.4078,,,
,CHECKPOINT BATCH 25595,17.3316,,,
,CHECKPOINT BATCH 25600,12.3894,,,
,CHECKPOINT BATCH 25605,10.6174,,,
18:54:22,25607,10.0385,16.8815,5000,0.1234
,CHECKPOINT BATCH 25610,13.9474,,,
,CHECKPOINT BATCH 25615,7.8058,,,
,CHECKPOINT BATCH 25620,6.9471,,,
18:54:24,25625,14.5932,17.6915,5000,0.1233
,CHECKPOINT BATCH 25625,14.5932,,,
,CHECKPOINT BATCH 25630,9.7594,,,
,CHECKPOINT BATCH 25635,14.2749,,,
,CHECKPOINT BATCH 25640,18.3521,,,
18:54:26,25643,22.4955,17.2115,5000,0.1231
,CHECKPOINT BATCH 25645,15.7309,,,
18:54:28,25650,11.3598,16.7605,5000,0.1231
,CHECKPOINT BATCH 25650,11.3598,,,
,CHECKPOINT BATCH 25655,21.4068,,,
,CHECKPOINT BATCH 25660,8.8426,,,
,CHECKPOINT BATCH 25665,19.9583,,,
18:54:30,25668,15.1539,15.1300,5000,0.1229
,CHECKPOINT BATCH 25670,13.8338,,,
,CHECKPOINT BATCH 25675,15.6751,,,
,CHECKPOINT BATCH 25680,9.8345,,,
,CHECKPOINT BATCH 25685,11.8350,,,
18:54:32,25686,12.0174,17.1395,5000,0.1228
,CHECKPOINT BATCH 25690,11.2836,,,
,CHECKPOINT BATCH 25695,21.4944,,,
,CHECKPOINT BATCH 25700,8.5729,,,
18:54:34,25704,14.7658,17.3365,5000,0.1227
,CHECKPOINT BATCH 25705,7.1868,,,
,CHECKPOINT BATCH 25710,14.6170,,,
,CHECKPOINT BATCH 25715,17.6523,,,
,CHECKPOINT BATCH 25720,9.4906,,,
18:54:36,25722,15.4824,16.9760,5000,0.1225
,CHECKPOINT BATCH 25725,14.4582,,,
,CHECKPOINT BATCH 25730,19.9015,,,
,CHECKPOINT BATCH 25735,9.7139,,,
18:54:38,25740,9.9162,16.7005,5000,0.1224
,CHECKPOINT BATCH 25740,9.9162,,,
,CHECKPOINT BATCH 25745,12.0665,,,
,CHECKPOINT BATCH 25750,11.3290,,,
,CHECKPOINT BATCH 25755,7.4423,,,
18:54:40,25758,11.4027,17.8875,5000,0.1223
,CHECKPOINT BATCH 25760,16.7512,,,
,CHECKPOINT BATCH 25765,15.0422,,,
,CHECKPOINT BATCH 25770,12.2888,,,
18:54:44,25774,11.6174,17.4115,5000,0.1222
,CHECKPOINT BATCH 25775,15.7874,,,
,CHECKPOINT BATCH 25780,10.1617,,,
,CHECKPOINT BATCH 25785,9.8430,,,
,CHECKPOINT BATCH 25790,9.6437,,,
18:54:46,25792,8.3417,15.0970,5000,0.1220
,CHECKPOINT BATCH 25795,11.5578,,,
,CHECKPOINT BATCH 25800,9.2382,,,
,CHECKPOINT BATCH 25805,15.7752,,,
18:54:48,25810,9.9554,15.6940,5000,0.1219
,CHECKPOINT BATCH 25810,9.9554,,,
,CHECKPOINT BATCH 25815,17.6675,,,
,CHECKPOINT BATCH 25820,13.0386,,,
18:54:50,25822,17.9771,15.5505,5000,0.1218
,CHECKPOINT BATCH 25825,13.7563,,,
,CHECKPOINT BATCH 25830,14.9750,,,
,CHECKPOINT BATCH 25835,8.2603,,,
18:54:52,25840,11.1561,14.9310,5000,0.1217
,CHECKPOINT BATCH 25840,11.1561,,,
,CHECKPOINT BATCH 25845,16.8188,,,
,CHECKPOINT BATCH 25850,12.9734,,,
,CHECKPOINT BATCH 25855,12.7612,,,
18:54:55,25858,21.8631,16.2965,5000,0.1216
,CHECKPOINT BATCH 25860,18.3520,,,
,CHECKPOINT BATCH 25865,11.0080,,,
,CHECKPOINT BATCH 25870,10.2115,,,
,CHECKPOINT BATCH 25875,8.8025,,,
18:54:57,25876,10.7102,18.5605,5000,0.1214
,CHECKPOINT BATCH 25880,8.1059,,,
18:54:59,25883,10.1410,19.1465,5000,0.1214
,CHECKPOINT BATCH 25885,10.9620,,,
,CHECKPOINT BATCH 25890,15.9473,,,
,CHECKPOINT BATCH 25895,20.4911,,,
,CHECKPOINT BATCH 25900,16.3395,,,
18:55:01,25901,11.3974,17.9360,5000,0.1213
,CHECKPOINT BATCH 25905,17.1140,,,
,CHECKPOINT BATCH 25910,7.8833,,,
,CHECKPOINT BATCH 25915,9.3645,,,
18:55:03,25919,10.5791,17.7420,5000,0.1211
,CHECKPOINT BATCH 25920,11.9281,,,
,CHECKPOINT BATCH 25925,14.0127,,,
,CHECKPOINT BATCH 25930,13.0342,,,
,CHECKPOINT BATCH 25935,12.7407,,,
18:55:05,25936,17.8341,18.6425,5000,0.1210
,CHECKPOINT BATCH 25940,20.3133,,,
,CHECKPOINT BATCH 25945,11.8043,,,
,CHECKPOINT BATCH 25950,12.3414,,,
18:55:07,25954,11.5115,17.2420,5000,0.1209
,CHECKPOINT BATCH 25955,13.1707,,,
,CHECKPOINT BATCH 25960,10.7620,,,
,CHECKPOINT BATCH 25965,11.1148,,,
,CHECKPOINT BATCH 25970,16.3615,,,
18:55:09,25972,8.0550,14.3310,5000,0.1208
,CHECKPOINT BATCH 25975,12.3989,,,
,CHECKPOINT BATCH 25980,10.5236,,,
,CHECKPOINT BATCH 25985,10.9705,,,
18:55:11,25990,10.7542,13.6905,5000,0.1206
,CHECKPOINT BATCH 25990,10.7542,,,
,CHECKPOINT BATCH 25995,11.2096,,,
,CHECKPOINT BATCH 26000,11.5896,,,
18:55:14,26004,10.5427,12.6370,5000,0.1205
,CHECKPOINT BATCH 26005,7.6375,,,
,CHECKPOINT BATCH 26010,14.5974,,,
,CHECKPOINT BATCH 26015,14.9507,,,
,CHECKPOINT BATCH 26020,21.9993,,,
18:55:16,26022,13.6478,11.0200,5000,0.1204
,CHECKPOINT BATCH 26025,17.6664,,,
,CHECKPOINT BATCH 26030,9.0541,,,
,CHECKPOINT BATCH 26035,14.2993,,,
18:55:18,26040,14.2469,13.0290,5000,0.1203
,CHECKPOINT BATCH 26040,14.2469,,,
,CHECKPOINT BATCH 26045,13.0557,,,
,CHECKPOINT BATCH 26050,15.0977,,,
,CHECKPOINT BATCH 26055,14.5150,,,
18:55:20,26058,12.3878,12.7640,5000,0.1202
,CHECKPOINT BATCH 26060,13.1200,,,
18:55:22,26065,11.4531,12.4720,5000,0.1201
,CHECKPOINT BATCH 26065,11.4531,,,
,CHECKPOINT BATCH 26070,12.6033,,,
,CHECKPOINT BATCH 26075,18.3610,,,
,CHECKPOINT BATCH 26080,10.6017,,,
18:55:24,26083,11.0680,14.6590,5000,0.1200
,CHECKPOINT BATCH 26085,14.0662,,,
,CHECKPOINT BATCH 26090,21.4656,,,
,CHECKPOINT BATCH 26095,8.6283,,,
,CHECKPOINT BATCH 26100,17.3896,,,
18:55:26,26101,11.7710,16.0540,5000,0.1199
,CHECKPOINT BATCH 26105,9.9118,,,
,CHECKPOINT BATCH 26110,9.9212,,,
,CHECKPOINT BATCH 26115,9.4599,,,
18:55:28,26119,10.1957,16.7745,5000,0.1197
,CHECKPOINT BATCH 26120,8.4926,,,
,CHECKPOINT BATCH 26125,9.5609,,,
,CHECKPOINT BATCH 26130,18.0201,,,
,CHECKPOINT BATCH 26135,14.0195,,,
18:55:30,26137,11.3180,13.4005,5000,0.1196
,CHECKPOINT BATCH 26140,11.4179,,,
,CHECKPOINT BATCH 26145,9.7353,,,
,CHECKPOINT BATCH 26150,12.4169,,,
18:55:32,26155,8.3995,11.5955,5000,0.1195
,CHECKPOINT BATCH 26155,8.3995,,,
,CHECKPOINT BATCH 26160,21.6992,,,
18:55:35,26162,16.1251,11.5910,5000,0.1194
,CHECKPOINT BATCH 26165,12.5225,,,
,CHECKPOINT BATCH 26170,14.1748,,,
,CHECKPOINT BATCH 26175,9.9867,,,
18:55:37,26180,9.3171,11.4365,5000,0.1193
,CHECKPOINT BATCH 26180,9.3171,,,
,CHECKPOINT BATCH 26185,15.3277,,,
,CHECKPOINT BATCH 26190,10.9577,,,
,CHECKPOINT BATCH 26195,9.7448,,,
18:55:39,26198,12.7410,11.2530,5000,0.1192
,CHECKPOINT BATCH 26200,10.0666,,,
,CHECKPOINT BATCH 26205,12.8370,,,
,CHECKPOINT BATCH 26210,11.9822,,,
,CHECKPOINT BATCH 26215,8.6945,,,
18:55:41,26216,15.9712,11.2755,5000,0.1191
,CHECKPOINT BATCH 26220,9.7511,,,
,CHECKPOINT BATCH 26225,7.6891,,,
,CHECKPOINT BATCH 26230,9.7090,,,
18:55:43,26234,8.5303,12.1655,5000,0.1189
,CHECKPOINT BATCH 26235,10.5964,,,
,CHECKPOINT BATCH 26240,11.9160,,,
,CHECKPOINT BATCH 26245,9.3823,,,
,CHECKPOINT BATCH 26250,7.6947,,,
18:55:45,26252,13.7916,13.8110,5000,0.1188
,CHECKPOINT BATCH 26255,7.7626,,,
,CHECKPOINT BATCH 26260,15.4827,,,
,CHECKPOINT BATCH 26265,9.6921,,,
18:55:47,26270,11.0560,14.8425,5000,0.1187
,CHECKPOINT BATCH 26270,11.0560,,,
,CHECKPOINT BATCH 26275,11.6843,,,
,CHECKPOINT BATCH 26280,10.1946,,,
,CHECKPOINT BATCH 26285,19.9781,,,
18:55:49,26288,11.6387,12.8420,5000,0.1186
,CHECKPOINT BATCH 26290,10.0700,,,
,CHECKPOINT BATCH 26295,10.5175,,,
,CHECKPOINT BATCH 26300,14.0633,,,
,CHECKPOINT BATCH 26305,10.6280,,,
18:55:51,26306,7.2742,11.4450,5000,0.1184
,CHECKPOINT BATCH 26310,11.5410,,,
,CHECKPOINT BATCH 26315,9.6389,,,
,CHECKPOINT BATCH 26320,10.9209,,,
18:55:54,26323,11.8447,8.9620,5000,0.1183
,CHECKPOINT BATCH 26325,10.5600,,,
,CHECKPOINT BATCH 26330,11.3769,,,
,CHECKPOINT BATCH 26335,16.0449,,,
,CHECKPOINT BATCH 26340,12.1634,,,
18:55:56,26341,6.5277,8.4300,5000,0.1182
,CHECKPOINT BATCH 26345,7.9792,,,
18:55:58,26348,12.3842,8.7175,5000,0.1181
,CHECKPOINT BATCH 26350,17.3362,,,
,CHECKPOINT BATCH 26355,8.8599,,,
,CHECKPOINT BATCH 26360,13.7791,,,
,CHECKPOINT BATCH 26365,13.3339,,,
18:56:01,26366,16.7834,9.3560,5000,0.1180
,CHECKPOINT BATCH 26370,9.6421,,,
,CHECKPOINT BATCH 26375,8.8639,,,
18:56:03,26379,8.0976,10.5850,5000,0.1179
,CHECKPOINT BATCH 26380,13.8891,,,
,CHECKPOINT BATCH 26385,18.6298,,,
,CHECKPOINT BATCH 26390,18.9209,,,
,CHECKPOINT BATCH 26395,7.8451,,,
18:56:05,26397,11.6565,11.2510,5000,0.1178
,CHECKPOINT BATCH 26400,11.1661,,,
,CHECKPOINT BATCH 26405,14.1152,,,
,CHECKPOINT BATCH 26410,9.5209,,,
18:56:08,26411,15.3436,13.2595,5000,0.1177
,CHECKPOINT BATCH 26415,14.6347,,,
,CHECKPOINT BATCH 26420,18.8260,,,
,CHECKPOINT BATCH 26425,7.2874,,,
18:56:10,26429,15.6442,14.9690,5000,0.1176
,CHECKPOINT BATCH 26430,13.4814,,,
,CHECKPOINT BATCH 26435,16.3775,,,
,CHECKPOINT BATCH 26440,11.6544,,,
,CHECKPOINT BATCH 26445,13.4781,,,
18:56:13,26447,8.6371,16.2070,5000,0.1175
,CHECKPOINT BATCH 26450,17.3515,,,
,CHECKPOINT BATCH 26455,13.4033,,,
,CHECKPOINT BATCH 26460,14.1325,,,
18:56:15,26465,13.1468,16.4995,5000,0.1174
,CHECKPOINT BATCH 26465,13.1468,,,
,CHECKPOINT BATCH 26470,15.2914,,,
,CHECKPOINT BATCH 26475,9.9935,,,
,CHECKPOINT BATCH 26480,12.4756,,,
18:56:17,26483,19.6680,15.3720,5000,0.1172
,CHECKPOINT BATCH 26485,11.7146,,,
,CHECKPOINT BATCH 26490,12.5544,,,
,CHECKPOINT BATCH 26495,9.0982,,,
,CHECKPOINT BATCH 26500,16.8335,,,
18:56:19,26501,18.6764,14.9160,5000,0.1171
,CHECKPOINT BATCH 26505,20.6921,,,
18:56:21,26508,11.3022,14.4530,5000,0.1171
,CHECKPOINT BATCH 26510,7.9545,,,
,CHECKPOINT BATCH 26515,13.9972,,,
,CHECKPOINT BATCH 26520,16.1531,,,
,CHECKPOINT BATCH 26525,22.1720,,,
18:56:23,26526,15.6615,15.6605,5000,0.1169
,CHECKPOINT BATCH 26530,19.2588,,,
,CHECKPOINT BATCH 26535,13.0345,,,
18:56:26,26539,8.6932,14.9005,5000,0.1169
,CHECKPOINT BATCH 26540,14.6638,,,
,CHECKPOINT BATCH 26545,16.9113,,,
,CHECKPOINT BATCH 26550,7.2800,,,
,CHECKPOINT BATCH 26555,24.0909,,,
18:56:28,26557,12.4207,13.6710,5000,0.1167
,CHECKPOINT BATCH 26560,10.4867,,,
,CHECKPOINT BATCH 26565,11.0536,,,
,CHECKPOINT BATCH 26570,10.0226,,,
18:56:30,26575,10.2422,16.0045,5000,0.1166
,CHECKPOINT BATCH 26575,10.2422,,,
,CHECKPOINT BATCH 26580,16.9167,,,
,CHECKPOINT BATCH 26585,10.0561,,,
18:56:33,26587,15.9481,16.0330,5000,0.1165
,CHECKPOINT BATCH 26590,18.8201,,,
,CHECKPOINT BATCH 26595,14.9016,,,
,CHECKPOINT BATCH 26600,15.7426,,,
18:56:35,26605,12.8031,15.2820,5000,0.1164
,CHECKPOINT BATCH 26605,12.8031,,,
,CHECKPOINT BATCH 26610,8.6811,,,
,CHECKPOINT BATCH 26615,14.7881,,,
,CHECKPOINT BATCH 26620,13.4822,,,
18:56:37,26623,12.0068,17.3960,5000,0.1163
,CHECKPOINT BATCH 26625,15.5979,,,
,CHECKPOINT BATCH 26630,14.1745,,,
,CHECKPOINT BATCH 26635,8.7138,,,
18:56:40,26639,19.4517,16.8240,5000,0.1162
,CHECKPOINT BATCH 26640,9.8528,,,
,CHECKPOINT BATCH 26645,11.2233,,,
,CHECKPOINT BATCH 26650,10.7123,,,
,CHECKPOINT BATCH 26655,9.3924,,,
18:56:42,26657,17.3928,16.8150,5000,0.1161
,CHECKPOINT BATCH 26660,18.7022,,,
,CHECKPOINT BATCH 26665,16.9518,,,
,CHECKPOINT BATCH 26670,8.3212,,,
18:56:44,26675,14.4999,16.8340,5000,0.1160
,CHECKPOINT BATCH 26675,14.4999,,,
,CHECKPOINT BATCH 26680,13.6259,,,
18:56:46,26685,10.5007,16.8280,5000,0.1159
,CHECKPOINT BATCH 26685,10.5007,,,
,CHECKPOINT BATCH 26690,19.4680,,,
,CHECKPOINT BATCH 26695,9.8299,,,
,CHECKPOINT BATCH 26700,21.3950,,,
18:56:48,26703,18.4237,17.5870,5000,0.1158
,CHECKPOINT BATCH 26705,17.6911,,,
,CHECKPOINT BATCH 26710,17.5842,,,
,CHECKPOINT BATCH 26715,9.3547,,,
,CHECKPOINT BATCH 26720,8.5060,,,
18:56:50,26721,8.5468,17.7870,5000,0.1157
,CHECKPOINT BATCH 26725,16.1523,,,
,CHECKPOINT BATCH 26730,12.8746,,,
,CHECKPOINT BATCH 26735,17.9603,,,
18:56:53,26736,9.6107,17.5990,5000,0.1156
,CHECKPOINT BATCH 26740,13.1106,,,
,CHECKPOINT BATCH 26745,13.7179,,,
,CHECKPOINT BATCH 26750,11.1846,,,
18:56:55,26754,18.1505,18.5230,5000,0.1154
,CHECKPOINT BATCH 26755,12.6956,,,
,CHECKPOINT BATCH 26760,23.5633,,,
,CHECKPOINT BATCH 26765,10.5348,,,
,CHECKPOINT BATCH 26770,11.6528,,,
18:56:58,26771,14.5229,19.1280,5000,0.1153
,CHECKPOINT BATCH 26775,11.0600,,,
,CHECKPOINT BATCH 26780,23.1298,,,
,CHECKPOINT BATCH 26785,21.5597,,,
18:57:01,26788,23.6554,17.7245,5000,0.1152
,CHECKPOINT BATCH 26790,10.6889,,,
,CHECKPOINT BATCH 26795,13.6185,,,
,CHECKPOINT BATCH 26800,17.2345,,,
,CHECKPOINT BATCH 26805,11.3056,,,
18:57:03,26806,10.3336,16.9545,5000,0.1151
,CHECKPOINT BATCH 26810,9.5928,,,
,CHECKPOINT BATCH 26815,16.9745,,,
,CHECKPOINT BATCH 26820,13.1411,,,
18:57:05,26824,8.6956,16.7685,5000,0.1150
,CHECKPOINT BATCH 26825,17.4045,,,
,CHECKPOINT BATCH 26830,11.4482,,,
,CHECKPOINT BATCH 26835,15.5425,,,
,CHECKPOINT BATCH 26840,11.8217,,,
18:57:07,26842,11.6563,18.1525,5000,0.1149
,CHECKPOINT BATCH 26845,14.5479,,,
,CHECKPOINT BATCH 26850,12.3600,,,
,CHECKPOINT BATCH 26855,18.5315,,,
18:57:09,26860,19.3130,16.9190,5000,0.1147
,CHECKPOINT BATCH 26860,19.3130,,,
,CHECKPOINT BATCH 26865,7.8535,,,
,CHECKPOINT BATCH 26870,16.8825,,,
,CHECKPOINT BATCH 26875,8.6603,,,
18:57:11,26878,22.6512,15.5805,5000,0.1146
,CHECKPOINT BATCH 26880,12.6876,,,
,CHECKPOINT BATCH 26885,21.7402,,,
,CHECKPOINT BATCH 26890,11.2197,,,
,CHECKPOINT BATCH 26895,11.8545,,,
18:57:13,26896,23.3935,16.0080,5000,0.1145
,CHECKPOINT BATCH 26900,9.6507,,,
,CHECKPOINT BATCH 26905,16.8645,,,
18:57:16,26909,16.4131,14.6070,5000,0.1144
,CHECKPOINT BATCH 26910,11.2806,,,
,CHECKPOINT BATCH 26915,13.9987,,,
,CHECKPOINT BATCH 26920,16.2906,,,
,CHECKPOINT BATCH 26925,14.9367,,,
18:57:18,26927,17.6866,12.9345,5000,0.1143
,CHECKPOINT BATCH 26930,12.3709,,,
,CHECKPOINT BATCH 26935,13.9199,,,
,CHECKPOINT BATCH 26940,15.1859,,,
18:57:20,26945,13.2169,13.5505,5000,0.1142
,CHECKPOINT BATCH 26945,13.2169,,,
,CHECKPOINT BATCH 26950,17.7478,,,
,CHECKPOINT BATCH 26955,14.9345,,,
,CHECKPOINT BATCH 26960,8.3145,,,
18:57:22,26963,15.6199,14.0415,5000,0.1141
,CHECKPOINT BATCH 26965,11.7569,,,
,CHECKPOINT BATCH 26970,14.1968,,,
,CHECKPOINT BATCH 26975,13.2746,,,
,CHECKPOINT BATCH 26980,10.9282,,,
18:57:24,26981,11.3413,15.6730,5000,0.1140
,CHECKPOINT BATCH 26985,9.2461,,,
,CHECKPOINT BATCH 26990,26.5360,,,
,CHECKPOINT BATCH 26995,11.5625,,,
18:57:26,26999,17.8846,16.8075,5000,0.1139
,CHECKPOINT BATCH 27000,13.2079,,,
,CHECKPOINT BATCH 27005,13.7190,,,
,CHECKPOINT BATCH 27010,26.3626,,,
,CHECKPOINT BATCH 27015,13.7131,,,
18:57:28,27017,17.3625,17.5510,5000,0.1137
,CHECKPOINT BATCH 27020,9.9208,,,
,CHECKPOINT BATCH 27025,21.5131,,,
18:57:31,27029,12.6046,15.8680,5000,0.1137
,CHECKPOINT BATCH 27030,14.7448,,,
,CHECKPOINT BATCH 27035,10.5048,,,
,CHECKPOINT BATCH 27040,10.0706,,,
,CHECKPOINT BATCH 27045,21.4974,,,
18:57:33,27047,22.9411,14.4640,5000,0.1135
,CHECKPOINT BATCH 27050,17.0632,,,
,CHECKPOINT BATCH 27055,7.2423,,,
,CHECKPOINT BATCH 27060,10.6683,,,
18:57:35,27065,13.7255,14.7100,5000,0.1134
,CHECKPOINT BATCH 27065,13.7255,,,
,CHECKPOINT BATCH 27070,15.7811,,,
,CHECKPOINT BATCH 27075,15.0831,,,
,CHECKPOINT BATCH 27080,15.4637,,,
18:57:37,27083,18.2309,13.8195,5000,0.1133
,CHECKPOINT BATCH 27085,12.5999,,,
,CHECKPOINT BATCH 27090,13.4992,,,
,CHECKPOINT BATCH 27095,10.1981,,,
,CHECKPOINT BATCH 27100,11.0106,,,
18:57:39,27101,13.9903,13.9280,5000,0.1132
,CHECKPOINT BATCH 27105,11.0457,,,
,CHECKPOINT BATCH 27110,10.5262,,,
,CHECKPOINT BATCH 27115,16.0278,,,
18:57:41,27119,15.9305,14.9795,5000,0.1131
,CHECKPOINT BATCH 27120,15.0477,,,
,CHECKPOINT BATCH 27125,11.4808,,,
18:57:43,27126,10.8155,14.6795,5000,0.1130
,CHECKPOINT BATCH 27130,11.4850,,,
,CHECKPOINT BATCH 27135,9.6781,,,
,CHECKPOINT BATCH 27140,24.5513,,,
18:57:46,27144,7.9999,15.1585,5000,0.1129
,CHECKPOINT BATCH 27145,12.5989,,,
,CHECKPOINT BATCH 27150,18.3518,,,
,CHECKPOINT BATCH 27155,20.8563,,,
,CHECKPOINT BATCH 27160,9.8261,,,
18:57:48,27162,9.0142,14.9105,5000,0.1128
,CHECKPOINT BATCH 27165,18.7156,,,
,CHECKPOINT BATCH 27170,14.5658,,,
,CHECKPOINT BATCH 27175,7.2979,,,
18:57:50,27180,19.2082,15.1025,5000,0.1127
,CHECKPOINT BATCH 27180,19.2082,,,
,CHECKPOINT BATCH 27185,8.8843,,,
,CHECKPOINT BATCH 27190,17.4063,,,
,CHECKPOINT BATCH 27195,15.9915,,,
18:57:52,27198,18.4614,14.4645,5000,0.1126
,CHECKPOINT BATCH 27200,16.5081,,,
,CHECKPOINT BATCH 27205,12.1304,,,
,CHECKPOINT BATCH 27210,11.2802,,,
,CHECKPOINT BATCH 27215,19.3092,,,
18:57:54,27216,17.3987,13.2375,5000,0.1125
,CHECKPOINT BATCH 27220,19.9770,,,
,CHECKPOINT BATCH 27225,9.9283,,,
,CHECKPOINT BATCH 27230,12.6017,,,
18:57:56,27234,13.0975,12.7215,5000,0.1124
,CHECKPOINT BATCH 27235,14.4712,,,
,CHECKPOINT BATCH 27240,16.0512,,,
,CHECKPOINT BATCH 27245,11.3112,,,
,CHECKPOINT BATCH 27250,10.6636,,,
18:57:58,27252,18.4981,10.4200,5000,0.1123
,CHECKPOINT BATCH 27255,17.6543,,,
,CHECKPOINT BATCH 27260,15.3902,,,
,CHECKPOINT BATCH 27265,9.3589,,,
18:58:00,27270,7.4599,7.6270,5000,0.1121
,CHECKPOINT BATCH 27270,7.4599,,,
,CHECKPOINT BATCH 27275,28.3485,,,
,CHECKPOINT BATCH 27280,10.4313,,,
,CHECKPOINT BATCH 27285,13.4766,,,
18:58:02,27288,11.6070,6.6710,5000,0.1120
,CHECKPOINT BATCH 27290,8.0878,,,
,CHECKPOINT BATCH 27295,23.6375,,,
,CHECKPOINT BATCH 27300,13.5275,,,
,CHECKPOINT BATCH 27305,13.8457,,,
18:58:04,27306,20.2516,5.7675,5000,0.1119
,CHECKPOINT BATCH 27310,16.6398,,,
,CHECKPOINT BATCH 27315,15.2942,,,
18:58:07,27317,10.3992,5.1675,5000,0.1119
,CHECKPOINT BATCH 27320,11.8798,,,
,CHECKPOINT BATCH 27325,16.1923,,,
,CHECKPOINT BATCH 27330,17.8024,,,
18:58:09,27334,7.9128,6.3080,5000,0.1117
,CHECKPOINT BATCH 27335,12.7909,,,
,CHECKPOINT BATCH 27340,15.5640,,,
,CHECKPOINT BATCH 27345,10.9367,,,
,CHECKPOINT BATCH 27350,11.7339,,,
18:58:11,27352,11.7622,9.0925,5000,0.1116
,CHECKPOINT BATCH 27355,17.3975,,,
,CHECKPOINT BATCH 27360,17.4885,,,
,CHECKPOINT BATCH 27365,16.8870,,,
18:58:13,27370,11.5571,10.9085,5000,0.1115
,CHECKPOINT BATCH 27370,11.5571,,,
,CHECKPOINT BATCH 27375,20.2182,,,
,CHECKPOINT BATCH 27380,13.9214,,,
,CHECKPOINT BATCH 27385,9.8792,,,
18:58:15,27388,15.6340,12.7705,5000,0.1114
,CHECKPOINT BATCH 27390,11.8713,,,
,CHECKPOINT BATCH 27395,12.2780,,,
,CHECKPOINT BATCH 27400,13.8711,,,
,CHECKPOINT BATCH 27405,16.6055,,,
18:58:17,27406,13.7071,14.3350,5000,0.1113
,CHECKPOINT BATCH 27410,11.5358,,,
,CHECKPOINT BATCH 27415,11.8641,,,
18:58:19,27416,20.0310,14.5060,5000,0.1112
,CHECKPOINT BATCH 27420,12.1684,,,
,CHECKPOINT BATCH 27425,12.6261,,,
,CHECKPOINT BATCH 27430,13.2385,,,
18:58:21,27434,19.3089,13.4500,5000,0.1111
,CHECKPOINT BATCH 27435,9.1276,,,
,CHECKPOINT BATCH 27440,15.8148,,,
,CHECKPOINT BATCH 27445,9.1419,,,
,CHECKPOINT BATCH 27450,13.8811,,,
18:58:23,27452,14.0739,13.5810,5000,0.1110
,CHECKPOINT BATCH 27455,11.4880,,,
,CHECKPOINT BATCH 27460,9.1947,,,
,CHECKPOINT BATCH 27465,19.0691,,,
18:58:26,27470,13.2092,14.4990,5000,0.1109
,CHECKPOINT BATCH 27470,13.2092,,,
,CHECKPOINT BATCH 27475,23.0898,,,
,CHECKPOINT BATCH 27480,11.3243,,,
,CHECKPOINT BATCH 27485,8.7124,,,
18:58:28,27488,8.3128,14.0090,5000,0.1108
,CHECKPOINT BATCH 27490,22.4093,,,
,CHECKPOINT BATCH 27495,20.6687,,,
,CHECKPOINT BATCH 27500,9.4983,,,
,CHECKPOINT BATCH 27505,12.6768,,,
18:58:30,27506,8.9782,13.5695,5000,0.1107
,CHECKPOINT BATCH 27510,18.7320,,,
,CHECKPOINT BATCH 27515,19.4785,,,
,CHECKPOINT BATCH 27520,20.0812,,,
18:58:32,27524,13.4838,15.4415,5000,0.1106
,CHECKPOINT BATCH 27525,12.0287,,,
,CHECKPOINT BATCH 27530,12.9824,,,
,CHECKPOINT BATCH 27535,17.2074,,,
,CHECKPOINT BATCH 27540,14.8679,,,
18:58:34,27542,10.7565,15.2660,5000,0.1105
,CHECKPOINT BATCH 27545,12.7594,,,
,CHECKPOINT BATCH 27550,19.7409,,,
,CHECKPOINT BATCH 27555,9.3220,,,
18:58:36,27560,19.0833,13.3285,5000,0.1104
,CHECKPOINT BATCH 27560,19.0833,,,
,CHECKPOINT BATCH 27565,10.8765,,,
,CHECKPOINT BATCH 27570,13.0953,,,
,CHECKPOINT BATCH 27575,17.1493,,,
18:58:38,27578,14.6998,11.7640,5000,0.1103
,CHECKPOINT BATCH 27580,15.9667,,,
,CHECKPOINT BATCH 27585,12.4644,,,
,CHECKPOINT BATCH 27590,9.3364,,,
,CHECKPOINT BATCH 27595,6.9000,,,
18:58:40,27596,10.6212,10.2380,5000,0.1102
,CHECKPOINT BATCH 27600,14.6841,,,
,CHECKPOINT BATCH 27605,13.2869,,,
,CHECKPOINT BATCH 27610,9.0448,,,
18:58:42,27614,12.9916,7.7100,5000,0.1100
,CHECKPOINT BATCH 27615,9.8729,,,
,CHECKPOINT BATCH 27620,30.4608,,,
,CHECKPOINT BATCH 27625,21.9023,,,
,CHECKPOINT BATCH 27630,14.7562,,,
18:58:44,27632,19.8323,5.6695,5000,0.1099
,CHECKPOINT BATCH 27635,9.9092,,,
,CHECKPOINT BATCH 27640,13.5752,,,
,CHECKPOINT BATCH 27645,15.3348,,,
18:58:46,27650,8.2094,3.4935,5000,0.1098
,CHECKPOINT BATCH 27650,8.2094,,,
,CHECKPOINT BATCH 27655,14.6487,,,
,CHECKPOINT BATCH 27660,11.1124,,,
,CHECKPOINT BATCH 27665,13.9365,,,
18:58:48,27668,10.1444,1.4590,5000,0.1097
,CHECKPOINT BATCH 27670,24.3544,,,
,CHECKPOINT BATCH 27675,17.6812,,,
,CHECKPOINT BATCH 27680,7.9505,,,
,CHECKPOINT BATCH 27685,21.3630,,,
18:58:50,27686,14.7200,-0.0500,5000,0.1096
,CHECKPOINT BATCH 27690,12.8431,,,
,CHECKPOINT BATCH 27695,12.6547,,,
,CHECKPOINT BATCH 27700,8.6972,,,
18:58:52,27704,20.5335,-0.0500,5000,0.1095
,CHECKPOINT BATCH 27705,11.9173,,,
,CHECKPOINT BATCH 27710,11.2695,,,
,CHECKPOINT BATCH 27715,9.6025,,,
,CHECKPOINT BATCH 27720,9.9254,,,
18:58:54,27722,15.6565,-0.0500,5000,0.1094
,CHECKPOINT BATCH 27725,9.3470,,,
,CHECKPOINT BATCH 27730,22.3324,,,
,CHECKPOINT BATCH 27735,12.5834,,,
,CHECKPOINT BATCH 27740,18.4028,,,
18:58:56,27741,10.2684,-0.0500,5000,0.1093
,CHECKPOINT BATCH 27745,16.0484,,,
,CHECKPOINT BATCH 27750,9.7851,,,
,CHECKPOINT BATCH 27755,10.1391,,,
18:58:58,27760,16.7576,-0.0500,5000,0.1092
,CHECKPOINT BATCH 27760,16.7576,,,
,CHECKPOINT BATCH 27765,7.3790,,,
,CHECKPOINT BATCH 27770,8.2126,,,
,CHECKPOINT BATCH 27775,19.1425,,,
18:59:00,27779,11.0832,-0.0500,5000,0.1091
,CHECKPOINT BATCH 27780,10.3530,,,
,CHECKPOINT BATCH 27785,14.3885,,,
,CHECKPOINT BATCH 27790,25.0862,,,
,CHECKPOINT BATCH 27795,14.9599,,,
18:59:02,27797,18.7333,-0.0500,5000,0.1090
,CHECKPOINT BATCH 27800,18.6887,,,
,CHECKPOINT BATCH 27805,12.5840,,,
,CHECKPOINT BATCH 27810,11.9028,,,
18:59:04,27815,17.5202,-0.0500,5000,0.1088
,CHECKPOINT BATCH 27815,17.5202,,,
,CHECKPOINT BATCH 27820,16.7470,,,
,CHECKPOINT BATCH 27825,9.5307,,,
,CHECKPOINT BATCH 27830,8.7600,,,
18:59:07,27833,22.0587,-0.0500,5000,0.1087
,CHECKPOINT BATCH 27835,11.5616,,,
,CHECKPOINT BATCH 27840,9.1725,,,
,CHECKPOINT BATCH 27845,7.1196,,,
,CHECKPOINT BATCH 27850,19.2361,,,
18:59:09,27851,7.7174,-0.0500,5000,0.1086
,CHECKPOINT BATCH 27855,10.5386,,,
,CHECKPOINT BATCH 27860,7.1572,,,
,CHECKPOINT BATCH 27865,9.1591,,,
18:59:11,27870,9.9368,-0.0500,5000,0.1085
,CHECKPOINT BATCH 27870,9.9368,,,
,CHECKPOINT BATCH 27875,31.3010,,,
,CHECKPOINT BATCH 27880,11.0258,,,
,CHECKPOINT BATCH 27885,9.7961,,,
18:59:13,27888,13.0022,-0.0500,5000,0.1084
,CHECKPOINT BATCH 27890,18.9837,,,
,CHECKPOINT BATCH 27895,14.5394,,,
,CHECKPOINT BATCH 27900,10.2717,,,
,CHECKPOINT BATCH 27905,8.0635,,,
18:59:15,27906,10.8522,-0.0500,5000,0.1083
,CHECKPOINT BATCH 27910,11.3150,,,
,CHECKPOINT BATCH 27915,9.8067,,,
,CHECKPOINT BATCH 27920,10.7827,,,
18:59:17,27924,14.0641,-0.0500,5000,0.1082
,CHECKPOINT BATCH 27925,15.6414,,,
,CHECKPOINT BATCH 27930,7.2467,,,
,CHECKPOINT BATCH 27935,9.4012,,,
,CHECKPOINT BATCH 27940,16.7191,,,
18:59:19,27942,18.1753,-0.0500,5000,0.1081
,CHECKPOINT BATCH 27945,12.6741,,,
,CHECKPOINT BATCH 27950,15.1166,,,
,CHECKPOINT BATCH 27955,8.5031,,,
18:59:21,27960,13.6005,-0.0500,5000,0.1080
,CHECKPOINT BATCH 27960,13.6005,,,
,CHECKPOINT BATCH 27965,8.3393,,,
,CHECKPOINT BATCH 27970,23.1588,,,
,CHECKPOINT BATCH 27975,11.6563,,,
18:59:23,27978,11.6973,-0.0500,5000,0.1079
,CHECKPOINT BATCH 27980,13.0203,,,
,CHECKPOINT BATCH 27985,8.6059,,,
,CHECKPOINT BATCH 27990,19.5203,,,
,CHECKPOINT BATCH 27995,6.6460,,,
18:59:25,27996,17.8114,-0.0500,5000,0.1078
,CHECKPOINT BATCH 28000,10.4750,,,
,CHECKPOINT BATCH 28005,15.6298,,,
,CHECKPOINT BATCH 28010,22.0487,,,
18:59:27,28014,6.5484,-0.0500,5000,0.1077
,CHECKPOINT BATCH 28015,21.6500,,,
,CHECKPOINT BATCH 28020,8.5297,,,
,CHECKPOINT BATCH 28025,10.0772,,,
,CHECKPOINT BATCH 28030,8.4502,,,
18:59:29,28032,10.9486,-0.0500,5000,0.1076
,CHECKPOINT BATCH 28035,13.8467,,,
,CHECKPOINT BATCH 28040,9.0901,,,
,CHECKPOINT BATCH 28045,10.1597,,,
18:59:31,28050,13.0132,-0.0500,5000,0.1075
,CHECKPOINT BATCH 28050,13.0132,,,
,CHECKPOINT BATCH 28055,9.4987,,,
,CHECKPOINT BATCH 28060,9.8397,,,
,CHECKPOINT BATCH 28065,7.3890,,,
18:59:33,28068,11.1467,-0.0500,5000,0.1074
,CHECKPOINT BATCH 28070,15.0663,,,
,CHECKPOINT BATCH 28075,6.7995,,,
,CHECKPOINT BATCH 28080,13.0349,,,
,CHECKPOINT BATCH 28085,9.2389,,,
18:59:35,28086,16.8721,-0.0500,5000,0.1073
,CHECKPOINT BATCH 28090,18.2973,,,
,CHECKPOINT BATCH 28095,9.3069,,,
,CHECKPOINT BATCH 28100,11.0927,,,
18:59:37,28104,9.9892,-0.0500,5000,0.1072
,CHECKPOINT BATCH 28105,10.4558,,,
,CHECKPOINT BATCH 28110,12.7786,,,
,CHECKPOINT BATCH 28115,8.5445,,,
,CHECKPOINT BATCH 28120,17.4152,,,
18:59:39,28121,19.3850,-0.0500,5000,0.1071
,CHECKPOINT BATCH 28125,7.8625,,,
,CHECKPOINT BATCH 28130,12.0298,,,
,CHECKPOINT BATCH 28135,7.8492,,,
18:59:41,28139,12.0282,-0.0500,5000,0.1070
,CHECKPOINT BATCH 28140,12.9307,,,
,CHECKPOINT BATCH 28145,12.2990,,,
,CHECKPOINT BATCH 28150,10.9487,,,
,CHECKPOINT BATCH 28155,10.6908,,,
18:59:43,28157,14.0348,-0.0500,5000,0.1069
,CHECKPOINT BATCH 28160,5.1403,,,
,CHECKPOINT BATCH 28165,4.8578,,,
,CHECKPOINT BATCH 28170,8.7441,,,
18:59:45,28175,9.4849,-0.0500,5000,0.1068
,CHECKPOINT BATCH 28175,9.4849,,,
,CHECKPOINT BATCH 28180,6.5605,,,
,CHECKPOINT BATCH 28185,11.9411,,,
,CHECKPOINT BATCH 28190,14.3387,,,
18:59:47,28193,8.1509,-0.0500,5000,0.1067
,CHECKPOINT BATCH 28195,22.8916,,,
,CHECKPOINT BATCH 28200,14.0714,,,
,CHECKPOINT BATCH 28205,7.9411,,,
,CHECKPOINT BATCH 28210,7.3282,,,
18:59:49,28211,7.6295,-0.0500,5000,0.1066
,CHECKPOINT BATCH 28215,11.2714,,,
,CHECKPOINT BATCH 28220,9.9078,,,
,CHECKPOINT BATCH 28225,13.7506,,,
18:59:52,28229,15.0248,-0.0500,5000,0.1065
,CHECKPOINT BATCH 28230,8.2999,,,
,CHECKPOINT BATCH 28235,11.3493,,,
,CHECKPOINT BATCH 28240,16.5969,,,
,CHECKPOINT BATCH 28245,9.6471,,,
18:59:54,28247,16.9831,-0.0500,5000,0.1064
,CHECKPOINT BATCH 28250,10.1780,,,
,CHECKPOINT BATCH 28255,12.5515,,,
,CHECKPOINT BATCH 28260,9.8669,,,
18:59:56,28265,5.8616,-0.0500,5000,0.1063
,CHECKPOINT BATCH 28265,5.8616,,,
,CHECKPOINT BATCH 28270,9.9797,,,
,CHECKPOINT BATCH 28275,18.5275,,,
,CHECKPOINT BATCH 28280,9.3822,,,
18:59:58,28283,7.1876,-0.0500,5000,0.1062
,CHECKPOINT BATCH 28285,10.6257,,,
,CHECKPOINT BATCH 28290,6.9075,,,
,CHECKPOINT BATCH 28295,9.5139,,,
,CHECKPOINT BATCH 28300,7.4059,,,
19:00:00,28301,8.8958,-0.0500,5000,0.1061
,CHECKPOINT BATCH 28305,8.1206,,,
,CHECKPOINT BATCH 28310,7.4083,,,
,CHECKPOINT BATCH 28315,8.6501,,,
19:00:02,28319,19.6150,-0.0500,5000,0.1060
,CHECKPOINT BATCH 28320,10.0778,,,
,CHECKPOINT BATCH 28325,16.6310,,,
,CHECKPOINT BATCH 28330,16.4358,,,
,CHECKPOINT BATCH 28335,14.6589,,,
19:00:04,28337,13.6649,-0.0500,5000,0.1059
,CHECKPOINT BATCH 28340,13.1936,,,
,CHECKPOINT BATCH 28345,13.3359,,,
,CHECKPOINT BATCH 28350,9.1340,,,
19:00:06,28355,11.5625,-0.0500,5000,0.1058
,CHECKPOINT BATCH 28355,11.5625,,,
,CHECKPOINT BATCH 28360,12.8837,,,
,CHECKPOINT BATCH 28365,20.9550,,,
,CHECKPOINT BATCH 28370,19.4172,,,
19:00:08,28373,12.8646,-0.0500,5000,0.1057
,CHECKPOINT BATCH 28375,13.1548,,,
,CHECKPOINT BATCH 28380,16.0693,,,
,CHECKPOINT BATCH 28385,11.6309,,,
,CHECKPOINT BATCH 28390,15.5516,,,
19:00:10,28391,26.1197,-0.0500,5000,0.1056
,CHECKPOINT BATCH 28395,11.5923,,,
,CHECKPOINT BATCH 28400,10.7717,,,
,CHECKPOINT BATCH 28405,12.3918,,,
19:00:12,28409,8.4489,-0.0500,5000,0.1055
,CHECKPOINT BATCH 28410,9.5471,,,
,CHECKPOINT BATCH 28415,9.1201,,,
,CHECKPOINT BATCH 28420,13.3320,,,
,CHECKPOINT BATCH 28425,11.6353,,,
19:00:14,28428,9.3743,-0.0500,5000,0.1053
,CHECKPOINT BATCH 28430,8.2045,,,
,CHECKPOINT BATCH 28435,8.8805,,,
,CHECKPOINT BATCH 28440,9.9256,,,
,CHECKPOINT BATCH 28445,9.4750,,,
19:00:16,28447,24.5991,-0.0500,5000,0.1052
,CHECKPOINT BATCH 28450,10.5864,,,
,CHECKPOINT BATCH 28455,9.5342,,,
,CHECKPOINT BATCH 28460,8.4803,,,
19:00:18,28465,10.9142,-0.0500,5000,0.1051
,CHECKPOINT BATCH 28465,10.9142,,,
,CHECKPOINT BATCH 28470,9.6889,,,
,CHECKPOINT BATCH 28475,14.0370,,,
,CHECKPOINT BATCH 28480,20.9423,,,
19:00:20,28483,12.7063,-0.0500,5000,0.1050
,CHECKPOINT BATCH 28485,5.6840,,,
,CHECKPOINT BATCH 28490,10.1524,,,
,CHECKPOINT BATCH 28495,6.7734,,,
,CHECKPOINT BATCH 28500,10.3410,,,
19:00:22,28502,16.6871,-0.0500,5000,0.1049
,CHECKPOINT BATCH 28505,13.9953,,,
,CHECKPOINT BATCH 28510,13.2221,,,
,CHECKPOINT BATCH 28515,11.9277,,,
19:00:24,28520,12.2552,-0.0500,5000,0.1048
,CHECKPOINT BATCH 28520,12.2552,,,
,CHECKPOINT BATCH 28525,9.1236,,,
,CHECKPOINT BATCH 28530,21.3105,,,
,CHECKPOINT BATCH 28535,13.6778,,,
19:00:27,28538,13.8713,-0.0500,5000,0.1047
,CHECKPOINT BATCH 28540,10.9778,,,
,CHECKPOINT BATCH 28545,11.7460,,,
,CHECKPOINT BATCH 28550,7.8296,,,
,CHECKPOINT BATCH 28555,9.4955,,,
19:00:29,28556,15.1637,-0.0500,5000,0.1046
,CHECKPOINT BATCH 28560,5.7374,,,
,CHECKPOINT BATCH 28565,6.4577,,,
,CHECKPOINT BATCH 28570,7.7281,,,
19:00:31,28575,9.2235,-0.0500,5000,0.1045
,CHECKPOINT BATCH 28575,9.2235,,,
,CHECKPOINT BATCH 28580,9.6093,,,
,CHECKPOINT BATCH 28585,13.9609,,,
,CHECKPOINT BATCH 28590,9.3102,,,
19:00:33,28593,8.8933,-0.0500,5000,0.1044
,CHECKPOINT BATCH 28595,12.8151,,,
,CHECKPOINT BATCH 28600,9.9943,,,
,CHECKPOINT BATCH 28605,9.3130,,,
,CHECKPOINT BATCH 28610,13.7265,,,
19:00:35,28611,21.8747,-0.0500,5000,0.1043
,CHECKPOINT BATCH 28615,10.6021,,,
,CHECKPOINT BATCH 28620,15.7786,,,
,CHECKPOINT BATCH 28625,13.3987,,,
19:00:37,28629,9.2517,-0.0500,5000,0.1042
,CHECKPOINT BATCH 28630,12.9718,,,
,CHECKPOINT BATCH 28635,16.9856,,,
,CHECKPOINT BATCH 28640,13.7299,,,
,CHECKPOINT BATCH 28645,10.0370,,,
19:00:39,28647,19.5623,-0.0500,5000,0.1042
,CHECKPOINT BATCH 28650,13.1097,,,
,CHECKPOINT BATCH 28655,16.1418,,,
,CHECKPOINT BATCH 28660,10.5988,,,
19:00:41,28665,10.7423,-0.0500,5000,0.1041
,CHECKPOINT BATCH 28665,10.7423,,,
,CHECKPOINT BATCH 28670,8.6157,,,
,CHECKPOINT BATCH 28675,12.6517,,,
,CHECKPOINT BATCH 28680,14.3428,,,
19:00:43,28683,16.1870,-0.0500,5000,0.1040
,CHECKPOINT BATCH 28685,6.9264,,,
,CHECKPOINT BATCH 28690,7.7102,,,
,CHECKPOINT BATCH 28695,13.9173,,,
,CHECKPOINT BATCH 28700,16.4572,,,
19:00:45,28701,7.3266,-0.0500,5000,0.1039
,CHECKPOINT BATCH 28705,12.8335,,,
,CHECKPOINT BATCH 28710,12.1513,,,
,CHECKPOINT BATCH 28715,9.4524,,,
19:00:47,28720,14.9961,-0.0500,5000,0.1038
,CHECKPOINT BATCH 28720,14.9961,,,
,CHECKPOINT BATCH 28725,14.6707,,,
,CHECKPOINT BATCH 28730,12.9833,,,
,CHECKPOINT BATCH 28735,7.0041,,,
19:00:49,28739,16.5582,-0.0500,5000,0.1037
,CHECKPOINT BATCH 28740,13.9771,,,
,CHECKPOINT BATCH 28745,7.8830,,,
,CHECKPOINT BATCH 28750,20.3343,,,
,CHECKPOINT BATCH 28755,12.2594,,,
19:00:51,28757,8.6441,-0.0500,5000,0.1036
,CHECKPOINT BATCH 28760,17.1024,,,
,CHECKPOINT BATCH 28765,12.0027,,,
,CHECKPOINT BATCH 28770,20.5185,,,
19:00:53,28775,5.8965,-0.0500,5000,0.1035
,CHECKPOINT BATCH 28775,5.8965,,,
,CHECKPOINT BATCH 28780,9.1768,,,
,CHECKPOINT BATCH 28785,9.9943,,,
,CHECKPOINT BATCH 28790,9.3471,,,
19:00:55,28793,9.1407,-0.0500,5000,0.1034
,CHECKPOINT BATCH 28795,18.1860,,,
,CHECKPOINT BATCH 28800,5.5460,,,
,CHECKPOINT BATCH 28805,16.8405,,,
,CHECKPOINT BATCH 28810,9.6267,,,
19:00:57,28811,14.4663,-0.0500,5000,0.1033
,CHECKPOINT BATCH 28815,7.7185,,,
,CHECKPOINT BATCH 28820,13.3842,,,
,CHECKPOINT BATCH 28825,10.8409,,,
19:00:59,28829,7.7240,-0.0500,5000,0.1032
,CHECKPOINT BATCH 28830,6.8243,,,
,CHECKPOINT BATCH 28835,19.3842,,,
,CHECKPOINT BATCH 28840,7.8962,,,
,CHECKPOINT BATCH 28845,4.0888,,,
19:01:01,28847,7.7579,-0.0500,5000,0.1031
,CHECKPOINT BATCH 28850,5.2872,,,
,CHECKPOINT BATCH 28855,11.5632,,,
,CHECKPOINT BATCH 28860,4.2322,,,
19:01:03,28865,7.3864,-0.0500,5000,0.1030
,CHECKPOINT BATCH 28865,7.3864,,,
,CHECKPOINT BATCH 28870,9.2281,,,
,CHECKPOINT BATCH 28875,5.4255,,,
,CHECKPOINT BATCH 28880,6.3852,,,
19:01:06,28884,15.9040,-0.0500,5000,0.1029
,CHECKPOINT BATCH 28885,9.5651,,,
,CHECKPOINT BATCH 28890,10.0471,,,
,CHECKPOINT BATCH 28895,11.4564,,,
,CHECKPOINT BATCH 28900,6.7342,,,
19:01:08,28902,13.0470,-0.0500,5000,0.1028
,CHECKPOINT BATCH 28905,8.2990,,,
,CHECKPOINT BATCH 28910,18.2174,,,
,CHECKPOINT BATCH 28915,6.3549,,,
19:01:10,28920,7.1591,-0.0500,5000,0.1027
,CHECKPOINT BATCH 28920,7.1591,,,
,CHECKPOINT BATCH 28925,5.1701,,,
,CHECKPOINT BATCH 28930,6.8023,,,
,CHECKPOINT BATCH 28935,7.9890,,,
19:01:12,28938,8.6427,-0.0500,5000,0.1026
,CHECKPOINT BATCH 28940,7.5030,,,
,CHECKPOINT BATCH 28945,16.0276,,,
,CHECKPOINT BATCH 28950,5.9466,,,
,CHECKPOINT BATCH 28955,17.0081,,,
19:01:14,28956,7.5548,-0.0500,5000,0.1025
,CHECKPOINT BATCH 28960,8.3499,,,
,CHECKPOINT BATCH 28965,7.7217,,,
,CHECKPOINT BATCH 28970,10.3286,,,
19:01:16,28974,8.7792,-0.0500,5000,0.1024
,CHECKPOINT BATCH 28975,10.0949,,,
,CHECKPOINT BATCH 28980,10.7945,,,
,CHECKPOINT BATCH 28985,8.9690,,,
,CHECKPOINT BATCH 28990,8.5735,,,
19:01:18,28992,14.7094,-0.0500,5000,0.1023
,CHECKPOINT BATCH 28995,12.0220,,,
,CHECKPOINT BATCH 29000,7.9101,,,
,CHECKPOINT BATCH 29005,8.5969,,,
19:01:20,29010,11.0768,-0.0500,5000,0.1022
,CHECKPOINT BATCH 29010,11.0768,,,
,CHECKPOINT BATCH 29015,6.2620,,,
,CHECKPOINT BATCH 29020,13.2743,,,
,CHECKPOINT BATCH 29025,6.9583,,,
19:01:22,29028,6.3606,-0.0500,5000,0.1021
,CHECKPOINT BATCH 29030,11.1682,,,
,CHECKPOINT BATCH 29035,12.4608,,,
,CHECKPOINT BATCH 29040,6.3679,,,
,CHECKPOINT BATCH 29045,8.2961,,,
19:01:24,29046,8.2745,-0.0500,5000,0.1020
,CHECKPOINT BATCH 29050,11.0117,,,
,CHECKPOINT BATCH 29055,8.7863,,,
,CHECKPOINT BATCH 29060,6.9824,,,
19:01:26,29064,5.8794,-0.0500,5000,0.1019
,CHECKPOINT BATCH 29065,8.2795,,,
,CHECKPOINT BATCH 29070,8.8652,,,
,CHECKPOINT BATCH 29075,10.4415,,,
,CHECKPOINT BATCH 29080,21.5079,,,
19:01:28,29082,10.3795,-0.0500,5000,0.1018
,CHECKPOINT BATCH 29085,6.8180,,,
,CHECKPOINT BATCH 29090,8.3510,,,
,CHECKPOINT BATCH 29095,7.3867,,,
19:01:30,29100,8.5303,-0.0500,5000,0.1018
,CHECKPOINT BATCH 29100,8.5303,,,
,CHECKPOINT BATCH 29105,14.3303,,,
,CHECKPOINT BATCH 29110,5.2861,,,
,CHECKPOINT BATCH 29115,6.2410,,,
19:01:32,29118,8.0695,-0.0500,5000,0.1017
,CHECKPOINT BATCH 29120,8.6468,,,
,CHECKPOINT BATCH 29125,6.0529,,,
,CHECKPOINT BATCH 29130,6.0107,,,
,CHECKPOINT BATCH 29135,10.1589,,,
19:01:34,29137,16.4635,-0.0500,5000,0.1016
,CHECKPOINT BATCH 29140,5.0127,,,
,CHECKPOINT BATCH 29145,6.5026,,,
,CHECKPOINT BATCH 29150,6.0351,,,
,CHECKPOINT BATCH 29155,6.0886,,,
19:01:36,29156,7.2072,-0.0500,5000,0.1015
,CHECKPOINT BATCH 29160,9.6010,,,
,CHECKPOINT BATCH 29165,9.9292,,,
,CHECKPOINT BATCH 29170,19.6168,,,
19:01:38,29175,7.5270,-0.0500,5000,0.1014
,CHECKPOINT BATCH 29175,7.5270,,,
,CHECKPOINT BATCH 29180,6.3175,,,
,CHECKPOINT BATCH 29185,10.2139,,,
,CHECKPOINT BATCH 29190,10.9180,,,
19:01:40,29193,9.1255,-0.0500,5000,0.1013
,CHECKPOINT BATCH 29195,7.1386,,,
,CHECKPOINT BATCH 29200,9.8976,,,
,CHECKPOINT BATCH 29205,7.1247,,,
,CHECKPOINT BATCH 29210,8.4572,,,
19:01:43,29212,15.5030,-0.0500,5000,0.1012
,CHECKPOINT BATCH 29215,16.1794,,,
,CHECKPOINT BATCH 29220,13.4454,,,
,CHECKPOINT BATCH 29225,6.8197,,,
19:01:45,29230,9.4857,-0.0500,5000,0.1011
,CHECKPOINT BATCH 29230,9.4857,,,
,CHECKPOINT BATCH 29235,17.2618,,,
,CHECKPOINT BATCH 29240,15.2765,,,
,CHECKPOINT BATCH 29245,5.4454,,,
19:01:47,29248,14.3085,-0.0500,5000,0.1010
,CHECKPOINT BATCH 29250,6.1468,,,
,CHECKPOINT BATCH 29255,7.5255,,,
,CHECKPOINT BATCH 29260,8.4013,,,
,CHECKPOINT BATCH 29265,9.4585,,,
19:01:49,29266,20.8830,-0.0500,5000,0.1009
,CHECKPOINT BATCH 29270,5.9888,,,
,CHECKPOINT BATCH 29275,9.3026,,,
,CHECKPOINT BATCH 29280,5.5138,,,
19:01:51,29284,4.5056,-0.0500,5000,0.1008
,CHECKPOINT BATCH 29285,9.0307,,,
,CHECKPOINT BATCH 29290,9.0576,,,
,CHECKPOINT BATCH 29295,7.2150,,,
,CHECKPOINT BATCH 29300,7.7891,,,
19:01:53,29302,8.7101,-0.0500,5000,0.1007
,CHECKPOINT BATCH 29305,7.8476,,,
,CHECKPOINT BATCH 29310,10.8190,,,
,CHECKPOINT BATCH 29315,5.3257,,,
,CHECKPOINT BATCH 29320,4.7970,,,
19:01:55,29321,10.1713,-0.0500,5000,0.1006
,CHECKPOINT BATCH 29325,10.8740,,,
,CHECKPOINT BATCH 29330,6.6279,,,
,CHECKPOINT BATCH 29335,4.9510,,,
19:01:57,29339,8.3104,-0.0500,5000,0.1005
,CHECKPOINT BATCH 29340,8.7516,,,
,CHECKPOINT BATCH 29345,8.9799,,,
,CHECKPOINT BATCH 29350,11.7882,,,
,CHECKPOINT BATCH 29355,5.1966,,,
19:01:59,29357,15.1371,-0.0500,5000,0.1004
,CHECKPOINT BATCH 29360,8.8464,,,
,CHECKPOINT BATCH 29365,11.9160,,,
,CHECKPOINT BATCH 29370,6.2752,,,
19:02:01,29375,7.3502,-0.0500,5000,0.1003
,CHECKPOINT BATCH 29375,7.3502,,,
,CHECKPOINT BATCH 29380,5.9453,,,
,CHECKPOINT BATCH 29385,9.1373,,,
,CHECKPOINT BATCH 29390,9.8747,,,
19:02:03,29393,10.8309,-0.0500,5000,0.1003
,CHECKPOINT BATCH 29395,6.6978,,,
,CHECKPOINT BATCH 29400,4.1343,,,
,CHECKPOINT BATCH 29405,7.8888,,,
,CHECKPOINT BATCH 29410,6.3189,,,
19:02:05,29411,10.7331,-0.0500,5000,0.1002
,CHECKPOINT BATCH 29415,6.9910,,,
,CHECKPOINT BATCH 29420,5.5940,,,
,CHECKPOINT BATCH 29425,7.9536,,,
19:02:07,29429,12.4497,-0.0500,5000,0.1001
,CHECKPOINT BATCH 29430,7.3007,,,
,CHECKPOINT BATCH 29435,7.6262,,,
,CHECKPOINT BATCH 29440,6.9969,,,
,CHECKPOINT BATCH 29445,16.9625,,,
19:02:09,29447,17.1911,-0.0500,5000,0.1000
,CHECKPOINT BATCH 29450,6.6387,,,
,CHECKPOINT BATCH 29455,11.5121,,,
,CHECKPOINT BATCH 29460,5.8675,,,
,CHECKPOINT BATCH 29465,7.2182,,,
19:02:11,29466,6.3702,-0.0500,5000,0.0999
,CHECKPOINT BATCH 29470,5.7578,,,
,CHECKPOINT BATCH 29475,9.1163,,,
,CHECKPOINT BATCH 29480,10.9318,,,
19:02:13,29484,9.3247,-0.0500,5000,0.0998
,CHECKPOINT BATCH 29485,6.1172,,,
,CHECKPOINT BATCH 29490,6.2790,,,
,CHECKPOINT BATCH 29495,19.4275,,,
,CHECKPOINT BATCH 29500,8.0288,,,
19:02:15,29502,6.3336,-0.0500,5000,0.0997
,CHECKPOINT BATCH 29505,6.3521,,,
,CHECKPOINT BATCH 29510,6.0158,,,
,CHECKPOINT BATCH 29515,12.3480,,,
19:02:17,29520,10.0086,-0.0500,5000,0.0996
,CHECKPOINT BATCH 29520,10.0086,,,
,CHECKPOINT BATCH 29525,3.2221,,,
,CHECKPOINT BATCH 29530,6.7054,,,
,CHECKPOINT BATCH 29535,9.9649,,,
19:02:19,29538,9.6631,-0.0500,5000,0.0995
,CHECKPOINT BATCH 29540,6.7610,,,
,CHECKPOINT BATCH 29545,7.6825,,,
,CHECKPOINT BATCH 29550,6.5959,,,
,CHECKPOINT BATCH 29555,3.9477,,,
19:02:22,29557,5.4885,-0.0500,5000,0.0994
,CHECKPOINT BATCH 29560,4.2518,,,
,CHECKPOINT BATCH 29565,7.8410,,,
,CHECKPOINT BATCH 29570,6.2829,,,
,CHECKPOINT BATCH 29575,9.1719,,,
19:02:24,29576,9.4403,-0.0500,5000,0.0993
,CHECKPOINT BATCH 29580,11.4152,,,
,CHECKPOINT BATCH 29585,5.7120,,,
,CHECKPOINT BATCH 29590,11.0537,,,
19:02:26,29594,7.0972,-0.0500,5000,0.0993
,CHECKPOINT BATCH 29595,9.8435,,,
,CHECKPOINT BATCH 29600,7.4153,,,
,CHECKPOINT BATCH 29605,7.7952,,,
,CHECKPOINT BATCH 29610,11.9965,,,
19:02:28,29612,6.5599,-0.0500,5000,0.0992
,CHECKPOINT BATCH 29615,2.7937,,,
,CHECKPOINT BATCH 29620,6.6586,,,
,CHECKPOINT BATCH 29625,6.0047,,,
19:02:30,29630,9.6737,-0.0500,5000,0.0991
,CHECKPOINT BATCH 29630,9.6737,,,
,CHECKPOINT BATCH 29635,8.1477,,,
,CHECKPOINT BATCH 29640,9.2742,,,
,CHECKPOINT BATCH 29645,6.5366,,,
19:02:32,29648,9.2181,-0.0500,5000,0.0990
,CHECKPOINT BATCH 29650,7.1109,,,
,CHECKPOINT BATCH 29655,12.1867,,,
,CHECKPOINT BATCH 29660,5.4809,,,
,CHECKPOINT BATCH 29665,4.1719,,,
19:02:34,29666,6.1984,-0.0500,5000,0.0989
,CHECKPOINT BATCH 29670,6.7828,,,
,CHECKPOINT BATCH 29675,7.0044,,,
,CHECKPOINT BATCH 29680,7.2918,,,
19:02:36,29684,6.1186,-0.0500,5000,0.0988
,CHECKPOINT BATCH 29685,8.2187,,,
,CHECKPOINT BATCH 29690,14.1984,,,
,CHECKPOINT BATCH 29695,8.0385,,,
,CHECKPOINT BATCH 29700,6.1705,,,
19:02:38,29702,4.3417,-0.0500,5000,0.0987
,CHECKPOINT BATCH 29705,7.0351,,,
,CHECKPOINT BATCH 29710,4.0110,,,
,CHECKPOINT BATCH 29715,7.2258,,,
,CHECKPOINT BATCH 29720,5.0337,,,
19:02:40,29721,5.9985,-0.0500,5000,0.0986
,CHECKPOINT BATCH 29725,6.0724,,,
,CHECKPOINT BATCH 29730,10.7039,,,
,CHECKPOINT BATCH 29735,7.7602,,,
19:02:42,29739,12.3472,-0.0500,5000,0.0985
,CHECKPOINT BATCH 29740,6.5516,,,
,CHECKPOINT BATCH 29745,4.1236,,,
,CHECKPOINT BATCH 29750,5.5754,,,
,CHECKPOINT BATCH 29755,4.7411,,,
19:02:44,29757,8.4262,-0.0500,5000,0.0985
,CHECKPOINT BATCH 29760,5.1534,,,
,CHECKPOINT BATCH 29765,7.2101,,,
,CHECKPOINT BATCH 29770,8.4393,,,
19:02:46,29775,6.5911,-0.0500,5000,0.0984
,CHECKPOINT BATCH 29775,6.5911,,,
,CHECKPOINT BATCH 29780,7.4525,,,
,CHECKPOINT BATCH 29785,8.6633,,,
,CHECKPOINT BATCH 29790,4.7725,,,
19:02:48,29793,6.9437,-0.0500,5000,0.0983
,CHECKPOINT BATCH 29795,4.9870,,,
,CHECKPOINT BATCH 29800,7.9116,,,
,CHECKPOINT BATCH 29805,11.4453,,,
,CHECKPOINT BATCH 29810,4.7280,,,
19:02:50,29812,6.6554,-0.0500,5000,0.0982
,CHECKPOINT BATCH 29815,6.6311,,,
,CHECKPOINT BATCH 29820,7.4048,,,
,CHECKPOINT BATCH 29825,6.0211,,,
19:02:52,29830,5.3443,-0.0500,5000,0.0981
,CHECKPOINT BATCH 29830,5.3443,,,
,CHECKPOINT BATCH 29835,4.4707,,,
,CHECKPOINT BATCH 29840,6.7182,,,
,CHECKPOINT BATCH 29845,9.6498,,,
19:02:54,29848,7.0014,-0.0500,5000,0.0980
,CHECKPOINT BATCH 29850,10.4711,,,
,CHECKPOINT BATCH 29855,3.2167,,,
,CHECKPOINT BATCH 29860,5.5285,,,
,CHECKPOINT BATCH 29865,2.5694,,,
19:02:56,29866,4.4888,-0.0500,5000,0.0979
,CHECKPOINT BATCH 29870,5.0885,,,
,CHECKPOINT BATCH 29875,16.9416,,,
,CHECKPOINT BATCH 29880,6.2874,,,
19:02:58,29884,4.0835,-0.0500,5000,0.0978
,CHECKPOINT BATCH 29885,6.4872,,,
,CHECKPOINT BATCH 29890,7.3330,,,
,CHECKPOINT BATCH 29895,5.7384,,,
,CHECKPOINT BATCH 29900,4.4148,,,
19:03:01,29902,2.3533,-0.0500,5000,0.0978
,CHECKPOINT BATCH 29905,7.4576,,,
,CHECKPOINT BATCH 29910,22.8106,,,
,CHECKPOINT BATCH 29915,6.6826,,,
19:03:03,29920,7.1192,-0.0500,5000,0.0977
,CHECKPOINT BATCH 29920,7.1192,,,
,CHECKPOINT BATCH 29925,5.1160,,,
,CHECKPOINT BATCH 29930,3.9269,,,
,CHECKPOINT BATCH 29935,5.9705,,,
19:03:05,29939,5.0873,-0.0500,5000,0.0976
,CHECKPOINT BATCH 29940,6.3057,,,
,CHECKPOINT BATCH 29945,3.1993,,,
,CHECKPOINT BATCH 29950,4.3990,,,
,CHECKPOINT BATCH 29955,7.1797,,,
19:03:07,29957,5.3468,-0.0500,5000,0.0975
,CHECKPOINT BATCH 29960,4.9427,,,
,CHECKPOINT BATCH 29965,6.7495,,,
,CHECKPOINT BATCH 29970,4.3371,,,
19:03:09,29975,14.5148,-0.0500,5000,0.0974
,CHECKPOINT BATCH 29975,14.5148,,,
,CHECKPOINT BATCH 29980,5.3326,,,
,CHECKPOINT BATCH 29985,4.1218,,,
,CHECKPOINT BATCH 29990,4.4080,,,
19:03:11,29993,4.6291,-0.0500,5000,0.0973
,CHECKPOINT BATCH 29995,5.4494,,,
,CHECKPOINT BATCH 30000,15.6156,,,
,CHECKPOINT BATCH 30005,5.7193,,,
,CHECKPOINT BATCH 30010,5.0783,,,
19:03:13,30011,6.2999,-0.0500,5000,0.0972
,CHECKPOINT BATCH 30015,2.1368,,,
,CHECKPOINT BATCH 30020,6.6022,,,
,CHECKPOINT BATCH 30025,6.5706,,,
19:03:15,30029,5.7953,-0.0500,5000,0.0972
,CHECKPOINT BATCH 30030,5.6203,,,
,CHECKPOINT BATCH 30035,7.8430,,,
,CHECKPOINT BATCH 30040,12.0447,,,
,CHECKPOINT BATCH 30045,8.3309,,,
19:03:17,30047,2.9887,-0.0500,5000,0.0971
,CHECKPOINT BATCH 30050,8.9607,,,
,CHECKPOINT BATCH 30055,5.7592,,,
,CHECKPOINT BATCH 30060,8.3462,,,
19:03:19,30065,15.6361,-0.0500,5000,0.0970
,CHECKPOINT BATCH 30065,15.6361,,,
,CHECKPOINT BATCH 30070,5.7287,,,
,CHECKPOINT BATCH 30075,6.1273,,,
,CHECKPOINT BATCH 30080,7.1222,,,
19:03:21,30083,5.2744,-0.0500,5000,0.0969
,CHECKPOINT BATCH 30085,5.6241,,,
,CHECKPOINT BATCH 30090,3.8564,,,
,CHECKPOINT BATCH 30095,9.5813,,,
,CHECKPOINT BATCH 30100,3.6245,,,
19:03:23,30101,2.2746,-0.0500,5000,0.0968
,CHECKPOINT BATCH 30105,3.0743,,,
,CHECKPOINT BATCH 30110,6.6144,,,
,CHECKPOINT BATCH 30115,3.8529,,,
19:03:25,30119,3.7357,-0.0500,5000,0.0967
,CHECKPOINT BATCH 30120,10.5051,,,
,CHECKPOINT BATCH 30125,5.4918,,,
,CHECKPOINT BATCH 30130,5.0042,,,
,CHECKPOINT BATCH 30135,5.8728,,,
19:03:27,30137,5.1155,-0.0500,5000,0.0967
,CHECKPOINT BATCH 30140,5.2227,,,
,CHECKPOINT BATCH 30145,5.0594,,,
,CHECKPOINT BATCH 30150,16.9465,,,
,CHECKPOINT BATCH 30155,5.9417,,,
19:03:29,30156,11.0484,-0.0500,5000,0.0966
,CHECKPOINT BATCH 30160,9.8135,,,
,CHECKPOINT BATCH 30165,3.3943,,,
,CHECKPOINT BATCH 30170,10.2030,,,
19:03:31,30174,8.4849,-0.0500,5000,0.0965
,CHECKPOINT BATCH 30175,2.9643,,,
,CHECKPOINT BATCH 30180,9.6218,,,
,CHECKPOINT BATCH 30185,9.0620,,,
,CHECKPOINT BATCH 30190,6.9691,,,
19:03:33,30192,8.6232,-0.0500,5000,0.0964
,CHECKPOINT BATCH 30195,3.7905,,,
,CHECKPOINT BATCH 30200,4.5636,,,
,CHECKPOINT BATCH 30205,4.7467,,,
19:03:35,30210,8.3178,-0.0500,5000,0.0963
,CHECKPOINT BATCH 30210,8.3178,,,
,CHECKPOINT BATCH 30215,4.5682,,,
,CHECKPOINT BATCH 30220,8.0933,,,
,CHECKPOINT BATCH 30225,7.3916,,,
19:03:37,30228,9.2842,-0.0500,5000,0.0962
,CHECKPOINT BATCH 30230,3.8298,,,
,CHECKPOINT BATCH 30235,5.6177,,,
,CHECKPOINT BATCH 30240,12.0361,,,
,CHECKPOINT BATCH 30245,4.3833,,,
19:03:40,30246,4.7876,-0.0500,5000,0.0961
,CHECKPOINT BATCH 30250,3.3531,,,
,CHECKPOINT BATCH 30255,6.2401,,,
,CHECKPOINT BATCH 30260,4.2182,,,
19:03:42,30265,5.5345,-0.0500,5000,0.0961
,CHECKPOINT BATCH 30265,5.5345,,,
,CHECKPOINT BATCH 30270,5.0696,,,
,CHECKPOINT BATCH 30275,4.5630,,,
,CHECKPOINT BATCH 30280,6.9916,,,
19:03:44,30283,10.1513,-0.0500,5000,0.0960
,CHECKPOINT BATCH 30285,3.5577,,,
,CHECKPOINT BATCH 30290,5.8623,,,
,CHECKPOINT BATCH 30295,8.4226,,,
,CHECKPOINT BATCH 30300,5.5362,,,
19:03:46,30302,3.2701,-0.0500,5000,0.0959
,CHECKPOINT BATCH 30305,6.4099,,,
,CHECKPOINT BATCH 30310,6.1419,,,
,CHECKPOINT BATCH 30315,3.0775,,,
19:03:48,30320,5.7313,-0.0500,5000,0.0958
,CHECKPOINT BATCH 30320,5.7313,,,
,CHECKPOINT BATCH 30325,8.5653,,,
,CHECKPOINT BATCH 30330,12.9066,,,
,CHECKPOINT BATCH 30335,4.3409,,,
19:03:50,30339,3.8957,-0.0500,5000,0.0957
,CHECKPOINT BATCH 30340,5.6773,,,
,CHECKPOINT BATCH 30345,2.7242,,,
,CHECKPOINT BATCH 30350,6.2069,,,
,CHECKPOINT BATCH 30355,8.3252,,,
19:03:52,30357,3.3298,-0.0500,5000,0.0956
,CHECKPOINT BATCH 30360,2.2299,,,
,CHECKPOINT BATCH 30365,10.1541,,,
,CHECKPOINT BATCH 30370,6.6153,,,
19:03:54,30375,3.7167,-0.0500,5000,0.0956
,CHECKPOINT BATCH 30375,3.7167,,,
,CHECKPOINT BATCH 30380,4.2854,,,
,CHECKPOINT BATCH 30385,7.9067,,,
,CHECKPOINT BATCH 30390,3.3043,,,
19:03:56,30393,7.6440,-0.0500,5000,0.0955
,CHECKPOINT BATCH 30395,7.7995,,,
,CHECKPOINT BATCH 30400,5.8493,,,
,CHECKPOINT BATCH 30405,4.1486,,,
,CHECKPOINT BATCH 30410,6.4322,,,
19:03:58,30411,2.2682,-0.0500,5000,0.0954
,CHECKPOINT BATCH 30415,4.3500,,,
,CHECKPOINT BATCH 30420,20.2929,,,
,CHECKPOINT BATCH 30425,10.3300,,,
19:04:00,30429,5.8325,-0.0500,5000,0.0953
,CHECKPOINT BATCH 30430,7.7907,,,
,CHECKPOINT BATCH 30435,5.8194,,,
,CHECKPOINT BATCH 30440,9.6468,,,
,CHECKPOINT BATCH 30445,5.3866,,,
19:04:02,30447,7.2698,-0.0500,5000,0.0952
,CHECKPOINT BATCH 30450,19.2602,,,
,CHECKPOINT BATCH 30455,3.9928,,,
,CHECKPOINT BATCH 30460,3.3282,,,
19:04:04,30465,4.5221,-0.0500,5000,0.0951
,CHECKPOINT BATCH 30465,4.5221,,,
,CHECKPOINT BATCH 30470,2.8726,,,
,CHECKPOINT BATCH 30475,4.9336,,,
,CHECKPOINT BATCH 30480,6.1249,,,
19:04:06,30483,2.4378,-0.0500,5000,0.0951
,CHECKPOINT BATCH 30485,4.2383,,,
,CHECKPOINT BATCH 30490,3.9134,,,
,CHECKPOINT BATCH 30495,4.7627,,,
,CHECKPOINT BATCH 30500,4.6029,,,
19:04:08,30501,22.9449,-0.0500,5000,0.0950
,CHECKPOINT BATCH 30505,5.1456,,,
,CHECKPOINT BATCH 30510,2.8332,,,
,CHECKPOINT BATCH 30515,8.0535,,,
19:04:10,30519,6.5068,-0.0500,5000,0.0949
,CHECKPOINT BATCH 30520,3.6857,,,
,CHECKPOINT BATCH 30525,3.6173,,,
,CHECKPOINT BATCH 30530,2.2092,,,
,CHECKPOINT BATCH 30535,6.0316,,,
19:04:12,30537,5.0619,-0.0500,5000,0.0948
,CHECKPOINT BATCH 30540,3.1532,,,
,CHECKPOINT BATCH 30545,8.7740,,,
,CHECKPOINT BATCH 30550,8.1236,,,
,CHECKPOINT BATCH 30555,8.3398,,,
19:04:15,30556,4.0136,-0.0500,5000,0.0947
,CHECKPOINT BATCH 30560,7.7617,,,
,CHECKPOINT BATCH 30565,3.6900,,,
,CHECKPOINT BATCH 30570,5.1288,,,
19:04:17,30574,10.5328,-0.0500,5000,0.0947
,CHECKPOINT BATCH 30575,3.6808,,,
,CHECKPOINT BATCH 30580,2.2150,,,
,CHECKPOINT BATCH 30585,4.9481,,,
,CHECKPOINT BATCH 30590,2.8585,,,
19:04:19,30592,10.0576,-0.0500,5000,0.0946
,CHECKPOINT BATCH 30595,5.5311,,,
,CHECKPOINT BATCH 30600,8.9085,,,
,CHECKPOINT BATCH 30605,9.1788,,,
19:04:21,30610,4.7971,-0.0500,5000,0.0945
,CHECKPOINT BATCH 30610,4.7971,,,
,CHECKPOINT BATCH 30615,4.7627,,,
,CHECKPOINT BATCH 30620,3.3128,,,
,CHECKPOINT BATCH 30625,4.4898,,,
19:04:23,30628,3.8335,-0.0500,5000,0.0944
,CHECKPOINT BATCH 30630,13.4397,,,
,CHECKPOINT BATCH 30635,7.8539,,,
,CHECKPOINT BATCH 30640,2.4351,,,
,CHECKPOINT BATCH 30645,2.3071,,,
19:04:25,30646,4.0421,-0.0500,5000,0.0943
,CHECKPOINT BATCH 30650,2.3526,,,
,CHECKPOINT BATCH 30655,4.7016,,,
,CHECKPOINT BATCH 30660,1.7159,,,
19:04:27,30664,5.3130,-0.0500,5000,0.0943
,CHECKPOINT BATCH 30665,6.0645,,,
,CHECKPOINT BATCH 30670,2.9973,,,
,CHECKPOINT BATCH 30675,2.7132,,,
,CHECKPOINT BATCH 30680,7.4973,,,
19:04:29,30682,4.5802,-0.0500,5000,0.0942
,CHECKPOINT BATCH 30685,5.2533,,,
,CHECKPOINT BATCH 30690,5.5646,,,
,CHECKPOINT BATCH 30695,2.8494,,,
19:04:31,30700,2.9967,-0.0500,5000,0.0941
,CHECKPOINT BATCH 30700,2.9967,,,
,CHECKPOINT BATCH 30705,4.0219,,,
,CHECKPOINT BATCH 30710,4.7000,,,
,CHECKPOINT BATCH 30715,4.5230,,,
19:04:33,30718,2.3479,-0.0500,5000,0.0940
,CHECKPOINT BATCH 30720,6.1195,,,
,CHECKPOINT BATCH 30725,4.4308,,,
,CHECKPOINT BATCH 30730,2.1786,,,
,CHECKPOINT BATCH 30735,4.5428,,,
19:04:35,30736,3.8595,-0.0500,5000,0.0939
,CHECKPOINT BATCH 30740,11.2622,,,
,CHECKPOINT BATCH 30745,3.0056,,,
,CHECKPOINT BATCH 30750,5.0817,,,
19:04:37,30754,4.2814,-0.0500,5000,0.0939
,CHECKPOINT BATCH 30755,4.2203,,,
,CHECKPOINT BATCH 30760,1.4559,,,
,CHECKPOINT BATCH 30765,4.4760,,,
,CHECKPOINT BATCH 30770,1.4106,,,
19:04:39,30772,8.2628,-0.0500,5000,0.0938
,CHECKPOINT BATCH 30775,5.5560,,,
,CHECKPOINT BATCH 30780,6.4156,,,
,CHECKPOINT BATCH 30785,10.0830,,,
19:04:41,30790,2.6239,-0.0500,5000,0.0937
,CHECKPOINT BATCH 30790,2.6239,,,
,CHECKPOINT BATCH 30795,1.7075,,,
,CHECKPOINT BATCH 30800,3.4574,,,
,CHECKPOINT BATCH 30805,5.0842,,,
19:04:43,30808,4.9664,-0.0500,5000,0.0936
,CHECKPOINT BATCH 30810,4.9443,,,
,CHECKPOINT BATCH 30815,1.8433,,,
,CHECKPOINT BATCH 30820,5.0707,,,
,CHECKPOINT BATCH 30825,4.5584,,,
19:04:45,30826,2.3190,-0.0500,5000,0.0935
,CHECKPOINT BATCH 30830,4.5058,,,
,CHECKPOINT BATCH 30835,3.3164,,,
,CHECKPOINT BATCH 30840,4.3590,,,
19:04:47,30844,4.0826,-0.0500,5000,0.0935
,CHECKPOINT BATCH 30845,3.0134,,,
,CHECKPOINT BATCH 30850,10.7851,,,
,CHECKPOINT BATCH 30855,8.1739,,,
,CHECKPOINT BATCH 30860,5.6192,,,
19:04:49,30862,2.4970,-0.0500,5000,0.0934
,CHECKPOINT BATCH 30865,2.0092,,,
,CHECKPOINT BATCH 30870,5.1644,,,
,CHECKPOINT BATCH 30875,7.2641,,,
19:04:51,30880,8.1297,-0.0500,5000,0.0933
,CHECKPOINT BATCH 30880,8.1297,,,
,CHECKPOINT BATCH 30885,4.4183,,,
,CHECKPOINT BATCH 30890,2.4066,,,
,CHECKPOINT BATCH 30895,4.6517,,,
19:04:53,30898,1.7607,-0.0500,5000,0.0932
,CHECKPOINT BATCH 30900,1.3292,,,
,CHECKPOINT BATCH 30905,4.0694,,,
,CHECKPOINT BATCH 30910,4.4571,,,
,CHECKPOINT BATCH 30915,2.4327,,,
19:04:55,30916,12.4989,-0.0500,5000,0.0932
,CHECKPOINT BATCH 30920,2.0698,,,
,CHECKPOINT BATCH 30925,4.0897,,,
,CHECKPOINT BATCH 30930,2.6314,,,
19:04:57,30934,2.2015,-0.0500,5000,0.0931
,CHECKPOINT BATCH 30935,8.6303,,,
,CHECKPOINT BATCH 30940,3.6081,,,
,CHECKPOINT BATCH 30945,4.5058,,,
,CHECKPOINT BATCH 30950,6.2986,,,
19:05:00,30952,3.5665,-0.0500,5000,0.0930
,CHECKPOINT BATCH 30955,7.2482,,,
,CHECKPOINT BATCH 30960,5.6688,,,
,CHECKPOINT BATCH 30965,8.7323,,,
19:05:02,30970,3.6178,-0.0500,5000,0.0929
,CHECKPOINT BATCH 30970,3.6178,,,
,CHECKPOINT BATCH 30975,1.8577,,,
,CHECKPOINT BATCH 30980,2.3288,,,
,CHECKPOINT BATCH 30985,3.1329,,,
19:05:04,30989,3.8053,-0.0500,5000,0.0928
,CHECKPOINT BATCH 30990,2.3937,,,
,CHECKPOINT BATCH 30995,3.6332,,,
,CHECKPOINT BATCH 31000,2.2621,,,
,CHECKPOINT BATCH 31005,6.7565,,,
19:05:06,31007,3.4827,-0.0500,5000,0.0928
,CHECKPOINT BATCH 31010,3.5012,,,
,CHECKPOINT BATCH 31015,6.0869,,,
,CHECKPOINT BATCH 31020,6.9451,,,
19:05:08,31025,1.2234,-0.0500,5000,0.0927
,CHECKPOINT BATCH 31025,1.2234,,,
,CHECKPOINT BATCH 31030,7.4941,,,
,CHECKPOINT BATCH 31035,8.1454,,,
,CHECKPOINT BATCH 31040,7.7111,,,
19:05:10,31043,2.7204,-0.0500,5000,0.0926
,CHECKPOINT BATCH 31045,4.6213,,,
,CHECKPOINT BATCH 31050,3.6442,,,
,CHECKPOINT BATCH 31055,6.0076,,,
,CHECKPOINT BATCH 31060,2.9875,,,
19:05:12,31061,4.2156,-0.0500,5000,0.0925
,CHECKPOINT BATCH 31065,5.7821,,,
,CHECKPOINT BATCH 31070,3.4124,,,
,CHECKPOINT BATCH 31075,2.9734,,,
19:05:14,31079,1.5566,-0.0500,5000,0.0925
,CHECKPOINT BATCH 31080,1.8959,,,
,CHECKPOINT BATCH 31085,4.2593,,,
,CHECKPOINT BATCH 31090,6.6156,,,
,CHECKPOINT BATCH 31095,1.0441,,,
19:05:16,31097,2.3752,-0.0500,5000,0.0924
,CHECKPOINT BATCH 31100,4.2242,,,
,CHECKPOINT BATCH 31105,5.2162,,,
,CHECKPOINT BATCH 31110,2.0217,,,
19:05:18,31115,3.2412,-0.0500,5000,0.0923
,CHECKPOINT BATCH 31115,3.2412,,,
,CHECKPOINT BATCH 31120,2.2780,,,
,CHECKPOINT BATCH 31125,8.0822,,,
,CHECKPOINT BATCH 31130,1.2786,,,
19:05:20,31133,1.5881,-0.0500,5000,0.0922
,CHECKPOINT BATCH 31135,4.0221,,,
,CHECKPOINT BATCH 31140,4.3207,,,
,CHECKPOINT BATCH 31145,5.9721,,,
,CHECKPOINT BATCH 31150,3.5539,,,
19:05:22,31151,5.9995,-0.0500,5000,0.0922
,CHECKPOINT BATCH 31155,9.1849,,,
,CHECKPOINT BATCH 31160,2.3145,,,
,CHECKPOINT BATCH 31165,1.4375,,,
19:05:24,31169,4.1996,-0.0500,5000,0.0921
,CHECKPOINT BATCH 31170,4.0995,,,
,CHECKPOINT BATCH 31175,9.4711,,,
,CHECKPOINT BATCH 31180,4.1617,,,
,CHECKPOINT BATCH 31185,2.9329,,,
19:05:26,31187,2.1517,-0.0500,5000,0.0920
,CHECKPOINT BATCH 31190,7.7945,,,
,CHECKPOINT BATCH 31195,8.3070,,,
,CHECKPOINT BATCH 31200,3.1243,,,
19:05:28,31205,1.8941,-0.0500,5000,0.0919
,CHECKPOINT BATCH 31205,1.8941,,,
,CHECKPOINT BATCH 31210,4.5682,,,
,CHECKPOINT BATCH 31215,2.5432,,,
,CHECKPOINT BATCH 31220,9.5965,,,
19:05:30,31223,7.2774,-0.0500,5000,0.0919
,CHECKPOINT BATCH 31225,2.9879,,,
,CHECKPOINT BATCH 31230,8.7296,,,
,CHECKPOINT BATCH 31235,3.3604,,,
,CHECKPOINT BATCH 31240,1.4189,,,
19:05:32,31241,4.2685,-0.0500,5000,0.0918
,CHECKPOINT BATCH 31245,2.5810,,,
,CHECKPOINT BATCH 31250,3.6465,,,
,CHECKPOINT BATCH 31255,6.3433,,,
19:05:34,31259,3.7433,-0.0500,5000,0.0917
,CHECKPOINT BATCH 31260,2.4498,,,
,CHECKPOINT BATCH 31265,6.5621,,,
,CHECKPOINT BATCH 31270,2.1110,,,
,CHECKPOINT BATCH 31275,3.4770,,,
19:05:36,31277,2.3223,-0.0500,5000,0.0916
,CHECKPOINT BATCH 31280,2.0882,,,
,CHECKPOINT BATCH 31285,2.7280,,,
,CHECKPOINT BATCH 31290,1.0898,,,
19:05:38,31295,7.2582,-0.0500,5000,0.0916
,CHECKPOINT BATCH 31295,7.2582,,,
,CHECKPOINT BATCH 31300,3.6944,,,
,CHECKPOINT BATCH 31305,2.2890,,,
,CHECKPOINT BATCH 31310,5.0604,,,
19:05:40,31313,1.8971,-0.0500,5000,0.0915
,CHECKPOINT BATCH 31315,6.2397,,,
,CHECKPOINT BATCH 31320,1.1196,,,
,CHECKPOINT BATCH 31325,3.4400,,,
,CHECKPOINT BATCH 31330,2.1355,,,
19:05:42,31331,2.9391,-0.0500,5000,0.0914
,CHECKPOINT BATCH 31335,2.6099,,,
,CHECKPOINT BATCH 31340,0.7749,,,
,CHECKPOINT BATCH 31345,3.2471,,,
19:05:44,31349,2.2692,-0.0500,5000,0.0913
,CHECKPOINT BATCH 31350,2.9742,,,
,CHECKPOINT BATCH 31355,4.0599,,,
,CHECKPOINT BATCH 31360,3.1762,,,
,CHECKPOINT BATCH 31365,0.4948,,,
19:05:47,31368,2.1768,-0.0500,5000,0.0913
,CHECKPOINT BATCH 31370,4.7070,,,
,CHECKPOINT BATCH 31375,2.8881,,,
,CHECKPOINT BATCH 31380,5.0329,,,
,CHECKPOINT BATCH 31385,4.1442,,,
19:05:49,31386,2.4626,-0.0500,5000,0.0912
,CHECKPOINT BATCH 31390,1.8542,,,
,CHECKPOINT BATCH 31395,0.7441,,,
,CHECKPOINT BATCH 31400,2.6368,,,
19:05:51,31404,2.3387,-0.0500,5000,0.0911
,CHECKPOINT BATCH 31405,2.9545,,,
,CHECKPOINT BATCH 31410,1.7003,,,
,CHECKPOINT BATCH 31415,4.2405,,,
,CHECKPOINT BATCH 31420,4.9841,,,
19:05:53,31423,4.7346,-0.0500,5000,0.0910
,CHECKPOINT BATCH 31425,4.2088,,,
,CHECKPOINT BATCH 31430,4.2419,,,
,CHECKPOINT BATCH 31435,5.1232,,,
,CHECKPOINT BATCH 31440,6.1247,,,
19:05:55,31441,4.4043,-0.0500,5000,0.0910
,CHECKPOINT BATCH 31445,2.0128,,,
,CHECKPOINT BATCH 31450,3.2192,,,
,CHECKPOINT BATCH 31455,2.1957,,,
19:05:57,31460,3.2245,-0.0500,5000,0.0909
,CHECKPOINT BATCH 31460,3.2245,,,
,CHECKPOINT BATCH 31465,0.9980,,,
,CHECKPOINT BATCH 31470,7.0296,,,
,CHECKPOINT BATCH 31475,1.2100,,,
19:05:59,31478,4.6155,-0.0500,5000,0.0908
,CHECKPOINT BATCH 31480,1.1011,,,
,CHECKPOINT BATCH 31485,2.5399,,,
,CHECKPOINT BATCH 31490,1.7352,,,
,CHECKPOINT BATCH 31495,1.0606,,,
19:06:01,31496,1.8381,-0.0500,5000,0.0907
,CHECKPOINT BATCH 31500,2.9876,,,
,CHECKPOINT BATCH 31505,3.1728,,,
,CHECKPOINT BATCH 31510,3.4920,,,
19:06:03,31514,2.9960,-0.0500,5000,0.0907
,CHECKPOINT BATCH 31515,2.5744,,,
,CHECKPOINT BATCH 31520,1.1209,,,
,CHECKPOINT BATCH 31525,2.8209,,,
,CHECKPOINT BATCH 31530,3.0610,,,
19:06:05,31532,1.6340,-0.0500,5000,0.0906
,CHECKPOINT BATCH 31535,3.0315,,,
,CHECKPOINT BATCH 31540,3.3165,,,
,CHECKPOINT BATCH 31545,6.5470,,,
,CHECKPOINT BATCH 31550,2.1393,,,
19:06:07,31551,1.2249,-0.0500,5000,0.0905
,CHECKPOINT BATCH 31555,1.0032,,,
,CHECKPOINT BATCH 31560,2.9535,,,
,CHECKPOINT BATCH 31565,5.5061,,,
19:06:09,31569,5.6742,-0.0095,5000,0.0904
,CHECKPOINT BATCH 31570,5.2118,,,
,CHECKPOINT BATCH 31575,2.6873,,,
19:06:12,31576,3.6976,0.3185,5000,0.0904
,CHECKPOINT BATCH 31580,3.1665,,,
,CHECKPOINT BATCH 31585,1.5123,,,
,CHECKPOINT BATCH 31590,3.1951,,,
19:06:14,31594,4.4820,4.1855,5000,0.0903
,CHECKPOINT BATCH 31595,4.4004,,,
,CHECKPOINT BATCH 31600,2.6184,,,
,CHECKPOINT BATCH 31605,3.9609,,,
,CHECKPOINT BATCH 31610,5.3432,,,
19:06:16,31612,1.6304,8.1795,5000,0.0903
,CHECKPOINT BATCH 31615,2.5251,,,
,CHECKPOINT BATCH 31620,5.2257,,,
,CHECKPOINT BATCH 31625,1.4281,,,
19:06:19,31626,6.8753,11.2565,5000,0.0902
,CHECKPOINT BATCH 31630,2.0734,,,
,CHECKPOINT BATCH 31635,0.7051,,,
,CHECKPOINT BATCH 31640,0.9728,,,
19:06:21,31644,3.8087,13.7350,5000,0.0901
,CHECKPOINT BATCH 31645,5.0543,,,
,CHECKPOINT BATCH 31650,4.4842,,,
,CHECKPOINT BATCH 31655,2.4405,,,
,CHECKPOINT BATCH 31660,5.3493,,,
19:06:23,31662,2.2650,18.0460,5000,0.0901
,CHECKPOINT BATCH 31665,2.8312,,,
19:06:25,31669,2.7105,18.7905,5000,0.0900
,CHECKPOINT BATCH 31670,3.5450,,,
,CHECKPOINT BATCH 31675,13.9815,,,
,CHECKPOINT BATCH 31680,0.2557,,,
,CHECKPOINT BATCH 31685,0.8102,,,
19:06:27,31687,2.7520,18.0210,5000,0.0900
,CHECKPOINT BATCH 31690,2.4582,,,
,CHECKPOINT BATCH 31695,1.7600,,,
,CHECKPOINT BATCH 31700,7.8978,,,
19:06:29,31705,1.3387,16.9115,5000,0.0899
,CHECKPOINT BATCH 31705,1.3387,,,
,CHECKPOINT BATCH 31710,2.9930,,,
,CHECKPOINT BATCH 31715,2.7386,,,
,CHECKPOINT BATCH 31720,1.9248,,,
19:06:31,31723,0.6569,16.3045,5000,0.0898
,CHECKPOINT BATCH 31725,3.1865,,,
,CHECKPOINT BATCH 31730,2.5577,,,
,CHECKPOINT BATCH 31735,8.4037,,,
,CHECKPOINT BATCH 31740,5.4181,,,
19:06:33,31741,0.9554,17.3295,5000,0.0897
,CHECKPOINT BATCH 31745,0.7593,,,
,CHECKPOINT BATCH 31750,4.7056,,,
,CHECKPOINT BATCH 31755,5.7455,,,
19:06:35,31759,2.8748,15.9495,5000,0.0897
,CHECKPOINT BATCH 31760,1.6690,,,
,CHECKPOINT BATCH 31765,5.5819,,,
19:06:37,31766,1.5445,14.5880,5000,0.0896
,CHECKPOINT BATCH 31770,3.3293,,,
,CHECKPOINT BATCH 31775,2.9103,,,
,CHECKPOINT BATCH 31780,3.4760,,,
19:06:39,31784,2.4608,16.0855,5000,0.0896
,CHECKPOINT BATCH 31785,3.1968,,,
,CHECKPOINT BATCH 31790,2.0355,,,
,CHECKPOINT BATCH 31795,3.9207,,,
,CHECKPOINT BATCH 31800,5.4577,,,
19:06:43,31802,7.3829,16.1050,5000,0.0895
,CHECKPOINT BATCH 31805,8.1897,,,
,CHECKPOINT BATCH 31810,3.0249,,,
,CHECKPOINT BATCH 31815,2.2197,,,
19:06:45,31820,1.7139,15.0350,5000,0.0894
,CHECKPOINT BATCH 31820,1.7139,,,
,CHECKPOINT BATCH 31825,15.2999,,,
,CHECKPOINT BATCH 31830,6.5482,,,
,CHECKPOINT BATCH 31835,1.8402,,,
19:06:47,31838,3.4532,15.9600,5000,0.0894
,CHECKPOINT BATCH 31840,6.9171,,,
,CHECKPOINT BATCH 31845,5.2817,,,
,CHECKPOINT BATCH 31850,3.7155,,,
19:06:50,31854,3.1342,13.1750,5000,0.0893
,CHECKPOINT BATCH 31855,1.7911,,,
,CHECKPOINT BATCH 31860,2.4002,,,
,CHECKPOINT BATCH 31865,5.5923,,,
,CHECKPOINT BATCH 31870,5.7901,,,
19:06:52,31872,2.3182,14.0935,5000,0.0892
,CHECKPOINT BATCH 31875,2.6281,,,
,CHECKPOINT BATCH 31880,1.0733,,,
,CHECKPOINT BATCH 31885,4.5810,,,
19:06:54,31890,2.3918,14.5860,5000,0.0892
,CHECKPOINT BATCH 31890,2.3918,,,
,CHECKPOINT BATCH 31895,3.6644,,,
,CHECKPOINT BATCH 31900,3.0729,,,
,CHECKPOINT BATCH 31905,4.6188,,,
19:06:57,31908,4.1716,16.1065,5000,0.0891
,CHECKPOINT BATCH 31910,7.5454,,,
,CHECKPOINT BATCH 31915,15.1953,,,
,CHECKPOINT BATCH 31920,2.8596,,,
,CHECKPOINT BATCH 31925,1.5380,,,
19:06:59,31926,2.1103,14.6130,5000,0.0890
,CHECKPOINT BATCH 31930,2.9410,,,
,CHECKPOINT BATCH 31935,7.0735,,,
,CHECKPOINT BATCH 31940,0.9659,,,
19:07:01,31944,2.0333,15.8535,5000,0.0889
,CHECKPOINT BATCH 31945,2.3372,,,
,CHECKPOINT BATCH 31950,2.0329,,,
,CHECKPOINT BATCH 31955,3.7632,,,
,CHECKPOINT BATCH 31960,2.1537,,,
19:07:04,31962,6.3197,19.4975,5000,0.0889
,CHECKPOINT BATCH 31965,7.6855,,,
,CHECKPOINT BATCH 31970,3.3106,,,
19:07:06,31974,2.0466,19.3230,5000,0.0888
,CHECKPOINT BATCH 31975,1.7290,,,
,CHECKPOINT BATCH 31980,9.7112,,,
,CHECKPOINT BATCH 31985,7.4517,,,
,CHECKPOINT BATCH 31990,1.9179,,,
19:07:08,31992,2.4131,18.1045,5000,0.0888
,CHECKPOINT BATCH 31995,1.9276,,,
,CHECKPOINT BATCH 32000,3.0634,,,
,CHECKPOINT BATCH 32005,6.0589,,,
19:07:10,32010,1.7796,18.0575,5000,0.0887
,CHECKPOINT BATCH 32010,1.7796,,,
,CHECKPOINT BATCH 32015,4.9307,,,
,CHECKPOINT BATCH 32020,5.5194,,,
,CHECKPOINT BATCH 32025,2.7439,,,
19:07:12,32028,4.5033,19.1165,5000,0.0886
,CHECKPOINT BATCH 32030,4.0273,,,
,CHECKPOINT BATCH 32035,4.5371,,,
19:07:15,32038,2.7123,18.3505,5000,0.0886
,CHECKPOINT BATCH 32040,3.1738,,,
,CHECKPOINT BATCH 32045,5.8880,,,
,CHECKPOINT BATCH 32050,3.0684,,,
,CHECKPOINT BATCH 32055,1.2389,,,
19:07:17,32056,0.0703,16.9890,5000,0.0885
,CHECKPOINT BATCH 32060,4.5047,,,
,CHECKPOINT BATCH 32065,5.7997,,,
,CHECKPOINT BATCH 32070,0.9288,,,
19:07:19,32074,1.1353,17.9210,5000,0.0884
,CHECKPOINT BATCH 32075,4.4009,,,
,CHECKPOINT BATCH 32080,4.5769,,,
,CHECKPOINT BATCH 32085,2.5549,,,
,CHECKPOINT BATCH 32090,3.9054,,,
19:07:21,32092,0.6168,19.2855,5000,0.0884
,CHECKPOINT BATCH 32095,1.0347,,,
,CHECKPOINT BATCH 32100,2.4731,,,
,CHECKPOINT BATCH 32105,1.7176,,,
19:07:23,32110,3.6666,20.1020,5000,0.0883
,CHECKPOINT BATCH 32110,3.6666,,,
,CHECKPOINT BATCH 32115,5.0645,,,
19:07:25,32116,1.5263,19.0440,5000,0.0883
,CHECKPOINT BATCH 32120,11.7700,,,
,CHECKPOINT BATCH 32125,1.6144,,,
,CHECKPOINT BATCH 32130,6.3448,,,
19:07:27,32135,2.0916,19.0440,5000,0.0882
,CHECKPOINT BATCH 32135,2.0916,,,
,CHECKPOINT BATCH 32140,5.0849,,,
,CHECKPOINT BATCH 32145,3.7620,,,
,CHECKPOINT BATCH 32150,6.5645,,,
19:07:29,32153,0.5541,21.0455,5000,0.0881
,CHECKPOINT BATCH 32155,5.3121,,,
,CHECKPOINT BATCH 32160,1.6139,,,
19:07:32,32161,4.9640,19.9900,5000,0.0881
,CHECKPOINT BATCH 32165,4.5327,,,
,CHECKPOINT BATCH 32170,4.1529,,,
,CHECKPOINT BATCH 32175,4.0877,,,
19:07:34,32179,7.3251,18.7575,5000,0.0880
,CHECKPOINT BATCH 32180,2.5973,,,
,CHECKPOINT BATCH 32185,1.7676,,,
,CHECKPOINT BATCH 32190,2.0164,,,
,CHECKPOINT BATCH 32195,1.1579,,,
19:07:36,32197,1.6847,18.4515,5000,0.0880
,CHECKPOINT BATCH 32200,3.1021,,,
,CHECKPOINT BATCH 32205,2.4255,,,
,CHECKPOINT BATCH 32210,2.0031,,,
19:07:38,32215,2.0433,19.9565,5000,0.0879
,CHECKPOINT BATCH 32215,2.0433,,,
,CHECKPOINT BATCH 32220,1.0987,,,
19:07:40,32221,3.8697,19.7940,5000,0.0879
,CHECKPOINT BATCH 32225,3.5465,,,
,CHECKPOINT BATCH 32230,5.2330,,,
,CHECKPOINT BATCH 32235,3.1462,,,
19:07:42,32239,8.3317,17.3690,5000,0.0878
,CHECKPOINT BATCH 32240,1.8481,,,
,CHECKPOINT BATCH 32245,6.0595,,,
,CHECKPOINT BATCH 32250,7.5306,,,
,CHECKPOINT BATCH 32255,1.5585,,,
19:07:44,32257,2.5567,17.4485,5000,0.0877
,CHECKPOINT BATCH 32260,7.8875,,,
,CHECKPOINT BATCH 32265,8.4804,,,
,CHECKPOINT BATCH 32270,2.8188,,,
19:07:46,32275,2.3067,18.9725,5000,0.0877
,CHECKPOINT BATCH 32275,2.3067,,,
,CHECKPOINT BATCH 32280,2.2551,,,
19:07:48,32282,2.8815,17.3145,5000,0.0876
,CHECKPOINT BATCH 32285,2.4667,,,
,CHECKPOINT BATCH 32290,8.7162,,,
,CHECKPOINT BATCH 32295,4.9369,,,
19:07:50,32300,2.7238,15.7965,5000,0.0876
,CHECKPOINT BATCH 32300,2.7238,,,
,CHECKPOINT BATCH 32305,2.6250,,,
,CHECKPOINT BATCH 32310,12.4394,,,
,CHECKPOINT BATCH 32315,16.4959,,,
19:07:52,32318,8.5136,15.3425,5000,0.0875
,CHECKPOINT BATCH 32320,3.9205,,,
,CHECKPOINT BATCH 32325,3.3108,,,
19:07:55,32330,2.8156,16.2285,5000,0.0875
,CHECKPOINT BATCH 32330,2.8156,,,
,CHECKPOINT BATCH 32335,3.7077,,,
,CHECKPOINT BATCH 32340,1.8388,,,
,CHECKPOINT BATCH 32345,6.4653,,,
19:07:57,32348,2.8502,15.2160,5000,0.0874
,CHECKPOINT BATCH 32350,2.9503,,,
,CHECKPOINT BATCH 32355,1.9724,,,
,CHECKPOINT BATCH 32360,1.9685,,,
,CHECKPOINT BATCH 32365,8.5752,,,
19:07:59,32366,2.4294,15.5060,5000,0.0873
,CHECKPOINT BATCH 32370,11.5706,,,
,CHECKPOINT BATCH 32375,10.6802,,,
19:08:01,32376,9.3938,15.8025,5000,0.0873
,CHECKPOINT BATCH 32380,5.2325,,,
,CHECKPOINT BATCH 32385,2.8311,,,
,CHECKPOINT BATCH 32390,11.2717,,,
19:08:04,32394,1.8990,16.8760,5000,0.0872
,CHECKPOINT BATCH 32395,2.2689,,,
,CHECKPOINT BATCH 32400,6.3457,,,
,CHECKPOINT BATCH 32405,12.0881,,,
,CHECKPOINT BATCH 32410,11.3502,,,
19:08:06,32412,9.1506,17.5170,5000,0.0872
,CHECKPOINT BATCH 32415,1.4570,,,
,CHECKPOINT BATCH 32420,1.6153,,,
,CHECKPOINT BATCH 32425,3.1583,,,
19:08:08,32430,4.5570,16.4270,5000,0.0871
,CHECKPOINT BATCH 32430,4.5570,,,
,CHECKPOINT BATCH 32435,7.4609,,,
19:08:10,32437,5.3028,16.4100,5000,0.0871
,CHECKPOINT BATCH 32440,2.6327,,,
,CHECKPOINT BATCH 32445,4.7475,,,
,CHECKPOINT BATCH 32450,1.4834,,,
19:08:12,32455,2.8375,16.4500,5000,0.0870
,CHECKPOINT BATCH 32455,2.8375,,,
,CHECKPOINT BATCH 32460,10.4839,,,
,CHECKPOINT BATCH 32465,7.4147,,,
,CHECKPOINT BATCH 32470,3.1589,,,
19:08:14,32473,3.4077,16.7680,5000,0.0869
,CHECKPOINT BATCH 32475,1.5852,,,
19:08:16,32479,2.2288,16.4690,5000,0.0869
,CHECKPOINT BATCH 32480,1.9867,,,
,CHECKPOINT BATCH 32485,6.9693,,,
,CHECKPOINT BATCH 32490,2.5999,,,
,CHECKPOINT BATCH 32495,3.7444,,,
19:08:18,32497,19.7626,16.0170,5000,0.0868
,CHECKPOINT BATCH 32500,6.0294,,,
,CHECKPOINT BATCH 32505,1.8787,,,
,CHECKPOINT BATCH 32510,2.9959,,,
19:08:20,32515,3.6840,15.9070,5000,0.0868
,CHECKPOINT BATCH 32515,3.6840,,,
,CHECKPOINT BATCH 32520,13.5945,,,
,CHECKPOINT BATCH 32525,11.8536,,,
,CHECKPOINT BATCH 32530,3.1506,,,
19:08:22,32532,2.4577,16.3765,5000,0.0867
,CHECKPOINT BATCH 32535,4.5973,,,
,CHECKPOINT BATCH 32540,8.5054,,,
,CHECKPOINT BATCH 32545,17.6642,,,
19:08:24,32550,2.5545,17.8650,5000,0.0867
,CHECKPOINT BATCH 32550,2.5545,,,
,CHECKPOINT BATCH 32555,4.2772,,,
19:08:26,32556,1.2532,16.3360,5000,0.0866
,CHECKPOINT BATCH 32560,2.9381,,,
,CHECKPOINT BATCH 32565,7.2382,,,
,CHECKPOINT BATCH 32570,2.6422,,,
19:08:28,32574,4.9536,14.5320,5000,0.0866
,CHECKPOINT BATCH 32575,7.7955,,,
,CHECKPOINT BATCH 32580,1.8572,,,
,CHECKPOINT BATCH 32585,4.3376,,,
,CHECKPOINT BATCH 32590,10.1004,,,
19:08:30,32593,4.4472,16.7995,5000,0.0865
,CHECKPOINT BATCH 32595,7.2815,,,
,CHECKPOINT BATCH 32600,1.5439,,,
,CHECKPOINT BATCH 32605,4.2791,,,
,CHECKPOINT BATCH 32610,3.2128,,,
19:08:32,32611,2.5906,16.1935,5000,0.0864
,CHECKPOINT BATCH 32615,2.9200,,,
,CHECKPOINT BATCH 32620,1.3511,,,
,CHECKPOINT BATCH 32625,4.6551,,,
19:08:34,32630,1.2907,15.4295,5000,0.0864
,CHECKPOINT BATCH 32630,1.2907,,,
,CHECKPOINT BATCH 32635,7.5574,,,
,CHECKPOINT BATCH 32640,3.7103,,,
,CHECKPOINT BATCH 32645,8.2506,,,
19:08:36,32648,1.9675,12.8220,5000,0.0863
,CHECKPOINT BATCH 32650,3.4275,,,
,CHECKPOINT BATCH 32655,4.1297,,,
,CHECKPOINT BATCH 32660,9.1549,,,
,CHECKPOINT BATCH 32665,4.1609,,,
19:08:40,32666,4.1727,12.4480,5000,0.0862
,CHECKPOINT BATCH 32670,4.0039,,,
,CHECKPOINT BATCH 32675,9.1284,,,
,CHECKPOINT BATCH 32680,12.9136,,,
19:08:42,32683,2.4897,10.3200,5000,0.0862
,CHECKPOINT BATCH 32685,6.3745,,,
,CHECKPOINT BATCH 32690,1.6108,,,
,CHECKPOINT BATCH 32695,3.9629,,,
19:08:45,32697,1.8460,9.3570,5000,0.0861
,CHECKPOINT BATCH 32700,15.6394,,,
,CHECKPOINT BATCH 32705,6.6321,,,
,CHECKPOINT BATCH 32710,14.9226,,,
19:08:47,32715,17.8401,8.1310,5000,0.0861
,CHECKPOINT BATCH 32715,17.8401,,,
,CHECKPOINT BATCH 32720,4.1418,,,
,CHECKPOINT BATCH 32725,2.9110,,,
,CHECKPOINT BATCH 32730,9.5067,,,
19:08:49,32733,6.9231,11.3345,5000,0.0860
,CHECKPOINT BATCH 32735,5.5199,,,
,CHECKPOINT BATCH 32740,10.1891,,,
,CHECKPOINT BATCH 32745,7.3798,,,
,CHECKPOINT BATCH 32750,7.5429,,,
19:08:52,32751,5.3532,11.3500,5000,0.0859
,CHECKPOINT BATCH 32755,3.9551,,,
,CHECKPOINT BATCH 32760,4.7062,,,
,CHECKPOINT BATCH 32765,4.1821,,,
19:08:54,32769,8.5034,12.6160,5000,0.0859
,CHECKPOINT BATCH 32770,6.7612,,,
,CHECKPOINT BATCH 32775,5.3303,,,
,CHECKPOINT BATCH 32780,3.1318,,,
,CHECKPOINT BATCH 32785,6.1946,,,
19:08:56,32787,6.0856,14.1650,5000,0.0858
,CHECKPOINT BATCH 32790,1.7530,,,
,CHECKPOINT BATCH 32795,3.1243,,,
,CHECKPOINT BATCH 32800,4.7516,,,
19:08:58,32805,4.5263,14.8990,5000,0.0857
,CHECKPOINT BATCH 32805,4.5263,,,
,CHECKPOINT BATCH 32810,3.1356,,,
,CHECKPOINT BATCH 32815,6.1036,,,
,CHECKPOINT BATCH 32820,6.1241,,,
19:09:01,32823,6.5743,14.3995,5000,0.0857
,CHECKPOINT BATCH 32825,17.6564,,,
,CHECKPOINT BATCH 32830,11.0029,,,
19:09:03,32833,14.8219,13.3285,5000,0.0856
,CHECKPOINT BATCH 32835,19.6997,,,
,CHECKPOINT BATCH 32840,12.6056,,,
,CHECKPOINT BATCH 32845,5.2495,,,
19:09:06,32850,2.6777,13.6715,5000,0.0856
,CHECKPOINT BATCH 32850,2.6777,,,
,CHECKPOINT BATCH 32855,9.0180,,,
,CHECKPOINT BATCH 32860,2.2511,,,
,CHECKPOINT BATCH 32865,3.6380,,,
19:09:08,32868,16.1509,13.6400,5000,0.0855
,CHECKPOINT BATCH 32870,5.5283,,,
19:09:10,32875,3.5473,12.2810,5000,0.0855
,CHECKPOINT BATCH 32875,3.5473,,,
,CHECKPOINT BATCH 32880,4.0427,,,
,CHECKPOINT BATCH 32885,18.2145,,,
19:09:13,32890,9.3449,10.2685,5000,0.0854
,CHECKPOINT BATCH 32890,9.3449,,,
,CHECKPOINT BATCH 32895,5.8008,,,
,CHECKPOINT BATCH 32900,7.4926,,,
,CHECKPOINT BATCH 32905,7.9245,,,
19:09:16,32908,9.9715,10.0050,5000,0.0854
,CHECKPOINT BATCH 32910,1.8796,,,
19:09:18,32915,6.5838,8.9690,5000,0.0853
,CHECKPOINT BATCH 32915,6.5838,,,
,CHECKPOINT BATCH 32920,10.0516,,,
,CHECKPOINT BATCH 32925,4.3965,,,
,CHECKPOINT BATCH 32930,4.6886,,,
19:09:21,32932,9.4650,8.8040,5000,0.0853
,CHECKPOINT BATCH 32935,4.6040,,,
,CHECKPOINT BATCH 32940,2.1269,,,
,CHECKPOINT BATCH 32945,11.2141,,,
19:09:23,32950,1.7334,9.5550,5000,0.0852
,CHECKPOINT BATCH 32950,1.7334,,,
,CHECKPOINT BATCH 32955,6.5978,,,
19:09:25,32957,5.2448,9.3965,5000,0.0852
,CHECKPOINT BATCH 32960,3.8647,,,
,CHECKPOINT BATCH 32965,6.3829,,,
,CHECKPOINT BATCH 32970,5.9277,,,
19:09:28,32972,8.2029,9.5490,5000,0.0851
,CHECKPOINT BATCH 32975,1.9105,,,
,CHECKPOINT BATCH 32980,9.8106,,,
,CHECKPOINT BATCH 32985,10.7272,,,
19:09:30,32990,5.0121,10.0385,5000,0.0851
,CHECKPOINT BATCH 32990,5.0121,,,
,CHECKPOINT BATCH 32995,1.9340,,,
,CHECKPOINT BATCH 33000,12.9163,,,
,CHECKPOINT BATCH 33005,19.5075,,,
19:09:32,33008,1.9338,8.7920,5000,0.0850
,CHECKPOINT BATCH 33010,2.6241,,,
,CHECKPOINT BATCH 33015,3.9112,,,
,CHECKPOINT BATCH 33020,3.2699,,,
,CHECKPOINT BATCH 33025,2.3161,,,
19:09:34,33026,4.6967,7.5235,5000,0.0849
,CHECKPOINT BATCH 33030,5.9445,,,
,CHECKPOINT BATCH 33035,13.2278,,,
,CHECKPOINT BATCH 33040,13.3986,,,
19:09:36,33044,5.7988,7.1680,5000,0.0849
,CHECKPOINT BATCH 33045,6.1520,,,
,CHECKPOINT BATCH 33050,4.8040,,,
,CHECKPOINT BATCH 33055,6.1124,,,
,CHECKPOINT BATCH 33060,6.9048,,,
19:09:38,33062,5.7464,6.0580,5000,0.0848
,CHECKPOINT BATCH 33065,2.1830,,,
,CHECKPOINT BATCH 33070,3.7178,,,
,CHECKPOINT BATCH 33075,3.9223,,,
19:09:41,33076,3.0171,4.8280,5000,0.0848
,CHECKPOINT BATCH 33080,6.5783,,,
,CHECKPOINT BATCH 33085,2.5886,,,
,CHECKPOINT BATCH 33090,12.3079,,,
19:09:43,33094,9.4802,4.3925,5000,0.0847
,CHECKPOINT BATCH 33095,6.6560,,,
,CHECKPOINT BATCH 33100,2.3738,,,
,CHECKPOINT BATCH 33105,3.1394,,,
,CHECKPOINT BATCH 33110,5.8208,,,
19:09:45,33112,6.3076,5.2170,5000,0.0846
,CHECKPOINT BATCH 33115,5.9116,,,
,CHECKPOINT BATCH 33120,6.1125,,,
,CHECKPOINT BATCH 33125,6.0996,,,
19:09:48,33130,3.7207,5.9990,5000,0.0846
,CHECKPOINT BATCH 33130,3.7207,,,
,CHECKPOINT BATCH 33135,4.6537,,,
,CHECKPOINT BATCH 33140,11.8902,,,
,CHECKPOINT BATCH 33145,1.1420,,,
19:09:50,33148,9.1576,7.5755,5000,0.0845
,CHECKPOINT BATCH 33150,9.7109,,,
,CHECKPOINT BATCH 33155,4.3683,,,
,CHECKPOINT BATCH 33160,2.6583,,,
,CHECKPOINT BATCH 33165,7.2133,,,
19:09:52,33166,4.5876,10.2005,5000,0.0845
,CHECKPOINT BATCH 33170,5.8952,,,
,CHECKPOINT BATCH 33175,1.4536,,,
,CHECKPOINT BATCH 33180,6.0306,,,
19:09:54,33184,8.5705,12.4620,5000,0.0844
,CHECKPOINT BATCH 33185,9.9411,,,
,CHECKPOINT BATCH 33190,4.3941,,,
,CHECKPOINT BATCH 33195,11.6738,,,
,CHECKPOINT BATCH 33200,19.2578,,,
19:09:56,33202,3.3231,12.1540,5000,0.0843
,CHECKPOINT BATCH 33205,4.0611,,,
,CHECKPOINT BATCH 33210,5.3359,,,
,CHECKPOINT BATCH 33215,18.0817,,,
19:09:58,33220,17.4759,12.4310,5000,0.0843
,CHECKPOINT BATCH 33220,17.4759,,,
,CHECKPOINT BATCH 33225,4.7317,,,
,CHECKPOINT BATCH 33230,8.1154,,,
,CHECKPOINT BATCH 33235,4.3813,,,
19:10:00,33238,3.5899,12.1315,5000,0.0842
,CHECKPOINT BATCH 33240,7.7239,,,
,CHECKPOINT BATCH 33245,3.6838,,,
,CHECKPOINT BATCH 33250,6.5130,,,
,CHECKPOINT BATCH 33255,12.9247,,,
19:10:02,33257,7.7678,10.9165,5000,0.0841
,CHECKPOINT BATCH 33260,5.1679,,,
,CHECKPOINT BATCH 33265,13.3009,,,
,CHECKPOINT BATCH 33270,5.9969,,,
19:10:04,33275,12.7492,8.6800,5000,0.0841
,CHECKPOINT BATCH 33275,12.7492,,,
,CHECKPOINT BATCH 33280,4.5631,,,
,CHECKPOINT BATCH 33285,7.1119,,,
,CHECKPOINT BATCH 33290,7.2433,,,
19:10:06,33293,4.8968,6.8325,5000,0.0840
,CHECKPOINT BATCH 33295,3.8992,,,
,CHECKPOINT BATCH 33300,4.0685,,,
,CHECKPOINT BATCH 33305,9.3142,,,
,CHECKPOINT BATCH 33310,7.4866,,,
19:10:08,33311,4.5286,5.3025,5000,0.0840
,CHECKPOINT BATCH 33315,5.3673,,,
,CHECKPOINT BATCH 33320,3.9366,,,
,CHECKPOINT BATCH 33325,4.0881,,,
19:10:10,33329,5.8556,3.3260,5000,0.0839
,CHECKPOINT BATCH 33330,11.4325,,,
,CHECKPOINT BATCH 33335,3.6422,,,
,CHECKPOINT BATCH 33340,6.2945,,,
,CHECKPOINT BATCH 33345,4.3193,,,
19:10:12,33348,10.9219,1.6420,5000,0.0838
,CHECKPOINT BATCH 33350,14.3731,,,
,CHECKPOINT BATCH 33355,4.5268,,,
,CHECKPOINT BATCH 33360,3.6733,,,
,CHECKPOINT BATCH 33365,7.8243,,,
19:10:14,33366,13.1631,0.7300,5000,0.0838
,CHECKPOINT BATCH 33370,5.5946,,,
,CHECKPOINT BATCH 33375,11.3785,,,
,CHECKPOINT BATCH 33380,6.0487,,,
19:10:16,33385,8.7358,0.1000,5000,0.0837
,CHECKPOINT BATCH 33385,8.7358,,,
,CHECKPOINT BATCH 33390,3.6024,,,
,CHECKPOINT BATCH 33395,9.7099,,,
,CHECKPOINT BATCH 33400,4.2296,,,
19:10:18,33403,3.3032,0.1000,5000,0.0837
,CHECKPOINT BATCH 33405,2.7103,,,
,CHECKPOINT BATCH 33410,2.5275,,,
,CHECKPOINT BATCH 33415,3.9071,,,
,CHECKPOINT BATCH 33420,5.9224,,,
19:10:20,33421,6.0142,0.1000,5000,0.0836
,CHECKPOINT BATCH 33425,8.6557,,,
,CHECKPOINT BATCH 33430,11.7633,,,
,CHECKPOINT BATCH 33435,2.2268,,,
19:10:22,33440,12.3679,0.1000,5000,0.0835
,CHECKPOINT BATCH 33440,12.3679,,,
,CHECKPOINT BATCH 33445,7.7076,,,
,CHECKPOINT BATCH 33450,4.8332,,,
,CHECKPOINT BATCH 33455,9.9647,,,
19:10:24,33458,3.7186,0.1000,5000,0.0835
,CHECKPOINT BATCH 33460,14.0274,,,
,CHECKPOINT BATCH 33465,4.7968,,,
,CHECKPOINT BATCH 33470,6.8772,,,
,CHECKPOINT BATCH 33475,6.3719,,,
19:10:27,33477,4.9594,0.1000,5000,0.0834
,CHECKPOINT BATCH 33480,7.2133,,,
,CHECKPOINT BATCH 33485,19.4433,,,
,CHECKPOINT BATCH 33490,4.0217,,,
,CHECKPOINT BATCH 33495,1.3014,,,
19:10:29,33496,4.0087,0.1000,5000,0.0833
,CHECKPOINT BATCH 33500,8.7345,,,
,CHECKPOINT BATCH 33505,7.8176,,,
,CHECKPOINT BATCH 33510,13.0210,,,
19:10:31,33514,12.9490,0.1000,5000,0.0833
,CHECKPOINT BATCH 33515,6.5615,,,
,CHECKPOINT BATCH 33520,8.2298,,,
,CHECKPOINT BATCH 33525,13.3279,,,
,CHECKPOINT BATCH 33530,4.5827,,,
19:10:33,33532,6.4775,0.1000,5000,0.0832
,CHECKPOINT BATCH 33535,4.9790,,,
,CHECKPOINT BATCH 33540,9.6933,,,
,CHECKPOINT BATCH 33545,20.3010,,,
19:10:35,33550,6.6875,0.1000,5000,0.0832
,CHECKPOINT BATCH 33550,6.6875,,,
,CHECKPOINT BATCH 33555,8.9985,,,
,CHECKPOINT BATCH 33560,9.7525,,,
,CHECKPOINT BATCH 33565,5.4666,,,
19:10:37,33568,9.3232,0.1000,5000,0.0831
,CHECKPOINT BATCH 33570,6.2974,,,
,CHECKPOINT BATCH 33575,4.6883,,,
,CHECKPOINT BATCH 33580,5.1896,,,
,CHECKPOINT BATCH 33585,5.0751,,,
19:10:39,33586,2.7718,0.1000,5000,0.0830
,CHECKPOINT BATCH 33590,3.1775,,,
,CHECKPOINT BATCH 33595,5.6289,,,
,CHECKPOINT BATCH 33600,2.9751,,,
19:10:41,33604,8.8579,0.1000,5000,0.0830
,CHECKPOINT BATCH 33605,12.6230,,,
,CHECKPOINT BATCH 33610,14.5204,,,
,CHECKPOINT BATCH 33615,5.6619,,,
,CHECKPOINT BATCH 33620,8.7174,,,
19:10:43,33622,4.2813,0.1000,5000,0.0829
,CHECKPOINT BATCH 33625,6.9495,,,
,CHECKPOINT BATCH 33630,6.1117,,,
,CHECKPOINT BATCH 33635,1.9615,,,
,CHECKPOINT BATCH 33640,8.2446,,,
19:10:45,33641,8.7359,0.1000,5000,0.0829
,CHECKPOINT BATCH 33645,8.6147,,,
,CHECKPOINT BATCH 33650,5.9774,,,
,CHECKPOINT BATCH 33655,3.6945,,,
19:10:47,33659,5.0235,0.1000,5000,0.0828
,CHECKPOINT BATCH 33660,10.2725,,,
,CHECKPOINT BATCH 33665,6.5696,,,
,CHECKPOINT BATCH 33670,5.9736,,,
,CHECKPOINT BATCH 33675,12.6358,,,
19:10:49,33677,13.8348,0.1000,5000,0.0827
,CHECKPOINT BATCH 33680,9.8617,,,
,CHECKPOINT BATCH 33685,3.9011,,,
,CHECKPOINT BATCH 33690,8.1451,,,
19:10:51,33695,3.8020,0.1000,5000,0.0827
,CHECKPOINT BATCH 33695,3.8020,,,
,CHECKPOINT BATCH 33700,6.5177,,,
,CHECKPOINT BATCH 33705,4.7725,,,
,CHECKPOINT BATCH 33710,6.1118,,,
19:10:53,33713,9.5206,0.1000,5000,0.0826
,CHECKPOINT BATCH 33715,8.0858,,,
,CHECKPOINT BATCH 33720,8.8690,,,
,CHECKPOINT BATCH 33725,4.8492,,,
,CHECKPOINT BATCH 33730,7.9048,,,
19:10:55,33731,5.6580,0.1000,5000,0.0826
,CHECKPOINT BATCH 33735,13.6651,,,
,CHECKPOINT BATCH 33740,16.0276,,,
,CHECKPOINT BATCH 33745,6.3509,,,
19:10:57,33749,4.4047,0.1000,5000,0.0825
,CHECKPOINT BATCH 33750,4.6253,,,
,CHECKPOINT BATCH 33755,3.2271,,,
,CHECKPOINT BATCH 33760,5.2057,,,
,CHECKPOINT BATCH 33765,7.1500,,,
19:10:59,33766,5.0924,0.1000,5000,0.0825
,CHECKPOINT BATCH 33770,4.8522,,,
,CHECKPOINT BATCH 33775,3.7823,,,
,CHECKPOINT BATCH 33780,6.3506,,,
19:11:01,33784,5.6909,0.1000,5000,0.0824
,CHECKPOINT BATCH 33785,9.5567,,,
,CHECKPOINT BATCH 33790,6.3106,,,
,CHECKPOINT BATCH 33795,8.4942,,,
,CHECKPOINT BATCH 33800,4.7330,,,
19:11:04,33803,2.5445,0.1000,5000,0.0823
,CHECKPOINT BATCH 33805,4.2039,,,
,CHECKPOINT BATCH 33810,3.4628,,,
,CHECKPOINT BATCH 33815,3.8072,,,
,CHECKPOINT BATCH 33820,4.8402,,,
19:11:06,33821,5.4225,0.1000,5000,0.0823
,CHECKPOINT BATCH 33825,9.2905,,,
,CHECKPOINT BATCH 33830,5.5107,,,
,CHECKPOINT BATCH 33835,5.2397,,,
19:11:08,33839,7.8245,0.1000,5000,0.0822
,CHECKPOINT BATCH 33840,4.7652,,,
,CHECKPOINT BATCH 33845,14.1474,,,
,CHECKPOINT BATCH 33850,7.8602,,,
,CHECKPOINT BATCH 33855,3.7654,,,
19:11:10,33857,14.0229,0.1000,5000,0.0822
,CHECKPOINT BATCH 33860,4.5099,,,
,CHECKPOINT BATCH 33865,6.1908,,,
,CHECKPOINT BATCH 33870,18.8088,,,
19:11:12,33875,10.4998,0.1000,5000,0.0821
,CHECKPOINT BATCH 33875,10.4998,,,
,CHECKPOINT BATCH 33880,9.2971,,,
,CHECKPOINT BATCH 33885,5.9897,,,
,CHECKPOINT BATCH 33890,5.8404,,,
19:11:14,33893,5.1673,0.1000,5000,0.0820
,CHECKPOINT BATCH 33895,8.6840,,,
,CHECKPOINT BATCH 33900,10.4285,,,
,CHECKPOINT BATCH 33905,5.5268,,,
,CHECKPOINT BATCH 33910,6.6223,,,
19:11:16,33911,7.5729,0.1000,5000,0.0820
,CHECKPOINT BATCH 33915,12.0858,,,
,CHECKPOINT BATCH 33920,9.9719,,,
,CHECKPOINT BATCH 33925,7.9251,,,
19:11:18,33929,12.1764,0.1000,5000,0.0819
,CHECKPOINT BATCH 33930,4.4144,,,
,CHECKPOINT BATCH 33935,3.2018,,,
,CHECKPOINT BATCH 33940,3.3705,,,
,CHECKPOINT BATCH 33945,6.6411,,,
19:11:20,33947,5.6302,0.1000,5000,0.0819
,CHECKPOINT BATCH 33950,4.0096,,,
,CHECKPOINT BATCH 33955,8.0980,,,
,CHECKPOINT BATCH 33960,5.3476,,,
,CHECKPOINT BATCH 33965,12.4833,,,
19:11:22,33966,8.9906,0.1000,5000,0.0818
,CHECKPOINT BATCH 33970,6.2693,,,
,CHECKPOINT BATCH 33975,3.4394,,,
,CHECKPOINT BATCH 33980,4.3400,,,
19:11:24,33985,8.0802,0.1000,5000,0.0818
,CHECKPOINT BATCH 33985,8.0802,,,
,CHECKPOINT BATCH 33990,5.1348,,,
,CHECKPOINT BATCH 33995,4.5901,,,
,CHECKPOINT BATCH 34000,5.6255,,,
19:11:26,34004,3.7299,0.1000,5000,0.0817
,CHECKPOINT BATCH 34005,3.2001,,,
,CHECKPOINT BATCH 34010,1.7731,,,
,CHECKPOINT BATCH 34015,5.6096,,,
,CHECKPOINT BATCH 34020,6.6967,,,
19:11:28,34022,2.9445,0.1000,5000,0.0816
,CHECKPOINT BATCH 34025,8.7886,,,
,CHECKPOINT BATCH 34030,7.5655,,,
,CHECKPOINT BATCH 34035,11.4356,,,
,CHECKPOINT BATCH 34040,5.0902,,,
19:11:30,34041,4.9687,0.1000,5000,0.0816
,CHECKPOINT BATCH 34045,5.1039,,,
,CHECKPOINT BATCH 34050,4.4228,,,
,CHECKPOINT BATCH 34055,9.2722,,,
19:11:32,34059,8.6070,0.1000,5000,0.0815
,CHECKPOINT BATCH 34060,4.0698,,,
,CHECKPOINT BATCH 34065,4.8980,,,
,CHECKPOINT BATCH 34070,4.4247,,,
,CHECKPOINT BATCH 34075,7.4192,,,
19:11:34,34077,3.1795,0.1000,5000,0.0815
,CHECKPOINT BATCH 34080,4.0119,,,
,CHECKPOINT BATCH 34085,5.9535,,,
,CHECKPOINT BATCH 34090,10.3365,,,
19:11:37,34095,3.3962,0.1000,5000,0.0814
,CHECKPOINT BATCH 34095,3.3962,,,
,CHECKPOINT BATCH 34100,5.9494,,,
,CHECKPOINT BATCH 34105,9.7010,,,
,CHECKPOINT BATCH 34110,4.5460,,,
19:11:39,34113,3.0447,0.1000,5000,0.0813
,CHECKPOINT BATCH 34115,12.4696,,,
,CHECKPOINT BATCH 34120,16.3800,,,
,CHECKPOINT BATCH 34125,6.1388,,,
,CHECKPOINT BATCH 34130,3.5292,,,
19:11:41,34131,3.1159,0.1000,5000,0.0813
,CHECKPOINT BATCH 34135,8.2964,,,
,CHECKPOINT BATCH 34140,9.0274,,,
,CHECKPOINT BATCH 34145,4.0252,,,
19:11:43,34149,9.8608,0.1000,5000,0.0812
,CHECKPOINT BATCH 34150,6.3138,,,
,CHECKPOINT BATCH 34155,6.5598,,,
,CHECKPOINT BATCH 34160,3.8700,,,
,CHECKPOINT BATCH 34165,3.9089,,,
19:11:45,34167,3.8494,0.1000,5000,0.0812
,CHECKPOINT BATCH 34170,7.6295,,,
,CHECKPOINT BATCH 34175,4.5415,,,
,CHECKPOINT BATCH 34180,1.5336,,,
19:11:47,34185,7.8553,0.1000,5000,0.0811
,CHECKPOINT BATCH 34185,7.8553,,,
,CHECKPOINT BATCH 34190,7.2906,,,
,CHECKPOINT BATCH 34195,5.6771,,,
,CHECKPOINT BATCH 34200,10.4067,,,
19:11:49,34203,4.9193,0.1000,5000,0.0811
,CHECKPOINT BATCH 34205,6.0946,,,
,CHECKPOINT BATCH 34210,6.9758,,,
,CHECKPOINT BATCH 34215,7.4999,,,
,CHECKPOINT BATCH 34220,4.0964,,,
19:11:51,34221,5.2557,0.1000,5000,0.0810
,CHECKPOINT BATCH 34225,8.3270,,,
,CHECKPOINT BATCH 34230,4.8561,,,
,CHECKPOINT BATCH 34235,8.5782,,,
19:11:53,34239,5.1108,0.1000,5000,0.0810
,CHECKPOINT BATCH 34240,5.3540,,,
,CHECKPOINT BATCH 34245,6.4884,,,
,CHECKPOINT BATCH 34250,4.4718,,,
,CHECKPOINT BATCH 34255,4.3834,,,
19:11:55,34257,4.4170,0.1000,5000,0.0809
,CHECKPOINT BATCH 34260,5.0913,,,
,CHECKPOINT BATCH 34265,1.3965,,,
,CHECKPOINT BATCH 34270,8.6526,,,
19:11:57,34275,8.5920,0.1000,5000,0.0808
,CHECKPOINT BATCH 34275,8.5920,,,
,CHECKPOINT BATCH 34280,2.6382,,,
,CHECKPOINT BATCH 34285,2.7060,,,
,CHECKPOINT BATCH 34290,11.8602,,,
19:11:59,34293,10.4609,0.1000,5000,0.0808
,CHECKPOINT BATCH 34295,6.1641,,,
,CHECKPOINT BATCH 34300,3.8097,,,
,CHECKPOINT BATCH 34305,5.1269,,,
,CHECKPOINT BATCH 34310,11.1000,,,
19:12:01,34311,2.4480,0.1000,5000,0.0807
,CHECKPOINT BATCH 34315,4.5355,,,
,CHECKPOINT BATCH 34320,9.5110,,,
,CHECKPOINT BATCH 34325,3.3742,,,
19:12:03,34329,20.0471,0.1000,5000,0.0807
,CHECKPOINT BATCH 34330,3.2342,,,
,CHECKPOINT BATCH 34335,4.0021,,,
,CHECKPOINT BATCH 34340,6.4824,,,
,CHECKPOINT BATCH 34345,2.4928,,,
19:12:05,34347,7.6013,0.1000,5000,0.0806
,CHECKPOINT BATCH 34350,2.9164,,,
,CHECKPOINT BATCH 34355,9.2407,,,
,CHECKPOINT BATCH 34360,6.0085,,,
19:12:07,34365,3.6235,0.1000,5000,0.0806
,CHECKPOINT BATCH 34365,3.6235,,,
,CHECKPOINT BATCH 34370,9.6827,,,
,CHECKPOINT BATCH 34375,5.3979,,,
,CHECKPOINT BATCH 34380,6.5744,,,
19:12:09,34383,4.1983,0.1000,5000,0.0805
,CHECKPOINT BATCH 34385,5.5972,,,
,CHECKPOINT BATCH 34390,7.4186,,,
,CHECKPOINT BATCH 34395,5.4739,,,
,CHECKPOINT BATCH 34400,18.1386,,,
19:12:11,34401,2.7738,0.1000,5000,0.0805
,CHECKPOINT BATCH 34405,6.6293,,,
,CHECKPOINT BATCH 34410,3.4407,,,
,CHECKPOINT BATCH 34415,8.2214,,,
19:12:13,34419,2.6776,0.1000,5000,0.0804
,CHECKPOINT BATCH 34420,6.7957,,,
,CHECKPOINT BATCH 34425,3.9739,,,
,CHECKPOINT BATCH 34430,6.7797,,,
,CHECKPOINT BATCH 34435,4.5147,,,
19:12:15,34437,5.7728,0.1000,5000,0.0803
,CHECKPOINT BATCH 34440,5.3514,,,
,CHECKPOINT BATCH 34445,6.9647,,,
,CHECKPOINT BATCH 34450,7.3164,,,
19:12:17,34455,5.0819,0.1000,5000,0.0803
,CHECKPOINT BATCH 34455,5.0819,,,
,CHECKPOINT BATCH 34460,11.4469,,,
,CHECKPOINT BATCH 34465,5.2099,,,
,CHECKPOINT BATCH 34470,10.5672,,,
19:12:19,34473,2.4249,0.1000,5000,0.0802
,CHECKPOINT BATCH 34475,7.1492,,,
,CHECKPOINT BATCH 34480,5.6481,,,
,CHECKPOINT BATCH 34485,2.0903,,,
,CHECKPOINT BATCH 34490,5.7121,,,
19:12:22,34492,8.9107,0.1000,5000,0.0802
,CHECKPOINT BATCH 34495,9.1182,,,
,CHECKPOINT BATCH 34500,3.9738,,,
,CHECKPOINT BATCH 34505,7.8041,,,
19:12:24,34510,2.8752,0.1000,5000,0.0801
,CHECKPOINT BATCH 34510,2.8752,,,
,CHECKPOINT BATCH 34515,9.0573,,,
,CHECKPOINT BATCH 34520,4.3895,,,
,CHECKPOINT BATCH 34525,12.9522,,,
19:12:26,34528,9.1621,0.1000,5000,0.0801
,CHECKPOINT BATCH 34530,5.0876,,,
,CHECKPOINT BATCH 34535,6.0936,,,
,CHECKPOINT BATCH 34540,2.9823,,,
,CHECKPOINT BATCH 34545,12.5398,,,
19:12:28,34546,3.7802,0.1000,5000,0.0800
,CHECKPOINT BATCH 34550,8.7543,,,
,CHECKPOINT BATCH 34555,6.2490,,,
,CHECKPOINT BATCH 34560,3.8695,,,
19:12:30,34565,1.1765,0.1000,5000,0.0800
,CHECKPOINT BATCH 34565,1.1765,,,
,CHECKPOINT BATCH 34570,2.0404,,,
,CHECKPOINT BATCH 34575,6.0517,,,
,CHECKPOINT BATCH 34580,8.5831,,,
19:12:32,34583,5.4264,0.1000,5000,0.0799
,CHECKPOINT BATCH 34585,16.7403,,,
,CHECKPOINT BATCH 34590,3.3960,,,
,CHECKPOINT BATCH 34595,2.2107,,,
,CHECKPOINT BATCH 34600,7.8815,,,
19:12:34,34601,2.5996,0.1000,5000,0.0799
,CHECKPOINT BATCH 34605,6.9175,,,
,CHECKPOINT BATCH 34610,9.4805,,,
,CHECKPOINT BATCH 34615,2.5659,,,
19:12:36,34620,2.3613,0.1000,5000,0.0798
,CHECKPOINT BATCH 34620,2.3613,,,
,CHECKPOINT BATCH 34625,14.0857,,,
,CHECKPOINT BATCH 34630,3.6721,,,
,CHECKPOINT BATCH 34635,7.3171,,,
19:12:38,34638,2.0924,0.1000,5000,0.0797
,CHECKPOINT BATCH 34640,8.7435,,,
,CHECKPOINT BATCH 34645,7.9687,,,
,CHECKPOINT BATCH 34650,5.7801,,,
,CHECKPOINT BATCH 34655,2.1022,,,
19:12:40,34656,13.4150,0.1000,5000,0.0797
,CHECKPOINT BATCH 34660,4.2200,,,
,CHECKPOINT BATCH 34665,2.6071,,,
,CHECKPOINT BATCH 34670,3.4692,,,
19:12:42,34674,3.3737,0.1000,5000,0.0796
,CHECKPOINT BATCH 34675,3.0512,,,
,CHECKPOINT BATCH 34680,2.7248,,,
,CHECKPOINT BATCH 34685,5.1824,,,
,CHECKPOINT BATCH 34690,4.3388,,,
19:12:44,34692,2.8119,0.1000,5000,0.0796
,CHECKPOINT BATCH 34695,4.7081,,,
,CHECKPOINT BATCH 34700,4.8192,,,
,CHECKPOINT BATCH 34705,2.2484,,,
,CHECKPOINT BATCH 34710,4.6067,,,
19:12:46,34711,6.9891,0.1000,5000,0.0795
,CHECKPOINT BATCH 34715,2.8849,,,
,CHECKPOINT BATCH 34720,1.1408,,,
,CHECKPOINT BATCH 34725,4.1583,,,
19:12:48,34729,5.1671,0.1000,5000,0.0795
,CHECKPOINT BATCH 34730,2.3686,,,
,CHECKPOINT BATCH 34735,15.4325,,,
,CHECKPOINT BATCH 34740,5.5435,,,
,CHECKPOINT BATCH 34745,4.1196,,,
19:12:50,34747,13.3187,0.1000,5000,0.0794
,CHECKPOINT BATCH 34750,12.2333,,,
,CHECKPOINT BATCH 34755,11.2921,,,
,CHECKPOINT BATCH 34760,4.7596,,,
,CHECKPOINT BATCH 34765,4.1989,,,
19:12:53,34766,6.4843,0.1000,5000,0.0794
,CHECKPOINT BATCH 34770,4.7531,,,
,CHECKPOINT BATCH 34775,5.9721,,,
,CHECKPOINT BATCH 34780,5.9518,,,
19:12:55,34784,6.9169,0.1000,5000,0.0793
,CHECKPOINT BATCH 34785,8.8051,,,
,CHECKPOINT BATCH 34790,8.8382,,,
,CHECKPOINT BATCH 34795,5.3475,,,
,CHECKPOINT BATCH 34800,6.1273,,,
19:12:57,34802,5.3950,0.1000,5000,0.0793
,CHECKPOINT BATCH 34805,4.1836,,,
,CHECKPOINT BATCH 34810,6.8657,,,
,CHECKPOINT BATCH 34815,6.5694,,,
19:12:59,34820,4.2041,0.1000,5000,0.0792
,CHECKPOINT BATCH 34820,4.2041,,,
,CHECKPOINT BATCH 34825,8.8738,,,
,CHECKPOINT BATCH 34830,5.2958,,,
,CHECKPOINT BATCH 34835,16.2066,,,
19:13:01,34838,6.0474,0.1000,5000,0.0792
,CHECKPOINT BATCH 34840,26.0274,,,
,CHECKPOINT BATCH 34845,2.6288,,,
,CHECKPOINT BATCH 34850,12.3229,,,
,CHECKPOINT BATCH 34855,7.0942,,,
19:13:03,34856,13.0294,0.1000,5000,0.0791
,CHECKPOINT BATCH 34860,17.5921,,,
,CHECKPOINT BATCH 34865,5.1867,,,
,CHECKPOINT BATCH 34870,9.0399,,,
19:13:05,34874,4.7816,0.1000,5000,0.0791
,CHECKPOINT BATCH 34875,8.3790,,,
,CHECKPOINT BATCH 34880,5.4527,,,
,CHECKPOINT BATCH 34885,5.3195,,,
,CHECKPOINT BATCH 34890,12.1371,,,
19:13:07,34892,7.4877,0.1000,5000,0.0790
,CHECKPOINT BATCH 34895,7.7328,,,
,CHECKPOINT BATCH 34900,12.3718,,,
,CHECKPOINT BATCH 34905,8.0807,,,
19:13:09,34910,8.5906,0.1000,5000,0.0789
,CHECKPOINT BATCH 34910,8.5906,,,
,CHECKPOINT BATCH 34915,8.7359,,,
,CHECKPOINT BATCH 34920,6.1035,,,
,CHECKPOINT BATCH 34925,10.4873,,,
19:13:11,34928,2.9377,0.1000,5000,0.0789
,CHECKPOINT BATCH 34930,6.7223,,,
,CHECKPOINT BATCH 34935,7.5803,,,
,CHECKPOINT BATCH 34940,6.3883,,,
,CHECKPOINT BATCH 34945,17.2428,,,
19:13:13,34946,2.5615,0.1000,5000,0.0788
,CHECKPOINT BATCH 34950,3.2674,,,
,CHECKPOINT BATCH 34955,7.9458,,,
,CHECKPOINT BATCH 34960,3.0593,,,
19:13:15,34964,8.8833,0.1000,5000,0.0788
,CHECKPOINT BATCH 34965,3.2559,,,
,CHECKPOINT BATCH 34970,17.7848,,,
,CHECKPOINT BATCH 34975,3.4016,,,
,CHECKPOINT BATCH 34980,2.7831,,,
19:13:17,34982,10.0751,0.1000,5000,0.0787
,CHECKPOINT BATCH 34985,13.4952,,,
,CHECKPOINT BATCH 34990,3.5642,,,
,CHECKPOINT BATCH 34995,3.8609,,,
19:13:19,35000,3.8717,0.1000,5000,0.0787
,CHECKPOINT BATCH 35000,3.8717,,,
,CHECKPOINT BATCH 35005,5.1595,,,
,CHECKPOINT BATCH 35010,6.0567,,,
,CHECKPOINT BATCH 35015,7.9930,,,
19:13:21,35018,18.9181,0.1000,5000,0.0786
,CHECKPOINT BATCH 35020,10.9049,,,
,CHECKPOINT BATCH 35025,4.6519,,,
,CHECKPOINT BATCH 35030,6.4592,,,
,CHECKPOINT BATCH 35035,2.9675,,,
19:13:23,35036,7.8373,0.1000,5000,0.0786
,CHECKPOINT BATCH 35040,3.9686,,,
,CHECKPOINT BATCH 35045,5.5034,,,
,CHECKPOINT BATCH 35050,4.2349,,,
19:13:25,35054,4.1224,0.1000,5000,0.0785
,CHECKPOINT BATCH 35055,2.1381,,,
,CHECKPOINT BATCH 35060,4.9098,,,
,CHECKPOINT BATCH 35065,6.5170,,,
,CHECKPOINT BATCH 35070,6.2771,,,
19:13:27,35072,4.8209,0.1000,5000,0.0785
,CHECKPOINT BATCH 35075,4.7562,,,
,CHECKPOINT BATCH 35080,5.4632,,,
,CHECKPOINT BATCH 35085,2.0578,,,
19:13:29,35090,3.9735,0.1000,5000,0.0784
,CHECKPOINT BATCH 35090,3.9735,,,
,CHECKPOINT BATCH 35095,3.0602,,,
,CHECKPOINT BATCH 35100,4.3756,,,
,CHECKPOINT BATCH 35105,2.5841,,,
19:13:31,35108,5.3666,0.1000,5000,0.0784
,CHECKPOINT BATCH 35110,3.0396,,,
,CHECKPOINT BATCH 35115,4.6929,,,
,CHECKPOINT BATCH 35120,3.1958,,,
,CHECKPOINT BATCH 35125,11.3877,,,
19:13:33,35126,5.4948,0.1000,5000,0.0783
,CHECKPOINT BATCH 35130,4.9796,,,
,CHECKPOINT BATCH 35135,12.3848,,,
,CHECKPOINT BATCH 35140,10.5802,,,
19:13:35,35144,4.4308,0.1000,5000,0.0783
,CHECKPOINT BATCH 35145,2.9297,,,
,CHECKPOINT BATCH 35150,3.5798,,,
,CHECKPOINT BATCH 35155,12.2628,,,
,CHECKPOINT BATCH 35160,1.6556,,,
19:13:37,35162,4.1529,0.1000,5000,0.0782
,CHECKPOINT BATCH 35165,4.3243,,,
,CHECKPOINT BATCH 35170,8.8983,,,
,CHECKPOINT BATCH 35175,4.1452,,,
19:13:40,35180,8.2574,0.1000,5000,0.0782
,CHECKPOINT BATCH 35180,8.2574,,,
,CHECKPOINT BATCH 35185,11.2127,,,
,CHECKPOINT BATCH 35190,3.2557,,,
,CHECKPOINT BATCH 35195,5.0324,,,
19:13:42,35198,3.8528,0.1000,5000,0.0781
,CHECKPOINT BATCH 35200,6.0312,,,
,CHECKPOINT BATCH 35205,9.6697,,,
,CHECKPOINT BATCH 35210,6.0694,,,
,CHECKPOINT BATCH 35215,14.5052,,,
19:13:44,35216,6.2257,0.1000,5000,0.0781
,CHECKPOINT BATCH 35220,3.2675,,,
,CHECKPOINT BATCH 35225,5.4646,,,
,CHECKPOINT BATCH 35230,9.5738,,,
19:13:46,35234,4.6413,0.1000,5000,0.0780
,CHECKPOINT BATCH 35235,6.9311,,,
,CHECKPOINT BATCH 35240,6.4872,,,
,CHECKPOINT BATCH 35245,1.1750,,,
,CHECKPOINT BATCH 35250,3.6100,,,
19:13:48,35252,2.4887,0.1000,5000,0.0780
,CHECKPOINT BATCH 35255,3.5118,,,
,CHECKPOINT BATCH 35260,12.6780,,,
,CHECKPOINT BATCH 35265,7.6127,,,
,CHECKPOINT BATCH 35270,10.2780,,,
19:13:50,35271,6.4779,0.1000,5000,0.0779
,CHECKPOINT BATCH 35275,5.4113,,,
,CHECKPOINT BATCH 35280,2.8752,,,
,CHECKPOINT BATCH 35285,4.2914,,,
19:13:52,35289,4.1906,0.1000,5000,0.0779
,CHECKPOINT BATCH 35290,4.3230,,,
,CHECKPOINT BATCH 35295,4.5413,,,
,CHECKPOINT BATCH 35300,3.4363,,,
,CHECKPOINT BATCH 35305,5.4148,,,
19:13:54,35307,3.3471,0.1000,5000,0.0778
,CHECKPOINT BATCH 35310,7.0669,,,
,CHECKPOINT BATCH 35315,6.2324,,,
,CHECKPOINT BATCH 35320,7.1456,,,
19:13:56,35325,3.8421,0.1000,5000,0.0778
,CHECKPOINT BATCH 35325,3.8421,,,
,CHECKPOINT BATCH 35330,6.4349,,,
,CHECKPOINT BATCH 35335,3.2888,,,
,CHECKPOINT BATCH 35340,4.8617,,,
19:13:58,35343,4.6078,0.1000,5000,0.0777
,CHECKPOINT BATCH 35345,8.9770,,,
,CHECKPOINT BATCH 35350,3.1366,,,
,CHECKPOINT BATCH 35355,2.2692,,,
,CHECKPOINT BATCH 35360,6.8570,,,
19:14:00,35361,4.7139,0.1000,5000,0.0777
,CHECKPOINT BATCH 35365,4.8564,,,
,CHECKPOINT BATCH 35370,4.8826,,,
,CHECKPOINT BATCH 35375,4.6396,,,
19:14:02,35379,9.5272,0.1000,5000,0.0776
,CHECKPOINT BATCH 35380,8.4450,,,
,CHECKPOINT BATCH 35385,2.8997,,,
,CHECKPOINT BATCH 35390,11.5169,,,
,CHECKPOINT BATCH 35395,5.8618,,,
19:14:04,35397,15.7805,0.1000,5000,0.0776
,CHECKPOINT BATCH 35400,4.8086,,,
,CHECKPOINT BATCH 35405,2.4006,,,
,CHECKPOINT BATCH 35410,14.2836,,,
19:14:06,35415,8.4619,0.1000,5000,0.0775
,CHECKPOINT BATCH 35415,8.4619,,,
,CHECKPOINT BATCH 35420,5.0147,,,
,CHECKPOINT BATCH 35425,8.6638,,,
,CHECKPOINT BATCH 35430,2.5157,,,
19:14:08,35434,7.2950,0.1000,5000,0.0775
,CHECKPOINT BATCH 35435,7.7182,,,
,CHECKPOINT BATCH 35440,4.7139,,,
,CHECKPOINT BATCH 35445,13.5770,,,
,CHECKPOINT BATCH 35450,2.9470,,,
19:14:10,35452,9.6975,0.1000,5000,0.0774
,CHECKPOINT BATCH 35455,6.9333,,,
,CHECKPOINT BATCH 35460,8.8288,,,
,CHECKPOINT BATCH 35465,10.6691,,,
,CHECKPOINT BATCH 35470,4.3760,,,
19:14:12,35471,3.4613,0.1000,5000,0.0774
,CHECKPOINT BATCH 35475,2.7272,,,
,CHECKPOINT BATCH 35480,3.0671,,,
,CHECKPOINT BATCH 35485,4.9393,,,
19:14:14,35489,6.9130,0.1000,5000,0.0773
,CHECKPOINT BATCH 35490,3.5548,,,
,CHECKPOINT BATCH 35495,4.9664,,,
,CHECKPOINT BATCH 35500,3.5999,,,
,CHECKPOINT BATCH 35505,5.4242,,,
19:14:17,35507,4.1765,0.1000,5000,0.0773
,CHECKPOINT BATCH 35510,5.5717,,,
,CHECKPOINT BATCH 35515,4.2581,,,
,CHECKPOINT BATCH 35520,3.8683,,,
19:14:19,35525,2.7802,0.1000,5000,0.0772
,CHECKPOINT BATCH 35525,2.7802,,,
,CHECKPOINT BATCH 35530,2.4991,,,
,CHECKPOINT BATCH 35535,4.3213,,,
,CHECKPOINT BATCH 35540,5.9074,,,
19:14:21,35544,3.1354,0.1000,5000,0.0772
,CHECKPOINT BATCH 35545,12.2572,,,
,CHECKPOINT BATCH 35550,6.0540,,,
,CHECKPOINT BATCH 35555,0.9398,,,
,CHECKPOINT BATCH 35560,5.8600,,,
19:14:23,35562,3.6437,0.1000,5000,0.0771
,CHECKPOINT BATCH 35565,10.1345,,,
,CHECKPOINT BATCH 35570,5.7256,,,
,CHECKPOINT BATCH 35575,6.5566,,,
19:14:25,35580,10.5217,0.1000,5000,0.0771
,CHECKPOINT BATCH 35580,10.5217,,,
,CHECKPOINT BATCH 35585,8.1991,,,
,CHECKPOINT BATCH 35590,5.7900,,,
,CHECKPOINT BATCH 35595,4.3328,,,
19:14:27,35598,7.6507,0.1000,5000,0.0770
,CHECKPOINT BATCH 35600,6.3507,,,
,CHECKPOINT BATCH 35605,1.6445,,,
,CHECKPOINT BATCH 35610,2.9776,,,
,CHECKPOINT BATCH 35615,8.9798,,,
19:14:29,35617,4.2270,0.1000,5000,0.0770
,CHECKPOINT BATCH 35620,4.7282,,,
,CHECKPOINT BATCH 35625,4.4204,,,
,CHECKPOINT BATCH 35630,2.6498,,,
19:14:31,35635,2.7489,0.1000,5000,0.0769
,CHECKPOINT BATCH 35635,2.7489,,,
,CHECKPOINT BATCH 35640,2.9690,,,
,CHECKPOINT BATCH 35645,7.1815,,,
,CHECKPOINT BATCH 35650,5.3669,,,
19:14:33,35653,5.6049,0.1000,5000,0.0769
,CHECKPOINT BATCH 35655,5.5407,,,
,CHECKPOINT BATCH 35660,4.8321,,,
,CHECKPOINT BATCH 35665,7.8896,,,
,CHECKPOINT BATCH 35670,16.8075,,,
19:14:35,35671,1.1110,0.1000,5000,0.0768
,CHECKPOINT BATCH 35675,6.0755,,,
,CHECKPOINT BATCH 35680,14.7213,,,
,CHECKPOINT BATCH 35685,3.9510,,,
19:14:37,35689,5.8902,0.1000,5000,0.0768
,CHECKPOINT BATCH 35690,3.5283,,,
,CHECKPOINT BATCH 35695,1.2744,,,
,CHECKPOINT BATCH 35700,3.2223,,,
,CHECKPOINT BATCH 35705,4.7192,,,
19:14:39,35707,3.9569,0.1000,5000,0.0767
,CHECKPOINT BATCH 35710,6.5475,,,
,CHECKPOINT BATCH 35715,5.2921,,,
,CHECKPOINT BATCH 35720,1.8476,,,
19:14:41,35725,5.9008,0.1000,5000,0.0767
,CHECKPOINT BATCH 35725,5.9008,,,
,CHECKPOINT BATCH 35730,4.7629,,,
,CHECKPOINT BATCH 35735,1.4481,,,
,CHECKPOINT BATCH 35740,2.3391,,,
19:14:43,35744,1.9101,0.1000,5000,0.0766
,CHECKPOINT BATCH 35745,7.8535,,,
,CHECKPOINT BATCH 35750,2.5634,,,
,CHECKPOINT BATCH 35755,4.8179,,,
,CHECKPOINT BATCH 35760,2.0488,,,
19:14:45,35763,3.6237,0.1000,5000,0.0766
,CHECKPOINT BATCH 35765,1.8132,,,
,CHECKPOINT BATCH 35770,2.3350,,,
,CHECKPOINT BATCH 35775,9.0720,,,
,CHECKPOINT BATCH 35780,5.1270,,,
19:14:47,35782,2.7645,0.1000,5000,0.0765
,CHECKPOINT BATCH 35785,2.6784,,,
,CHECKPOINT BATCH 35790,2.5318,,,
,CHECKPOINT BATCH 35795,5.1068,,,
,CHECKPOINT BATCH 35800,18.8274,,,
19:14:50,35801,7.0741,0.1000,5000,0.0765
,CHECKPOINT BATCH 35805,8.0129,,,
,CHECKPOINT BATCH 35810,4.0341,,,
,CHECKPOINT BATCH 35815,6.2831,,,
19:14:52,35819,3.1342,0.1000,5000,0.0764
,CHECKPOINT BATCH 35820,2.4673,,,
,CHECKPOINT BATCH 35825,10.9578,,,
,CHECKPOINT BATCH 35830,2.5584,,,
,CHECKPOINT BATCH 35835,3.5482,,,
19:14:54,35837,1.3397,0.1000,5000,0.0764
,CHECKPOINT BATCH 35840,2.7382,,,
,CHECKPOINT BATCH 35845,7.0249,,,
,CHECKPOINT BATCH 35850,5.0394,,,
19:14:56,35855,2.7952,0.1000,5000,0.0763
,CHECKPOINT BATCH 35855,2.7952,,,
,CHECKPOINT BATCH 35860,3.3897,,,
,CHECKPOINT BATCH 35865,2.7833,,,
,CHECKPOINT BATCH 35870,6.8620,,,
19:14:58,35873,3.5855,0.1000,5000,0.0763
,CHECKPOINT BATCH 35875,2.9874,,,
,CHECKPOINT BATCH 35880,4.2155,,,
,CHECKPOINT BATCH 35885,3.3108,,,
,CHECKPOINT BATCH 35890,6.7554,,,
19:15:00,35891,3.7055,0.1000,5000,0.0762
,CHECKPOINT BATCH 35895,2.7867,,,
,CHECKPOINT BATCH 35900,3.0568,,,
,CHECKPOINT BATCH 35905,2.9179,,,
19:15:02,35909,2.5893,0.1000,5000,0.0762
,CHECKPOINT BATCH 35910,7.7467,,,
,CHECKPOINT BATCH 35915,5.4279,,,
,CHECKPOINT BATCH 35920,3.4791,,,
,CHECKPOINT BATCH 35925,2.7189,,,
19:15:04,35927,2.4849,0.1000,5000,0.0761
,CHECKPOINT BATCH 35930,4.1108,,,
,CHECKPOINT BATCH 35935,7.8936,,,
,CHECKPOINT BATCH 35940,5.2408,,,
19:15:06,35945,4.9966,0.1000,5000,0.0761
,CHECKPOINT BATCH 35945,4.9966,,,
,CHECKPOINT BATCH 35950,10.8932,,,
,CHECKPOINT BATCH 35955,4.4527,,,
,CHECKPOINT BATCH 35960,4.4103,,,
19:15:08,35963,1.5871,0.1000,5000,0.0761
,CHECKPOINT BATCH 35965,6.3539,,,
,CHECKPOINT BATCH 35970,4.6693,,,
,CHECKPOINT BATCH 35975,7.1552,,,
,CHECKPOINT BATCH 35980,8.1276,,,
19:15:10,35981,9.4568,0.1000,5000,0.0760
,CHECKPOINT BATCH 35985,4.3540,,,
,CHECKPOINT BATCH 35990,3.3415,,,
,CHECKPOINT BATCH 35995,4.8432,,,
19:15:12,35999,3.5869,0.1000,5000,0.0760
,CHECKPOINT BATCH 36000,3.9359,,,
,CHECKPOINT BATCH 36005,5.4896,,,
,CHECKPOINT BATCH 36010,3.0872,,,
,CHECKPOINT BATCH 36015,2.2271,,,
19:15:14,36017,11.8794,0.1000,5000,0.0759
,CHECKPOINT BATCH 36020,3.2985,,,
,CHECKPOINT BATCH 36025,2.2984,,,
,CHECKPOINT BATCH 36030,3.4706,,,
19:15:16,36035,2.5667,0.1000,5000,0.0759
,CHECKPOINT BATCH 36035,2.5667,,,
,CHECKPOINT BATCH 36040,4.1606,,,
,CHECKPOINT BATCH 36045,7.1596,,,
,CHECKPOINT BATCH 36050,2.7463,,,
19:15:18,36053,3.4478,0.1000,5000,0.0758
,CHECKPOINT BATCH 36055,3.4711,,,
,CHECKPOINT BATCH 36060,4.8507,,,
,CHECKPOINT BATCH 36065,4.6811,,,
,CHECKPOINT BATCH 36070,6.7606,,,
19:15:20,36071,1.9992,0.1000,5000,0.0758
,CHECKPOINT BATCH 36075,4.4402,,,
,CHECKPOINT BATCH 36080,2.4050,,,
,CHECKPOINT BATCH 36085,4.5079,,,
19:15:22,36089,2.8774,0.1000,5000,0.0757
,CHECKPOINT BATCH 36090,4.6480,,,
,CHECKPOINT BATCH 36095,6.4381,,,
,CHECKPOINT BATCH 36100,2.5285,,,
,CHECKPOINT BATCH 36105,9.7703,,,
19:15:24,36108,1.6531,0.1000,5000,0.0757
,CHECKPOINT BATCH 36110,5.8144,,,
,CHECKPOINT BATCH 36115,6.5774,,,
,CHECKPOINT BATCH 36120,2.2239,,,
,CHECKPOINT BATCH 36125,4.5993,,,
19:15:26,36126,4.9990,0.1000,5000,0.0756
,CHECKPOINT BATCH 36130,7.0896,,,
,CHECKPOINT BATCH 36135,4.3434,,,
,CHECKPOINT BATCH 36140,3.8317,,,
19:15:29,36145,4.4397,0.1000,5000,0.0756
,CHECKPOINT BATCH 36145,4.4397,,,
,CHECKPOINT BATCH 36150,6.1367,,,
,CHECKPOINT BATCH 36155,7.0533,,,
,CHECKPOINT BATCH 36160,9.5376,,,
19:15:31,36163,1.6336,0.1000,5000,0.0755
,CHECKPOINT BATCH 36165,3.6199,,,
,CHECKPOINT BATCH 36170,4.5486,,,
,CHECKPOINT BATCH 36175,9.3081,,,
,CHECKPOINT BATCH 36180,2.6381,,,
19:15:33,36181,2.1162,0.1000,5000,0.0755
,CHECKPOINT BATCH 36185,4.2575,,,
,CHECKPOINT BATCH 36190,6.4945,,,
,CHECKPOINT BATCH 36195,1.6385,,,
19:15:35,36199,7.3536,0.1000,5000,0.0754
,CHECKPOINT BATCH 36200,2.9926,,,
,CHECKPOINT BATCH 36205,8.0037,,,
,CHECKPOINT BATCH 36210,3.5344,,,
,CHECKPOINT BATCH 36215,3.8817,,,
19:15:37,36217,8.5165,0.1000,5000,0.0754
,CHECKPOINT BATCH 36220,8.8654,,,
,CHECKPOINT BATCH 36225,2.1490,,,
,CHECKPOINT BATCH 36230,5.7943,,,
19:15:39,36235,6.0810,0.1000,5000,0.0754
,CHECKPOINT BATCH 36235,6.0810,,,
,CHECKPOINT BATCH 36240,3.3978,,,
,CHECKPOINT BATCH 36245,3.1435,,,
,CHECKPOINT BATCH 36250,2.1658,,,
19:15:41,36253,2.0274,0.1000,5000,0.0753
,CHECKPOINT BATCH 36255,3.4995,,,
,CHECKPOINT BATCH 36260,7.9259,,,
,CHECKPOINT BATCH 36265,2.8445,,,
,CHECKPOINT BATCH 36270,4.5293,,,
19:15:43,36271,2.3651,0.1000,5000,0.0753
,CHECKPOINT BATCH 36275,4.4239,,,
,CHECKPOINT BATCH 36280,1.9668,,,
,CHECKPOINT BATCH 36285,8.8888,,,
19:15:45,36289,3.9709,0.1000,5000,0.0752
,CHECKPOINT BATCH 36290,3.5229,,,
,CHECKPOINT BATCH 36295,8.0089,,,
,CHECKPOINT BATCH 36300,2.9624,,,
,CHECKPOINT BATCH 36305,3.1745,,,
19:15:47,36307,2.5008,0.1000,5000,0.0752
,CHECKPOINT BATCH 36310,3.1828,,,
,CHECKPOINT BATCH 36315,6.2924,,,
,CHECKPOINT BATCH 36320,4.3660,,,
,CHECKPOINT BATCH 36325,4.3109,,,
19:15:49,36326,4.6796,0.1000,5000,0.0751
,CHECKPOINT BATCH 36330,5.2721,,,
,CHECKPOINT BATCH 36335,5.9907,,,
,CHECKPOINT BATCH 36340,7.7316,,,
19:15:51,36344,16.9349,0.1000,5000,0.0751
,CHECKPOINT BATCH 36345,5.5404,,,
,CHECKPOINT BATCH 36350,7.8692,,,
,CHECKPOINT BATCH 36355,3.6985,,,
,CHECKPOINT BATCH 36360,2.3237,,,
19:15:53,36362,6.6922,0.1000,5000,0.0750
,CHECKPOINT BATCH 36365,4.1502,,,
,CHECKPOINT BATCH 36370,5.5119,,,
,CHECKPOINT BATCH 36375,7.6582,,,
19:15:55,36380,11.4074,0.1000,5000,0.0750
,CHECKPOINT BATCH 36380,11.4074,,,
,CHECKPOINT BATCH 36385,5.6043,,,
,CHECKPOINT BATCH 36390,2.0792,,,
,CHECKPOINT BATCH 36395,6.0582,,,
19:15:57,36398,4.7334,0.1000,5000,0.0749
,CHECKPOINT BATCH 36400,2.9858,,,
,CHECKPOINT BATCH 36405,1.9088,,,
,CHECKPOINT BATCH 36410,6.9999,,,
,CHECKPOINT BATCH 36415,4.3218,,,
19:15:59,36416,4.0484,0.1000,5000,0.0749
,CHECKPOINT BATCH 36420,3.0552,,,
,CHECKPOINT BATCH 36425,3.4638,,,
,CHECKPOINT BATCH 36430,5.1492,,,
19:16:01,36434,4.1780,0.1000,5000,0.0749
,CHECKPOINT BATCH 36435,8.4755,,,
,CHECKPOINT BATCH 36440,2.1502,,,
,CHECKPOINT BATCH 36445,5.0989,,,
,CHECKPOINT BATCH 36450,2.8248,,,
19:16:03,36452,5.1638,0.1000,5000,0.0748
,CHECKPOINT BATCH 36455,3.6670,,,
,CHECKPOINT BATCH 36460,2.3970,,,
,CHECKPOINT BATCH 36465,6.9180,,,
19:16:05,36470,5.8481,0.1000,5000,0.0748
,CHECKPOINT BATCH 36470,5.8481,,,
,CHECKPOINT BATCH 36475,1.4009,,,
,CHECKPOINT BATCH 36480,5.4593,,,
,CHECKPOINT BATCH 36485,3.9250,,,
19:16:07,36488,10.0153,0.1000,5000,0.0747
,CHECKPOINT BATCH 36490,7.1930,,,
,CHECKPOINT BATCH 36495,3.7095,,,
,CHECKPOINT BATCH 36500,7.9474,,,
,CHECKPOINT BATCH 36505,9.3842,,,
19:16:10,36507,5.0182,0.1000,5000,0.0747
,CHECKPOINT BATCH 36510,3.2662,,,
,CHECKPOINT BATCH 36515,4.5904,,,
,CHECKPOINT BATCH 36520,7.2107,,,
19:16:12,36525,5.5907,0.1000,5000,0.0746
,CHECKPOINT BATCH 36525,5.5907,,,
,CHECKPOINT BATCH 36530,6.6868,,,
,CHECKPOINT BATCH 36535,2.7878,,,
,CHECKPOINT BATCH 36540,1.7534,,,
19:16:14,36544,2.5814,0.1000,5000,0.0746
,CHECKPOINT BATCH 36545,2.9182,,,
,CHECKPOINT BATCH 36550,9.3250,,,
,CHECKPOINT BATCH 36555,2.7622,,,
,CHECKPOINT BATCH 36560,5.5001,,,
19:16:16,36562,3.8378,0.1000,5000,0.0745
,CHECKPOINT BATCH 36565,5.1905,,,
,CHECKPOINT BATCH 36570,3.0595,,,
,CHECKPOINT BATCH 36575,5.5006,,,
19:16:18,36580,1.4890,0.1000,5000,0.0745
,CHECKPOINT BATCH 36580,1.4890,,,
,CHECKPOINT BATCH 36585,1.9816,,,
,CHECKPOINT BATCH 36590,2.0890,,,
,CHECKPOINT BATCH 36595,3.1092,,,
19:16:20,36598,2.3350,0.1000,5000,0.0745
,CHECKPOINT BATCH 36600,2.5050,,,
,CHECKPOINT BATCH 36605,7.4950,,,
,CHECKPOINT BATCH 36610,5.2734,,,
,CHECKPOINT BATCH 36615,2.3363,,,
19:16:22,36616,3.1114,0.1000,5000,0.0744
,CHECKPOINT BATCH 36620,6.5110,,,
,CHECKPOINT BATCH 36625,6.1444,,,
,CHECKPOINT BATCH 36630,6.9883,,,
19:16:24,36634,4.3989,0.1000,5000,0.0744
,CHECKPOINT BATCH 36635,1.8592,,,
,CHECKPOINT BATCH 36640,3.0274,,,
,CHECKPOINT BATCH 36645,2.8299,,,
,CHECKPOINT BATCH 36650,14.5587,,,
19:16:26,36653,4.1420,0.1000,5000,0.0743
,CHECKPOINT BATCH 36655,4.4280,,,
,CHECKPOINT BATCH 36660,5.7065,,,
,CHECKPOINT BATCH 36665,4.4650,,,
,CHECKPOINT BATCH 36670,4.5344,,,
19:16:28,36671,3.3107,0.1000,5000,0.0743
,CHECKPOINT BATCH 36675,1.2244,,,
,CHECKPOINT BATCH 36680,5.5573,,,
,CHECKPOINT BATCH 36685,4.8080,,,
19:16:30,36689,3.2913,0.1000,5000,0.0742
,CHECKPOINT BATCH 36690,6.6645,,,
,CHECKPOINT BATCH 36695,4.0428,,,
,CHECKPOINT BATCH 36700,7.6504,,,
,CHECKPOINT BATCH 36705,1.6080,,,
19:16:32,36708,3.4501,0.1000,5000,0.0742
,CHECKPOINT BATCH 36710,6.6559,,,
,CHECKPOINT BATCH 36715,2.6632,,,
,CHECKPOINT BATCH 36720,6.3302,,,
,CHECKPOINT BATCH 36725,2.5020,,,
19:16:34,36726,4.9770,0.1000,5000,0.0741
,CHECKPOINT BATCH 36730,1.4943,,,
,CHECKPOINT BATCH 36735,3.7106,,,
,CHECKPOINT BATCH 36740,1.8279,,,
19:16:36,36744,2.2124,0.1000,5000,0.0741
,CHECKPOINT BATCH 36745,6.3900,,,
,CHECKPOINT BATCH 36750,4.9866,,,
,CHECKPOINT BATCH 36755,2.9000,,,
,CHECKPOINT BATCH 36760,2.9490,,,
19:16:38,36763,2.1470,0.1000,5000,0.0741
,CHECKPOINT BATCH 36765,4.0669,,,
,CHECKPOINT BATCH 36770,9.0275,,,
,CHECKPOINT BATCH 36775,4.3859,,,
,CHECKPOINT BATCH 36780,5.7335,,,
19:16:40,36781,2.9751,0.1000,5000,0.0740
,CHECKPOINT BATCH 36785,2.4263,,,
,CHECKPOINT BATCH 36790,2.3187,,,
,CHECKPOINT BATCH 36795,3.3309,,,
19:16:42,36800,2.8470,0.1000,5000,0.0740
,CHECKPOINT BATCH 36800,2.8470,,,
,CHECKPOINT BATCH 36805,3.6234,,,
,CHECKPOINT BATCH 36810,4.5677,,,
,CHECKPOINT BATCH 36815,1.8980,,,
19:16:44,36818,7.1957,0.1000,5000,0.0739
,CHECKPOINT BATCH 36820,4.9379,,,
,CHECKPOINT BATCH 36825,4.6122,,,
,CHECKPOINT BATCH 36830,1.4323,,,
,CHECKPOINT BATCH 36835,3.0487,,,
19:16:47,36836,2.9852,0.1000,5000,0.0739
,CHECKPOINT BATCH 36840,3.1789,,,
,CHECKPOINT BATCH 36845,1.4175,,,
,CHECKPOINT BATCH 36850,2.8054,,,
19:16:49,36854,5.4330,0.1000,5000,0.0738
,CHECKPOINT BATCH 36855,6.4769,,,
,CHECKPOINT BATCH 36860,7.4117,,,
,CHECKPOINT BATCH 36865,3.4191,,,
,CHECKPOINT BATCH 36870,3.8073,,,
19:16:51,36872,3.3542,0.1000,5000,0.0738
,CHECKPOINT BATCH 36875,3.7370,,,
,CHECKPOINT BATCH 36880,7.1837,,,
,CHECKPOINT BATCH 36885,2.2185,,,
,CHECKPOINT BATCH 36890,7.4941,,,
19:16:53,36891,2.5594,0.1000,5000,0.0737
,CHECKPOINT BATCH 36895,4.9452,,,
,CHECKPOINT BATCH 36900,2.7637,,,
,CHECKPOINT BATCH 36905,4.6977,,,
19:16:55,36909,6.4670,0.1000,5000,0.0737
,CHECKPOINT BATCH 36910,3.1756,,,
,CHECKPOINT BATCH 36915,8.2506,,,
,CHECKPOINT BATCH 36920,6.7942,,,
,CHECKPOINT BATCH 36925,1.3118,,,
19:16:57,36928,2.0887,0.1000,5000,0.0737
,CHECKPOINT BATCH 36930,10.4899,,,
,CHECKPOINT BATCH 36935,3.1358,,,
,CHECKPOINT BATCH 36940,6.9857,,,
,CHECKPOINT BATCH 36945,4.2337,,,
19:16:59,36946,7.1211,0.1000,5000,0.0736
,CHECKPOINT BATCH 36950,2.5262,,,
,CHECKPOINT BATCH 36955,2.4846,,,
,CHECKPOINT BATCH 36960,5.0296,,,
19:17:01,36965,3.8190,0.1000,5000,0.0736
,CHECKPOINT BATCH 36965,3.8190,,,
,CHECKPOINT BATCH 36970,3.8676,,,
,CHECKPOINT BATCH 36975,2.6376,,,
,CHECKPOINT BATCH 36980,3.5691,,,
19:17:03,36983,3.0904,0.1000,5000,0.0735
,CHECKPOINT BATCH 36985,2.8212,,,
,CHECKPOINT BATCH 36990,3.7611,,,
,CHECKPOINT BATCH 36995,2.8280,,,
,CHECKPOINT BATCH 37000,4.3235,,,
19:17:05,37001,3.0824,0.1000,5000,0.0735
,CHECKPOINT BATCH 37005,4.8912,,,
,CHECKPOINT BATCH 37010,5.4449,,,
,CHECKPOINT BATCH 37015,4.1824,,,
19:17:07,37019,1.5761,0.1000,5000,0.0734
,CHECKPOINT BATCH 37020,0.9410,,,
,CHECKPOINT BATCH 37025,3.4920,,,
,CHECKPOINT BATCH 37030,5.0025,,,
,CHECKPOINT BATCH 37035,4.5361,,,
19:17:09,37037,2.9765,0.1000,5000,0.0734
,CHECKPOINT BATCH 37040,8.2890,,,
,CHECKPOINT BATCH 37045,10.8994,,,
,CHECKPOINT BATCH 37050,1.0852,,,
19:17:11,37055,6.2236,0.1000,5000,0.0734
,CHECKPOINT BATCH 37055,6.2236,,,
,CHECKPOINT BATCH 37060,4.4977,,,
,CHECKPOINT BATCH 37065,1.5395,,,
,CHECKPOINT BATCH 37070,1.8502,,,
19:17:13,37073,3.3062,0.1000,5000,0.0733
,CHECKPOINT BATCH 37075,6.9236,,,
,CHECKPOINT BATCH 37080,1.4191,,,
,CHECKPOINT BATCH 37085,2.3192,,,
,CHECKPOINT BATCH 37090,1.1541,,,
19:17:15,37092,2.2542,0.1000,5000,0.0733
,CHECKPOINT BATCH 37095,1.1416,,,
,CHECKPOINT BATCH 37100,1.6122,,,
,CHECKPOINT BATCH 37105,3.7286,,,
19:17:17,37110,4.2733,0.1000,5000,0.0732
,CHECKPOINT BATCH 37110,4.2733,,,
,CHECKPOINT BATCH 37115,3.0955,,,
,CHECKPOINT BATCH 37120,3.7417,,,
,CHECKPOINT BATCH 37125,2.6070,,,
19:17:20,37128,2.1834,0.1000,5000,0.0732
,CHECKPOINT BATCH 37130,2.3878,,,
,CHECKPOINT BATCH 37135,0.8265,,,
,CHECKPOINT BATCH 37140,3.3837,,,
,CHECKPOINT BATCH 37145,2.6805,,,
19:17:22,37146,3.1779,0.1000,5000,0.0731
,CHECKPOINT BATCH 37150,1.5576,,,
,CHECKPOINT BATCH 37155,0.4084,,,
,CHECKPOINT BATCH 37160,3.5810,,,
19:17:24,37164,1.9812,0.1000,5000,0.0731
,CHECKPOINT BATCH 37165,2.6102,,,
,CHECKPOINT BATCH 37170,1.2714,,,
,CHECKPOINT BATCH 37175,2.1750,,,
,CHECKPOINT BATCH 37180,1.3430,,,
19:17:26,37181,0.7609,0.1000,5000,0.0731
,CHECKPOINT BATCH 37185,0.9808,,,
,CHECKPOINT BATCH 37190,1.8690,,,
,CHECKPOINT BATCH 37195,2.3301,,,
19:17:28,37199,1.5101,0.1000,5000,0.0730
,CHECKPOINT BATCH 37200,1.9071,,,
,CHECKPOINT BATCH 37205,8.8575,,,
,CHECKPOINT BATCH 37210,6.2671,,,
,CHECKPOINT BATCH 37215,8.4770,,,
19:17:30,37218,2.8409,0.1000,5000,0.0730
,CHECKPOINT BATCH 37220,3.9006,,,
,CHECKPOINT BATCH 37225,3.5259,,,
,CHECKPOINT BATCH 37230,2.3279,,,
,CHECKPOINT BATCH 37235,0.9788,,,
19:17:32,37236,2.6155,0.1000,5000,0.0729
,CHECKPOINT BATCH 37240,3.0028,,,
,CHECKPOINT BATCH 37245,2.2494,,,
,CHECKPOINT BATCH 37250,2.3187,,,
19:17:34,37255,2.7620,0.1000,5000,0.0729
,CHECKPOINT BATCH 37255,2.7620,,,
,CHECKPOINT BATCH 37260,1.9404,,,
,CHECKPOINT BATCH 37265,0.6867,,,
,CHECKPOINT BATCH 37270,3.7928,,,
19:17:36,37274,2.0240,0.1000,5000,0.0729
,CHECKPOINT BATCH 37275,0.6023,,,
,CHECKPOINT BATCH 37280,2.0289,,,
,CHECKPOINT BATCH 37285,0.8277,,,
,CHECKPOINT BATCH 37290,1.7347,,,
19:17:38,37292,4.1677,0.1000,5000,0.0728
,CHECKPOINT BATCH 37295,2.8577,,,
,CHECKPOINT BATCH 37300,3.5099,,,
,CHECKPOINT BATCH 37305,3.1747,,,
19:17:40,37310,0.9223,0.1000,5000,0.0728
,CHECKPOINT BATCH 37310,0.9223,,,
,CHECKPOINT BATCH 37315,0.2098,,,
,CHECKPOINT BATCH 37320,2.2552,,,
,CHECKPOINT BATCH 37325,1.0932,,,
19:17:42,37328,1.1601,0.1000,5000,0.0727
,CHECKPOINT BATCH 37330,1.8530,,,
,CHECKPOINT BATCH 37335,2.4009,,,
,CHECKPOINT BATCH 37340,1.6511,,,
,CHECKPOINT BATCH 37345,0.7252,,,
19:17:44,37346,4.0765,0.1000,5000,0.0727
,CHECKPOINT BATCH 37350,2.1121,,,
,CHECKPOINT BATCH 37355,1.5855,,,
,CHECKPOINT BATCH 37360,0.8462,,,
19:17:46,37364,1.9511,0.1000,5000,0.0726
,CHECKPOINT BATCH 37365,4.9375,,,
,CHECKPOINT BATCH 37370,1.6627,,,
,CHECKPOINT BATCH 37375,1.6140,,,
,CHECKPOINT BATCH 37380,2.3472,,,
19:17:48,37382,2.1629,0.1000,5000,0.0726
,CHECKPOINT BATCH 37385,1.2559,,,
,CHECKPOINT BATCH 37390,1.5138,,,
,CHECKPOINT BATCH 37395,0.5544,,,
,CHECKPOINT BATCH 37400,0.8533,,,
19:17:50,37401,0.8978,0.1000,5000,0.0726
,CHECKPOINT BATCH 37405,1.2688,,,
,CHECKPOINT BATCH 37410,5.1549,,,
,CHECKPOINT BATCH 37415,1.6116,,,
19:17:52,37419,1.0684,0.1000,5000,0.0725
,CHECKPOINT BATCH 37420,2.9460,,,
,CHECKPOINT BATCH 37425,0.5114,,,
,CHECKPOINT BATCH 37430,0.3516,,,
,CHECKPOINT BATCH 37435,0.6612,,,
19:17:55,37438,1.0150,0.1000,5000,0.0725
,CHECKPOINT BATCH 37440,1.5281,,,
,CHECKPOINT BATCH 37445,1.8188,,,
,CHECKPOINT BATCH 37450,1.2878,,,
,CHECKPOINT BATCH 37455,0.5927,,,
19:17:57,37456,1.7000,0.1000,5000,0.0724
,CHECKPOINT BATCH 37460,1.5280,,,
,CHECKPOINT BATCH 37465,3.1373,,,
,CHECKPOINT BATCH 37470,2.4626,,,
19:17:59,37474,1.9959,0.1000,5000,0.0724
,CHECKPOINT BATCH 37475,0.7780,,,
,CHECKPOINT BATCH 37480,1.5798,,,
,CHECKPOINT BATCH 37485,0.9105,,,
,CHECKPOINT BATCH 37490,1.5550,,,
19:18:01,37492,0.0089,0.1000,5000,0.0724
,CHECKPOINT BATCH 37495,1.6188,,,
,CHECKPOINT BATCH 37500,1.2595,,,
,CHECKPOINT BATCH 37505,2.8446,,,
19:18:03,37510,2.0454,0.1000,5000,0.0723
,CHECKPOINT BATCH 37510,2.0454,,,
,CHECKPOINT BATCH 37515,4.3454,,,
,CHECKPOINT BATCH 37520,0.7542,,,
,CHECKPOINT BATCH 37525,2.8855,,,
19:18:05,37529,2.1060,0.1000,5000,0.0723
,CHECKPOINT BATCH 37530,2.0801,,,
,CHECKPOINT BATCH 37535,1.9544,,,
,CHECKPOINT BATCH 37540,1.4051,,,
,CHECKPOINT BATCH 37545,2.9435,,,
19:18:07,37547,2.0994,0.1000,5000,0.0722
,CHECKPOINT BATCH 37550,1.2922,,,
,CHECKPOINT BATCH 37555,0.8517,,,
,CHECKPOINT BATCH 37560,2.3197,,,
19:18:09,37565,0.6639,0.1000,5000,0.0722
,CHECKPOINT BATCH 37565,0.6639,,,
,CHECKPOINT BATCH 37570,2.0593,,,
,CHECKPOINT BATCH 37575,0.8462,,,
,CHECKPOINT BATCH 37580,1.1020,,,
19:18:11,37583,1.8730,0.1000,5000,0.0722
,CHECKPOINT BATCH 37585,1.3159,,,
,CHECKPOINT BATCH 37590,1.2889,,,
,CHECKPOINT BATCH 37595,0.7126,,,
,CHECKPOINT BATCH 37600,4.1135,,,
19:18:13,37602,2.5982,0.1000,5000,0.0721
,CHECKPOINT BATCH 37605,2.1063,,,
,CHECKPOINT BATCH 37610,1.9263,,,
,CHECKPOINT BATCH 37615,0.5395,,,
19:18:15,37620,0.2517,0.1000,5000,0.0721
,CHECKPOINT BATCH 37620,0.2517,,,
,CHECKPOINT BATCH 37625,1.2952,,,
,CHECKPOINT BATCH 37630,2.7085,,,
,CHECKPOINT BATCH 37635,0.0029,,,
