Timestamp,Batch,Loss,Avg_Reward,Buffer_Size,Epsilon
09:05:32,1,4.7478,3.6828,32,0.9999
,CHECKPOINT BATCH 5,3.9026,,,
,CHECKPOINT BATCH 10,4.3761,,,
,CHECKPOINT BATCH 15,3.6736,,,
,CHECKPOINT BATCH 20,3.3720,,,
,CHECKPOINT BATCH 25,2.9671,,,
09:05:35,26,5.6067,2.4465,57,0.9975
,CHECKPOINT BATCH 30,2.5254,,,
09:05:37,33,2.9354,2.1898,64,0.9969
,CHECKPOINT BATCH 35,4.5071,,,
,CHECKPOINT BATCH 40,1.7213,,,
09:05:39,42,2.2967,1.9651,73,0.9960
,CHECKPOINT BATCH 45,3.3723,,,
,CHECKPOINT BATCH 50,1.9099,,,
09:05:42,51,1.9709,1.7823,82,0.9952
,CHECKPOINT BATCH 55,2.4232,,,
09:05:44,60,2.4565,1.6005,91,0.9943
,CHECKPOINT BATCH 60,2.4565,,,
,CHECKPOINT BATCH 65,0.9592,,,
,CHECKPOINT BATCH 70,1.5122,,,
09:05:47,74,1.5778,1.4225,105,0.9930
,CHECKPOINT BATCH 75,2.2548,,,
,CHECKPOINT BATCH 80,1.0995,,,
,CHECKPOINT BATCH 85,1.6136,,,
09:05:49,86,2.4420,0.7725,117,0.9919
,CHECKPOINT BATCH 90,2.8161,,,
09:05:53,94,2.0669,0.4325,125,0.9911
,CHECKPOINT BATCH 95,3.6568,,,
,CHECKPOINT BATCH 100,2.5955,,,
09:05:57,103,1.7925,0.9925,134,0.9903
,CHECKPOINT BATCH 105,0.6603,,,
09:06:00,108,4.9669,1.1295,139,0.9898
,CHECKPOINT BATCH 110,3.5063,,,
09:06:02,113,3.3914,1.1195,144,0.9893
,CHECKPOINT BATCH 115,0.4926,,,
,CHECKPOINT BATCH 120,1.8400,,,
09:06:05,123,3.6350,1.2215,154,0.9884
,CHECKPOINT BATCH 125,1.9388,,,
09:06:07,130,5.9659,1.3580,161,0.9877
,CHECKPOINT BATCH 130,5.9659,,,
09:06:10,135,3.7184,1.3475,166,0.9873
,CHECKPOINT BATCH 135,3.7184,,,
,CHECKPOINT BATCH 140,3.4111,,,
09:06:12,144,5.1800,1.3170,175,0.9864
,CHECKPOINT BATCH 145,1.0964,,,
,CHECKPOINT BATCH 150,3.2733,,,
,CHECKPOINT BATCH 155,0.5752,,,
09:06:14,156,3.9605,1.3075,187,0.9853
,CHECKPOINT BATCH 160,1.0396,,,
,CHECKPOINT BATCH 165,2.1255,,,
09:06:16,168,0.5855,1.3090,199,0.9842
,CHECKPOINT BATCH 170,1.7412,,,
,CHECKPOINT BATCH 175,3.9830,,,
,CHECKPOINT BATCH 180,3.6084,,,
09:06:19,182,1.2982,2.0545,213,0.9829
,CHECKPOINT BATCH 185,2.6929,,,
,CHECKPOINT BATCH 190,3.9918,,,
,CHECKPOINT BATCH 195,1.5350,,,
09:06:21,199,2.2143,2.8050,230,0.9813
,CHECKPOINT BATCH 200,5.0091,,,
,CHECKPOINT BATCH 205,0.2291,,,
09:06:23,208,2.8529,2.3610,239,0.9804
,CHECKPOINT BATCH 210,1.4065,,,
,CHECKPOINT BATCH 215,3.8652,,,
09:06:26,216,1.9956,2.2235,247,0.9797
,CHECKPOINT BATCH 220,3.3785,,,
09:06:28,221,2.3050,2.3900,252,0.9792
,CHECKPOINT BATCH 225,2.9288,,,
,CHECKPOINT BATCH 230,4.2865,,,
09:06:31,231,0.6410,2.4395,262,0.9783
,CHECKPOINT BATCH 235,0.6059,,,
09:06:33,240,1.9264,2.8970,271,0.9775
,CHECKPOINT BATCH 240,1.9264,,,
,CHECKPOINT BATCH 245,4.0245,,,
,CHECKPOINT BATCH 250,1.7028,,,
,CHECKPOINT BATCH 255,1.0345,,,
09:06:35,260,6.0593,3.5715,291,0.9756
,CHECKPOINT BATCH 260,6.0593,,,
,CHECKPOINT BATCH 265,4.0403,,,
09:06:38,267,3.4470,3.8895,298,0.9750
,CHECKPOINT BATCH 270,4.5744,,,
09:06:40,275,2.6709,3.3225,306,0.9742
,CHECKPOINT BATCH 275,2.6709,,,
,CHECKPOINT BATCH 280,2.9751,,,
09:06:43,284,1.9772,2.9145,315,0.9734
,CHECKPOINT BATCH 285,3.1369,,,
,CHECKPOINT BATCH 290,2.8900,,,
09:06:45,294,4.3785,3.5635,325,0.9725
,CHECKPOINT BATCH 295,2.8715,,,
,CHECKPOINT BATCH 300,2.6612,,,
,CHECKPOINT BATCH 305,3.2242,,,
09:06:48,310,6.1353,4.3480,341,0.9710
,CHECKPOINT BATCH 310,6.1353,,,
,CHECKPOINT BATCH 315,3.8868,,,
09:06:50,317,5.0691,5.2665,348,0.9704
,CHECKPOINT BATCH 320,6.4727,,,
09:06:53,324,4.3475,7.2005,355,0.9697
,CHECKPOINT BATCH 325,6.2245,,,
,CHECKPOINT BATCH 330,8.8064,,,
09:06:55,331,6.7551,8.2380,362,0.9691
,CHECKPOINT BATCH 335,7.6625,,,
09:06:58,336,5.3938,8.6740,367,0.9686
,CHECKPOINT BATCH 340,7.4640,,,
,CHECKPOINT BATCH 345,9.4846,,,
,CHECKPOINT BATCH 350,7.8831,,,
,CHECKPOINT BATCH 355,7.1169,,,
,CHECKPOINT BATCH 360,9.6603,,,
09:07:00,364,13.0918,9.4215,395,0.9660
,CHECKPOINT BATCH 365,16.6521,,,
,CHECKPOINT BATCH 370,8.7640,,,
09:07:02,371,13.0700,9.4355,402,0.9654
,CHECKPOINT BATCH 375,11.6314,,,
09:07:04,376,11.3756,9.4340,407,0.9649
,CHECKPOINT BATCH 380,14.8934,,,
09:07:07,381,12.2127,9.4340,412,0.9645
,CHECKPOINT BATCH 385,8.9657,,,
09:07:10,387,12.4451,9.7340,418,0.9639
,CHECKPOINT BATCH 390,12.5686,,,
,CHECKPOINT BATCH 395,13.0210,,,
,CHECKPOINT BATCH 400,10.9310,,,
09:07:12,402,12.2209,7.9375,433,0.9626
,CHECKPOINT BATCH 405,16.5240,,,
,CHECKPOINT BATCH 410,16.2664,,,
,CHECKPOINT BATCH 415,14.5503,,,
,CHECKPOINT BATCH 420,11.6325,,,
,CHECKPOINT BATCH 425,7.1972,,,
09:07:14,429,11.9826,3.8070,460,0.9601
,CHECKPOINT BATCH 430,14.5173,,,
,CHECKPOINT BATCH 435,7.2726,,,
,CHECKPOINT BATCH 440,8.1198,,,
,CHECKPOINT BATCH 445,12.0292,,,
,CHECKPOINT BATCH 450,11.0075,,,
09:07:16,453,9.1167,1.2070,484,0.9579
,CHECKPOINT BATCH 455,9.2883,,,
,CHECKPOINT BATCH 460,10.2939,,,
,CHECKPOINT BATCH 465,7.1709,,,
,CHECKPOINT BATCH 470,13.2397,,,
,CHECKPOINT BATCH 475,10.1645,,,
09:07:18,476,6.7917,2.1900,507,0.9558
,CHECKPOINT BATCH 480,9.3078,,,
,CHECKPOINT BATCH 485,14.2830,,,
,CHECKPOINT BATCH 490,9.3612,,,
09:07:20,492,8.3690,1.9960,523,0.9544
,CHECKPOINT BATCH 495,7.4549,,,
09:07:23,500,8.4938,2.1275,531,0.9537
,CHECKPOINT BATCH 500,8.4938,,,
,CHECKPOINT BATCH 505,12.6836,,,
,CHECKPOINT BATCH 510,9.8753,,,
09:07:25,513,17.7903,2.4290,544,0.9525
,CHECKPOINT BATCH 515,17.7072,,,
,CHECKPOINT BATCH 520,7.8639,,,
09:07:27,521,8.8719,2.4125,552,0.9518
,CHECKPOINT BATCH 525,10.7879,,,
,CHECKPOINT BATCH 530,12.5171,,,
09:07:29,532,8.3492,4.3910,563,0.9508
,CHECKPOINT BATCH 535,8.7191,,,
,CHECKPOINT BATCH 540,10.0844,,,
09:07:31,541,11.3698,4.7155,572,0.9500
,CHECKPOINT BATCH 545,12.2027,,,
09:07:34,549,12.6895,5.0315,580,0.9493
,CHECKPOINT BATCH 550,8.4174,,,
,CHECKPOINT BATCH 555,12.2762,,,
,CHECKPOINT BATCH 560,11.0870,,,
,CHECKPOINT BATCH 565,8.1410,,,
09:07:36,568,15.6264,5.9880,599,0.9475
,CHECKPOINT BATCH 570,14.2225,,,
,CHECKPOINT BATCH 575,7.1047,,,
09:07:38,578,7.5061,5.3900,609,0.9466
,CHECKPOINT BATCH 580,21.6116,,,
,CHECKPOINT BATCH 585,11.1778,,,
09:07:40,590,9.1323,5.2265,621,0.9456
,CHECKPOINT BATCH 590,9.1323,,,
,CHECKPOINT BATCH 595,24.8861,,,
,CHECKPOINT BATCH 600,10.1539,,,
09:07:42,604,14.8095,5.0835,635,0.9443
,CHECKPOINT BATCH 605,20.2484,,,
,CHECKPOINT BATCH 610,18.4196,,,
,CHECKPOINT BATCH 615,15.9839,,,
09:07:45,617,9.4075,4.8060,648,0.9432
,CHECKPOINT BATCH 620,9.4210,,,
09:07:47,625,16.5673,4.6625,656,0.9424
,CHECKPOINT BATCH 625,16.5673,,,
,CHECKPOINT BATCH 630,20.8659,,,
09:07:49,632,17.0261,2.5255,663,0.9418
,CHECKPOINT BATCH 635,11.5046,,,
,CHECKPOINT BATCH 640,9.7938,,,
09:07:52,644,12.1253,1.9055,675,0.9407
,CHECKPOINT BATCH 645,15.4374,,,
,CHECKPOINT BATCH 650,9.8421,,,
,CHECKPOINT BATCH 655,15.0354,,,
09:07:54,659,13.5941,0.4045,690,0.9394
,CHECKPOINT BATCH 660,18.3975,,,
,CHECKPOINT BATCH 665,10.0214,,,
09:07:57,668,12.3540,0.2545,699,0.9386
,CHECKPOINT BATCH 670,16.6594,,,
09:07:59,674,11.3083,0.2455,705,0.9381
,CHECKPOINT BATCH 675,9.8465,,,
09:08:02,679,9.8797,0.2360,710,0.9376
,CHECKPOINT BATCH 680,7.7425,,,
,CHECKPOINT BATCH 685,9.4139,,,
09:08:04,687,11.1023,1.3035,718,0.9369
,CHECKPOINT BATCH 690,9.2525,,,
,CHECKPOINT BATCH 695,8.8774,,,
09:08:06,698,14.7910,1.7505,729,0.9360
,CHECKPOINT BATCH 700,13.8013,,,
,CHECKPOINT BATCH 705,16.2417,,,
09:08:09,708,17.0604,2.0595,739,0.9351
,CHECKPOINT BATCH 710,16.4439,,,
09:08:11,715,14.1003,2.3835,746,0.9344
,CHECKPOINT BATCH 715,14.1003,,,
,CHECKPOINT BATCH 720,14.6277,,,
,CHECKPOINT BATCH 725,8.8191,,,
09:08:13,727,11.8093,2.7105,758,0.9334
,CHECKPOINT BATCH 730,9.1313,,,
,CHECKPOINT BATCH 735,10.2147,,,
09:08:15,738,11.0718,2.7505,769,0.9324
,CHECKPOINT BATCH 740,12.6137,,,
,CHECKPOINT BATCH 745,10.9070,,,
,CHECKPOINT BATCH 750,6.9073,,,
09:08:18,752,10.4583,2.7970,783,0.9312
,CHECKPOINT BATCH 755,14.6394,,,
,CHECKPOINT BATCH 760,8.9007,,,
09:08:20,765,13.1413,2.6095,796,0.9300
,CHECKPOINT BATCH 765,13.1413,,,
,CHECKPOINT BATCH 770,11.2102,,,
09:08:22,774,13.4302,2.5745,805,0.9292
,CHECKPOINT BATCH 775,11.2417,,,
09:08:25,779,11.4674,2.5585,810,0.9288
,CHECKPOINT BATCH 780,12.1530,,,
,CHECKPOINT BATCH 785,11.3007,,,
09:08:28,786,11.4080,1.4900,817,0.9282
,CHECKPOINT BATCH 790,10.2026,,,
,CHECKPOINT BATCH 795,11.4427,,,
09:08:30,797,10.0711,1.0410,828,0.9272
,CHECKPOINT BATCH 800,12.9267,,,
09:08:32,805,10.0469,0.8775,836,0.9265
,CHECKPOINT BATCH 805,10.0469,,,
,CHECKPOINT BATCH 810,13.3251,,,
09:08:34,815,8.0342,0.5405,846,0.9256
,CHECKPOINT BATCH 815,8.0342,,,
,CHECKPOINT BATCH 820,7.4092,,,
,CHECKPOINT BATCH 825,8.1417,,,
,CHECKPOINT BATCH 830,12.4407,,,
,CHECKPOINT BATCH 835,12.3554,,,
09:08:37,836,7.6049,0.8600,867,0.9238
,CHECKPOINT BATCH 840,9.8729,,,
,CHECKPOINT BATCH 845,12.6766,,,
,CHECKPOINT BATCH 850,12.0863,,,
,CHECKPOINT BATCH 855,15.3309,,,
09:08:39,857,9.8964,0.8570,888,0.9220
,CHECKPOINT BATCH 860,13.5818,,,
,CHECKPOINT BATCH 865,12.0774,,,
09:08:41,869,9.7609,0.8880,900,0.9209
,CHECKPOINT BATCH 870,7.9198,,,
09:08:44,874,14.3956,0.9140,905,0.9205
,CHECKPOINT BATCH 875,8.9887,,,
,CHECKPOINT BATCH 880,7.6211,,,
09:08:47,884,8.6002,1.6815,915,0.9196
,CHECKPOINT BATCH 885,10.4633,,,
09:08:49,890,8.2581,2.2790,921,0.9191
,CHECKPOINT BATCH 890,8.2581,,,
09:08:52,895,8.9583,2.4285,926,0.9187
,CHECKPOINT BATCH 895,8.9583,,,
,CHECKPOINT BATCH 900,8.5073,,,
,CHECKPOINT BATCH 905,10.1561,,,
09:08:54,909,8.5057,2.5795,940,0.9175
,CHECKPOINT BATCH 910,8.7936,,,
,CHECKPOINT BATCH 915,15.6411,,,
09:08:57,920,7.8941,1.9380,951,0.9165
,CHECKPOINT BATCH 920,7.8941,,,
,CHECKPOINT BATCH 925,5.3284,,,
,CHECKPOINT BATCH 930,8.3277,,,
09:08:59,934,12.5619,3.0815,965,0.9153
,CHECKPOINT BATCH 935,16.0215,,,
,CHECKPOINT BATCH 940,10.2339,,,
,CHECKPOINT BATCH 945,14.5861,,,
09:09:01,946,12.7139,4.1075,977,0.9142
,CHECKPOINT BATCH 950,8.0285,,,
,CHECKPOINT BATCH 955,18.6699,,,
09:09:03,956,12.2204,5.2960,987,0.9134
,CHECKPOINT BATCH 960,10.8055,,,
,CHECKPOINT BATCH 965,14.8796,,,
,CHECKPOINT BATCH 970,7.5359,,,
09:09:06,972,14.4713,5.5330,1003,0.9120
,CHECKPOINT BATCH 975,18.5161,,,
,CHECKPOINT BATCH 980,14.7631,,,
,CHECKPOINT BATCH 985,11.5431,,,
09:09:08,986,9.8790,4.4730,1017,0.9108
,CHECKPOINT BATCH 990,12.3137,,,
,CHECKPOINT BATCH 995,8.5801,,,
09:09:10,999,17.6571,5.8345,1030,0.9097
,CHECKPOINT BATCH 1000,14.9365,,,
,CHECKPOINT BATCH 1005,9.8641,,,
,CHECKPOINT BATCH 1010,10.0079,,,
,CHECKPOINT BATCH 1015,18.4911,,,
,CHECKPOINT BATCH 1020,12.2101,,,
09:09:13,1021,10.5462,7.7960,1052,0.9078
,CHECKPOINT BATCH 1025,13.7590,,,
,CHECKPOINT BATCH 1030,8.1925,,,
,CHECKPOINT BATCH 1035,6.0936,,,
09:09:15,1038,12.6124,6.1340,1069,0.9063
,CHECKPOINT BATCH 1040,8.5521,,,
,CHECKPOINT BATCH 1045,13.3181,,,
,CHECKPOINT BATCH 1050,8.6205,,,
09:09:17,1054,13.2769,4.4810,1085,0.9050
,CHECKPOINT BATCH 1055,9.6370,,,
,CHECKPOINT BATCH 1060,8.5529,,,
,CHECKPOINT BATCH 1065,7.8166,,,
,CHECKPOINT BATCH 1070,15.7064,,,
09:09:19,1072,10.0930,4.0935,1103,0.9034
,CHECKPOINT BATCH 1075,12.7503,,,
09:09:22,1080,8.6997,4.0990,1111,0.9027
,CHECKPOINT BATCH 1080,8.6997,,,
,CHECKPOINT BATCH 1085,13.9892,,,
,CHECKPOINT BATCH 1090,7.0653,,,
09:09:24,1092,9.4347,3.1935,1123,0.9017
,CHECKPOINT BATCH 1095,8.9325,,,
,CHECKPOINT BATCH 1100,10.3935,,,
09:09:26,1101,16.0832,1.8370,1132,0.9010
,CHECKPOINT BATCH 1105,11.3102,,,
,CHECKPOINT BATCH 1110,8.2918,,,
09:09:29,1111,10.4102,0.4835,1142,0.9001
,CHECKPOINT BATCH 1115,16.3780,,,
,CHECKPOINT BATCH 1120,10.3818,,,
09:09:31,1123,11.7387,0.2130,1154,0.8991
,CHECKPOINT BATCH 1125,10.4665,,,
,CHECKPOINT BATCH 1130,17.6780,,,
09:09:33,1132,9.0041,0.2130,1163,0.8983
,CHECKPOINT BATCH 1135,10.6890,,,
,CHECKPOINT BATCH 1140,15.1434,,,
,CHECKPOINT BATCH 1145,12.1459,,,
09:09:35,1146,16.6416,0.2110,1177,0.8971
,CHECKPOINT BATCH 1150,16.7338,,,
09:09:38,1154,11.3720,0.1815,1185,0.8965
,CHECKPOINT BATCH 1155,9.7594,,,
,CHECKPOINT BATCH 1160,6.8110,,,
09:09:40,1164,13.9672,0.6060,1195,0.8956
,CHECKPOINT BATCH 1165,10.0640,,,
,CHECKPOINT BATCH 1170,15.8566,,,
,CHECKPOINT BATCH 1175,7.1323,,,
,CHECKPOINT BATCH 1180,11.5816,,,
09:09:43,1185,9.7629,0.5925,1216,0.8938
,CHECKPOINT BATCH 1185,9.7629,,,
,CHECKPOINT BATCH 1190,6.8918,,,
,CHECKPOINT BATCH 1195,7.7051,,,
,CHECKPOINT BATCH 1200,10.1878,,,
09:09:45,1203,10.0557,2.1660,1234,0.8923
,CHECKPOINT BATCH 1205,8.5596,,,
,CHECKPOINT BATCH 1210,15.4967,,,
09:09:47,1212,11.3628,2.9145,1243,0.8916
,CHECKPOINT BATCH 1215,11.6267,,,
09:09:49,1219,10.2111,3.0540,1250,0.8910
,CHECKPOINT BATCH 1220,9.4548,,,
,CHECKPOINT BATCH 1225,13.0675,,,
,CHECKPOINT BATCH 1230,14.9541,,,
,CHECKPOINT BATCH 1235,11.9197,,,
09:09:51,1239,10.4202,4.6430,1270,0.8893
,CHECKPOINT BATCH 1240,9.4547,,,
,CHECKPOINT BATCH 1245,8.9841,,,
,CHECKPOINT BATCH 1250,8.6967,,,
09:09:54,1253,9.2321,6.3135,1284,0.8881
,CHECKPOINT BATCH 1255,6.3443,,,
09:09:57,1258,9.3752,6.9190,1289,0.8877
,CHECKPOINT BATCH 1260,21.7663,,,
,CHECKPOINT BATCH 1265,12.3127,,,
09:10:00,1270,11.5554,6.5010,1301,0.8867
,CHECKPOINT BATCH 1270,11.5554,,,
,CHECKPOINT BATCH 1275,9.9572,,,
,CHECKPOINT BATCH 1280,18.7975,,,
09:10:02,1285,9.6830,6.4600,1316,0.8854
,CHECKPOINT BATCH 1285,9.6830,,,
,CHECKPOINT BATCH 1290,13.8793,,,
,CHECKPOINT BATCH 1295,11.3146,,,
09:10:04,1300,15.3170,5.1850,1331,0.8842
,CHECKPOINT BATCH 1300,15.3170,,,
,CHECKPOINT BATCH 1305,11.2428,,,
09:10:07,1307,17.1311,4.2690,1338,0.8836
,CHECKPOINT BATCH 1310,10.3770,,,
,CHECKPOINT BATCH 1315,14.9362,,,
,CHECKPOINT BATCH 1320,9.2389,,,
09:10:09,1324,11.7166,3.7920,1355,0.8822
,CHECKPOINT BATCH 1325,14.8704,,,
,CHECKPOINT BATCH 1330,11.3054,,,
,CHECKPOINT BATCH 1335,12.1550,,,
09:10:11,1339,17.7151,2.2130,1370,0.8809
,CHECKPOINT BATCH 1340,11.2664,,,
,CHECKPOINT BATCH 1345,9.4547,,,
,CHECKPOINT BATCH 1350,12.6114,,,
09:10:14,1354,11.6843,0.3915,1385,0.8797
,CHECKPOINT BATCH 1355,14.5356,,,
,CHECKPOINT BATCH 1360,14.2072,,,
,CHECKPOINT BATCH 1365,27.2432,,,
09:10:16,1369,11.0856,-0.0790,1400,0.8785
,CHECKPOINT BATCH 1370,13.1987,,,
,CHECKPOINT BATCH 1375,11.0273,,,
,CHECKPOINT BATCH 1380,9.8064,,,
09:10:18,1384,11.1696,-0.0510,1415,0.8772
,CHECKPOINT BATCH 1385,11.2271,,,
,CHECKPOINT BATCH 1390,9.9654,,,
,CHECKPOINT BATCH 1395,11.7057,,,
09:10:20,1400,7.6870,-0.0385,1431,0.8759
,CHECKPOINT BATCH 1400,7.6870,,,
,CHECKPOINT BATCH 1405,7.8096,,,
,CHECKPOINT BATCH 1410,10.2326,,,
,CHECKPOINT BATCH 1415,13.3802,,,
09:10:22,1418,11.4216,-0.0240,1449,0.8744
,CHECKPOINT BATCH 1420,15.1760,,,
,CHECKPOINT BATCH 1425,11.3110,,,
,CHECKPOINT BATCH 1430,16.5313,,,
09:10:24,1435,12.8137,-0.0240,1466,0.8730
,CHECKPOINT BATCH 1435,12.8137,,,
,CHECKPOINT BATCH 1440,11.2614,,,
,CHECKPOINT BATCH 1445,12.3067,,,
09:10:26,1450,10.3694,0.2885,1481,0.8718
,CHECKPOINT BATCH 1450,10.3694,,,
,CHECKPOINT BATCH 1455,12.3379,,,
09:10:30,1457,9.8467,1.3380,1488,0.8712
09:10:33,1460,14.4660,1.4915,1491,0.8709
,CHECKPOINT BATCH 1460,14.4660,,,
,CHECKPOINT BATCH 1465,14.1184,,,
,CHECKPOINT BATCH 1470,10.9975,,,
09:10:35,1473,9.7907,4.2135,1504,0.8699
09:10:38,1475,12.6115,4.2080,1506,0.8697
,CHECKPOINT BATCH 1475,12.6115,,,
,CHECKPOINT BATCH 1480,12.5534,,,
,CHECKPOINT BATCH 1485,11.7846,,,
,CHECKPOINT BATCH 1490,12.8672,,,
09:10:40,1492,13.3804,4.1830,1523,0.8683
,CHECKPOINT BATCH 1495,9.8557,,,
09:10:44,1500,6.9784,4.9285,1531,0.8677
,CHECKPOINT BATCH 1500,6.9784,,,
,CHECKPOINT BATCH 1505,12.3496,,,
09:10:46,1508,21.0624,5.3695,1539,0.8670
,CHECKPOINT BATCH 1510,10.7753,,,
,CHECKPOINT BATCH 1515,13.4039,,,
09:10:49,1519,9.6580,5.3695,1550,0.8661
,CHECKPOINT BATCH 1520,13.3717,,,
,CHECKPOINT BATCH 1525,14.0680,,,
,CHECKPOINT BATCH 1530,14.5666,,,
,CHECKPOINT BATCH 1535,12.3689,,,
,CHECKPOINT BATCH 1540,20.8200,,,
09:10:51,1543,16.4907,5.4190,1574,0.8642
,CHECKPOINT BATCH 1545,8.6589,,,
,CHECKPOINT BATCH 1550,6.8772,,,
,CHECKPOINT BATCH 1555,10.6034,,,
09:10:53,1557,10.1375,4.1360,1588,0.8630
,CHECKPOINT BATCH 1560,12.0840,,,
,CHECKPOINT BATCH 1565,11.9821,,,
09:10:55,1570,9.7579,1.6980,1601,0.8620
,CHECKPOINT BATCH 1570,9.7579,,,
,CHECKPOINT BATCH 1575,8.9335,,,
,CHECKPOINT BATCH 1580,9.0178,,,
,CHECKPOINT BATCH 1585,10.7453,,,
09:10:57,1586,8.3271,1.2995,1617,0.8607
,CHECKPOINT BATCH 1590,15.6381,,,
,CHECKPOINT BATCH 1595,6.5208,,,
,CHECKPOINT BATCH 1600,9.0038,,,
09:11:00,1602,12.1149,0.4510,1633,0.8594
,CHECKPOINT BATCH 1605,13.4870,,,
,CHECKPOINT BATCH 1610,10.6354,,,
,CHECKPOINT BATCH 1615,16.2156,,,
09:11:02,1619,10.8540,0.1865,1650,0.8580
,CHECKPOINT BATCH 1620,8.6440,,,
,CHECKPOINT BATCH 1625,13.3714,,,
,CHECKPOINT BATCH 1630,17.0093,,,
09:11:04,1635,7.9598,0.2310,1666,0.8567
,CHECKPOINT BATCH 1635,7.9598,,,
,CHECKPOINT BATCH 1640,8.7765,,,
,CHECKPOINT BATCH 1645,22.9044,,,
,CHECKPOINT BATCH 1650,12.1395,,,
09:11:06,1651,14.5657,0.1585,1682,0.8554
,CHECKPOINT BATCH 1655,13.4439,,,
,CHECKPOINT BATCH 1660,17.1484,,,
,CHECKPOINT BATCH 1665,21.7164,,,
09:11:08,1669,11.8956,0.1540,1700,0.8540
,CHECKPOINT BATCH 1670,10.4320,,,
,CHECKPOINT BATCH 1675,7.5400,,,
,CHECKPOINT BATCH 1680,12.6801,,,
,CHECKPOINT BATCH 1685,9.0044,,,
09:11:10,1686,12.1625,0.1320,1717,0.8526
,CHECKPOINT BATCH 1690,13.5988,,,
,CHECKPOINT BATCH 1695,11.4778,,,
,CHECKPOINT BATCH 1700,10.2002,,,
09:11:12,1703,11.1293,0.0850,1734,0.8512
,CHECKPOINT BATCH 1705,16.7506,,,
,CHECKPOINT BATCH 1710,17.7488,,,
,CHECKPOINT BATCH 1715,21.1171,,,
09:11:16,1717,12.2947,0.8130,1748,0.8501
,CHECKPOINT BATCH 1720,14.1753,,,
,CHECKPOINT BATCH 1725,8.4937,,,
,CHECKPOINT BATCH 1730,16.2188,,,
09:11:19,1733,21.1905,2.5860,1764,0.8488
,CHECKPOINT BATCH 1735,11.1979,,,
,CHECKPOINT BATCH 1740,14.6584,,,
,CHECKPOINT BATCH 1745,8.3769,,,
09:11:21,1749,11.2320,3.0210,1780,0.8476
,CHECKPOINT BATCH 1750,10.9635,,,
,CHECKPOINT BATCH 1755,10.9512,,,
09:11:23,1758,12.0604,3.0080,1789,0.8468
,CHECKPOINT BATCH 1760,7.7921,,,
,CHECKPOINT BATCH 1765,7.4826,,,
,CHECKPOINT BATCH 1770,13.6402,,,
09:11:25,1775,9.1632,3.2755,1806,0.8455
,CHECKPOINT BATCH 1775,9.1632,,,
09:11:28,1778,13.4496,3.2730,1809,0.8453
,CHECKPOINT BATCH 1780,11.3963,,,
,CHECKPOINT BATCH 1785,19.3400,,,
09:11:30,1786,9.1420,3.2905,1817,0.8446
,CHECKPOINT BATCH 1790,16.1631,,,
,CHECKPOINT BATCH 1795,17.1291,,,
09:11:33,1798,18.3834,3.3025,1829,0.8437
,CHECKPOINT BATCH 1800,8.9040,,,
,CHECKPOINT BATCH 1805,21.0470,,,
09:11:35,1808,12.3060,3.3135,1839,0.8429
,CHECKPOINT BATCH 1810,6.1893,,,
09:11:37,1814,10.9531,3.3275,1845,0.8424
,CHECKPOINT BATCH 1815,12.7254,,,
,CHECKPOINT BATCH 1820,6.5299,,,
09:11:40,1821,16.3370,1.6925,1852,0.8418
,CHECKPOINT BATCH 1825,5.9328,,,
,CHECKPOINT BATCH 1830,12.5952,,,
09:11:42,1834,7.8299,1.5985,1865,0.8408
,CHECKPOINT BATCH 1835,8.1039,,,
,CHECKPOINT BATCH 1840,17.2099,,,
,CHECKPOINT BATCH 1845,11.6818,,,
09:11:44,1848,15.0282,1.3505,1879,0.8397
,CHECKPOINT BATCH 1850,12.6815,,,
,CHECKPOINT BATCH 1855,13.5507,,,
09:11:46,1858,9.8237,1.3700,1889,0.8389
,CHECKPOINT BATCH 1860,5.5589,,,
,CHECKPOINT BATCH 1865,13.6575,,,
09:11:49,1868,9.7954,1.3710,1899,0.8381
,CHECKPOINT BATCH 1870,9.1438,,,
,CHECKPOINT BATCH 1875,13.0421,,,
,CHECKPOINT BATCH 1880,10.2857,,,
09:11:51,1881,10.9456,1.0510,1912,0.8371
,CHECKPOINT BATCH 1885,8.3924,,,
09:11:53,1889,20.7194,1.0285,1920,0.8365
,CHECKPOINT BATCH 1890,7.1444,,,
,CHECKPOINT BATCH 1895,8.5635,,,
09:11:56,1898,9.4894,1.0105,1929,0.8358
,CHECKPOINT BATCH 1900,9.9593,,,
,CHECKPOINT BATCH 1905,11.4688,,,
09:11:58,1906,9.9963,1.0145,1937,0.8351
,CHECKPOINT BATCH 1910,7.8573,,,
09:12:00,1914,10.6111,1.0160,1945,0.8345
,CHECKPOINT BATCH 1915,7.1878,,,
,CHECKPOINT BATCH 1920,17.3128,,,
09:12:03,1923,12.5516,0.6850,1954,0.8338
,CHECKPOINT BATCH 1925,13.6385,,,
,CHECKPOINT BATCH 1930,8.5442,,,
09:12:05,1932,8.6946,0.2055,1963,0.8331
,CHECKPOINT BATCH 1935,18.3005,,,
09:12:08,1938,7.9274,0.0395,1969,0.8326
,CHECKPOINT BATCH 1940,20.7061,,,
09:12:10,1943,11.1967,0.0405,1974,0.8322
,CHECKPOINT BATCH 1945,9.9707,,,
09:12:13,1948,9.7861,0.0435,1979,0.8318
,CHECKPOINT BATCH 1950,9.2966,,,
,CHECKPOINT BATCH 1955,8.2843,,,
,CHECKPOINT BATCH 1960,11.9250,,,
09:12:15,1962,8.3663,0.0460,1993,0.8308
,CHECKPOINT BATCH 1965,9.2316,,,
,CHECKPOINT BATCH 1970,5.4612,,,
,CHECKPOINT BATCH 1975,8.7676,,,
,CHECKPOINT BATCH 1980,11.7141,,,
,CHECKPOINT BATCH 1985,5.2320,,,
,CHECKPOINT BATCH 1990,7.4016,,,
09:12:17,1994,7.9442,1.2675,2025,0.8283
,CHECKPOINT BATCH 1995,13.2642,,,
,CHECKPOINT BATCH 2000,7.0110,,,
,CHECKPOINT BATCH 2005,9.6946,,,
,CHECKPOINT BATCH 2010,15.1453,,,
09:12:20,2014,9.5940,1.5470,2045,0.8267
,CHECKPOINT BATCH 2015,7.3898,,,
,CHECKPOINT BATCH 2020,4.7425,,,
,CHECKPOINT BATCH 2025,5.6217,,,
,CHECKPOINT BATCH 2030,9.7210,,,
09:12:22,2031,11.0849,1.5365,2062,0.8254
,CHECKPOINT BATCH 2035,7.8211,,,
,CHECKPOINT BATCH 2040,10.0279,,,
09:12:24,2044,9.0140,1.4915,2075,0.8244
,CHECKPOINT BATCH 2045,14.3500,,,
09:12:27,2050,10.1868,1.4795,2081,0.8239
,CHECKPOINT BATCH 2050,10.1868,,,
,CHECKPOINT BATCH 2055,14.4748,,,
09:12:29,2059,10.4791,1.6250,2090,0.8232
,CHECKPOINT BATCH 2060,8.9052,,,
,CHECKPOINT BATCH 2065,8.4111,,,
,CHECKPOINT BATCH 2070,7.2396,,,
09:12:31,2073,22.0906,2.8995,2104,0.8221
,CHECKPOINT BATCH 2075,9.6180,,,
09:12:33,2080,10.4220,3.0560,2111,0.8216
,CHECKPOINT BATCH 2080,10.4220,,,
,CHECKPOINT BATCH 2085,11.5030,,,
,CHECKPOINT BATCH 2090,8.4094,,,
09:12:36,2092,9.0284,4.1455,2123,0.8207
,CHECKPOINT BATCH 2095,16.1861,,,
,CHECKPOINT BATCH 2100,15.8892,,,
,CHECKPOINT BATCH 2105,10.5654,,,
09:12:38,2106,6.6702,6.5820,2137,0.8196
,CHECKPOINT BATCH 2110,15.5965,,,
,CHECKPOINT BATCH 2115,12.2449,,,
,CHECKPOINT BATCH 2120,10.5345,,,
09:12:40,2122,10.0175,6.4675,2153,0.8184
,CHECKPOINT BATCH 2125,11.2396,,,
,CHECKPOINT BATCH 2130,7.0672,,,
09:12:43,2135,9.3233,6.6350,2166,0.8174
,CHECKPOINT BATCH 2135,9.3233,,,
,CHECKPOINT BATCH 2140,19.4392,,,
,CHECKPOINT BATCH 2145,12.9696,,,
09:12:45,2148,12.8974,6.7910,2179,0.8164
,CHECKPOINT BATCH 2150,14.0982,,,
,CHECKPOINT BATCH 2155,10.5293,,,
09:12:47,2160,12.7521,6.4905,2191,0.8154
,CHECKPOINT BATCH 2160,12.7521,,,
,CHECKPOINT BATCH 2165,12.4923,,,
09:12:50,2170,11.2555,5.6855,2201,0.8147
,CHECKPOINT BATCH 2170,11.2555,,,
09:12:52,2175,15.9757,6.8620,2206,0.8143
,CHECKPOINT BATCH 2175,15.9757,,,
,CHECKPOINT BATCH 2180,13.0697,,,
,CHECKPOINT BATCH 2185,8.0317,,,
09:12:54,2190,7.3569,5.6225,2221,0.8132
,CHECKPOINT BATCH 2190,7.3569,,,
,CHECKPOINT BATCH 2195,15.1850,,,
09:12:57,2196,10.7971,3.9585,2227,0.8127
,CHECKPOINT BATCH 2200,10.3882,,,
,CHECKPOINT BATCH 2205,11.0742,,,
,CHECKPOINT BATCH 2210,7.6385,,,
09:12:59,2211,8.2480,2.6225,2242,0.8116
,CHECKPOINT BATCH 2215,14.1435,,,
,CHECKPOINT BATCH 2220,19.5306,,,
,CHECKPOINT BATCH 2225,14.4270,,,
09:13:01,2228,6.9127,2.6050,2259,0.8103
,CHECKPOINT BATCH 2230,9.4951,,,
,CHECKPOINT BATCH 2235,15.3347,,,
,CHECKPOINT BATCH 2240,14.1125,,,
09:13:03,2245,12.3048,2.4505,2276,0.8090
,CHECKPOINT BATCH 2245,12.3048,,,
,CHECKPOINT BATCH 2250,16.3343,,,
,CHECKPOINT BATCH 2255,11.7752,,,
,CHECKPOINT BATCH 2260,17.9522,,,
09:13:05,2262,10.0276,2.7280,2293,0.8077
,CHECKPOINT BATCH 2265,12.3848,,,
,CHECKPOINT BATCH 2270,16.7213,,,
,CHECKPOINT BATCH 2275,11.7981,,,
09:13:07,2278,12.8856,0.6215,2309,0.8065
,CHECKPOINT BATCH 2280,9.8574,,,
,CHECKPOINT BATCH 2285,12.2051,,,
,CHECKPOINT BATCH 2290,17.5888,,,
09:13:10,2295,12.6833,0.4675,2326,0.8052
,CHECKPOINT BATCH 2295,12.6833,,,
,CHECKPOINT BATCH 2300,10.5858,,,
,CHECKPOINT BATCH 2305,12.6285,,,
,CHECKPOINT BATCH 2310,10.3529,,,
09:13:12,2312,12.8266,0.4320,2343,0.8039
,CHECKPOINT BATCH 2315,13.2834,,,
,CHECKPOINT BATCH 2320,12.0965,,,
,CHECKPOINT BATCH 2325,14.5717,,,
09:13:14,2329,13.2270,0.4320,2360,0.8026
,CHECKPOINT BATCH 2330,18.3969,,,
,CHECKPOINT BATCH 2335,15.4658,,,
,CHECKPOINT BATCH 2340,14.3600,,,
,CHECKPOINT BATCH 2345,10.4958,,,
09:13:16,2346,11.6707,0.1850,2377,0.8013
,CHECKPOINT BATCH 2350,13.9858,,,
,CHECKPOINT BATCH 2355,9.5960,,,
,CHECKPOINT BATCH 2360,12.9925,,,
09:13:18,2363,9.8768,0.0510,2394,0.8001
,CHECKPOINT BATCH 2365,10.0036,,,
,CHECKPOINT BATCH 2370,9.8424,,,
09:13:20,2375,19.3061,0.0865,2406,0.7992
,CHECKPOINT BATCH 2375,19.3061,,,
,CHECKPOINT BATCH 2380,7.9733,,,
,CHECKPOINT BATCH 2385,17.1975,,,
,CHECKPOINT BATCH 2390,16.8790,,,
09:13:23,2394,16.0104,0.5455,2425,0.7977
,CHECKPOINT BATCH 2395,20.6852,,,
,CHECKPOINT BATCH 2400,11.4998,,,
,CHECKPOINT BATCH 2405,14.5804,,,
,CHECKPOINT BATCH 2410,16.3348,,,
09:13:25,2411,21.8541,0.5150,2442,0.7965
,CHECKPOINT BATCH 2415,12.1551,,,
,CHECKPOINT BATCH 2420,16.3097,,,
09:13:28,2421,9.6385,0.5160,2452,0.7957
,CHECKPOINT BATCH 2425,14.2980,,,
09:13:30,2426,12.0118,0.5160,2457,0.7954
,CHECKPOINT BATCH 2430,11.8932,,,
09:13:32,2432,11.5196,0.5165,2463,0.7949
,CHECKPOINT BATCH 2435,12.7872,,,
,CHECKPOINT BATCH 2440,8.4208,,,
,CHECKPOINT BATCH 2445,9.8540,,,
09:13:35,2448,12.9209,0.5440,2479,0.7937
,CHECKPOINT BATCH 2450,8.9122,,,
09:13:37,2453,12.7134,0.7215,2484,0.7933
,CHECKPOINT BATCH 2455,7.2664,,,
09:13:40,2458,19.7517,1.1985,2489,0.7930
,CHECKPOINT BATCH 2460,11.0912,,,
,CHECKPOINT BATCH 2465,18.7086,,,
09:13:43,2469,12.4225,1.9870,2500,0.7922
,CHECKPOINT BATCH 2470,8.4231,,,
,CHECKPOINT BATCH 2475,8.8753,,,
,CHECKPOINT BATCH 2480,14.5824,,,
09:13:45,2482,14.0743,2.5795,2513,0.7912
,CHECKPOINT BATCH 2485,13.1309,,,
,CHECKPOINT BATCH 2490,13.1580,,,
09:13:47,2495,14.9854,4.0965,2526,0.7902
,CHECKPOINT BATCH 2495,14.9854,,,
,CHECKPOINT BATCH 2500,11.7517,,,
,CHECKPOINT BATCH 2505,12.2375,,,
09:13:49,2507,9.0722,5.3365,2538,0.7893
,CHECKPOINT BATCH 2510,12.3393,,,
09:13:52,2512,24.4136,5.4835,2543,0.7890
,CHECKPOINT BATCH 2515,18.6453,,,
09:13:54,2517,12.7617,5.4715,2548,0.7886
,CHECKPOINT BATCH 2520,8.0302,,,
09:13:56,2525,8.1565,5.4625,2556,0.7880
,CHECKPOINT BATCH 2525,8.1565,,,
,CHECKPOINT BATCH 2530,8.0136,,,
09:13:59,2532,10.1522,5.9190,2563,0.7875
,CHECKPOINT BATCH 2535,11.9847,,,
,CHECKPOINT BATCH 2540,8.7465,,,
,CHECKPOINT BATCH 2545,11.6002,,,
,CHECKPOINT BATCH 2550,20.5150,,,
09:14:01,2551,15.8801,6.1730,2582,0.7861
,CHECKPOINT BATCH 2555,23.4680,,,
,CHECKPOINT BATCH 2560,8.8951,,,
,CHECKPOINT BATCH 2565,9.3405,,,
09:14:03,2567,14.7243,4.8135,2598,0.7849
,CHECKPOINT BATCH 2570,9.1550,,,
,CHECKPOINT BATCH 2575,10.8381,,,
,CHECKPOINT BATCH 2580,7.4869,,,
,CHECKPOINT BATCH 2585,6.3057,,,
09:14:05,2588,9.9172,4.2815,2619,0.7834
,CHECKPOINT BATCH 2590,9.8342,,,
,CHECKPOINT BATCH 2595,9.1298,,,
,CHECKPOINT BATCH 2600,6.4529,,,
,CHECKPOINT BATCH 2605,8.6478,,,
09:14:07,2610,9.4730,2.0845,2641,0.7818
,CHECKPOINT BATCH 2610,9.4730,,,
,CHECKPOINT BATCH 2615,16.4052,,,
,CHECKPOINT BATCH 2620,10.7449,,,
09:14:10,2623,10.1803,2.3910,2654,0.7808
,CHECKPOINT BATCH 2625,9.5902,,,
,CHECKPOINT BATCH 2630,9.7775,,,
,CHECKPOINT BATCH 2635,6.2219,,,
,CHECKPOINT BATCH 2640,16.0035,,,
,CHECKPOINT BATCH 2645,13.0536,,,
09:14:12,2646,11.5413,1.6445,2677,0.7791
,CHECKPOINT BATCH 2650,11.9551,,,
09:14:14,2655,18.1409,1.6445,2686,0.7785
,CHECKPOINT BATCH 2655,18.1409,,,
,CHECKPOINT BATCH 2660,10.7308,,,
,CHECKPOINT BATCH 2665,13.6319,,,
,CHECKPOINT BATCH 2670,7.8270,,,
09:14:16,2673,13.6736,0.7050,2704,0.7772
,CHECKPOINT BATCH 2675,9.7929,,,
,CHECKPOINT BATCH 2680,7.5078,,,
,CHECKPOINT BATCH 2685,9.6781,,,
,CHECKPOINT BATCH 2690,8.4594,,,
,CHECKPOINT BATCH 2695,15.3689,,,
09:14:18,2699,13.6244,0.6660,2730,0.7753
,CHECKPOINT BATCH 2700,15.3289,,,
,CHECKPOINT BATCH 2705,13.4752,,,
,CHECKPOINT BATCH 2710,11.9039,,,
,CHECKPOINT BATCH 2715,14.4422,,,
09:14:20,2718,10.5859,0.3045,2749,0.7739
,CHECKPOINT BATCH 2720,12.8478,,,
,CHECKPOINT BATCH 2725,10.1896,,,
,CHECKPOINT BATCH 2730,12.1073,,,
,CHECKPOINT BATCH 2735,8.4447,,,
09:14:22,2736,12.2447,0.4265,2767,0.7726
,CHECKPOINT BATCH 2740,8.8749,,,
09:14:26,2745,10.5889,0.5425,2776,0.7720
,CHECKPOINT BATCH 2745,10.5889,,,
09:14:29,2749,24.6554,1.2805,2780,0.7717
,CHECKPOINT BATCH 2750,9.6310,,,
,CHECKPOINT BATCH 2755,13.0630,,,
09:14:33,2756,10.1972,3.1990,2787,0.7712
09:14:36,2759,14.8313,4.2390,2790,0.7709
,CHECKPOINT BATCH 2760,16.5442,,,
,CHECKPOINT BATCH 2765,13.6905,,,
09:14:39,2768,20.4295,6.5050,2799,0.7703
,CHECKPOINT BATCH 2770,11.5021,,,
,CHECKPOINT BATCH 2775,10.5213,,,
09:14:41,2780,12.6331,9.3655,2811,0.7694
,CHECKPOINT BATCH 2780,12.6331,,,
,CHECKPOINT BATCH 2785,21.5334,,,
09:14:43,2786,21.2485,9.7920,2817,0.7690
,CHECKPOINT BATCH 2790,13.5222,,,
09:14:46,2795,17.2224,9.8100,2826,0.7684
,CHECKPOINT BATCH 2795,17.2224,,,
,CHECKPOINT BATCH 2800,12.9858,,,
,CHECKPOINT BATCH 2805,21.7406,,,
09:14:48,2809,14.7224,9.6965,2840,0.7673
,CHECKPOINT BATCH 2810,12.5461,,,
,CHECKPOINT BATCH 2815,12.1921,,,
,CHECKPOINT BATCH 2820,14.7117,,,
09:14:50,2825,13.8606,10.0035,2856,0.7662
,CHECKPOINT BATCH 2825,13.8606,,,
09:14:53,2829,12.9094,10.1535,2860,0.7659
,CHECKPOINT BATCH 2830,12.9373,,,
09:14:56,2834,12.2868,10.7560,2865,0.7656
,CHECKPOINT BATCH 2835,10.4403,,,
,CHECKPOINT BATCH 2840,22.3207,,,
,CHECKPOINT BATCH 2845,11.7964,,,
,CHECKPOINT BATCH 2850,10.3262,,,
09:14:59,2852,14.1088,10.4625,2883,0.7643
,CHECKPOINT BATCH 2855,11.9304,,,
,CHECKPOINT BATCH 2860,12.0832,,,
,CHECKPOINT BATCH 2865,20.2304,,,
09:15:01,2867,11.9128,6.3655,2898,0.7632
,CHECKPOINT BATCH 2870,12.7949,,,
,CHECKPOINT BATCH 2875,20.3764,,,
,CHECKPOINT BATCH 2880,12.6809,,,
09:15:03,2884,10.6615,2.7110,2915,0.7620
,CHECKPOINT BATCH 2885,11.9008,,,
,CHECKPOINT BATCH 2890,11.8859,,,
,CHECKPOINT BATCH 2895,15.8630,,,
09:15:05,2900,14.1747,2.6700,2931,0.7609
,CHECKPOINT BATCH 2900,14.1747,,,
,CHECKPOINT BATCH 2905,8.4221,,,
,CHECKPOINT BATCH 2910,19.9362,,,
,CHECKPOINT BATCH 2915,14.4487,,,
09:15:07,2916,29.6937,2.6580,2947,0.7597
,CHECKPOINT BATCH 2920,15.3573,,,
,CHECKPOINT BATCH 2925,14.8617,,,
,CHECKPOINT BATCH 2930,10.6102,,,
09:15:09,2933,16.0706,2.0510,2964,0.7585
,CHECKPOINT BATCH 2935,17.4680,,,
,CHECKPOINT BATCH 2940,12.5451,,,
,CHECKPOINT BATCH 2945,13.6575,,,
09:15:11,2950,11.1084,-0.0615,2981,0.7573
,CHECKPOINT BATCH 2950,11.1084,,,
,CHECKPOINT BATCH 2955,17.5394,,,
,CHECKPOINT BATCH 2960,10.9198,,,
,CHECKPOINT BATCH 2965,14.5600,,,
09:15:14,2967,15.0019,-0.0615,2998,0.7561
,CHECKPOINT BATCH 2970,11.9447,,,
,CHECKPOINT BATCH 2975,10.2980,,,
,CHECKPOINT BATCH 2980,13.6511,,,
09:15:16,2982,8.1668,-0.0575,3013,0.7550
,CHECKPOINT BATCH 2985,13.0843,,,
,CHECKPOINT BATCH 2990,11.7478,,,
,CHECKPOINT BATCH 2995,15.0701,,,
09:15:18,2999,18.4818,-0.0875,3030,0.7538
,CHECKPOINT BATCH 3000,12.4355,,,
,CHECKPOINT BATCH 3005,10.0113,,,
,CHECKPOINT BATCH 3010,13.7993,,,
,CHECKPOINT BATCH 3015,10.7834,,,
09:15:20,3016,9.4079,-0.0760,3047,0.7527
,CHECKPOINT BATCH 3020,12.5878,,,
,CHECKPOINT BATCH 3025,17.0712,,,
,CHECKPOINT BATCH 3030,10.9116,,,
09:15:22,3033,13.3328,-0.0760,3064,0.7515
,CHECKPOINT BATCH 3035,10.4185,,,
09:15:26,3038,14.2846,0.6765,3069,0.7511
,CHECKPOINT BATCH 3040,19.7408,,,
09:15:29,3041,10.6308,1.7315,3072,0.7509
,CHECKPOINT BATCH 3045,10.9162,,,
09:15:31,3050,14.7990,4.1565,3081,0.7503
,CHECKPOINT BATCH 3050,14.7990,,,
09:15:34,3053,16.7050,5.3615,3084,0.7501
,CHECKPOINT BATCH 3055,23.8219,,,
,CHECKPOINT BATCH 3060,15.9092,,,
,CHECKPOINT BATCH 3065,10.1777,,,
09:15:38,3066,9.4473,8.0950,3097,0.7491
09:15:41,3070,11.3888,8.0945,3101,0.7489
,CHECKPOINT BATCH 3070,11.3888,,,
09:15:44,3074,18.0363,8.8425,3105,0.7486
,CHECKPOINT BATCH 3075,12.1686,,,
,CHECKPOINT BATCH 3080,13.6210,,,
,CHECKPOINT BATCH 3085,20.4764,,,
09:15:47,3088,20.3142,12.1900,3119,0.7476
,CHECKPOINT BATCH 3090,16.3984,,,
,CHECKPOINT BATCH 3095,15.6040,,,
09:15:49,3100,13.2543,12.9545,3131,0.7468
,CHECKPOINT BATCH 3100,13.2543,,,
09:15:52,3105,15.5764,13.2540,3136,0.7464
,CHECKPOINT BATCH 3105,15.5764,,,
,CHECKPOINT BATCH 3110,21.1364,,,
,CHECKPOINT BATCH 3115,21.5699,,,
09:15:54,3119,15.6349,13.3000,3150,0.7455
,CHECKPOINT BATCH 3120,14.1184,,,
,CHECKPOINT BATCH 3125,11.0723,,,
09:15:56,3127,11.9879,14.6920,3158,0.7449
,CHECKPOINT BATCH 3130,17.4801,,,
09:16:00,3133,10.6808,15.8965,3164,0.7445
,CHECKPOINT BATCH 3135,15.2699,,,
,CHECKPOINT BATCH 3140,7.6520,,,
,CHECKPOINT BATCH 3145,22.0100,,,
09:16:02,3149,14.0294,12.5705,3180,0.7434
,CHECKPOINT BATCH 3150,11.6233,,,
,CHECKPOINT BATCH 3155,18.0535,,,
,CHECKPOINT BATCH 3160,10.3513,,,
,CHECKPOINT BATCH 3165,14.1606,,,
09:16:07,3166,13.0912,9.5320,3197,0.7422
09:16:10,3170,19.4548,9.9830,3201,0.7419
,CHECKPOINT BATCH 3170,19.4548,,,
09:16:13,3175,16.8346,8.7800,3206,0.7416
,CHECKPOINT BATCH 3175,16.8346,,,
,CHECKPOINT BATCH 3180,13.1786,,,
,CHECKPOINT BATCH 3185,18.5914,,,
,CHECKPOINT BATCH 3190,15.7950,,,
09:16:16,3192,21.6505,5.7310,3223,0.7404
,CHECKPOINT BATCH 3195,14.6484,,,
,CHECKPOINT BATCH 3200,20.7060,,,
,CHECKPOINT BATCH 3205,10.6214,,,
09:16:18,3209,16.1876,5.1200,3240,0.7392
,CHECKPOINT BATCH 3210,15.2695,,,
,CHECKPOINT BATCH 3215,17.2973,,,
,CHECKPOINT BATCH 3220,12.5306,,,
,CHECKPOINT BATCH 3225,13.8600,,,
09:16:20,3226,10.5329,4.2960,3257,0.7381
,CHECKPOINT BATCH 3230,17.0989,,,
,CHECKPOINT BATCH 3235,10.8797,,,
,CHECKPOINT BATCH 3240,26.5534,,,
09:16:22,3243,24.0048,2.2065,3274,0.7369
,CHECKPOINT BATCH 3245,13.9489,,,
,CHECKPOINT BATCH 3250,15.4031,,,
,CHECKPOINT BATCH 3255,12.3351,,,
09:16:24,3260,17.5599,1.9055,3291,0.7357
,CHECKPOINT BATCH 3260,17.5599,,,
,CHECKPOINT BATCH 3265,12.8723,,,
,CHECKPOINT BATCH 3270,10.1699,,,
,CHECKPOINT BATCH 3275,16.2481,,,
09:16:26,3276,20.5353,0.4130,3307,0.7346
,CHECKPOINT BATCH 3280,11.6100,,,
,CHECKPOINT BATCH 3285,14.4416,,,
,CHECKPOINT BATCH 3290,15.9116,,,
09:16:28,3293,11.7111,0.4370,3324,0.7335
,CHECKPOINT BATCH 3295,11.7986,,,
,CHECKPOINT BATCH 3300,10.7299,,,
,CHECKPOINT BATCH 3305,17.5698,,,
09:16:30,3310,18.9556,0.1345,3341,0.7323
,CHECKPOINT BATCH 3310,18.9556,,,
,CHECKPOINT BATCH 3315,34.2040,,,
,CHECKPOINT BATCH 3320,13.6194,,,
,CHECKPOINT BATCH 3325,8.7539,,,
09:16:33,3327,10.9154,-0.0060,3358,0.7311
,CHECKPOINT BATCH 3330,8.3041,,,
,CHECKPOINT BATCH 3335,11.7048,,,
,CHECKPOINT BATCH 3340,10.1632,,,
09:16:35,3344,11.1725,-0.0050,3375,0.7300
,CHECKPOINT BATCH 3345,17.4401,,,
,CHECKPOINT BATCH 3350,11.3643,,,
,CHECKPOINT BATCH 3355,14.1550,,,
,CHECKPOINT BATCH 3360,17.1590,,,
09:16:37,3361,14.2733,-0.0035,3392,0.7288
,CHECKPOINT BATCH 3365,15.4650,,,
,CHECKPOINT BATCH 3370,13.3760,,,
,CHECKPOINT BATCH 3375,11.7551,,,
09:16:39,3378,18.6391,0.1355,3409,0.7277
,CHECKPOINT BATCH 3380,10.0739,,,
,CHECKPOINT BATCH 3385,13.8976,,,
,CHECKPOINT BATCH 3390,17.2972,,,
09:16:41,3393,11.9941,0.5585,3424,0.7267
,CHECKPOINT BATCH 3395,9.6587,,,
,CHECKPOINT BATCH 3400,18.4542,,,
,CHECKPOINT BATCH 3405,16.9762,,,
09:16:43,3409,12.6042,0.5490,3440,0.7256
,CHECKPOINT BATCH 3410,21.3410,,,
,CHECKPOINT BATCH 3415,13.1281,,,
,CHECKPOINT BATCH 3420,13.1085,,,
09:16:45,3423,19.0081,0.5445,3454,0.7246
,CHECKPOINT BATCH 3425,14.3777,,,
,CHECKPOINT BATCH 3430,12.8794,,,
,CHECKPOINT BATCH 3435,20.6034,,,
09:16:48,3438,25.9184,0.5245,3469,0.7236
,CHECKPOINT BATCH 3440,13.2163,,,
,CHECKPOINT BATCH 3445,12.8643,,,
,CHECKPOINT BATCH 3450,14.3272,,,
09:16:50,3451,16.0016,0.5115,3482,0.7227
,CHECKPOINT BATCH 3455,14.8414,,,
,CHECKPOINT BATCH 3460,17.1367,,,
,CHECKPOINT BATCH 3465,14.7250,,,
09:16:52,3466,14.3068,0.5125,3497,0.7217
,CHECKPOINT BATCH 3470,26.2261,,,
,CHECKPOINT BATCH 3475,12.9352,,,
09:16:54,3480,15.0487,0.2085,3511,0.7208
,CHECKPOINT BATCH 3480,15.0487,,,
09:16:57,3483,17.3114,0.2115,3514,0.7206
,CHECKPOINT BATCH 3485,20.4117,,,
,CHECKPOINT BATCH 3490,11.3160,,,
09:16:59,3493,15.9819,-0.0405,3524,0.7199
,CHECKPOINT BATCH 3495,15.0915,,,
,CHECKPOINT BATCH 3500,15.0762,,,
09:17:01,3502,21.0453,-0.0095,3533,0.7193
,CHECKPOINT BATCH 3505,22.1389,,,
09:17:04,3510,12.7853,0.0045,3541,0.7188
,CHECKPOINT BATCH 3510,12.7853,,,
,CHECKPOINT BATCH 3515,19.4519,,,
09:17:06,3518,12.9289,0.1780,3549,0.7182
,CHECKPOINT BATCH 3520,16.4555,,,
,CHECKPOINT BATCH 3525,17.4811,,,
,CHECKPOINT BATCH 3530,13.5693,,,
,CHECKPOINT BATCH 3535,8.8062,,,
,CHECKPOINT BATCH 3540,13.5900,,,
,CHECKPOINT BATCH 3545,18.8386,,,
09:17:08,3550,13.7317,0.3990,3581,0.7161
,CHECKPOINT BATCH 3550,13.7317,,,
,CHECKPOINT BATCH 3555,15.4007,,,
,CHECKPOINT BATCH 3560,12.6646,,,
,CHECKPOINT BATCH 3565,15.3857,,,
09:17:10,3566,13.3243,0.3980,3597,0.7150
,CHECKPOINT BATCH 3570,29.7177,,,
,CHECKPOINT BATCH 3575,20.9793,,,
09:17:13,3577,20.7300,0.4245,3608,0.7143
,CHECKPOINT BATCH 3580,20.3014,,,
,CHECKPOINT BATCH 3585,10.7084,,,
,CHECKPOINT BATCH 3590,16.9088,,,
09:17:15,3591,12.3746,1.7790,3622,0.7134
,CHECKPOINT BATCH 3595,16.0893,,,
,CHECKPOINT BATCH 3600,9.6766,,,
,CHECKPOINT BATCH 3605,11.0347,,,
09:17:17,3607,11.8835,1.7325,3638,0.7123
,CHECKPOINT BATCH 3610,17.5460,,,
,CHECKPOINT BATCH 3615,24.2571,,,
,CHECKPOINT BATCH 3620,16.8935,,,
09:17:20,3623,18.1806,1.4155,3654,0.7113
,CHECKPOINT BATCH 3625,31.5914,,,
,CHECKPOINT BATCH 3630,11.0427,,,
,CHECKPOINT BATCH 3635,8.1586,,,
09:17:22,3640,23.3040,1.3660,3671,0.7101
,CHECKPOINT BATCH 3640,23.3040,,,
,CHECKPOINT BATCH 3645,14.7602,,,
,CHECKPOINT BATCH 3650,12.9485,,,
09:17:26,3655,10.0043,2.1170,3686,0.7092
,CHECKPOINT BATCH 3655,10.0043,,,
,CHECKPOINT BATCH 3660,14.8021,,,
09:17:30,3663,19.7607,2.8755,3694,0.7086
,CHECKPOINT BATCH 3665,20.1632,,,
,CHECKPOINT BATCH 3670,11.0484,,,
09:17:32,3674,10.2811,5.7660,3705,0.7079
,CHECKPOINT BATCH 3675,9.9692,,,
,CHECKPOINT BATCH 3680,11.9239,,,
09:17:37,3685,14.1419,6.1720,3716,0.7072
,CHECKPOINT BATCH 3685,14.1419,,,
,CHECKPOINT BATCH 3690,16.2605,,,
09:17:40,3692,20.5974,5.5670,3723,0.7067
,CHECKPOINT BATCH 3695,17.3163,,,
,CHECKPOINT BATCH 3700,14.1017,,,
09:17:42,3704,15.7992,7.7015,3735,0.7059
,CHECKPOINT BATCH 3705,14.7698,,,
,CHECKPOINT BATCH 3710,19.5849,,,
,CHECKPOINT BATCH 3715,14.6762,,,
09:17:47,3718,15.5886,9.4730,3749,0.7050
,CHECKPOINT BATCH 3720,22.8127,,,
,CHECKPOINT BATCH 3725,18.5916,,,
09:17:49,3727,14.9656,11.5895,3758,0.7044
,CHECKPOINT BATCH 3730,12.4804,,,
09:17:52,3733,27.0857,12.3440,3764,0.7040
,CHECKPOINT BATCH 3735,15.3097,,,
,CHECKPOINT BATCH 3740,17.6339,,,
09:17:55,3745,18.7955,13.8520,3776,0.7033
,CHECKPOINT BATCH 3745,18.7955,,,
,CHECKPOINT BATCH 3750,11.6200,,,
,CHECKPOINT BATCH 3755,19.9009,,,
09:17:58,3760,22.3723,12.4980,3791,0.7023
,CHECKPOINT BATCH 3760,22.3723,,,
,CHECKPOINT BATCH 3765,12.2602,,,
09:18:02,3768,16.5079,11.1235,3799,0.7018
,CHECKPOINT BATCH 3770,15.6875,,,
09:18:05,3775,16.0134,10.5025,3806,0.7013
,CHECKPOINT BATCH 3775,16.0134,,,
,CHECKPOINT BATCH 3780,21.7710,,,
09:18:08,3784,20.7676,10.5020,3815,0.7007
09:18:10,3785,14.9539,11.2575,3816,0.7006
,CHECKPOINT BATCH 3785,14.9539,,,
,CHECKPOINT BATCH 3790,17.3194,,,
,CHECKPOINT BATCH 3795,30.5211,,,
09:18:12,3797,16.3969,12.1570,3828,0.6999
,CHECKPOINT BATCH 3800,14.7987,,,
,CHECKPOINT BATCH 3805,12.2353,,,
09:18:15,3807,16.3620,11.4000,3838,0.6992
,CHECKPOINT BATCH 3810,16.5404,,,
,CHECKPOINT BATCH 3815,15.3258,,,
09:18:19,3817,20.8423,12.7550,3848,0.6986
,CHECKPOINT BATCH 3820,25.5689,,,
,CHECKPOINT BATCH 3825,19.8353,,,
,CHECKPOINT BATCH 3830,15.5091,,,
09:18:21,3835,15.4452,10.2100,3866,0.6974
,CHECKPOINT BATCH 3835,15.4452,,,
,CHECKPOINT BATCH 3840,12.0228,,,
,CHECKPOINT BATCH 3845,20.7558,,,
09:18:23,3850,30.3713,9.3045,3881,0.6964
,CHECKPOINT BATCH 3850,30.3713,,,
,CHECKPOINT BATCH 3855,17.0689,,,
,CHECKPOINT BATCH 3860,17.4361,,,
09:18:25,3863,21.3496,9.2970,3894,0.6956
,CHECKPOINT BATCH 3865,14.2755,,,
,CHECKPOINT BATCH 3870,16.9431,,,
09:18:27,3874,20.6234,9.6145,3905,0.6949
09:18:30,3875,19.8166,9.0165,3906,0.6948
,CHECKPOINT BATCH 3875,19.8166,,,
,CHECKPOINT BATCH 3880,13.4719,,,
09:18:32,3885,16.4438,7.5560,3916,0.6942
,CHECKPOINT BATCH 3885,16.4438,,,
,CHECKPOINT BATCH 3890,18.0062,,,
09:18:35,3893,13.9398,6.6565,3924,0.6937
,CHECKPOINT BATCH 3895,16.0571,,,
,CHECKPOINT BATCH 3900,16.9049,,,
09:18:37,3904,33.6567,6.2255,3935,0.6929
,CHECKPOINT BATCH 3905,14.5923,,,
,CHECKPOINT BATCH 3910,13.4787,,,
,CHECKPOINT BATCH 3915,14.1039,,,
09:18:39,3916,22.8067,5.1970,3947,0.6922
,CHECKPOINT BATCH 3920,15.3088,,,
09:18:41,3923,19.3625,3.8320,3954,0.6917
,CHECKPOINT BATCH 3925,11.5812,,,
,CHECKPOINT BATCH 3930,16.0027,,,
,CHECKPOINT BATCH 3935,14.2673,,,
09:18:44,3936,12.8073,6.2525,3967,0.6909
,CHECKPOINT BATCH 3940,15.5671,,,
,CHECKPOINT BATCH 3945,13.9601,,,
09:18:46,3946,17.5974,7.9260,3977,0.6903
,CHECKPOINT BATCH 3950,19.2092,,,
,CHECKPOINT BATCH 3955,12.7854,,,
09:18:49,3959,13.7944,9.1945,3990,0.6894
,CHECKPOINT BATCH 3960,18.9129,,,
,CHECKPOINT BATCH 3965,19.0804,,,
,CHECKPOINT BATCH 3970,21.5299,,,
09:18:53,3974,27.2631,10.4125,4005,0.6885
,CHECKPOINT BATCH 3975,15.8550,,,
,CHECKPOINT BATCH 3980,15.0363,,,
09:18:55,3982,22.9473,11.1665,4013,0.6880
,CHECKPOINT BATCH 3985,20.4471,,,
,CHECKPOINT BATCH 3990,22.3386,,,
,CHECKPOINT BATCH 3995,17.5960,,,
09:18:58,3998,13.1478,11.9245,4029,0.6869
,CHECKPOINT BATCH 4000,16.5545,,,
09:19:00,4003,20.2232,13.1320,4034,0.6866
,CHECKPOINT BATCH 4005,17.2713,,,
,CHECKPOINT BATCH 4010,17.8243,,,
09:19:03,4011,25.0808,13.1230,4042,0.6861
,CHECKPOINT BATCH 4015,18.7678,,,
09:19:05,4020,27.2136,13.6010,4051,0.6855
,CHECKPOINT BATCH 4020,27.2136,,,
,CHECKPOINT BATCH 4025,12.9090,,,
09:19:07,4026,12.9969,13.0160,4057,0.6852
,CHECKPOINT BATCH 4030,12.3079,,,
,CHECKPOINT BATCH 4035,17.4205,,,
,CHECKPOINT BATCH 4040,17.6997,,,
09:19:10,4045,29.3562,10.5025,4076,0.6839
,CHECKPOINT BATCH 4045,29.3562,,,
,CHECKPOINT BATCH 4050,13.2720,,,
,CHECKPOINT BATCH 4055,17.0700,,,
,CHECKPOINT BATCH 4060,16.4751,,,
09:19:12,4063,17.2363,8.7700,4094,0.6828
,CHECKPOINT BATCH 4065,17.3854,,,
,CHECKPOINT BATCH 4070,17.6246,,,
,CHECKPOINT BATCH 4075,21.9165,,,
09:19:14,4079,12.6320,7.2300,4110,0.6818
,CHECKPOINT BATCH 4080,14.0641,,,
,CHECKPOINT BATCH 4085,18.8331,,,
,CHECKPOINT BATCH 4090,11.9780,,,
09:19:16,4095,27.4920,5.2345,4126,0.6808
,CHECKPOINT BATCH 4095,27.4920,,,
,CHECKPOINT BATCH 4100,14.1308,,,
,CHECKPOINT BATCH 4105,14.2042,,,
09:19:20,4107,12.2233,3.1120,4138,0.6800
,CHECKPOINT BATCH 4110,18.2022,,,
,CHECKPOINT BATCH 4115,18.2226,,,
09:19:23,4116,18.3203,2.9775,4147,0.6795
,CHECKPOINT BATCH 4120,11.5431,,,
09:19:25,4123,12.2284,2.5260,4154,0.6790
,CHECKPOINT BATCH 4125,12.5718,,,
,CHECKPOINT BATCH 4130,21.9719,,,
09:19:27,4133,10.5537,3.1180,4164,0.6784
,CHECKPOINT BATCH 4135,12.3238,,,
,CHECKPOINT BATCH 4140,15.6820,,,
09:19:30,4142,22.6267,4.4565,4173,0.6778
,CHECKPOINT BATCH 4145,17.1919,,,
,CHECKPOINT BATCH 4150,16.7693,,,
09:19:32,4151,10.9212,5.3460,4182,0.6773
,CHECKPOINT BATCH 4155,21.9600,,,
09:19:35,4159,13.0888,5.4990,4190,0.6768
,CHECKPOINT BATCH 4160,16.5765,,,
,CHECKPOINT BATCH 4165,10.9226,,,
09:19:37,4168,20.4092,7.1985,4199,0.6762
,CHECKPOINT BATCH 4170,12.6586,,,
,CHECKPOINT BATCH 4175,10.7971,,,
,CHECKPOINT BATCH 4180,19.8877,,,
09:19:40,4185,16.7585,7.6745,4216,0.6751
,CHECKPOINT BATCH 4185,16.7585,,,
,CHECKPOINT BATCH 4190,20.0115,,,
,CHECKPOINT BATCH 4195,17.8141,,,
09:19:42,4200,14.6897,7.8315,4231,0.6742
,CHECKPOINT BATCH 4200,14.6897,,,
,CHECKPOINT BATCH 4205,13.0333,,,
,CHECKPOINT BATCH 4210,25.5971,,,
09:19:44,4212,17.0590,8.7200,4243,0.6734
,CHECKPOINT BATCH 4215,9.6712,,,
,CHECKPOINT BATCH 4220,14.4646,,,
09:19:47,4223,17.2331,9.5735,4254,0.6728
,CHECKPOINT BATCH 4225,12.6023,,,
09:19:49,4228,15.8397,9.8510,4259,0.6724
,CHECKPOINT BATCH 4230,16.4605,,,
09:19:52,4235,15.0340,7.8740,4266,0.6720
,CHECKPOINT BATCH 4235,15.0340,,,
,CHECKPOINT BATCH 4240,15.2582,,,
,CHECKPOINT BATCH 4245,15.9724,,,
09:19:54,4246,29.8214,6.0575,4277,0.6713
,CHECKPOINT BATCH 4250,15.4152,,,
,CHECKPOINT BATCH 4255,15.3600,,,
09:19:56,4256,10.6668,5.0020,4287,0.6707
,CHECKPOINT BATCH 4260,19.4085,,,
,CHECKPOINT BATCH 4265,12.6467,,,
,CHECKPOINT BATCH 4270,12.6411,,,
,CHECKPOINT BATCH 4275,11.9268,,,
09:19:58,4276,17.5182,2.9990,4307,0.6695
,CHECKPOINT BATCH 4280,14.0509,,,
,CHECKPOINT BATCH 4285,15.6699,,,
,CHECKPOINT BATCH 4290,23.7749,,,
09:20:00,4292,17.1447,3.2735,4323,0.6685
,CHECKPOINT BATCH 4295,11.5520,,,
,CHECKPOINT BATCH 4300,12.8478,,,
,CHECKPOINT BATCH 4305,11.4929,,,
09:20:03,4306,13.1096,2.6845,4337,0.6676
,CHECKPOINT BATCH 4310,19.5062,,,
,CHECKPOINT BATCH 4315,13.9742,,,
,CHECKPOINT BATCH 4320,10.9144,,,
09:20:05,4323,17.8316,1.2260,4354,0.6666
,CHECKPOINT BATCH 4325,11.2771,,,
,CHECKPOINT BATCH 4330,12.7913,,,
,CHECKPOINT BATCH 4335,13.6384,,,
09:20:07,4337,15.4549,0.6575,4368,0.6657
,CHECKPOINT BATCH 4340,12.0902,,,
,CHECKPOINT BATCH 4345,15.4400,,,
09:20:11,4349,8.0333,1.4165,4380,0.6650
,CHECKPOINT BATCH 4350,16.3894,,,
,CHECKPOINT BATCH 4355,19.3044,,,
,CHECKPOINT BATCH 4360,14.6398,,,
09:20:15,4362,8.8373,3.5395,4393,0.6642
,CHECKPOINT BATCH 4365,18.8882,,,
09:20:19,4370,9.4701,4.7450,4401,0.6637
,CHECKPOINT BATCH 4370,9.4701,,,
,CHECKPOINT BATCH 4375,13.3357,,,
09:20:23,4376,12.7588,4.5850,4407,0.6633
,CHECKPOINT BATCH 4380,16.0546,,,
09:20:25,4383,18.5216,4.4650,4414,0.6629
,CHECKPOINT BATCH 4385,16.0374,,,
09:20:28,4389,14.4036,4.6455,4420,0.6625
,CHECKPOINT BATCH 4390,10.9153,,,
09:20:30,4395,15.1698,4.6745,4426,0.6621
,CHECKPOINT BATCH 4395,15.1698,,,
,CHECKPOINT BATCH 4400,13.5175,,,
09:20:33,4401,18.4282,4.6940,4432,0.6618
,CHECKPOINT BATCH 4405,12.5972,,,
,CHECKPOINT BATCH 4410,16.5030,,,
09:20:35,4413,12.5104,5.1465,4444,0.6610
,CHECKPOINT BATCH 4415,16.6355,,,
,CHECKPOINT BATCH 4420,27.1228,,,
,CHECKPOINT BATCH 4425,12.7535,,,
09:20:37,4427,16.9500,7.2820,4458,0.6602
,CHECKPOINT BATCH 4430,14.4481,,,
,CHECKPOINT BATCH 4435,14.4212,,,
09:20:39,4437,26.9354,9.8295,4468,0.6596
,CHECKPOINT BATCH 4440,16.9069,,,
,CHECKPOINT BATCH 4445,13.7845,,,
,CHECKPOINT BATCH 4450,14.2048,,,
09:20:43,4453,27.1034,11.5005,4484,0.6586
,CHECKPOINT BATCH 4455,13.6650,,,
,CHECKPOINT BATCH 4460,15.7628,,,
09:20:47,4463,15.4105,12.4065,4494,0.6580
,CHECKPOINT BATCH 4465,18.2260,,,
,CHECKPOINT BATCH 4470,23.0459,,,
09:20:50,4474,18.5359,13.5015,4505,0.6573
,CHECKPOINT BATCH 4475,14.4732,,,
09:20:53,4478,22.4746,13.7890,4509,0.6571
,CHECKPOINT BATCH 4480,25.5581,,,
,CHECKPOINT BATCH 4485,23.2321,,,
,CHECKPOINT BATCH 4490,14.9390,,,
09:20:55,4494,21.8448,13.2610,4525,0.6561
,CHECKPOINT BATCH 4495,13.4149,,,
,CHECKPOINT BATCH 4500,18.4987,,,
,CHECKPOINT BATCH 4505,30.3008,,,
,CHECKPOINT BATCH 4510,16.4175,,,
09:20:57,4511,18.4654,13.9475,4542,0.6551
,CHECKPOINT BATCH 4515,15.7429,,,
,CHECKPOINT BATCH 4520,21.3355,,,
,CHECKPOINT BATCH 4525,26.9414,,,
09:20:59,4528,13.9285,11.6235,4559,0.6541
,CHECKPOINT BATCH 4530,20.5310,,,
,CHECKPOINT BATCH 4535,24.8233,,,
,CHECKPOINT BATCH 4540,13.3270,,,
09:21:01,4545,12.9611,7.9595,4576,0.6530
,CHECKPOINT BATCH 4545,12.9611,,,
,CHECKPOINT BATCH 4550,21.3311,,,
,CHECKPOINT BATCH 4555,22.1777,,,
09:21:05,4557,18.9189,4.9415,4588,0.6523
,CHECKPOINT BATCH 4560,28.4126,,,
,CHECKPOINT BATCH 4565,16.1633,,,
09:21:08,4568,13.4809,3.7485,4599,0.6516
,CHECKPOINT BATCH 4570,13.4248,,,
,CHECKPOINT BATCH 4575,32.1412,,,
,CHECKPOINT BATCH 4580,16.6120,,,
09:21:10,4585,18.5444,3.2955,4616,0.6506
,CHECKPOINT BATCH 4585,18.5444,,,
09:21:12,4588,23.5264,3.4450,4619,0.6504
,CHECKPOINT BATCH 4590,29.6540,,,
,CHECKPOINT BATCH 4595,13.3039,,,
,CHECKPOINT BATCH 4600,18.2238,,,
09:21:15,4604,16.8453,2.6710,4635,0.6495
,CHECKPOINT BATCH 4605,17.3089,,,
,CHECKPOINT BATCH 4610,16.4002,,,
,CHECKPOINT BATCH 4615,14.0395,,,
09:21:17,4619,17.6002,2.2180,4650,0.6486
,CHECKPOINT BATCH 4620,16.2551,,,
,CHECKPOINT BATCH 4625,25.5406,,,
,CHECKPOINT BATCH 4630,26.2626,,,
09:21:19,4635,12.4573,2.2205,4666,0.6476
,CHECKPOINT BATCH 4635,12.4573,,,
,CHECKPOINT BATCH 4640,15.3440,,,
,CHECKPOINT BATCH 4645,14.2530,,,
09:21:21,4650,19.1313,2.2225,4681,0.6467
,CHECKPOINT BATCH 4650,19.1313,,,
,CHECKPOINT BATCH 4655,18.4773,,,
09:21:25,4657,17.8713,2.9710,4688,0.6463
,CHECKPOINT BATCH 4660,27.8710,,,
,CHECKPOINT BATCH 4665,15.4990,,,
09:21:27,4667,18.2402,3.8430,4698,0.6457
,CHECKPOINT BATCH 4670,20.0350,,,
,CHECKPOINT BATCH 4675,19.2883,,,
09:21:30,4677,19.7409,4.1595,4708,0.6451
,CHECKPOINT BATCH 4680,19.3410,,,
09:21:32,4681,17.5187,5.0630,4712,0.6449
,CHECKPOINT BATCH 4685,16.2648,,,
09:21:34,4689,22.5693,6.7220,4720,0.6444
,CHECKPOINT BATCH 4690,23.7825,,,
,CHECKPOINT BATCH 4695,18.6401,,,
09:21:38,4698,22.9662,7.4880,4729,0.6439
,CHECKPOINT BATCH 4700,29.4500,,,
,CHECKPOINT BATCH 4705,18.1641,,,
,CHECKPOINT BATCH 4710,16.4118,,,
09:21:40,4711,26.0062,7.5520,4742,0.6431
,CHECKPOINT BATCH 4715,16.1772,,,
09:21:42,4720,35.1622,7.7480,4751,0.6426
,CHECKPOINT BATCH 4720,35.1622,,,
,CHECKPOINT BATCH 4725,20.4186,,,
,CHECKPOINT BATCH 4730,13.8874,,,
09:21:44,4732,27.8934,7.7740,4763,0.6419
,CHECKPOINT BATCH 4735,15.9024,,,
,CHECKPOINT BATCH 4740,16.7143,,,
,CHECKPOINT BATCH 4745,19.1035,,,
09:21:47,4747,27.7017,7.8005,4778,0.6410
,CHECKPOINT BATCH 4750,27.8307,,,
09:21:49,4753,28.1286,7.9790,4784,0.6406
,CHECKPOINT BATCH 4755,28.5083,,,
,CHECKPOINT BATCH 4760,22.3602,,,
,CHECKPOINT BATCH 4765,19.4428,,,
,CHECKPOINT BATCH 4770,17.7127,,,
09:21:51,4775,21.4439,7.2450,4806,0.6393
,CHECKPOINT BATCH 4775,21.4439,,,
,CHECKPOINT BATCH 4780,14.1600,,,
,CHECKPOINT BATCH 4785,25.6186,,,
,CHECKPOINT BATCH 4790,13.2910,,,
09:21:53,4791,21.6509,3.6195,4822,0.6384
,CHECKPOINT BATCH 4795,24.1819,,,
,CHECKPOINT BATCH 4800,15.1518,,,
,CHECKPOINT BATCH 4805,13.1407,,,
09:21:55,4808,25.7144,3.2630,4839,0.6374
,CHECKPOINT BATCH 4810,25.4028,,,
,CHECKPOINT BATCH 4815,18.2001,,,
09:21:59,4818,12.3254,3.0605,4849,0.6368
,CHECKPOINT BATCH 4820,22.0696,,,
,CHECKPOINT BATCH 4825,15.7522,,,
,CHECKPOINT BATCH 4830,17.2338,,,
09:22:02,4833,19.7150,3.0260,4864,0.6359
,CHECKPOINT BATCH 4835,14.6576,,,
,CHECKPOINT BATCH 4840,22.3877,,,
,CHECKPOINT BATCH 4845,21.1484,,,
09:22:04,4850,20.4099,3.3110,4881,0.6349
,CHECKPOINT BATCH 4850,20.4099,,,
09:22:07,4855,19.2106,3.5850,4886,0.6346
,CHECKPOINT BATCH 4855,19.2106,,,
,CHECKPOINT BATCH 4860,21.0251,,,
09:22:10,4863,19.6359,4.0180,4894,0.6342
,CHECKPOINT BATCH 4865,15.5660,,,
09:22:12,4869,21.3805,4.9030,4900,0.6338
,CHECKPOINT BATCH 4870,12.4173,,,
,CHECKPOINT BATCH 4875,26.1575,,,
09:22:14,4878,15.8199,5.9580,4909,0.6333
,CHECKPOINT BATCH 4880,17.7924,,,
,CHECKPOINT BATCH 4885,29.7259,,,
,CHECKPOINT BATCH 4890,25.4430,,,
09:22:17,4892,19.4364,6.8860,4923,0.6325
,CHECKPOINT BATCH 4895,22.2740,,,
,CHECKPOINT BATCH 4900,21.5215,,,
,CHECKPOINT BATCH 4905,13.6994,,,
09:22:19,4907,11.4553,7.2130,4938,0.6316
,CHECKPOINT BATCH 4910,16.9967,,,
09:22:21,4912,16.8638,8.7190,4943,0.6313
,CHECKPOINT BATCH 4915,17.3161,,,
,CHECKPOINT BATCH 4920,18.9700,,,
09:22:23,4925,16.7904,10.2315,4956,0.6305
,CHECKPOINT BATCH 4925,16.7904,,,
09:22:26,4929,18.7639,11.4345,4960,0.6303
,CHECKPOINT BATCH 4930,22.5900,,,
09:22:29,4933,13.5374,12.7855,4964,0.6301
,CHECKPOINT BATCH 4935,16.1944,,,
,CHECKPOINT BATCH 4940,20.1999,,,
,CHECKPOINT BATCH 4945,17.1870,,,
09:22:32,4947,20.4010,14.6090,4978,0.6293
,CHECKPOINT BATCH 4950,15.7256,,,
09:22:34,4952,18.5410,15.0715,4983,0.6290
,CHECKPOINT BATCH 4955,15.2941,,,
,CHECKPOINT BATCH 4960,17.5737,,,
09:22:37,4964,18.0890,14.3510,4995,0.6283
,CHECKPOINT BATCH 4965,12.6749,,,
,CHECKPOINT BATCH 4970,12.1010,,,
09:22:40,4975,13.4261,13.6170,5000,0.6276
,CHECKPOINT BATCH 4975,13.4261,,,
,CHECKPOINT BATCH 4980,13.2970,,,
,CHECKPOINT BATCH 4985,15.8575,,,
09:22:42,4986,14.5196,15.8800,5000,0.6270
09:22:44,4987,23.9372,16.6305,5000,0.6270
,CHECKPOINT BATCH 4990,15.5592,,,
,CHECKPOINT BATCH 4995,20.8625,,,
09:22:47,5000,18.3273,18.2535,5000,0.6262
,CHECKPOINT BATCH 5000,18.3273,,,
,CHECKPOINT BATCH 5005,12.9727,,,
,CHECKPOINT BATCH 5010,17.9575,,,
09:22:49,5013,11.2077,16.5935,5000,0.6255
,CHECKPOINT BATCH 5015,14.5532,,,
,CHECKPOINT BATCH 5020,10.6940,,,
09:22:51,5022,11.1128,15.6865,5000,0.6249
,CHECKPOINT BATCH 5025,20.0675,,,
09:22:54,5027,17.2730,14.9320,5000,0.6247
,CHECKPOINT BATCH 5030,27.7347,,,
,CHECKPOINT BATCH 5035,18.5645,,,
09:22:56,5038,21.7584,12.6740,5000,0.6240
,CHECKPOINT BATCH 5040,16.6373,,,
,CHECKPOINT BATCH 5045,14.9477,,,
09:22:58,5047,11.3032,12.0730,5000,0.6235
,CHECKPOINT BATCH 5050,17.9294,,,
09:23:01,5055,13.0496,11.0420,5000,0.6230
,CHECKPOINT BATCH 5055,13.0496,,,
,CHECKPOINT BATCH 5060,21.2988,,,
,CHECKPOINT BATCH 5065,15.3137,,,
09:23:05,5070,16.7155,11.9235,5000,0.6222
,CHECKPOINT BATCH 5070,16.7155,,,
09:23:08,5073,26.6216,11.6245,5000,0.6220
,CHECKPOINT BATCH 5075,22.1180,,,
,CHECKPOINT BATCH 5080,14.8293,,,
09:23:10,5082,21.3314,8.3395,5000,0.6215
,CHECKPOINT BATCH 5085,17.9182,,,
,CHECKPOINT BATCH 5090,14.6622,,,
09:23:13,5094,19.0335,7.6060,5000,0.6208
,CHECKPOINT BATCH 5095,16.8674,,,
,CHECKPOINT BATCH 5100,13.0954,,,
,CHECKPOINT BATCH 5105,12.7243,,,
09:23:15,5106,12.5916,7.6055,5000,0.6201
,CHECKPOINT BATCH 5110,28.9148,,,
09:23:18,5112,31.0405,8.5080,5000,0.6198
,CHECKPOINT BATCH 5115,22.2537,,,
09:23:21,5117,19.3412,8.3620,5000,0.6195
,CHECKPOINT BATCH 5120,26.8108,,,
,CHECKPOINT BATCH 5125,23.4464,,,
09:23:23,5128,26.4604,10.5265,5000,0.6189
,CHECKPOINT BATCH 5130,18.3819,,,
,CHECKPOINT BATCH 5135,14.6321,,,
,CHECKPOINT BATCH 5140,23.6791,,,
09:23:28,5141,21.3881,12.4980,5000,0.6181
,CHECKPOINT BATCH 5145,16.2220,,,
,CHECKPOINT BATCH 5150,14.9175,,,
09:23:30,5152,25.0921,14.1580,5000,0.6175
09:23:33,5155,14.1978,14.2955,5000,0.6173
,CHECKPOINT BATCH 5155,14.1978,,,
,CHECKPOINT BATCH 5160,17.9409,,,
,CHECKPOINT BATCH 5165,23.4924,,,
09:23:35,5166,25.2139,14.7615,5000,0.6167
,CHECKPOINT BATCH 5170,23.4387,,,
09:23:39,5173,26.7614,16.2845,5000,0.6163
,CHECKPOINT BATCH 5175,13.5495,,,
,CHECKPOINT BATCH 5180,16.8748,,,
09:23:41,5183,14.3894,18.0920,5000,0.6158
,CHECKPOINT BATCH 5185,22.3331,,,
,CHECKPOINT BATCH 5190,13.6600,,,
09:23:45,5193,17.1473,18.5395,5000,0.6152
,CHECKPOINT BATCH 5195,22.0091,,,
,CHECKPOINT BATCH 5200,17.2529,,,
09:23:47,5204,29.2883,20.4000,5000,0.6146
,CHECKPOINT BATCH 5205,19.0538,,,
,CHECKPOINT BATCH 5210,22.1105,,,
09:23:49,5212,17.1472,20.1300,5000,0.6141
,CHECKPOINT BATCH 5215,27.8154,,,
09:23:52,5217,13.6270,21.6335,5000,0.6138
,CHECKPOINT BATCH 5220,17.8727,,,
09:23:56,5222,25.5009,21.9075,5000,0.6136
,CHECKPOINT BATCH 5225,18.5239,,,
09:23:59,5227,20.8025,21.8835,5000,0.6133
,CHECKPOINT BATCH 5230,19.5998,,,
,CHECKPOINT BATCH 5235,37.5116,,,
09:24:01,5236,14.6972,22.1940,5000,0.6128
,CHECKPOINT BATCH 5240,13.4724,,,
,CHECKPOINT BATCH 5245,23.1102,,,
,CHECKPOINT BATCH 5250,16.2447,,,
09:24:03,5252,16.2944,19.5135,5000,0.6119
,CHECKPOINT BATCH 5255,18.5105,,,
,CHECKPOINT BATCH 5260,29.7214,,,
09:24:06,5264,18.4540,16.9775,5000,0.6112
,CHECKPOINT BATCH 5265,23.9609,,,
,CHECKPOINT BATCH 5270,18.9989,,,
,CHECKPOINT BATCH 5275,18.2769,,,
09:24:08,5278,21.6157,13.8295,5000,0.6104
,CHECKPOINT BATCH 5280,18.9720,,,
,CHECKPOINT BATCH 5285,17.6782,,,
09:24:10,5289,22.8838,11.4480,5000,0.6098
,CHECKPOINT BATCH 5290,16.1489,,,
,CHECKPOINT BATCH 5295,19.1591,,,
09:24:13,5296,14.8239,11.1665,5000,0.6094
,CHECKPOINT BATCH 5300,19.1151,,,
,CHECKPOINT BATCH 5305,16.6761,,,
09:24:16,5306,22.2969,10.3870,5000,0.6088
,CHECKPOINT BATCH 5310,24.1870,,,
,CHECKPOINT BATCH 5315,17.7734,,,
,CHECKPOINT BATCH 5320,14.8697,,,
09:24:19,5321,12.9282,7.3560,5000,0.6080
,CHECKPOINT BATCH 5325,17.1950,,,
,CHECKPOINT BATCH 5330,16.8694,,,
,CHECKPOINT BATCH 5335,28.6192,,,
09:24:21,5337,22.9272,3.6880,5000,0.6071
09:24:24,5339,28.2747,3.3745,5000,0.6070
,CHECKPOINT BATCH 5340,14.7575,,,
09:24:27,5343,8.8547,3.0575,5000,0.6068
,CHECKPOINT BATCH 5345,24.9406,,,
,CHECKPOINT BATCH 5350,13.5359,,,
09:24:29,5352,14.4906,3.0575,5000,0.6063
,CHECKPOINT BATCH 5355,30.6838,,,
,CHECKPOINT BATCH 5360,14.0241,,,
09:24:31,5365,22.4873,3.7970,5000,0.6056
,CHECKPOINT BATCH 5365,22.4873,,,
,CHECKPOINT BATCH 5370,18.1361,,,
,CHECKPOINT BATCH 5375,14.9202,,,
,CHECKPOINT BATCH 5380,9.6379,,,
09:24:33,5382,12.8558,4.0155,5000,0.6046
,CHECKPOINT BATCH 5385,10.8341,,,
09:24:37,5388,13.7695,3.6885,5000,0.6043
,CHECKPOINT BATCH 5390,15.0136,,,
,CHECKPOINT BATCH 5395,20.0279,,,
09:24:39,5398,9.6174,4.1360,5000,0.6037
,CHECKPOINT BATCH 5400,18.0804,,,
09:24:42,5404,14.7778,4.4180,5000,0.6034
,CHECKPOINT BATCH 5405,17.2439,,,
,CHECKPOINT BATCH 5410,20.3678,,,
09:24:46,5411,13.3634,5.3230,5000,0.6030
,CHECKPOINT BATCH 5415,35.6975,,,
,CHECKPOINT BATCH 5420,22.5025,,,
09:24:50,5422,19.2746,5.3265,5000,0.6024
,CHECKPOINT BATCH 5425,19.0534,,,
09:24:52,5430,15.5837,7.0175,5000,0.6020
,CHECKPOINT BATCH 5430,15.5837,,,
,CHECKPOINT BATCH 5435,16.1778,,,
09:24:55,5436,19.4539,7.7745,5000,0.6016
,CHECKPOINT BATCH 5440,14.1495,,,
09:24:57,5444,20.0422,9.9075,5000,0.6012
,CHECKPOINT BATCH 5445,13.7154,,,
,CHECKPOINT BATCH 5450,24.2580,,,
09:25:01,5453,9.8302,11.0700,5000,0.6007
,CHECKPOINT BATCH 5455,15.5666,,,
,CHECKPOINT BATCH 5460,18.9128,,,
09:25:03,5465,17.6703,10.2725,5000,0.6000
,CHECKPOINT BATCH 5465,17.6703,,,
,CHECKPOINT BATCH 5470,15.4895,,,
,CHECKPOINT BATCH 5475,25.0605,,,
09:25:08,5477,15.4067,12.0885,5000,0.5994
,CHECKPOINT BATCH 5480,22.4863,,,
09:25:11,5484,20.2703,13.2950,5000,0.5990
,CHECKPOINT BATCH 5485,27.2939,,,
,CHECKPOINT BATCH 5490,27.5196,,,
09:25:14,5494,15.6622,14.6485,5000,0.5984
,CHECKPOINT BATCH 5495,13.0642,,,
,CHECKPOINT BATCH 5500,19.3842,,,
,CHECKPOINT BATCH 5505,21.2312,,,
09:25:16,5506,30.5846,15.4105,5000,0.5978
09:25:19,5509,24.3072,14.9610,5000,0.5976
,CHECKPOINT BATCH 5510,17.0219,,,
09:25:21,5515,22.9760,15.5955,5000,0.5973
,CHECKPOINT BATCH 5515,22.9760,,,
,CHECKPOINT BATCH 5520,22.0835,,,
09:25:23,5522,15.1267,16.5310,5000,0.5969
,CHECKPOINT BATCH 5525,16.3860,,,
09:25:26,5528,18.4993,15.3260,5000,0.5966
,CHECKPOINT BATCH 5530,12.9054,,,
,CHECKPOINT BATCH 5535,17.3660,,,
,CHECKPOINT BATCH 5540,16.1570,,,
09:25:28,5542,28.5006,13.4015,5000,0.5958
,CHECKPOINT BATCH 5545,19.6360,,,
09:25:31,5548,26.2662,12.3750,5000,0.5955
,CHECKPOINT BATCH 5550,39.5517,,,
,CHECKPOINT BATCH 5555,21.9698,,,
09:25:33,5560,21.9767,13.9090,5000,0.5948
,CHECKPOINT BATCH 5560,21.9767,,,
,CHECKPOINT BATCH 5565,22.5575,,,
,CHECKPOINT BATCH 5570,16.4232,,,
,CHECKPOINT BATCH 5575,28.0025,,,
09:25:35,5576,36.3311,14.6510,5000,0.5940
09:25:38,5578,21.6182,14.4980,5000,0.5938
,CHECKPOINT BATCH 5580,10.3168,,,
,CHECKPOINT BATCH 5585,14.5657,,,
,CHECKPOINT BATCH 5590,17.9136,,,
09:25:40,5593,24.9455,11.4580,5000,0.5930
,CHECKPOINT BATCH 5595,10.4654,,,
,CHECKPOINT BATCH 5600,19.2622,,,
,CHECKPOINT BATCH 5605,19.0907,,,
09:25:43,5610,21.0048,7.6820,5000,0.5921
,CHECKPOINT BATCH 5610,21.0048,,,
,CHECKPOINT BATCH 5615,17.7283,,,
,CHECKPOINT BATCH 5620,17.9842,,,
,CHECKPOINT BATCH 5625,20.4131,,,
09:25:45,5626,24.5843,6.0950,5000,0.5912
,CHECKPOINT BATCH 5630,21.7864,,,
,CHECKPOINT BATCH 5635,23.2548,,,
09:25:47,5638,13.6777,6.0375,5000,0.5906
,CHECKPOINT BATCH 5640,14.2715,,,
09:25:49,5645,28.4404,5.4035,5000,0.5902
,CHECKPOINT BATCH 5645,28.4404,,,
,CHECKPOINT BATCH 5650,14.5025,,,
,CHECKPOINT BATCH 5655,15.5285,,,
,CHECKPOINT BATCH 5660,11.7386,,,
09:25:51,5662,12.2224,3.7050,5000,0.5893
,CHECKPOINT BATCH 5665,12.7100,,,
09:25:54,5668,18.9715,2.3465,5000,0.5890
,CHECKPOINT BATCH 5670,12.2872,,,
09:25:57,5674,17.1593,1.8980,5000,0.5886
,CHECKPOINT BATCH 5675,17.4536,,,
,CHECKPOINT BATCH 5680,13.7753,,,
09:25:59,5683,25.3647,1.0375,5000,0.5882
,CHECKPOINT BATCH 5685,32.2840,,,
,CHECKPOINT BATCH 5690,20.3409,,,
09:26:01,5691,16.8069,1.8215,5000,0.5877
09:26:04,5695,24.6603,2.1200,5000,0.5875
,CHECKPOINT BATCH 5695,24.6603,,,
,CHECKPOINT BATCH 5700,11.6554,,,
09:26:06,5701,18.3319,2.7360,5000,0.5872
,CHECKPOINT BATCH 5705,15.6623,,,
09:26:09,5706,21.5073,2.7610,5000,0.5869
,CHECKPOINT BATCH 5710,24.8121,,,
,CHECKPOINT BATCH 5715,19.2837,,,
09:26:11,5716,16.5370,3.2625,5000,0.5864
,CHECKPOINT BATCH 5720,20.7791,,,
,CHECKPOINT BATCH 5725,13.8422,,,
09:26:13,5729,37.5976,5.4055,5000,0.5857
,CHECKPOINT BATCH 5730,14.9836,,,
,CHECKPOINT BATCH 5735,18.5566,,,
09:26:16,5737,16.7398,6.0320,5000,0.5853
,CHECKPOINT BATCH 5740,19.1553,,,
09:26:18,5743,21.2223,6.5070,5000,0.5849
,CHECKPOINT BATCH 5745,21.5584,,,
,CHECKPOINT BATCH 5750,24.6584,,,
,CHECKPOINT BATCH 5755,31.1268,,,
,CHECKPOINT BATCH 5760,20.7011,,,
09:26:20,5761,16.9490,7.2010,5000,0.5840
,CHECKPOINT BATCH 5765,23.0877,,,
,CHECKPOINT BATCH 5770,21.9896,,,
09:26:22,5771,21.2736,8.9105,5000,0.5834
,CHECKPOINT BATCH 5775,25.7677,,,
,CHECKPOINT BATCH 5780,27.4974,,,
09:26:25,5783,25.0720,12.2365,5000,0.5828
,CHECKPOINT BATCH 5785,20.8211,,,
,CHECKPOINT BATCH 5790,25.0894,,,
09:26:28,5795,29.0248,12.0760,5000,0.5822
,CHECKPOINT BATCH 5795,29.0248,,,
,CHECKPOINT BATCH 5800,16.0514,,,
09:26:30,5802,18.4298,12.8135,5000,0.5818
09:26:33,5805,25.5955,12.9500,5000,0.5816
,CHECKPOINT BATCH 5805,25.5955,,,
,CHECKPOINT BATCH 5810,22.6038,,,
,CHECKPOINT BATCH 5815,15.1618,,,
09:26:35,5820,18.2899,12.1345,5000,0.5808
,CHECKPOINT BATCH 5820,18.2899,,,
,CHECKPOINT BATCH 5825,34.8180,,,
09:26:37,5829,26.6614,11.3970,5000,0.5804
,CHECKPOINT BATCH 5830,27.7341,,,
09:26:40,5831,15.2089,11.9965,5000,0.5803
,CHECKPOINT BATCH 5835,17.7661,,,
09:26:44,5838,23.4792,12.4180,5000,0.5799
,CHECKPOINT BATCH 5840,13.8995,,,
,CHECKPOINT BATCH 5845,26.2338,,,
,CHECKPOINT BATCH 5850,23.3550,,,
09:26:46,5854,32.9675,10.9815,5000,0.5790
,CHECKPOINT BATCH 5855,17.8401,,,
,CHECKPOINT BATCH 5860,15.1767,,,
,CHECKPOINT BATCH 5865,14.2569,,,
09:26:48,5869,13.1322,9.3975,5000,0.5782
,CHECKPOINT BATCH 5870,21.5675,,,
,CHECKPOINT BATCH 5875,15.4898,,,
,CHECKPOINT BATCH 5880,22.1644,,,
09:26:50,5884,23.1766,5.1045,5000,0.5775
,CHECKPOINT BATCH 5885,13.3031,,,
,CHECKPOINT BATCH 5890,18.0563,,,
,CHECKPOINT BATCH 5895,20.2960,,,
09:26:52,5898,20.5265,3.7320,5000,0.5767
,CHECKPOINT BATCH 5900,16.9052,,,
,CHECKPOINT BATCH 5905,14.4175,,,
09:26:55,5908,34.8717,3.6145,5000,0.5762
,CHECKPOINT BATCH 5910,18.6101,,,
,CHECKPOINT BATCH 5915,12.8376,,,
,CHECKPOINT BATCH 5920,17.6387,,,
09:26:57,5922,20.7096,5.7300,5000,0.5755
,CHECKPOINT BATCH 5925,31.3063,,,
09:26:59,5930,20.0609,5.5620,5000,0.5750
,CHECKPOINT BATCH 5930,20.0609,,,
09:27:02,5932,22.9175,5.4140,5000,0.5749
,CHECKPOINT BATCH 5935,14.2480,,,
,CHECKPOINT BATCH 5940,21.5945,,,
,CHECKPOINT BATCH 5945,20.2401,,,
09:27:04,5949,16.5899,4.9640,5000,0.5740
,CHECKPOINT BATCH 5950,15.6353,,,
,CHECKPOINT BATCH 5955,16.2450,,,
,CHECKPOINT BATCH 5960,23.8184,,,
09:27:06,5963,18.1860,4.9660,5000,0.5733
,CHECKPOINT BATCH 5965,15.9978,,,
,CHECKPOINT BATCH 5970,17.9410,,,
09:27:08,5972,16.7225,4.9845,5000,0.5728
,CHECKPOINT BATCH 5975,19.1117,,,
,CHECKPOINT BATCH 5980,29.1939,,,
,CHECKPOINT BATCH 5985,18.3704,,,
09:27:11,5990,19.5411,5.2845,5000,0.5719
,CHECKPOINT BATCH 5990,19.5411,,,
,CHECKPOINT BATCH 5995,20.7434,,,
,CHECKPOINT BATCH 6000,14.3183,,,
09:27:13,6001,15.6824,5.2615,5000,0.5713
,CHECKPOINT BATCH 6005,23.3183,,,
,CHECKPOINT BATCH 6010,18.8110,,,
,CHECKPOINT BATCH 6015,19.5170,,,
09:27:15,6018,18.8033,2.6895,5000,0.5704
,CHECKPOINT BATCH 6020,18.0938,,,
09:27:17,6024,20.0830,2.0895,5000,0.5701
,CHECKPOINT BATCH 6025,26.7067,,,
09:27:20,6029,16.7801,1.4950,5000,0.5699
,CHECKPOINT BATCH 6030,24.0674,,,
,CHECKPOINT BATCH 6035,17.9850,,,
,CHECKPOINT BATCH 6040,16.5444,,,
09:27:22,6042,23.3487,0.7660,5000,0.5692
,CHECKPOINT BATCH 6045,19.7375,,,
,CHECKPOINT BATCH 6050,16.1581,,,
09:27:25,6051,15.3683,1.8285,5000,0.5687
,CHECKPOINT BATCH 6055,13.3614,,,
,CHECKPOINT BATCH 6060,13.4752,,,
09:27:27,6061,25.4089,2.7685,5000,0.5682
,CHECKPOINT BATCH 6065,13.2876,,,
,CHECKPOINT BATCH 6070,19.7757,,,
09:27:30,6073,16.2033,5.3085,5000,0.5676
,CHECKPOINT BATCH 6075,18.4827,,,
09:27:32,6077,18.1358,5.3085,5000,0.5674
,CHECKPOINT BATCH 6080,16.9701,,,
,CHECKPOINT BATCH 6085,16.3064,,,
,CHECKPOINT BATCH 6090,10.8991,,,
09:27:34,6091,15.9900,5.1580,5000,0.5666
09:27:37,6093,20.0140,5.1565,5000,0.5665
,CHECKPOINT BATCH 6095,18.6200,,,
09:27:41,6099,19.2051,5.1520,5000,0.5662
,CHECKPOINT BATCH 6100,15.3611,,,
,CHECKPOINT BATCH 6105,20.3899,,,
,CHECKPOINT BATCH 6110,20.0878,,,
09:27:43,6114,17.0938,5.1145,5000,0.5655
,CHECKPOINT BATCH 6115,20.3435,,,
,CHECKPOINT BATCH 6120,23.0310,,,
,CHECKPOINT BATCH 6125,11.6552,,,
09:27:45,6128,28.3217,5.0960,5000,0.5647
,CHECKPOINT BATCH 6130,20.2451,,,
09:27:47,6134,34.4041,5.6960,5000,0.5644
,CHECKPOINT BATCH 6135,16.1595,,,
09:27:50,6139,22.4264,5.9870,5000,0.5642
,CHECKPOINT BATCH 6140,23.9515,,,
,CHECKPOINT BATCH 6145,14.8301,,,
09:27:52,6146,22.6654,5.2270,5000,0.5638
,CHECKPOINT BATCH 6150,25.1681,,,
,CHECKPOINT BATCH 6155,23.8638,,,
,CHECKPOINT BATCH 6160,19.0457,,,
09:27:54,6161,22.9549,3.8285,5000,0.5630
,CHECKPOINT BATCH 6165,27.9985,,,
,CHECKPOINT BATCH 6170,15.3367,,,
,CHECKPOINT BATCH 6175,18.1387,,,
,CHECKPOINT BATCH 6180,18.7547,,,
,CHECKPOINT BATCH 6185,16.4088,,,
09:27:57,6187,25.8078,2.3940,5000,0.5617
,CHECKPOINT BATCH 6190,17.1829,,,
,CHECKPOINT BATCH 6195,17.4312,,,
,CHECKPOINT BATCH 6200,21.0137,,,
,CHECKPOINT BATCH 6205,19.3193,,,
09:27:59,6206,16.1760,2.6210,5000,0.5607
,CHECKPOINT BATCH 6210,21.0971,,,
,CHECKPOINT BATCH 6215,12.5528,,,
,CHECKPOINT BATCH 6220,16.3946,,,
09:28:01,6222,33.9493,2.9540,5000,0.5599
,CHECKPOINT BATCH 6225,26.8450,,,
,CHECKPOINT BATCH 6230,17.0054,,,
,CHECKPOINT BATCH 6235,25.7124,,,
09:28:03,6238,17.5660,2.3415,5000,0.5591
,CHECKPOINT BATCH 6240,26.2650,,,
,CHECKPOINT BATCH 6245,18.9482,,,
,CHECKPOINT BATCH 6250,23.7158,,,
09:28:05,6252,11.4128,2.0405,5000,0.5584
,CHECKPOINT BATCH 6255,18.6087,,,
,CHECKPOINT BATCH 6260,18.2687,,,
,CHECKPOINT BATCH 6265,27.0042,,,
09:28:07,6267,19.0856,2.3400,5000,0.5576
,CHECKPOINT BATCH 6270,10.5050,,,
,CHECKPOINT BATCH 6275,14.4495,,,
09:28:10,6276,16.1320,1.8725,5000,0.5572
,CHECKPOINT BATCH 6280,17.6895,,,
09:28:12,6285,16.8397,1.2260,5000,0.5567
,CHECKPOINT BATCH 6285,16.8397,,,
,CHECKPOINT BATCH 6290,38.9804,,,
09:28:14,6295,33.5985,1.4795,5000,0.5562
,CHECKPOINT BATCH 6295,33.5985,,,
,CHECKPOINT BATCH 6300,18.4951,,,
09:28:17,6301,29.4418,2.0575,5000,0.5559
,CHECKPOINT BATCH 6305,22.5453,,,
09:28:20,6309,26.3134,2.4930,5000,0.5555
,CHECKPOINT BATCH 6310,28.2908,,,
,CHECKPOINT BATCH 6315,15.7507,,,
09:28:23,6318,18.5913,4.2855,5000,0.5551
,CHECKPOINT BATCH 6320,23.0819,,,
,CHECKPOINT BATCH 6325,14.8613,,,
09:28:25,6329,17.2760,5.2030,5000,0.5545
,CHECKPOINT BATCH 6330,25.3175,,,
09:28:28,6333,34.0623,5.3735,5000,0.5543
,CHECKPOINT BATCH 6335,17.3352,,,
,CHECKPOINT BATCH 6340,18.8231,,,
09:28:32,6342,19.7472,8.0980,5000,0.5538
,CHECKPOINT BATCH 6345,21.1560,,,
09:28:35,6347,21.5577,9.3020,5000,0.5536
,CHECKPOINT BATCH 6350,27.7281,,,
09:28:39,6353,20.3775,10.9570,5000,0.5533
,CHECKPOINT BATCH 6355,13.1991,,,
09:28:42,6358,22.5330,12.3080,5000,0.5530
,CHECKPOINT BATCH 6360,20.4270,,,
09:28:46,6364,21.6037,12.0090,5000,0.5527
,CHECKPOINT BATCH 6365,20.1974,,,
09:28:48,6370,31.3944,12.4925,5000,0.5524
,CHECKPOINT BATCH 6370,31.3944,,,
,CHECKPOINT BATCH 6375,23.3215,,,
,CHECKPOINT BATCH 6380,27.1442,,,
09:28:51,6381,30.9115,13.8715,5000,0.5519
,CHECKPOINT BATCH 6385,23.6179,,,
,CHECKPOINT BATCH 6390,20.8426,,,
,CHECKPOINT BATCH 6395,31.3087,,,
09:28:53,6400,20.7105,12.8265,5000,0.5509
,CHECKPOINT BATCH 6400,20.7105,,,
,CHECKPOINT BATCH 6405,19.2603,,,
09:28:57,6410,19.1613,11.9230,5000,0.5504
,CHECKPOINT BATCH 6410,19.1613,,,
,CHECKPOINT BATCH 6415,19.5582,,,
,CHECKPOINT BATCH 6420,24.7411,,,
,CHECKPOINT BATCH 6425,21.4039,,,
09:28:59,6426,15.6221,9.3365,5000,0.5496
,CHECKPOINT BATCH 6430,22.6670,,,
,CHECKPOINT BATCH 6435,21.9573,,,
,CHECKPOINT BATCH 6440,17.3956,,,
09:29:01,6441,20.5996,7.0540,5000,0.5489
,CHECKPOINT BATCH 6445,20.9932,,,
,CHECKPOINT BATCH 6450,18.9670,,,
09:29:03,6453,21.8986,4.0635,5000,0.5483
09:29:06,6455,17.4642,3.0145,5000,0.5482
,CHECKPOINT BATCH 6455,17.4642,,,
,CHECKPOINT BATCH 6460,16.0438,,,
09:29:08,6462,19.5248,3.5000,5000,0.5478
,CHECKPOINT BATCH 6465,24.9903,,,
,CHECKPOINT BATCH 6470,17.9623,,,
09:29:11,6472,15.9268,3.6095,5000,0.5473
,CHECKPOINT BATCH 6475,24.9370,,,
,CHECKPOINT BATCH 6480,17.6079,,,
09:29:13,6481,20.1505,2.2420,5000,0.5469
,CHECKPOINT BATCH 6485,18.6372,,,
09:29:15,6489,22.2394,2.2575,5000,0.5465
,CHECKPOINT BATCH 6490,32.9474,,,
09:29:18,6495,18.3772,2.2675,5000,0.5462
,CHECKPOINT BATCH 6495,18.3772,,,
,CHECKPOINT BATCH 6500,16.9403,,,
,CHECKPOINT BATCH 6505,32.0095,,,
09:29:20,6507,26.0984,2.2810,5000,0.5456
,CHECKPOINT BATCH 6510,22.2282,,,
,CHECKPOINT BATCH 6515,24.7502,,,
,CHECKPOINT BATCH 6520,33.1756,,,
09:29:22,6522,19.4079,3.9590,5000,0.5449
,CHECKPOINT BATCH 6525,22.8440,,,
,CHECKPOINT BATCH 6530,21.1090,,,
,CHECKPOINT BATCH 6535,17.2354,,,
09:29:25,6540,32.7760,3.9535,5000,0.5440
,CHECKPOINT BATCH 6540,32.7760,,,
,CHECKPOINT BATCH 6545,22.5824,,,
,CHECKPOINT BATCH 6550,17.9524,,,
,CHECKPOINT BATCH 6555,24.2524,,,
09:29:27,6557,12.3984,3.1695,5000,0.5431
,CHECKPOINT BATCH 6560,30.9383,,,
09:29:29,6565,35.3937,1.9395,5000,0.5427
,CHECKPOINT BATCH 6565,35.3937,,,
,CHECKPOINT BATCH 6570,21.0535,,,
09:29:32,6575,30.2979,1.9390,5000,0.5422
,CHECKPOINT BATCH 6575,30.2979,,,
,CHECKPOINT BATCH 6580,20.8516,,,
,CHECKPOINT BATCH 6585,26.6504,,,
09:29:34,6588,29.4390,2.0745,5000,0.5416
,CHECKPOINT BATCH 6590,21.6455,,,
,CHECKPOINT BATCH 6595,26.5604,,,
,CHECKPOINT BATCH 6600,19.7509,,,
09:29:36,6604,25.4389,3.5845,5000,0.5408
,CHECKPOINT BATCH 6605,20.7114,,,
,CHECKPOINT BATCH 6610,17.6879,,,
09:29:39,6612,32.7893,3.8920,5000,0.5404
,CHECKPOINT BATCH 6615,19.9241,,,
09:29:42,6619,19.0229,4.0445,5000,0.5401
,CHECKPOINT BATCH 6620,24.5737,,,
,CHECKPOINT BATCH 6625,34.3178,,,
09:29:44,6630,24.0375,6.7860,5000,0.5395
,CHECKPOINT BATCH 6630,24.0375,,,
09:29:47,6634,21.9097,7.3875,5000,0.5393
,CHECKPOINT BATCH 6635,23.2214,,,
09:29:51,6639,24.5802,8.4420,5000,0.5391
,CHECKPOINT BATCH 6640,14.7384,,,
,CHECKPOINT BATCH 6645,19.4813,,,
,CHECKPOINT BATCH 6650,19.6372,,,
09:29:55,6651,29.5085,11.3290,5000,0.5385
,CHECKPOINT BATCH 6655,16.9905,,,
09:29:58,6657,14.6077,11.8105,5000,0.5382
,CHECKPOINT BATCH 6660,18.1154,,,
,CHECKPOINT BATCH 6665,18.2218,,,
09:30:00,6669,18.4679,14.2570,5000,0.5376
,CHECKPOINT BATCH 6670,29.7090,,,
,CHECKPOINT BATCH 6675,27.5325,,,
09:30:03,6676,25.5801,16.2245,5000,0.5373
,CHECKPOINT BATCH 6680,25.8015,,,
09:30:07,6685,31.4794,17.2785,5000,0.5369
,CHECKPOINT BATCH 6685,31.4794,,,
,CHECKPOINT BATCH 6690,26.0934,,,
09:30:11,6693,19.6664,18.6355,5000,0.5365
,CHECKPOINT BATCH 6695,32.5745,,,
09:30:14,6698,23.8423,18.7935,5000,0.5362
,CHECKPOINT BATCH 6700,22.4999,,,
09:30:16,6703,29.4554,18.3505,5000,0.5360
,CHECKPOINT BATCH 6705,22.5222,,,
,CHECKPOINT BATCH 6710,26.2249,,,
09:30:18,6714,17.3918,17.3215,5000,0.5354
,CHECKPOINT BATCH 6715,17.8576,,,
,CHECKPOINT BATCH 6720,31.4911,,,
,CHECKPOINT BATCH 6725,22.5002,,,
09:30:21,6727,28.5838,15.7850,5000,0.5348
,CHECKPOINT BATCH 6730,19.1962,,,
,CHECKPOINT BATCH 6735,19.9441,,,
09:30:23,6737,10.5114,15.0400,5000,0.5343
,CHECKPOINT BATCH 6740,11.8699,,,
,CHECKPOINT BATCH 6745,26.1790,,,
09:30:27,6748,14.0126,12.3095,5000,0.5338
,CHECKPOINT BATCH 6750,30.7788,,,
,CHECKPOINT BATCH 6755,13.4538,,,
,CHECKPOINT BATCH 6760,26.3818,,,
09:30:30,6765,15.2044,9.9890,5000,0.5330
,CHECKPOINT BATCH 6765,15.2044,,,
,CHECKPOINT BATCH 6770,26.1726,,,
,CHECKPOINT BATCH 6775,16.0097,,,
,CHECKPOINT BATCH 6780,26.3573,,,
09:30:32,6781,24.9111,7.7440,5000,0.5322
09:30:35,6783,32.7522,8.6430,5000,0.5321
,CHECKPOINT BATCH 6785,22.4210,,,
09:30:38,6787,20.2280,7.5835,5000,0.5319
,CHECKPOINT BATCH 6790,26.4807,,,
09:30:41,6791,20.9245,6.5290,5000,0.5317
09:30:45,6795,15.3240,6.8165,5000,0.5315
,CHECKPOINT BATCH 6795,15.3240,,,
,CHECKPOINT BATCH 6800,28.0204,,,
09:30:48,6801,18.3317,7.0950,5000,0.5312
,CHECKPOINT BATCH 6805,16.5571,,,
09:30:51,6807,20.2387,7.6985,5000,0.5309
,CHECKPOINT BATCH 6810,12.0713,,,
,CHECKPOINT BATCH 6815,16.0287,,,
09:30:53,6820,24.2537,9.3745,5000,0.5303
,CHECKPOINT BATCH 6820,24.2537,,,
,CHECKPOINT BATCH 6825,20.4747,,,
09:30:56,6826,21.4166,9.9815,5000,0.5300
,CHECKPOINT BATCH 6830,31.1083,,,
,CHECKPOINT BATCH 6835,19.7642,,,
09:30:58,6837,12.3788,10.7240,5000,0.5295
,CHECKPOINT BATCH 6840,14.9505,,,
,CHECKPOINT BATCH 6845,22.7455,,,
,CHECKPOINT BATCH 6850,14.9233,,,
09:31:00,6851,20.7524,9.8175,5000,0.5288
,CHECKPOINT BATCH 6855,22.7082,,,
,CHECKPOINT BATCH 6860,17.6319,,,
09:31:03,6863,13.3600,9.8185,5000,0.5283
,CHECKPOINT BATCH 6865,14.4586,,,
,CHECKPOINT BATCH 6870,17.7565,,,
09:31:07,6873,17.7559,9.9550,5000,0.5278
,CHECKPOINT BATCH 6875,17.8547,,,
,CHECKPOINT BATCH 6880,26.1976,,,
09:31:09,6881,17.2484,10.7375,5000,0.5274
,CHECKPOINT BATCH 6885,23.3600,,,
,CHECKPOINT BATCH 6890,15.7258,,,
09:31:12,6893,17.0806,10.4840,5000,0.5268
,CHECKPOINT BATCH 6895,16.0585,,,
09:31:14,6899,20.8729,11.2500,5000,0.5265
,CHECKPOINT BATCH 6900,19.4298,,,
,CHECKPOINT BATCH 6905,22.0225,,,
09:31:17,6909,27.1355,12.2900,5000,0.5261
,CHECKPOINT BATCH 6910,20.6618,,,
,CHECKPOINT BATCH 6915,26.4306,,,
09:31:19,6919,19.8665,9.8330,5000,0.5256
,CHECKPOINT BATCH 6920,23.9816,,,
,CHECKPOINT BATCH 6925,17.9203,,,
,CHECKPOINT BATCH 6930,25.0797,,,
09:31:21,6931,24.7223,7.7175,5000,0.5250
,CHECKPOINT BATCH 6935,18.6627,,,
,CHECKPOINT BATCH 6940,19.0787,,,
09:31:23,6943,17.8884,7.2665,5000,0.5245
,CHECKPOINT BATCH 6945,27.0081,,,
,CHECKPOINT BATCH 6950,12.3850,,,
,CHECKPOINT BATCH 6955,12.3573,,,
09:31:26,6957,15.8793,7.2715,5000,0.5238
,CHECKPOINT BATCH 6960,31.9775,,,
09:31:29,6965,16.3923,7.6070,5000,0.5234
,CHECKPOINT BATCH 6965,16.3923,,,
,CHECKPOINT BATCH 6970,36.7176,,,
09:31:31,6971,18.4330,7.4840,5000,0.5231
,CHECKPOINT BATCH 6975,18.3363,,,
09:31:33,6976,31.6807,7.4910,5000,0.5229
,CHECKPOINT BATCH 6980,23.9733,,,
,CHECKPOINT BATCH 6985,26.4630,,,
09:31:36,6988,23.3227,5.1035,5000,0.5223
,CHECKPOINT BATCH 6990,19.5553,,,
,CHECKPOINT BATCH 6995,16.6891,,,
,CHECKPOINT BATCH 7000,27.2142,,,
09:31:38,7004,35.1264,3.3970,5000,0.5216
,CHECKPOINT BATCH 7005,27.9479,,,
,CHECKPOINT BATCH 7010,22.5902,,,
,CHECKPOINT BATCH 7015,19.8408,,,
09:31:40,7017,14.3990,3.0890,5000,0.5210
,CHECKPOINT BATCH 7020,23.9106,,,
,CHECKPOINT BATCH 7025,18.5938,,,
,CHECKPOINT BATCH 7030,16.3784,,,
09:31:44,7032,17.2408,4.7500,5000,0.5202
,CHECKPOINT BATCH 7035,21.4880,,,
,CHECKPOINT BATCH 7040,31.2490,,,
,CHECKPOINT BATCH 7045,13.9010,,,
,CHECKPOINT BATCH 7050,22.8829,,,
09:31:46,7051,14.5576,5.9015,5000,0.5194
,CHECKPOINT BATCH 7055,17.9420,,,
,CHECKPOINT BATCH 7060,20.7667,,,
,CHECKPOINT BATCH 7065,16.0004,,,
09:31:48,7070,23.1709,6.9370,5000,0.5185
,CHECKPOINT BATCH 7070,23.1709,,,
,CHECKPOINT BATCH 7075,22.0364,,,
,CHECKPOINT BATCH 7080,26.5999,,,
,CHECKPOINT BATCH 7085,22.6448,,,
09:31:50,7089,26.4650,7.1475,5000,0.5176
,CHECKPOINT BATCH 7090,12.3963,,,
,CHECKPOINT BATCH 7095,24.2975,,,
,CHECKPOINT BATCH 7100,25.5119,,,
,CHECKPOINT BATCH 7105,18.3067,,,
09:31:52,7108,24.6825,5.6350,5000,0.5167
,CHECKPOINT BATCH 7110,24.8490,,,
,CHECKPOINT BATCH 7115,17.3213,,,
,CHECKPOINT BATCH 7120,24.0761,,,
,CHECKPOINT BATCH 7125,22.1178,,,
09:31:54,7127,20.0463,4.5775,5000,0.5158
,CHECKPOINT BATCH 7130,14.8657,,,
,CHECKPOINT BATCH 7135,22.1446,,,
,CHECKPOINT BATCH 7140,23.4115,,,
,CHECKPOINT BATCH 7145,20.1702,,,
09:31:56,7146,14.2546,2.8470,5000,0.5149
,CHECKPOINT BATCH 7150,25.7152,,,
,CHECKPOINT BATCH 7155,22.7299,,,
,CHECKPOINT BATCH 7160,15.3987,,,
09:31:59,7165,18.1265,1.4220,5000,0.5140
,CHECKPOINT BATCH 7165,18.1265,,,
,CHECKPOINT BATCH 7170,22.8808,,,
,CHECKPOINT BATCH 7175,18.8956,,,
,CHECKPOINT BATCH 7180,20.4476,,,
09:32:01,7183,13.7696,0.6580,5000,0.5132
,CHECKPOINT BATCH 7185,16.1344,,,
,CHECKPOINT BATCH 7190,15.1217,,,
,CHECKPOINT BATCH 7195,21.1385,,,
,CHECKPOINT BATCH 7200,14.8939,,,
09:32:03,7202,19.3768,0.2045,5000,0.5123
,CHECKPOINT BATCH 7205,12.7379,,,
,CHECKPOINT BATCH 7210,23.4974,,,
,CHECKPOINT BATCH 7215,25.2990,,,
,CHECKPOINT BATCH 7220,21.6185,,,
09:32:05,7221,18.6229,0.2045,5000,0.5114
,CHECKPOINT BATCH 7225,16.6985,,,
,CHECKPOINT BATCH 7230,16.7164,,,
,CHECKPOINT BATCH 7235,26.9427,,,
09:32:07,7240,22.4651,0.0530,5000,0.5106
,CHECKPOINT BATCH 7240,22.4651,,,
,CHECKPOINT BATCH 7245,22.5324,,,
,CHECKPOINT BATCH 7250,16.6982,,,
,CHECKPOINT BATCH 7255,23.7216,,,
09:32:09,7259,20.4595,0.0550,5000,0.5097
,CHECKPOINT BATCH 7260,20.2819,,,
,CHECKPOINT BATCH 7265,25.8947,,,
,CHECKPOINT BATCH 7270,26.0697,,,
,CHECKPOINT BATCH 7275,23.8474,,,
09:32:11,7278,15.9997,-0.0960,5000,0.5088
,CHECKPOINT BATCH 7280,23.5171,,,
,CHECKPOINT BATCH 7285,21.6460,,,
,CHECKPOINT BATCH 7290,32.4163,,,
,CHECKPOINT BATCH 7295,18.2620,,,
09:32:13,7297,16.2206,0.6590,5000,0.5080
,CHECKPOINT BATCH 7300,21.6997,,,
,CHECKPOINT BATCH 7305,12.1776,,,
,CHECKPOINT BATCH 7310,26.3405,,,
,CHECKPOINT BATCH 7315,16.2887,,,
09:32:15,7316,27.9685,1.1165,5000,0.5071
,CHECKPOINT BATCH 7320,11.1219,,,
,CHECKPOINT BATCH 7325,26.6732,,,
09:32:19,7329,25.2861,1.7475,5000,0.5065
,CHECKPOINT BATCH 7330,21.5102,,,
,CHECKPOINT BATCH 7335,23.5838,,,
,CHECKPOINT BATCH 7340,34.4705,,,
,CHECKPOINT BATCH 7345,18.8009,,,
09:32:21,7348,24.5402,1.7680,5000,0.5056
,CHECKPOINT BATCH 7350,16.5210,,,
,CHECKPOINT BATCH 7355,26.0682,,,
,CHECKPOINT BATCH 7360,26.2347,,,
09:32:25,7361,25.5107,3.7425,5000,0.5050
,CHECKPOINT BATCH 7365,21.0592,,,
,CHECKPOINT BATCH 7370,26.7685,,,
,CHECKPOINT BATCH 7375,18.3149,,,
09:32:27,7380,16.2397,4.5070,5000,0.5042
,CHECKPOINT BATCH 7380,16.2397,,,
,CHECKPOINT BATCH 7385,16.3121,,,
,CHECKPOINT BATCH 7390,23.0532,,,
,CHECKPOINT BATCH 7395,33.7762,,,
09:32:29,7399,28.8074,3.9045,5000,0.5033
,CHECKPOINT BATCH 7400,27.3449,,,
,CHECKPOINT BATCH 7405,22.0758,,,
,CHECKPOINT BATCH 7410,22.1033,,,
,CHECKPOINT BATCH 7415,18.6659,,,
09:32:31,7418,19.1861,3.2915,5000,0.5024
,CHECKPOINT BATCH 7420,23.8630,,,
,CHECKPOINT BATCH 7425,21.2434,,,
,CHECKPOINT BATCH 7430,17.3211,,,
,CHECKPOINT BATCH 7435,12.6112,,,
09:32:33,7437,28.4264,3.1190,5000,0.5016
,CHECKPOINT BATCH 7440,18.6273,,,
,CHECKPOINT BATCH 7445,34.0600,,,
,CHECKPOINT BATCH 7450,18.5783,,,
,CHECKPOINT BATCH 7455,23.7512,,,
09:32:35,7456,17.1261,2.1815,5000,0.5007
,CHECKPOINT BATCH 7460,35.9395,,,
,CHECKPOINT BATCH 7465,23.1313,,,
,CHECKPOINT BATCH 7470,11.7646,,,
09:32:37,7475,21.0824,0.2125,5000,0.4999
,CHECKPOINT BATCH 7475,21.0824,,,
,CHECKPOINT BATCH 7480,21.9473,,,
,CHECKPOINT BATCH 7485,19.1909,,,
,CHECKPOINT BATCH 7490,24.7240,,,
09:32:39,7494,23.4722,1.2665,5000,0.4990
,CHECKPOINT BATCH 7495,22.0709,,,
,CHECKPOINT BATCH 7500,18.4626,,,
,CHECKPOINT BATCH 7505,24.4592,,,
,CHECKPOINT BATCH 7510,30.5214,,,
09:32:41,7513,23.4931,3.4400,5000,0.4982
,CHECKPOINT BATCH 7515,25.8345,,,
09:32:45,7520,25.4959,3.8970,5000,0.4979
,CHECKPOINT BATCH 7520,25.4959,,,
,CHECKPOINT BATCH 7525,13.4456,,,
,CHECKPOINT BATCH 7530,17.5088,,,
,CHECKPOINT BATCH 7535,22.0904,,,
09:32:47,7539,21.0759,4.4440,5000,0.4970
,CHECKPOINT BATCH 7540,21.2861,,,
,CHECKPOINT BATCH 7545,24.3162,,,
,CHECKPOINT BATCH 7550,17.7422,,,
,CHECKPOINT BATCH 7555,18.2550,,,
09:32:49,7558,26.9092,4.8170,5000,0.4962
,CHECKPOINT BATCH 7560,24.9042,,,
,CHECKPOINT BATCH 7565,26.4310,,,
,CHECKPOINT BATCH 7570,21.0187,,,
,CHECKPOINT BATCH 7575,14.5616,,,
09:32:51,7577,13.5893,4.9100,5000,0.4953
,CHECKPOINT BATCH 7580,29.5063,,,
,CHECKPOINT BATCH 7585,21.6692,,,
,CHECKPOINT BATCH 7590,17.6001,,,
,CHECKPOINT BATCH 7595,28.5402,,,
09:32:53,7596,16.0702,3.6410,5000,0.4945
,CHECKPOINT BATCH 7600,12.8958,,,
,CHECKPOINT BATCH 7605,24.7797,,,
,CHECKPOINT BATCH 7610,24.3018,,,
09:32:55,7615,26.9515,1.7170,5000,0.4936
,CHECKPOINT BATCH 7615,26.9515,,,
,CHECKPOINT BATCH 7620,18.8805,,,
,CHECKPOINT BATCH 7625,28.1687,,,
,CHECKPOINT BATCH 7630,25.8624,,,
09:32:57,7634,29.3538,1.4085,5000,0.4928
,CHECKPOINT BATCH 7635,24.5666,,,
,CHECKPOINT BATCH 7640,14.0808,,,
,CHECKPOINT BATCH 7645,17.3979,,,
,CHECKPOINT BATCH 7650,27.4788,,,
09:32:59,7653,23.3740,1.3265,5000,0.4919
,CHECKPOINT BATCH 7655,28.4409,,,
,CHECKPOINT BATCH 7660,20.3482,,,
,CHECKPOINT BATCH 7665,29.5000,,,
,CHECKPOINT BATCH 7670,24.5068,,,
09:33:01,7672,17.7759,1.2430,5000,0.4911
,CHECKPOINT BATCH 7675,18.7497,,,
,CHECKPOINT BATCH 7680,25.0007,,,
,CHECKPOINT BATCH 7685,29.8093,,,
,CHECKPOINT BATCH 7690,16.1957,,,
09:33:03,7691,21.0033,1.3000,5000,0.4903
,CHECKPOINT BATCH 7695,28.0834,,,
,CHECKPOINT BATCH 7700,30.5727,,,
,CHECKPOINT BATCH 7705,19.0092,,,
09:33:05,7710,40.7452,1.2050,5000,0.4894
,CHECKPOINT BATCH 7710,40.7452,,,
,CHECKPOINT BATCH 7715,30.3400,,,
,CHECKPOINT BATCH 7720,30.5940,,,
,CHECKPOINT BATCH 7725,39.0211,,,
09:33:07,7729,26.4774,0.7045,5000,0.4886
,CHECKPOINT BATCH 7730,31.5832,,,
,CHECKPOINT BATCH 7735,26.9561,,,
,CHECKPOINT BATCH 7740,24.2867,,,
,CHECKPOINT BATCH 7745,20.8771,,,
09:33:09,7748,29.3852,0.2410,5000,0.4878
,CHECKPOINT BATCH 7750,25.1206,,,
,CHECKPOINT BATCH 7755,19.2685,,,
,CHECKPOINT BATCH 7760,15.8454,,,
,CHECKPOINT BATCH 7765,27.6950,,,
09:33:11,7767,29.9590,0.2415,5000,0.4869
,CHECKPOINT BATCH 7770,25.7554,,,
,CHECKPOINT BATCH 7775,34.4389,,,
,CHECKPOINT BATCH 7780,28.7051,,,
,CHECKPOINT BATCH 7785,32.7339,,,
09:33:14,7786,24.0612,0.0905,5000,0.4861
,CHECKPOINT BATCH 7790,14.7037,,,
,CHECKPOINT BATCH 7795,21.1654,,,
,CHECKPOINT BATCH 7800,19.6351,,,
09:33:16,7805,20.3964,0.0895,5000,0.4853
,CHECKPOINT BATCH 7805,20.3964,,,
,CHECKPOINT BATCH 7810,15.0187,,,
,CHECKPOINT BATCH 7815,16.3830,,,
,CHECKPOINT BATCH 7820,21.5214,,,
09:33:18,7824,20.6194,0.0590,5000,0.4844
,CHECKPOINT BATCH 7825,16.1291,,,
,CHECKPOINT BATCH 7830,18.2706,,,
,CHECKPOINT BATCH 7835,16.2386,,,
,CHECKPOINT BATCH 7840,27.0522,,,
09:33:20,7843,17.6105,-0.0965,5000,0.4836
,CHECKPOINT BATCH 7845,20.2434,,,
09:33:23,7850,16.4425,0.5080,5000,0.4833
,CHECKPOINT BATCH 7850,16.4425,,,
,CHECKPOINT BATCH 7855,14.2139,,,
,CHECKPOINT BATCH 7860,24.0310,,,
,CHECKPOINT BATCH 7865,30.1357,,,
09:33:25,7869,32.6357,1.8765,5000,0.4825
,CHECKPOINT BATCH 7870,20.5834,,,
09:33:28,7871,17.2498,1.8770,5000,0.4824
,CHECKPOINT BATCH 7875,15.7310,,,
,CHECKPOINT BATCH 7880,19.7119,,,
,CHECKPOINT BATCH 7885,20.1767,,,
09:33:30,7890,22.1713,1.9010,5000,0.4816
,CHECKPOINT BATCH 7890,22.1713,,,
,CHECKPOINT BATCH 7895,19.0645,,,
,CHECKPOINT BATCH 7900,20.1566,,,
,CHECKPOINT BATCH 7905,16.4563,,,
09:33:32,7909,15.2061,2.8415,5000,0.4808
,CHECKPOINT BATCH 7910,22.7835,,,
,CHECKPOINT BATCH 7915,24.6142,,,
,CHECKPOINT BATCH 7920,16.6846,,,
,CHECKPOINT BATCH 7925,18.6891,,,
09:33:34,7927,14.0098,2.9920,5000,0.4800
,CHECKPOINT BATCH 7930,26.5503,,,
,CHECKPOINT BATCH 7935,13.0520,,,
,CHECKPOINT BATCH 7940,14.2856,,,
,CHECKPOINT BATCH 7945,21.2131,,,
09:33:36,7946,12.8109,2.9895,5000,0.4792
,CHECKPOINT BATCH 7950,13.5585,,,
,CHECKPOINT BATCH 7955,17.4163,,,
,CHECKPOINT BATCH 7960,17.5333,,,
09:33:38,7965,24.8708,1.1660,5000,0.4784
,CHECKPOINT BATCH 7965,24.8708,,,
,CHECKPOINT BATCH 7970,20.3303,,,
,CHECKPOINT BATCH 7975,33.5236,,,
,CHECKPOINT BATCH 7980,29.0395,,,
09:33:40,7984,19.5476,1.0070,5000,0.4775
,CHECKPOINT BATCH 7985,14.2638,,,
,CHECKPOINT BATCH 7990,17.3672,,,
,CHECKPOINT BATCH 7995,13.5770,,,
,CHECKPOINT BATCH 8000,21.1720,,,
09:33:42,8003,18.1464,0.2015,5000,0.4767
,CHECKPOINT BATCH 8005,13.6935,,,
,CHECKPOINT BATCH 8010,25.7127,,,
,CHECKPOINT BATCH 8015,25.4725,,,
,CHECKPOINT BATCH 8020,21.2202,,,
09:33:44,8022,16.4240,-0.0920,5000,0.4759
,CHECKPOINT BATCH 8025,16.6310,,,
,CHECKPOINT BATCH 8030,11.3907,,,
,CHECKPOINT BATCH 8035,21.5303,,,
,CHECKPOINT BATCH 8040,16.3240,,,
09:33:46,8041,28.8650,-0.0820,5000,0.4751
,CHECKPOINT BATCH 8045,12.5138,,,
09:33:49,8046,26.2034,-0.0790,5000,0.4749
,CHECKPOINT BATCH 8050,16.4446,,,
,CHECKPOINT BATCH 8055,23.4723,,,
,CHECKPOINT BATCH 8060,19.1635,,,
09:33:51,8065,19.0238,1.2245,5000,0.4741
,CHECKPOINT BATCH 8065,19.0238,,,
,CHECKPOINT BATCH 8070,25.9118,,,
,CHECKPOINT BATCH 8075,23.2210,,,
,CHECKPOINT BATCH 8080,17.5465,,,
09:33:53,8084,16.3394,2.6245,5000,0.4733
,CHECKPOINT BATCH 8085,22.9728,,,
,CHECKPOINT BATCH 8090,18.8028,,,
,CHECKPOINT BATCH 8095,24.7630,,,
,CHECKPOINT BATCH 8100,13.6996,,,
09:33:55,8103,13.4718,5.0730,5000,0.4725
,CHECKPOINT BATCH 8105,23.9242,,,
09:33:58,8109,17.9688,5.6895,5000,0.4722
,CHECKPOINT BATCH 8110,18.9182,,,
,CHECKPOINT BATCH 8115,19.8723,,,
,CHECKPOINT BATCH 8120,16.7787,,,
,CHECKPOINT BATCH 8125,26.8974,,,
09:34:00,8128,26.8980,5.6975,5000,0.4714
,CHECKPOINT BATCH 8130,16.5333,,,
,CHECKPOINT BATCH 8135,24.0695,,,
,CHECKPOINT BATCH 8140,21.1785,,,
,CHECKPOINT BATCH 8145,19.5490,,,
09:34:03,8147,12.6872,6.6905,5000,0.4706
,CHECKPOINT BATCH 8150,21.6692,,,
,CHECKPOINT BATCH 8155,24.7430,,,
,CHECKPOINT BATCH 8160,16.3611,,,
,CHECKPOINT BATCH 8165,24.5508,,,
09:34:05,8166,18.6549,8.4415,5000,0.4698
,CHECKPOINT BATCH 8170,23.9987,,,
,CHECKPOINT BATCH 8175,26.3967,,,
09:34:08,8178,11.3617,9.3540,5000,0.4693
,CHECKPOINT BATCH 8180,24.6579,,,
,CHECKPOINT BATCH 8185,24.6882,,,
,CHECKPOINT BATCH 8190,17.8364,,,
,CHECKPOINT BATCH 8195,13.1565,,,
09:34:10,8196,16.1269,8.1715,5000,0.4686
,CHECKPOINT BATCH 8200,23.3952,,,
,CHECKPOINT BATCH 8205,21.4754,,,
,CHECKPOINT BATCH 8210,18.4918,,,
09:34:12,8215,15.0367,9.2220,5000,0.4678
,CHECKPOINT BATCH 8215,15.0367,,,
,CHECKPOINT BATCH 8220,35.5254,,,
,CHECKPOINT BATCH 8225,18.1003,,,
,CHECKPOINT BATCH 8230,20.5480,,,
09:34:14,8234,20.7110,9.7050,5000,0.4670
,CHECKPOINT BATCH 8235,19.3461,,,
,CHECKPOINT BATCH 8240,15.6586,,,
09:34:18,8245,27.9988,9.9560,5000,0.4665
,CHECKPOINT BATCH 8245,27.9988,,,
,CHECKPOINT BATCH 8250,21.8453,,,
,CHECKPOINT BATCH 8255,20.5730,,,
,CHECKPOINT BATCH 8260,19.9626,,,
09:34:20,8264,18.8780,7.3530,5000,0.4657
,CHECKPOINT BATCH 8265,22.2467,,,
,CHECKPOINT BATCH 8270,38.3481,,,
,CHECKPOINT BATCH 8275,22.7086,,,
,CHECKPOINT BATCH 8280,18.1487,,,
09:34:22,8283,17.4200,5.5470,5000,0.4650
,CHECKPOINT BATCH 8285,23.2817,,,
,CHECKPOINT BATCH 8290,20.9498,,,
,CHECKPOINT BATCH 8295,29.1191,,,
,CHECKPOINT BATCH 8300,29.4054,,,
09:34:24,8302,18.9874,4.0600,5000,0.4642
,CHECKPOINT BATCH 8305,27.0721,,,
,CHECKPOINT BATCH 8310,18.7041,,,
09:34:28,8315,23.1826,2.5425,5000,0.4636
,CHECKPOINT BATCH 8315,23.1826,,,
,CHECKPOINT BATCH 8320,27.5114,,,
,CHECKPOINT BATCH 8325,20.4628,,,
,CHECKPOINT BATCH 8330,16.9866,,,
09:34:30,8334,17.0661,1.9510,5000,0.4628
,CHECKPOINT BATCH 8335,15.6467,,,
,CHECKPOINT BATCH 8340,24.1139,,,
,CHECKPOINT BATCH 8345,14.0421,,,
,CHECKPOINT BATCH 8350,20.5195,,,
09:34:32,8353,13.6158,2.5950,5000,0.4621
,CHECKPOINT BATCH 8355,17.8427,,,
,CHECKPOINT BATCH 8360,21.3181,,,
,CHECKPOINT BATCH 8365,20.9136,,,
,CHECKPOINT BATCH 8370,19.0344,,,
09:34:34,8372,20.3246,2.5720,5000,0.4613
,CHECKPOINT BATCH 8375,17.4409,,,
,CHECKPOINT BATCH 8380,24.1206,,,
,CHECKPOINT BATCH 8385,24.2829,,,
,CHECKPOINT BATCH 8390,22.7212,,,
09:34:39,8391,26.0652,2.9890,5000,0.4605
,CHECKPOINT BATCH 8395,13.9309,,,
,CHECKPOINT BATCH 8400,24.5413,,,
,CHECKPOINT BATCH 8405,12.7485,,,
09:34:41,8410,13.4773,3.8380,5000,0.4597
,CHECKPOINT BATCH 8410,13.4773,,,
,CHECKPOINT BATCH 8415,18.3991,,,
,CHECKPOINT BATCH 8420,17.8349,,,
,CHECKPOINT BATCH 8425,14.9448,,,
09:34:43,8429,16.6048,3.4625,5000,0.4589
,CHECKPOINT BATCH 8430,14.0647,,,
,CHECKPOINT BATCH 8435,17.3138,,,
,CHECKPOINT BATCH 8440,14.0288,,,
,CHECKPOINT BATCH 8445,14.0689,,,
09:34:45,8448,17.4251,2.0320,5000,0.4582
,CHECKPOINT BATCH 8450,25.0903,,,
,CHECKPOINT BATCH 8455,15.7916,,,
,CHECKPOINT BATCH 8460,17.4191,,,
,CHECKPOINT BATCH 8465,13.8874,,,
09:34:47,8467,15.8396,1.7320,5000,0.4574
,CHECKPOINT BATCH 8470,18.8189,,,
,CHECKPOINT BATCH 8475,18.1970,,,
,CHECKPOINT BATCH 8480,16.0361,,,
,CHECKPOINT BATCH 8485,21.9002,,,
09:34:49,8486,14.1733,1.5770,5000,0.4566
,CHECKPOINT BATCH 8490,14.8975,,,
,CHECKPOINT BATCH 8495,17.8778,,,
,CHECKPOINT BATCH 8500,14.2153,,,
09:34:51,8505,16.0659,0.0530,5000,0.4558
,CHECKPOINT BATCH 8505,16.0659,,,
,CHECKPOINT BATCH 8510,18.6194,,,
,CHECKPOINT BATCH 8515,17.9959,,,
,CHECKPOINT BATCH 8520,13.9389,,,
09:34:53,8524,14.7550,-0.0975,5000,0.4551
,CHECKPOINT BATCH 8525,12.4546,,,
,CHECKPOINT BATCH 8530,12.0302,,,
,CHECKPOINT BATCH 8535,19.1026,,,
,CHECKPOINT BATCH 8540,17.8973,,,
09:34:55,8543,20.6663,-0.0975,5000,0.4543
,CHECKPOINT BATCH 8545,14.0443,,,
,CHECKPOINT BATCH 8550,13.4874,,,
,CHECKPOINT BATCH 8555,32.3648,,,
,CHECKPOINT BATCH 8560,23.1676,,,
09:34:57,8562,21.0606,0.8125,5000,0.4535
,CHECKPOINT BATCH 8565,20.5833,,,
,CHECKPOINT BATCH 8570,26.7643,,,
09:35:01,8574,20.2268,2.0215,5000,0.4531
,CHECKPOINT BATCH 8575,14.5795,,,
,CHECKPOINT BATCH 8580,23.4380,,,
,CHECKPOINT BATCH 8585,24.6786,,,
09:35:05,8588,18.9360,3.3925,5000,0.4525
,CHECKPOINT BATCH 8590,15.8015,,,
,CHECKPOINT BATCH 8595,20.6928,,,
,CHECKPOINT BATCH 8600,16.7515,,,
,CHECKPOINT BATCH 8605,20.6795,,,
09:35:07,8607,11.4296,3.3935,5000,0.4517
,CHECKPOINT BATCH 8610,11.8754,,,
,CHECKPOINT BATCH 8615,17.9345,,,
,CHECKPOINT BATCH 8620,27.4270,,,
,CHECKPOINT BATCH 8625,16.5675,,,
09:35:09,8626,20.8557,4.0575,5000,0.4510
,CHECKPOINT BATCH 8630,18.9613,,,
,CHECKPOINT BATCH 8635,15.3921,,,
09:35:13,8640,20.2931,6.2095,5000,0.4504
,CHECKPOINT BATCH 8640,20.2931,,,
,CHECKPOINT BATCH 8645,17.4365,,,
,CHECKPOINT BATCH 8650,19.4396,,,
09:35:17,8653,28.9770,7.8760,5000,0.4499
,CHECKPOINT BATCH 8655,14.8780,,,
,CHECKPOINT BATCH 8660,9.7384,,,
,CHECKPOINT BATCH 8665,32.9239,,,
,CHECKPOINT BATCH 8670,12.6746,,,
09:35:19,8672,22.4372,6.3700,5000,0.4491
,CHECKPOINT BATCH 8675,23.1289,,,
,CHECKPOINT BATCH 8680,22.0214,,,
,CHECKPOINT BATCH 8685,15.5424,,,
,CHECKPOINT BATCH 8690,18.5708,,,
09:35:23,8691,19.2209,5.4710,5000,0.4484
,CHECKPOINT BATCH 8695,15.9002,,,
,CHECKPOINT BATCH 8700,24.2244,,,
,CHECKPOINT BATCH 8705,13.1598,,,
09:35:25,8710,14.1514,5.4910,5000,0.4476
,CHECKPOINT BATCH 8710,14.1514,,,
,CHECKPOINT BATCH 8715,23.0088,,,
,CHECKPOINT BATCH 8720,20.0729,,,
,CHECKPOINT BATCH 8725,21.3583,,,
09:35:27,8729,10.7035,4.5475,5000,0.4469
,CHECKPOINT BATCH 8730,19.5624,,,
,CHECKPOINT BATCH 8735,18.0933,,,
,CHECKPOINT BATCH 8740,22.6721,,,
,CHECKPOINT BATCH 8745,19.1981,,,
09:35:30,8748,16.0373,1.9675,5000,0.4461
,CHECKPOINT BATCH 8750,24.1783,,,
,CHECKPOINT BATCH 8755,22.5638,,,
,CHECKPOINT BATCH 8760,15.9307,,,
,CHECKPOINT BATCH 8765,14.4567,,,
09:35:32,8767,13.0199,1.5120,5000,0.4453
,CHECKPOINT BATCH 8770,17.3197,,,
,CHECKPOINT BATCH 8775,19.8824,,,
,CHECKPOINT BATCH 8780,12.4890,,,
,CHECKPOINT BATCH 8785,15.6636,,,
09:35:34,8786,13.3215,0.7310,5000,0.4446
,CHECKPOINT BATCH 8790,15.9168,,,
,CHECKPOINT BATCH 8795,19.7103,,,
,CHECKPOINT BATCH 8800,18.8778,,,
09:35:36,8805,22.6612,0.5715,5000,0.4438
,CHECKPOINT BATCH 8805,22.6612,,,
,CHECKPOINT BATCH 8810,16.2059,,,
,CHECKPOINT BATCH 8815,30.4859,,,
,CHECKPOINT BATCH 8820,18.5222,,,
09:35:38,8824,18.0958,0.5325,5000,0.4431
09:35:40,8825,9.2571,0.5330,5000,0.4431
,CHECKPOINT BATCH 8825,9.2571,,,
,CHECKPOINT BATCH 8830,12.4995,,,
,CHECKPOINT BATCH 8835,18.1119,,,
,CHECKPOINT BATCH 8840,20.3804,,,
09:35:42,8844,21.5387,-0.0840,5000,0.4423
,CHECKPOINT BATCH 8845,21.2378,,,
,CHECKPOINT BATCH 8850,17.1205,,,
,CHECKPOINT BATCH 8855,23.5958,,,
,CHECKPOINT BATCH 8860,14.3062,,,
09:35:44,8863,19.4925,-0.0455,5000,0.4416
,CHECKPOINT BATCH 8865,13.3426,,,
,CHECKPOINT BATCH 8870,16.5517,,,
,CHECKPOINT BATCH 8875,20.0448,,,
,CHECKPOINT BATCH 8880,17.4430,,,
09:35:47,8882,13.6626,-0.0350,5000,0.4408
,CHECKPOINT BATCH 8885,19.8566,,,
,CHECKPOINT BATCH 8890,23.8168,,,
,CHECKPOINT BATCH 8895,24.2066,,,
,CHECKPOINT BATCH 8900,20.9644,,,
09:35:49,8901,17.5639,0.2965,5000,0.4401
,CHECKPOINT BATCH 8905,18.2741,,,
,CHECKPOINT BATCH 8910,15.7132,,,
,CHECKPOINT BATCH 8915,27.3421,,,
09:35:51,8920,24.9342,0.7465,5000,0.4393
,CHECKPOINT BATCH 8920,24.9342,,,
,CHECKPOINT BATCH 8925,20.9772,,,
,CHECKPOINT BATCH 8930,15.2666,,,
,CHECKPOINT BATCH 8935,31.9181,,,
09:35:53,8939,14.1269,0.7440,5000,0.4386
,CHECKPOINT BATCH 8940,13.7510,,,
,CHECKPOINT BATCH 8945,17.9047,,,
,CHECKPOINT BATCH 8950,18.0958,,,
,CHECKPOINT BATCH 8955,14.2072,,,
09:35:55,8958,15.3663,0.7265,5000,0.4379
,CHECKPOINT BATCH 8960,24.2927,,,
,CHECKPOINT BATCH 8965,18.8113,,,
,CHECKPOINT BATCH 8970,19.9966,,,
,CHECKPOINT BATCH 8975,15.6148,,,
09:35:57,8976,23.3312,0.7495,5000,0.4372
,CHECKPOINT BATCH 8980,17.8631,,,
,CHECKPOINT BATCH 8985,22.6871,,,
,CHECKPOINT BATCH 8990,18.4843,,,
09:35:59,8995,15.2682,2.1410,5000,0.4364
,CHECKPOINT BATCH 8995,15.2682,,,
,CHECKPOINT BATCH 9000,16.1190,,,
,CHECKPOINT BATCH 9005,22.1028,,,
,CHECKPOINT BATCH 9010,19.3667,,,
09:36:01,9014,19.8751,1.8620,5000,0.4357
,CHECKPOINT BATCH 9015,18.4584,,,
,CHECKPOINT BATCH 9020,15.8135,,,
,CHECKPOINT BATCH 9025,14.5569,,,
,CHECKPOINT BATCH 9030,21.5689,,,
09:36:03,9033,21.4807,1.8620,5000,0.4350
,CHECKPOINT BATCH 9035,24.9651,,,
,CHECKPOINT BATCH 9040,24.5613,,,
,CHECKPOINT BATCH 9045,26.0773,,,
,CHECKPOINT BATCH 9050,15.4175,,,
09:36:05,9052,25.4114,2.0050,5000,0.4342
,CHECKPOINT BATCH 9055,18.6697,,,
,CHECKPOINT BATCH 9060,21.2491,,,
,CHECKPOINT BATCH 9065,21.5715,,,
,CHECKPOINT BATCH 9070,18.0369,,,
09:36:07,9071,17.7015,2.2665,5000,0.4335
,CHECKPOINT BATCH 9075,15.5507,,,
,CHECKPOINT BATCH 9080,17.8676,,,
,CHECKPOINT BATCH 9085,24.1458,,,
09:36:09,9090,25.3151,0.9980,5000,0.4328
,CHECKPOINT BATCH 9090,25.3151,,,
,CHECKPOINT BATCH 9095,21.2430,,,
,CHECKPOINT BATCH 9100,31.1296,,,
,CHECKPOINT BATCH 9105,14.5258,,,
09:36:11,9109,20.9539,1.5685,5000,0.4321
,CHECKPOINT BATCH 9110,22.6486,,,
,CHECKPOINT BATCH 9115,24.0444,,,
,CHECKPOINT BATCH 9120,20.1375,,,
09:36:15,9124,15.0947,3.1225,5000,0.4315
,CHECKPOINT BATCH 9125,14.4455,,,
,CHECKPOINT BATCH 9130,20.2370,,,
09:36:19,9133,20.1714,3.1275,5000,0.4311
,CHECKPOINT BATCH 9135,16.7526,,,
,CHECKPOINT BATCH 9140,23.7484,,,
,CHECKPOINT BATCH 9145,14.4480,,,
,CHECKPOINT BATCH 9150,14.5469,,,
09:36:21,9152,14.5572,4.5600,5000,0.4304
,CHECKPOINT BATCH 9155,14.7631,,,
,CHECKPOINT BATCH 9160,21.0392,,,
,CHECKPOINT BATCH 9165,13.1795,,,
,CHECKPOINT BATCH 9170,24.9613,,,
09:36:23,9171,22.5910,5.4815,5000,0.4297
,CHECKPOINT BATCH 9175,19.9269,,,
09:36:26,9177,26.0501,5.7870,5000,0.4295
,CHECKPOINT BATCH 9180,22.0457,,,
,CHECKPOINT BATCH 9185,26.8771,,,
,CHECKPOINT BATCH 9190,22.5836,,,
,CHECKPOINT BATCH 9195,17.2834,,,
09:36:28,9196,21.7720,7.0885,5000,0.4287
,CHECKPOINT BATCH 9200,16.6912,,,
,CHECKPOINT BATCH 9205,27.1563,,,
,CHECKPOINT BATCH 9210,16.1960,,,
09:36:30,9215,23.9390,7.6020,5000,0.4280
,CHECKPOINT BATCH 9215,23.9390,,,
,CHECKPOINT BATCH 9220,18.8822,,,
09:36:33,9221,19.9598,7.4340,5000,0.4278
,CHECKPOINT BATCH 9225,17.2628,,,
,CHECKPOINT BATCH 9230,20.0357,,,
,CHECKPOINT BATCH 9235,19.6906,,,
09:36:35,9240,15.0943,6.7910,5000,0.4271
,CHECKPOINT BATCH 9240,15.0943,,,
,CHECKPOINT BATCH 9245,15.6440,,,
,CHECKPOINT BATCH 9250,17.6076,,,
,CHECKPOINT BATCH 9255,16.0971,,,
09:36:37,9259,14.8879,5.5435,5000,0.4264
,CHECKPOINT BATCH 9260,21.1736,,,
,CHECKPOINT BATCH 9265,19.5333,,,
,CHECKPOINT BATCH 9270,15.4667,,,
,CHECKPOINT BATCH 9275,20.2122,,,
09:36:39,9277,19.0354,4.7825,5000,0.4257
,CHECKPOINT BATCH 9280,22.5438,,,
,CHECKPOINT BATCH 9285,15.9807,,,
09:36:43,9287,16.5067,4.4335,5000,0.4253
,CHECKPOINT BATCH 9290,24.3494,,,
,CHECKPOINT BATCH 9295,21.4945,,,
,CHECKPOINT BATCH 9300,20.2545,,,
,CHECKPOINT BATCH 9305,18.3661,,,
09:36:45,9306,25.1009,3.2210,5000,0.4246
,CHECKPOINT BATCH 9310,20.9675,,,
,CHECKPOINT BATCH 9315,30.9022,,,
,CHECKPOINT BATCH 9320,20.5833,,,
09:36:47,9325,24.4302,3.0430,5000,0.4239
,CHECKPOINT BATCH 9325,24.4302,,,
,CHECKPOINT BATCH 9330,25.4735,,,
09:36:50,9334,17.1248,3.6515,5000,0.4236
,CHECKPOINT BATCH 9335,27.8331,,,
,CHECKPOINT BATCH 9340,16.2946,,,
,CHECKPOINT BATCH 9345,20.3891,,,
,CHECKPOINT BATCH 9350,20.2175,,,
09:36:52,9353,15.8347,4.3460,5000,0.4228
,CHECKPOINT BATCH 9355,26.8401,,,
,CHECKPOINT BATCH 9360,18.9109,,,
,CHECKPOINT BATCH 9365,17.8184,,,
,CHECKPOINT BATCH 9370,17.9852,,,
09:36:54,9372,18.8914,3.8275,5000,0.4221
,CHECKPOINT BATCH 9375,22.0957,,,
,CHECKPOINT BATCH 9380,15.0613,,,
,CHECKPOINT BATCH 9385,17.7014,,,
,CHECKPOINT BATCH 9390,14.7484,,,
09:36:56,9391,24.4204,3.8995,5000,0.4214
,CHECKPOINT BATCH 9395,15.6227,,,
,CHECKPOINT BATCH 9400,28.9646,,,
,CHECKPOINT BATCH 9405,23.7082,,,
09:36:58,9410,21.8575,3.0060,5000,0.4207
,CHECKPOINT BATCH 9410,21.8575,,,
,CHECKPOINT BATCH 9415,22.7864,,,
,CHECKPOINT BATCH 9420,19.6354,,,
,CHECKPOINT BATCH 9425,24.2849,,,
09:37:00,9428,23.8730,2.2920,5000,0.4201
,CHECKPOINT BATCH 9430,16.2320,,,
09:37:03,9432,19.7065,1.9905,5000,0.4199
,CHECKPOINT BATCH 9435,21.9152,,,
,CHECKPOINT BATCH 9440,23.9194,,,
,CHECKPOINT BATCH 9445,19.0927,,,
,CHECKPOINT BATCH 9450,16.4685,,,
09:37:05,9451,18.3631,1.7955,5000,0.4192
,CHECKPOINT BATCH 9455,18.0876,,,
,CHECKPOINT BATCH 9460,18.5224,,,
,CHECKPOINT BATCH 9465,19.6180,,,
09:37:07,9470,22.2566,3.8885,5000,0.4185
,CHECKPOINT BATCH 9470,22.2566,,,
,CHECKPOINT BATCH 9475,15.7338,,,
,CHECKPOINT BATCH 9480,19.6962,,,
,CHECKPOINT BATCH 9485,18.7556,,,
09:37:09,9489,22.9360,4.2475,5000,0.4178
,CHECKPOINT BATCH 9490,18.4290,,,
,CHECKPOINT BATCH 9495,16.9297,,,
,CHECKPOINT BATCH 9500,19.9504,,,
,CHECKPOINT BATCH 9505,15.6278,,,
09:37:12,9508,20.2114,4.1525,5000,0.4171
,CHECKPOINT BATCH 9510,30.8187,,,
,CHECKPOINT BATCH 9515,21.7150,,,
,CHECKPOINT BATCH 9520,16.6319,,,
,CHECKPOINT BATCH 9525,26.3164,,,
09:37:14,9527,18.6993,3.3415,5000,0.4164
,CHECKPOINT BATCH 9530,13.7819,,,
,CHECKPOINT BATCH 9535,21.1392,,,
,CHECKPOINT BATCH 9540,16.4496,,,
,CHECKPOINT BATCH 9545,20.3758,,,
09:37:16,9546,16.9172,3.6260,5000,0.4157
,CHECKPOINT BATCH 9550,23.8800,,,
,CHECKPOINT BATCH 9555,14.1509,,,
,CHECKPOINT BATCH 9560,17.5590,,,
09:37:18,9565,20.3835,1.4230,5000,0.4150
,CHECKPOINT BATCH 9565,20.3835,,,
,CHECKPOINT BATCH 9570,15.9111,,,
,CHECKPOINT BATCH 9575,14.3746,,,
,CHECKPOINT BATCH 9580,13.5798,,,
09:37:20,9583,23.1800,0.5070,5000,0.4144
,CHECKPOINT BATCH 9585,23.4644,,,
,CHECKPOINT BATCH 9590,16.8905,,,
,CHECKPOINT BATCH 9595,19.2172,,,
,CHECKPOINT BATCH 9600,21.0352,,,
09:37:22,9602,18.2790,0.5070,5000,0.4137
,CHECKPOINT BATCH 9605,12.8608,,,
,CHECKPOINT BATCH 9610,21.1922,,,
,CHECKPOINT BATCH 9615,15.5286,,,
,CHECKPOINT BATCH 9620,12.8040,,,
09:37:24,9621,16.4610,0.3560,5000,0.4130
,CHECKPOINT BATCH 9625,16.4716,,,
,CHECKPOINT BATCH 9630,16.1877,,,
,CHECKPOINT BATCH 9635,23.9794,,,
09:37:26,9640,18.1931,0.0550,5000,0.4123
,CHECKPOINT BATCH 9640,18.1931,,,
,CHECKPOINT BATCH 9645,18.6373,,,
,CHECKPOINT BATCH 9650,18.2678,,,
,CHECKPOINT BATCH 9655,12.2780,,,
09:37:28,9659,24.0822,1.1185,5000,0.4116
,CHECKPOINT BATCH 9660,21.2197,,,
,CHECKPOINT BATCH 9665,14.7252,,,
,CHECKPOINT BATCH 9670,12.3251,,,
,CHECKPOINT BATCH 9675,16.3607,,,
09:37:30,9678,17.3133,2.3810,5000,0.4109
,CHECKPOINT BATCH 9680,14.2460,,,
,CHECKPOINT BATCH 9685,15.4875,,,
,CHECKPOINT BATCH 9690,14.9439,,,
,CHECKPOINT BATCH 9695,14.1068,,,
09:37:32,9697,15.8273,2.9905,5000,0.4102
,CHECKPOINT BATCH 9700,16.6763,,,
,CHECKPOINT BATCH 9705,11.5108,,,
09:37:36,9706,23.0196,3.7480,5000,0.4099
,CHECKPOINT BATCH 9710,16.9487,,,
,CHECKPOINT BATCH 9715,20.3161,,,
,CHECKPOINT BATCH 9720,16.1714,,,
09:37:38,9724,17.0775,4.8225,5000,0.4093
,CHECKPOINT BATCH 9725,12.5723,,,
,CHECKPOINT BATCH 9730,21.5354,,,
,CHECKPOINT BATCH 9735,15.5766,,,
,CHECKPOINT BATCH 9740,16.6508,,,
09:37:40,9743,21.9343,5.2735,5000,0.4086
,CHECKPOINT BATCH 9745,18.1733,,,
,CHECKPOINT BATCH 9750,20.8254,,,
,CHECKPOINT BATCH 9755,18.2145,,,
,CHECKPOINT BATCH 9760,14.8963,,,
09:37:42,9762,17.3807,6.6305,5000,0.4079
,CHECKPOINT BATCH 9765,13.4919,,,
,CHECKPOINT BATCH 9770,22.7605,,,
09:37:45,9773,24.4732,7.2305,5000,0.4075
,CHECKPOINT BATCH 9775,20.6581,,,
,CHECKPOINT BATCH 9780,17.7551,,,
,CHECKPOINT BATCH 9785,27.0411,,,
,CHECKPOINT BATCH 9790,22.3667,,,
09:37:47,9792,17.5491,7.1030,5000,0.4068
,CHECKPOINT BATCH 9795,22.3741,,,
,CHECKPOINT BATCH 9800,15.6542,,,
,CHECKPOINT BATCH 9805,13.2088,,,
,CHECKPOINT BATCH 9810,21.7513,,,
09:37:49,9811,16.1981,8.6785,5000,0.4062
,CHECKPOINT BATCH 9815,16.8114,,,
,CHECKPOINT BATCH 9820,13.7085,,,
,CHECKPOINT BATCH 9825,18.3853,,,
09:37:53,9827,20.1846,10.2075,5000,0.4056
,CHECKPOINT BATCH 9830,18.7901,,,
,CHECKPOINT BATCH 9835,18.5823,,,
,CHECKPOINT BATCH 9840,17.9361,,,
,CHECKPOINT BATCH 9845,22.2985,,,
09:37:56,9846,27.8425,11.4260,5000,0.4049
,CHECKPOINT BATCH 9850,17.8875,,,
,CHECKPOINT BATCH 9855,14.9768,,,
,CHECKPOINT BATCH 9860,20.2654,,,
09:37:58,9865,17.2853,11.2810,5000,0.4042
,CHECKPOINT BATCH 9865,17.2853,,,
,CHECKPOINT BATCH 9870,12.7737,,,
,CHECKPOINT BATCH 9875,14.4575,,,
09:38:01,9876,22.1376,11.7180,5000,0.4038
,CHECKPOINT BATCH 9880,14.0642,,,
,CHECKPOINT BATCH 9885,20.6595,,,
,CHECKPOINT BATCH 9890,12.8748,,,
09:38:03,9895,14.6296,10.7735,5000,0.4032
,CHECKPOINT BATCH 9895,14.6296,,,
,CHECKPOINT BATCH 9900,23.0414,,,
,CHECKPOINT BATCH 9905,21.2858,,,
,CHECKPOINT BATCH 9910,24.1009,,,
09:38:05,9914,23.0916,7.6885,5000,0.4025
,CHECKPOINT BATCH 9915,20.3606,,,
,CHECKPOINT BATCH 9920,18.0868,,,
,CHECKPOINT BATCH 9925,18.0740,,,
,CHECKPOINT BATCH 9930,15.2127,,,
09:38:07,9933,23.0086,7.8560,5000,0.4018
09:38:10,9935,18.2925,8.3085,5000,0.4018
,CHECKPOINT BATCH 9935,18.2925,,,
,CHECKPOINT BATCH 9940,14.7840,,,
,CHECKPOINT BATCH 9945,19.6140,,,
,CHECKPOINT BATCH 9950,26.8881,,,
09:38:12,9954,21.5440,7.8645,5000,0.4011
,CHECKPOINT BATCH 9955,19.7556,,,
,CHECKPOINT BATCH 9960,13.4559,,,
,CHECKPOINT BATCH 9965,18.5178,,,
,CHECKPOINT BATCH 9970,12.6985,,,
09:38:14,9973,13.5339,5.5630,5000,0.4004
,CHECKPOINT BATCH 9975,15.2525,,,
,CHECKPOINT BATCH 9980,11.5221,,,
,CHECKPOINT BATCH 9985,18.4579,,,
,CHECKPOINT BATCH 9990,15.6115,,,
09:38:16,9992,16.5937,5.4240,5000,0.3998
,CHECKPOINT BATCH 9995,13.6448,,,
,CHECKPOINT BATCH 10000,20.6817,,,
,CHECKPOINT BATCH 10005,22.0717,,,
,CHECKPOINT BATCH 10010,22.7597,,,
09:38:18,10011,16.8675,5.4530,5000,0.3991
,CHECKPOINT BATCH 10015,17.6764,,,
,CHECKPOINT BATCH 10020,14.6448,,,
,CHECKPOINT BATCH 10025,18.5554,,,
09:38:20,10029,15.6180,3.3230,5000,0.3985
,CHECKPOINT BATCH 10030,20.9162,,,
,CHECKPOINT BATCH 10035,16.5923,,,
,CHECKPOINT BATCH 10040,21.2069,,,
,CHECKPOINT BATCH 10045,23.3277,,,
09:38:22,10048,13.3403,0.4920,5000,0.3978
,CHECKPOINT BATCH 10050,23.3644,,,
,CHECKPOINT BATCH 10055,19.8766,,,
,CHECKPOINT BATCH 10060,20.1976,,,
,CHECKPOINT BATCH 10065,21.7957,,,
09:38:24,10067,17.4522,2.6665,5000,0.3972
,CHECKPOINT BATCH 10070,23.2699,,,
,CHECKPOINT BATCH 10075,21.7017,,,
,CHECKPOINT BATCH 10080,24.2511,,,
,CHECKPOINT BATCH 10085,16.3139,,,
09:38:27,10086,19.4347,5.0035,5000,0.3965
,CHECKPOINT BATCH 10090,14.1189,,,
,CHECKPOINT BATCH 10095,19.6268,,,
09:38:30,10096,21.0770,6.5000,5000,0.3961
,CHECKPOINT BATCH 10100,18.7180,,,
,CHECKPOINT BATCH 10105,23.9648,,,
,CHECKPOINT BATCH 10110,16.8951,,,
09:38:32,10115,19.5176,9.8185,5000,0.3955
,CHECKPOINT BATCH 10115,19.5176,,,
09:38:35,10117,15.5927,9.8150,5000,0.3954
,CHECKPOINT BATCH 10120,14.9291,,,
,CHECKPOINT BATCH 10125,23.2555,,,
,CHECKPOINT BATCH 10130,10.6644,,,
,CHECKPOINT BATCH 10135,17.8895,,,
09:38:37,10136,18.5914,9.7765,5000,0.3948
,CHECKPOINT BATCH 10140,16.2434,,,
,CHECKPOINT BATCH 10145,19.3047,,,
,CHECKPOINT BATCH 10150,16.0809,,,
09:38:41,10153,15.1566,9.7410,5000,0.3942
,CHECKPOINT BATCH 10155,20.8964,,,
,CHECKPOINT BATCH 10160,17.1017,,,
,CHECKPOINT BATCH 10165,19.9404,,,
,CHECKPOINT BATCH 10170,19.0449,,,
09:38:43,10172,13.3446,8.0435,5000,0.3935
,CHECKPOINT BATCH 10175,21.8945,,,
,CHECKPOINT BATCH 10180,17.8645,,,
,CHECKPOINT BATCH 10185,24.3669,,,
,CHECKPOINT BATCH 10190,23.3568,,,
09:38:45,10191,22.4686,7.2285,5000,0.3929
,CHECKPOINT BATCH 10195,29.2888,,,
,CHECKPOINT BATCH 10200,25.1235,,,
,CHECKPOINT BATCH 10205,18.8142,,,
09:38:47,10210,13.3611,3.8850,5000,0.3922
,CHECKPOINT BATCH 10210,13.3611,,,
,CHECKPOINT BATCH 10215,12.9806,,,
,CHECKPOINT BATCH 10220,20.9052,,,
,CHECKPOINT BATCH 10225,15.9396,,,
09:38:49,10229,16.2155,2.8155,5000,0.3916
,CHECKPOINT BATCH 10230,15.5971,,,
,CHECKPOINT BATCH 10235,14.3533,,,
,CHECKPOINT BATCH 10240,19.1275,,,
,CHECKPOINT BATCH 10245,20.9639,,,
09:38:51,10248,18.7804,2.5035,5000,0.3909
,CHECKPOINT BATCH 10250,14.7216,,,
,CHECKPOINT BATCH 10255,16.6158,,,
,CHECKPOINT BATCH 10260,21.6370,,,
,CHECKPOINT BATCH 10265,12.0252,,,
09:38:53,10267,21.2799,1.8785,5000,0.3903
,CHECKPOINT BATCH 10270,18.7353,,,
,CHECKPOINT BATCH 10275,14.3259,,,
,CHECKPOINT BATCH 10280,18.5512,,,
,CHECKPOINT BATCH 10285,17.3550,,,
09:38:56,10286,19.8306,1.7230,5000,0.3896
,CHECKPOINT BATCH 10290,17.8076,,,
,CHECKPOINT BATCH 10295,22.2594,,,
,CHECKPOINT BATCH 10300,19.0782,,,
09:38:58,10305,19.5185,4.3085,5000,0.3890
,CHECKPOINT BATCH 10305,19.5185,,,
,CHECKPOINT BATCH 10310,14.1268,,,
,CHECKPOINT BATCH 10315,12.6914,,,
,CHECKPOINT BATCH 10320,16.3301,,,
09:39:00,10323,15.0705,6.3170,5000,0.3884
09:39:02,10324,20.1954,6.7730,5000,0.3883
,CHECKPOINT BATCH 10325,17.0273,,,
,CHECKPOINT BATCH 10330,22.3552,,,
,CHECKPOINT BATCH 10335,14.5600,,,
,CHECKPOINT BATCH 10340,13.5556,,,
09:39:04,10343,18.5694,8.4480,5000,0.3877
,CHECKPOINT BATCH 10345,16.9718,,,
,CHECKPOINT BATCH 10350,13.1780,,,
,CHECKPOINT BATCH 10355,13.5811,,,
,CHECKPOINT BATCH 10360,21.7445,,,
09:39:06,10362,14.1021,9.2435,5000,0.3871
,CHECKPOINT BATCH 10365,12.4264,,,
,CHECKPOINT BATCH 10370,18.0861,,,
,CHECKPOINT BATCH 10375,26.8740,,,
,CHECKPOINT BATCH 10380,19.3618,,,
09:39:08,10381,17.7215,7.9655,5000,0.3864
,CHECKPOINT BATCH 10385,16.6355,,,
,CHECKPOINT BATCH 10390,15.5793,,,
,CHECKPOINT BATCH 10395,10.2407,,,
09:39:10,10400,15.0195,5.7395,5000,0.3858
,CHECKPOINT BATCH 10400,15.0195,,,
,CHECKPOINT BATCH 10405,16.6147,,,
,CHECKPOINT BATCH 10410,11.1886,,,
,CHECKPOINT BATCH 10415,16.0947,,,
09:39:12,10419,21.2860,3.2060,5000,0.3851
,CHECKPOINT BATCH 10420,17.0337,,,
,CHECKPOINT BATCH 10425,10.0795,,,
,CHECKPOINT BATCH 10430,13.8754,,,
,CHECKPOINT BATCH 10435,13.4486,,,
09:39:15,10438,18.5817,1.4350,5000,0.3845
,CHECKPOINT BATCH 10440,15.7140,,,
,CHECKPOINT BATCH 10445,17.3282,,,
,CHECKPOINT BATCH 10450,18.4365,,,
,CHECKPOINT BATCH 10455,13.8269,,,
09:39:17,10457,14.4571,0.7105,5000,0.3839
,CHECKPOINT BATCH 10460,10.9002,,,
,CHECKPOINT BATCH 10465,12.2878,,,
,CHECKPOINT BATCH 10470,15.8336,,,
09:39:19,10475,16.2710,0.5120,5000,0.3833
,CHECKPOINT BATCH 10475,16.2710,,,
,CHECKPOINT BATCH 10480,17.4434,,,
,CHECKPOINT BATCH 10485,13.6671,,,
,CHECKPOINT BATCH 10490,10.4690,,,
09:39:21,10494,9.5599,0.7910,5000,0.3826
,CHECKPOINT BATCH 10495,13.5742,,,
09:39:23,10498,11.8683,0.7815,5000,0.3825
,CHECKPOINT BATCH 10500,12.5435,,,
,CHECKPOINT BATCH 10505,17.8185,,,
,CHECKPOINT BATCH 10510,17.3345,,,
,CHECKPOINT BATCH 10515,13.9058,,,
09:39:26,10517,17.4832,0.6950,5000,0.3819
,CHECKPOINT BATCH 10520,20.2405,,,
,CHECKPOINT BATCH 10525,14.4127,,,
,CHECKPOINT BATCH 10530,14.9275,,,
,CHECKPOINT BATCH 10535,16.6540,,,
09:39:28,10536,14.6964,1.3035,5000,0.3812
,CHECKPOINT BATCH 10540,22.7724,,,
,CHECKPOINT BATCH 10545,11.3190,,,
,CHECKPOINT BATCH 10550,14.9236,,,
09:39:30,10555,19.1437,1.5810,5000,0.3806
,CHECKPOINT BATCH 10555,19.1437,,,
,CHECKPOINT BATCH 10560,14.2882,,,
,CHECKPOINT BATCH 10565,14.2346,,,
,CHECKPOINT BATCH 10570,15.7600,,,
09:39:32,10574,16.5766,1.7275,5000,0.3800
,CHECKPOINT BATCH 10575,10.9249,,,
,CHECKPOINT BATCH 10580,14.1340,,,
,CHECKPOINT BATCH 10585,11.3054,,,
,CHECKPOINT BATCH 10590,10.4564,,,
09:39:34,10593,18.6316,2.0030,5000,0.3794
,CHECKPOINT BATCH 10595,17.1004,,,
,CHECKPOINT BATCH 10600,14.3276,,,
,CHECKPOINT BATCH 10605,14.9561,,,
,CHECKPOINT BATCH 10610,16.5197,,,
09:39:36,10612,12.1381,4.2655,5000,0.3787
,CHECKPOINT BATCH 10615,18.3934,,,
09:39:39,10619,21.1512,5.7610,5000,0.3785
,CHECKPOINT BATCH 10620,19.0599,,,
,CHECKPOINT BATCH 10625,12.7672,,,
,CHECKPOINT BATCH 10630,15.5166,,,
09:39:43,10631,9.7951,5.7270,5000,0.3781
,CHECKPOINT BATCH 10635,15.2728,,,
,CHECKPOINT BATCH 10640,14.1051,,,
,CHECKPOINT BATCH 10645,17.9469,,,
09:39:45,10650,14.7953,5.9350,5000,0.3775
,CHECKPOINT BATCH 10650,14.7953,,,
,CHECKPOINT BATCH 10655,10.2400,,,
,CHECKPOINT BATCH 10660,15.4348,,,
,CHECKPOINT BATCH 10665,16.3127,,,
09:39:47,10669,14.0776,7.7870,5000,0.3769
,CHECKPOINT BATCH 10670,18.8133,,,
,CHECKPOINT BATCH 10675,12.0848,,,
,CHECKPOINT BATCH 10680,16.0602,,,
,CHECKPOINT BATCH 10685,10.5741,,,
09:39:49,10688,15.1389,10.7395,5000,0.3762
,CHECKPOINT BATCH 10690,9.6215,,,
,CHECKPOINT BATCH 10695,16.2394,,,
,CHECKPOINT BATCH 10700,15.0795,,,
09:39:53,10703,18.5915,11.2395,5000,0.3758
,CHECKPOINT BATCH 10705,19.0880,,,
,CHECKPOINT BATCH 10710,11.9051,,,
09:39:56,10712,13.0099,10.0370,5000,0.3755
,CHECKPOINT BATCH 10715,20.7229,,,
,CHECKPOINT BATCH 10720,13.9673,,,
,CHECKPOINT BATCH 10725,15.5847,,,
,CHECKPOINT BATCH 10730,15.4941,,,
09:39:58,10731,18.0653,8.0885,5000,0.3748
,CHECKPOINT BATCH 10735,13.3219,,,
,CHECKPOINT BATCH 10740,25.4334,,,
,CHECKPOINT BATCH 10745,11.0214,,,
09:40:00,10750,16.6729,9.1495,5000,0.3742
,CHECKPOINT BATCH 10750,16.6729,,,
,CHECKPOINT BATCH 10755,9.7140,,,
,CHECKPOINT BATCH 10760,18.0059,,,
,CHECKPOINT BATCH 10765,13.3219,,,
09:40:03,10769,11.5828,9.4250,5000,0.3736
,CHECKPOINT BATCH 10770,8.4865,,,
,CHECKPOINT BATCH 10775,10.5901,,,
,CHECKPOINT BATCH 10780,18.9158,,,
,CHECKPOINT BATCH 10785,14.6129,,,
09:40:07,10786,13.6415,7.2400,5000,0.3731
,CHECKPOINT BATCH 10790,8.4014,,,
,CHECKPOINT BATCH 10795,15.4594,,,
,CHECKPOINT BATCH 10800,11.3896,,,
09:40:09,10805,12.4453,6.8105,5000,0.3725
,CHECKPOINT BATCH 10805,12.4453,,,
,CHECKPOINT BATCH 10810,12.2986,,,
,CHECKPOINT BATCH 10815,11.7129,,,
,CHECKPOINT BATCH 10820,12.1966,,,
09:40:11,10824,17.5315,9.7390,5000,0.3718
,CHECKPOINT BATCH 10825,15.1689,,,
,CHECKPOINT BATCH 10830,12.4605,,,
,CHECKPOINT BATCH 10835,11.3110,,,
,CHECKPOINT BATCH 10840,13.6016,,,
09:40:13,10843,14.1937,10.8795,5000,0.3712
,CHECKPOINT BATCH 10845,14.6055,,,
,CHECKPOINT BATCH 10850,14.5985,,,
,CHECKPOINT BATCH 10855,13.8992,,,
09:40:17,10859,10.7572,8.8400,5000,0.3707
,CHECKPOINT BATCH 10860,14.1200,,,
,CHECKPOINT BATCH 10865,12.5340,,,
09:40:20,10866,9.8133,7.9265,5000,0.3705
,CHECKPOINT BATCH 10870,7.9782,,,
,CHECKPOINT BATCH 10875,19.5716,,,
,CHECKPOINT BATCH 10880,12.3221,,,
09:40:22,10885,15.3552,6.7360,5000,0.3699
,CHECKPOINT BATCH 10885,15.3552,,,
,CHECKPOINT BATCH 10890,19.3163,,,
,CHECKPOINT BATCH 10895,11.8813,,,
,CHECKPOINT BATCH 10900,13.2785,,,
09:40:24,10904,11.1614,8.9790,5000,0.3693
,CHECKPOINT BATCH 10905,10.9028,,,
09:40:27,10909,15.8423,8.8265,5000,0.3691
,CHECKPOINT BATCH 10910,13.8306,,,
,CHECKPOINT BATCH 10915,15.0469,,,
,CHECKPOINT BATCH 10920,16.0042,,,
,CHECKPOINT BATCH 10925,12.0232,,,
09:40:29,10928,14.2157,5.7415,5000,0.3685
,CHECKPOINT BATCH 10930,18.6926,,,
,CHECKPOINT BATCH 10935,13.2593,,,
,CHECKPOINT BATCH 10940,17.5262,,,
,CHECKPOINT BATCH 10945,11.1300,,,
09:40:31,10947,23.3081,4.3900,5000,0.3679
,CHECKPOINT BATCH 10950,11.3450,,,
,CHECKPOINT BATCH 10955,15.5741,,,
,CHECKPOINT BATCH 10960,15.9553,,,
,CHECKPOINT BATCH 10965,13.0106,,,
09:40:34,10966,16.0339,4.4000,5000,0.3673
,CHECKPOINT BATCH 10970,24.0953,,,
,CHECKPOINT BATCH 10975,10.2817,,,
,CHECKPOINT BATCH 10980,19.5284,,,
09:40:36,10985,11.6425,4.2430,5000,0.3667
,CHECKPOINT BATCH 10985,11.6425,,,
,CHECKPOINT BATCH 10990,8.4201,,,
,CHECKPOINT BATCH 10995,18.5316,,,
,CHECKPOINT BATCH 11000,11.7353,,,
09:40:38,11004,15.7544,0.7750,5000,0.3661
,CHECKPOINT BATCH 11005,9.4406,,,
,CHECKPOINT BATCH 11010,12.4886,,,
,CHECKPOINT BATCH 11015,14.3481,,,
,CHECKPOINT BATCH 11020,14.9597,,,
09:40:40,11023,16.0312,1.9190,5000,0.3655
,CHECKPOINT BATCH 11025,12.9140,,,
,CHECKPOINT BATCH 11030,21.1812,,,
,CHECKPOINT BATCH 11035,13.3172,,,
,CHECKPOINT BATCH 11040,15.0383,,,
09:40:42,11042,11.1192,4.5310,5000,0.3649
,CHECKPOINT BATCH 11045,18.5377,,,
,CHECKPOINT BATCH 11050,13.8352,,,
,CHECKPOINT BATCH 11055,15.0724,,,
,CHECKPOINT BATCH 11060,15.2797,,,
09:40:44,11061,13.0517,6.8060,5000,0.3643
,CHECKPOINT BATCH 11065,17.4947,,,
,CHECKPOINT BATCH 11070,20.4556,,,
,CHECKPOINT BATCH 11075,14.9648,,,
09:40:46,11079,15.2659,7.4100,5000,0.3637
,CHECKPOINT BATCH 11080,17.7513,,,
,CHECKPOINT BATCH 11085,20.6164,,,
,CHECKPOINT BATCH 11090,17.5236,,,
,CHECKPOINT BATCH 11095,18.6343,,,
09:40:48,11098,12.8685,7.3570,5000,0.3631
,CHECKPOINT BATCH 11100,12.4755,,,
,CHECKPOINT BATCH 11105,13.8126,,,
,CHECKPOINT BATCH 11110,11.1915,,,
,CHECKPOINT BATCH 11115,11.8881,,,
09:40:50,11117,22.7338,6.2050,5000,0.3625
,CHECKPOINT BATCH 11120,12.6802,,,
,CHECKPOINT BATCH 11125,12.4690,,,
,CHECKPOINT BATCH 11130,16.4889,,,
,CHECKPOINT BATCH 11135,9.1756,,,
09:40:52,11136,16.1161,3.8910,5000,0.3620
,CHECKPOINT BATCH 11140,15.9764,,,
,CHECKPOINT BATCH 11145,13.3561,,,
,CHECKPOINT BATCH 11150,11.1307,,,
09:40:54,11155,12.2266,1.2890,5000,0.3614
,CHECKPOINT BATCH 11155,12.2266,,,
,CHECKPOINT BATCH 11160,15.1190,,,
,CHECKPOINT BATCH 11165,25.4460,,,
,CHECKPOINT BATCH 11170,16.1662,,,
09:40:56,11174,13.3652,0.0790,5000,0.3608
,CHECKPOINT BATCH 11175,10.8025,,,
,CHECKPOINT BATCH 11180,17.3077,,,
,CHECKPOINT BATCH 11185,13.9149,,,
,CHECKPOINT BATCH 11190,10.5214,,,
09:40:58,11193,13.8347,0.0795,5000,0.3602
,CHECKPOINT BATCH 11195,13.5555,,,
,CHECKPOINT BATCH 11200,17.6768,,,
,CHECKPOINT BATCH 11205,16.4221,,,
,CHECKPOINT BATCH 11210,11.5204,,,
09:41:00,11212,15.5267,0.0790,5000,0.3596
,CHECKPOINT BATCH 11215,14.5969,,,
,CHECKPOINT BATCH 11220,12.3729,,,
,CHECKPOINT BATCH 11225,15.8803,,,
,CHECKPOINT BATCH 11230,11.9204,,,
09:41:03,11231,16.0378,-0.0980,5000,0.3590
,CHECKPOINT BATCH 11235,16.2989,,,
,CHECKPOINT BATCH 11240,15.4947,,,
,CHECKPOINT BATCH 11245,20.6011,,,
09:41:05,11250,10.7378,-0.0960,5000,0.3584
,CHECKPOINT BATCH 11250,10.7378,,,
,CHECKPOINT BATCH 11255,15.7424,,,
,CHECKPOINT BATCH 11260,13.6687,,,
,CHECKPOINT BATCH 11265,12.9709,,,
09:41:07,11269,19.5358,-0.0970,5000,0.3578
,CHECKPOINT BATCH 11270,21.3698,,,
,CHECKPOINT BATCH 11275,16.1524,,,
,CHECKPOINT BATCH 11280,22.5160,,,
,CHECKPOINT BATCH 11285,14.3745,,,
09:41:09,11288,15.2592,-0.0945,5000,0.3573
,CHECKPOINT BATCH 11290,16.4952,,,
,CHECKPOINT BATCH 11295,14.0220,,,
,CHECKPOINT BATCH 11300,14.6417,,,
,CHECKPOINT BATCH 11305,18.6486,,,
09:41:11,11307,13.1683,-0.0935,5000,0.3567
,CHECKPOINT BATCH 11310,17.8397,,,
,CHECKPOINT BATCH 11315,10.3330,,,
,CHECKPOINT BATCH 11320,13.3786,,,
09:41:15,11325,15.1963,0.5445,5000,0.3561
,CHECKPOINT BATCH 11325,15.1963,,,
,CHECKPOINT BATCH 11330,15.7399,,,
,CHECKPOINT BATCH 11335,18.5067,,,
09:41:19,11336,11.9135,2.3605,5000,0.3558
,CHECKPOINT BATCH 11340,20.2678,,,
,CHECKPOINT BATCH 11345,10.6180,,,
,CHECKPOINT BATCH 11350,17.2801,,,
09:41:21,11355,16.8589,4.1065,5000,0.3552
,CHECKPOINT BATCH 11355,16.8589,,,
,CHECKPOINT BATCH 11360,18.4782,,,
,CHECKPOINT BATCH 11365,18.1309,,,
,CHECKPOINT BATCH 11370,14.4456,,,
09:41:23,11373,14.2599,6.7170,5000,0.3546
09:41:25,11375,13.0904,6.7145,5000,0.3546
,CHECKPOINT BATCH 11375,13.0904,,,
,CHECKPOINT BATCH 11380,14.4196,,,
09:41:29,11382,17.4983,6.7170,5000,0.3544
,CHECKPOINT BATCH 11385,15.8079,,,
,CHECKPOINT BATCH 11390,15.0735,,,
,CHECKPOINT BATCH 11395,16.4245,,,
,CHECKPOINT BATCH 11400,12.0178,,,
09:41:31,11401,10.6554,6.7175,5000,0.3538
,CHECKPOINT BATCH 11405,15.0874,,,
,CHECKPOINT BATCH 11410,11.6832,,,
09:41:35,11415,16.4657,6.6995,5000,0.3534
,CHECKPOINT BATCH 11415,16.4657,,,
,CHECKPOINT BATCH 11420,13.6088,,,
,CHECKPOINT BATCH 11425,16.3503,,,
,CHECKPOINT BATCH 11430,13.7364,,,
09:41:37,11434,12.9160,4.8720,5000,0.3528
,CHECKPOINT BATCH 11435,19.1491,,,
,CHECKPOINT BATCH 11440,17.9655,,,
09:41:40,11441,13.8511,4.3930,5000,0.3526
,CHECKPOINT BATCH 11445,16.8699,,,
,CHECKPOINT BATCH 11450,11.6523,,,
09:41:43,11452,14.5767,4.0455,5000,0.3523
,CHECKPOINT BATCH 11455,11.5160,,,
,CHECKPOINT BATCH 11460,15.2695,,,
,CHECKPOINT BATCH 11465,12.4155,,,
,CHECKPOINT BATCH 11470,18.6909,,,
09:41:45,11471,9.5800,1.4340,5000,0.3517
,CHECKPOINT BATCH 11475,16.4374,,,
,CHECKPOINT BATCH 11480,12.6161,,,
,CHECKPOINT BATCH 11485,14.9661,,,
09:41:47,11490,15.8482,1.1240,5000,0.3511
,CHECKPOINT BATCH 11490,15.8482,,,
,CHECKPOINT BATCH 11495,20.2713,,,
,CHECKPOINT BATCH 11500,14.6426,,,
,CHECKPOINT BATCH 11505,10.4659,,,
09:41:50,11509,16.3964,1.1235,5000,0.3505
,CHECKPOINT BATCH 11510,11.5663,,,
,CHECKPOINT BATCH 11515,13.0153,,,
,CHECKPOINT BATCH 11520,14.3400,,,
,CHECKPOINT BATCH 11525,17.9508,,,
09:41:52,11528,11.8622,1.5950,5000,0.3500
,CHECKPOINT BATCH 11530,13.8403,,,
,CHECKPOINT BATCH 11535,9.8993,,,
,CHECKPOINT BATCH 11540,17.0402,,,
,CHECKPOINT BATCH 11545,11.2539,,,
09:41:54,11547,9.0854,2.7960,5000,0.3494
,CHECKPOINT BATCH 11550,12.8729,,,
,CHECKPOINT BATCH 11555,10.1772,,,
09:41:57,11560,13.6630,4.1590,5000,0.3490
,CHECKPOINT BATCH 11560,13.6630,,,
,CHECKPOINT BATCH 11565,12.5083,,,
,CHECKPOINT BATCH 11570,10.1115,,,
,CHECKPOINT BATCH 11575,11.8240,,,
09:42:00,11579,10.0713,5.0075,5000,0.3484
,CHECKPOINT BATCH 11580,13.0815,,,
,CHECKPOINT BATCH 11585,11.8465,,,
,CHECKPOINT BATCH 11590,8.2480,,,
,CHECKPOINT BATCH 11595,13.2463,,,
09:42:02,11598,11.9870,6.7540,5000,0.3479
,CHECKPOINT BATCH 11600,16.1462,,,
,CHECKPOINT BATCH 11605,13.4672,,,
09:42:05,11609,11.6817,7.8180,5000,0.3475
,CHECKPOINT BATCH 11610,12.7929,,,
,CHECKPOINT BATCH 11615,19.7357,,,
,CHECKPOINT BATCH 11620,13.4415,,,
,CHECKPOINT BATCH 11625,12.0699,,,
09:42:07,11628,12.5367,9.3895,5000,0.3470
,CHECKPOINT BATCH 11630,13.2256,,,
,CHECKPOINT BATCH 11635,11.3657,,,
,CHECKPOINT BATCH 11640,12.8014,,,
,CHECKPOINT BATCH 11645,13.3559,,,
09:42:09,11647,9.8094,10.1935,5000,0.3464
,CHECKPOINT BATCH 11650,11.5940,,,
,CHECKPOINT BATCH 11655,9.7596,,,
,CHECKPOINT BATCH 11660,10.6136,,,
,CHECKPOINT BATCH 11665,14.8997,,,
09:42:11,11666,11.9045,9.5730,5000,0.3459
,CHECKPOINT BATCH 11670,13.4967,,,
,CHECKPOINT BATCH 11675,12.0355,,,
,CHECKPOINT BATCH 11680,12.0852,,,
09:42:13,11685,11.7885,8.7270,5000,0.3453
,CHECKPOINT BATCH 11685,11.7885,,,
,CHECKPOINT BATCH 11690,9.5220,,,
,CHECKPOINT BATCH 11695,12.8403,,,
,CHECKPOINT BATCH 11700,15.9493,,,
09:42:16,11704,9.7657,6.7045,5000,0.3447
,CHECKPOINT BATCH 11705,17.3273,,,
,CHECKPOINT BATCH 11710,11.7502,,,
,CHECKPOINT BATCH 11715,14.6884,,,
,CHECKPOINT BATCH 11720,10.5715,,,
09:42:18,11723,8.4493,5.5915,5000,0.3442
,CHECKPOINT BATCH 11725,18.0070,,,
,CHECKPOINT BATCH 11730,9.1298,,,
,CHECKPOINT BATCH 11735,11.6364,,,
,CHECKPOINT BATCH 11740,12.5513,,,
09:42:20,11742,11.7304,2.6915,5000,0.3436
,CHECKPOINT BATCH 11745,14.5726,,,
,CHECKPOINT BATCH 11750,16.6057,,,
,CHECKPOINT BATCH 11755,11.3803,,,
09:42:24,11760,12.1389,1.3065,5000,0.3431
,CHECKPOINT BATCH 11760,12.1389,,,
,CHECKPOINT BATCH 11765,14.7266,,,
,CHECKPOINT BATCH 11770,14.8314,,,
,CHECKPOINT BATCH 11775,14.9393,,,
09:42:26,11779,13.8885,4.2655,5000,0.3425
,CHECKPOINT BATCH 11780,14.7352,,,
,CHECKPOINT BATCH 11785,14.2394,,,
09:42:30,11789,11.9080,5.3355,5000,0.3422
,CHECKPOINT BATCH 11790,11.1885,,,
,CHECKPOINT BATCH 11795,12.8243,,,
,CHECKPOINT BATCH 11800,10.9758,,,
,CHECKPOINT BATCH 11805,11.1271,,,
09:42:32,11808,16.1628,5.3440,5000,0.3417
,CHECKPOINT BATCH 11810,11.6897,,,
,CHECKPOINT BATCH 11815,10.1821,,,
,CHECKPOINT BATCH 11820,14.7752,,,
,CHECKPOINT BATCH 11825,12.7266,,,
09:42:34,11827,10.0323,7.3300,5000,0.3411
,CHECKPOINT BATCH 11830,11.5943,,,
,CHECKPOINT BATCH 11835,12.9131,,,
,CHECKPOINT BATCH 11840,10.6172,,,
,CHECKPOINT BATCH 11845,10.2897,,,
09:42:36,11846,16.5783,9.5130,5000,0.3406
,CHECKPOINT BATCH 11850,13.6273,,,
,CHECKPOINT BATCH 11855,8.4045,,,
,CHECKPOINT BATCH 11860,12.1659,,,
09:42:38,11865,9.5168,10.7355,5000,0.3400
,CHECKPOINT BATCH 11865,9.5168,,,
,CHECKPOINT BATCH 11870,10.4149,,,
,CHECKPOINT BATCH 11875,9.4004,,,
,CHECKPOINT BATCH 11880,15.5213,,,
09:42:40,11884,12.2300,8.2765,5000,0.3395
,CHECKPOINT BATCH 11885,12.8957,,,
,CHECKPOINT BATCH 11890,12.6463,,,
,CHECKPOINT BATCH 11895,8.6224,,,
,CHECKPOINT BATCH 11900,10.1205,,,
09:42:42,11903,9.6325,8.7895,5000,0.3389
,CHECKPOINT BATCH 11905,9.3069,,,
,CHECKPOINT BATCH 11910,13.4918,,,
,CHECKPOINT BATCH 11915,9.6273,,,
,CHECKPOINT BATCH 11920,14.3702,,,
09:42:44,11922,9.3136,7.5450,5000,0.3384
,CHECKPOINT BATCH 11925,11.9309,,,
09:42:47,11926,9.4421,7.0770,5000,0.3383
,CHECKPOINT BATCH 11930,13.4224,,,
,CHECKPOINT BATCH 11935,10.4846,,,
,CHECKPOINT BATCH 11940,10.7132,,,
09:42:49,11945,7.4207,4.7395,5000,0.3377
,CHECKPOINT BATCH 11945,7.4207,,,
,CHECKPOINT BATCH 11950,9.8476,,,
,CHECKPOINT BATCH 11955,8.9702,,,
,CHECKPOINT BATCH 11960,11.2351,,,
09:42:51,11964,14.8247,3.1180,5000,0.3372
,CHECKPOINT BATCH 11965,13.2889,,,
,CHECKPOINT BATCH 11970,7.9338,,,
,CHECKPOINT BATCH 11975,9.9022,,,
,CHECKPOINT BATCH 11980,10.1988,,,
09:42:55,11981,11.9407,4.7855,5000,0.3367
,CHECKPOINT BATCH 11985,9.9054,,,
,CHECKPOINT BATCH 11990,14.1599,,,
,CHECKPOINT BATCH 11995,9.4236,,,
09:42:57,12000,10.5020,5.1960,5000,0.3361
,CHECKPOINT BATCH 12000,10.5020,,,
,CHECKPOINT BATCH 12005,12.7560,,,
,CHECKPOINT BATCH 12010,14.4015,,,
,CHECKPOINT BATCH 12015,9.9606,,,
09:42:59,12019,10.7140,4.4190,5000,0.3356
,CHECKPOINT BATCH 12020,11.1986,,,
,CHECKPOINT BATCH 12025,10.6255,,,
,CHECKPOINT BATCH 12030,13.1409,,,
,CHECKPOINT BATCH 12035,10.3492,,,
09:43:02,12038,14.0618,4.2800,5000,0.3350
,CHECKPOINT BATCH 12040,11.3281,,,
,CHECKPOINT BATCH 12045,13.5716,,,
,CHECKPOINT BATCH 12050,9.6801,,,
,CHECKPOINT BATCH 12055,7.8893,,,
09:43:04,12057,15.4546,3.9460,5000,0.3345
09:43:06,12058,10.8477,4.2460,5000,0.3345
,CHECKPOINT BATCH 12060,13.8122,,,
,CHECKPOINT BATCH 12065,11.4480,,,
,CHECKPOINT BATCH 12070,9.5948,,,
09:43:10,12075,13.7454,4.6345,5000,0.3340
,CHECKPOINT BATCH 12075,13.7454,,,
,CHECKPOINT BATCH 12080,11.8841,,,
,CHECKPOINT BATCH 12085,11.2144,,,
,CHECKPOINT BATCH 12090,11.7708,,,
09:43:12,12094,10.8963,2.9610,5000,0.3335
,CHECKPOINT BATCH 12095,11.9223,,,
,CHECKPOINT BATCH 12100,8.5793,,,
,CHECKPOINT BATCH 12105,8.8338,,,
,CHECKPOINT BATCH 12110,8.5486,,,
09:43:14,12113,9.4823,3.0490,5000,0.3329
,CHECKPOINT BATCH 12115,10.3710,,,
,CHECKPOINT BATCH 12120,13.9144,,,
,CHECKPOINT BATCH 12125,9.1779,,,
,CHECKPOINT BATCH 12130,11.8746,,,
09:43:17,12132,11.2224,3.2920,5000,0.3324
,CHECKPOINT BATCH 12135,9.8463,,,
,CHECKPOINT BATCH 12140,13.8842,,,
,CHECKPOINT BATCH 12145,15.2910,,,
,CHECKPOINT BATCH 12150,12.0097,,,
09:43:19,12151,12.2746,3.3605,5000,0.3318
,CHECKPOINT BATCH 12155,11.2150,,,
,CHECKPOINT BATCH 12160,15.2849,,,
,CHECKPOINT BATCH 12165,10.5499,,,
09:43:21,12170,14.4341,2.2420,5000,0.3313
,CHECKPOINT BATCH 12170,14.4341,,,
,CHECKPOINT BATCH 12175,9.2144,,,
,CHECKPOINT BATCH 12180,6.1867,,,
,CHECKPOINT BATCH 12185,9.3361,,,
09:43:23,12189,8.5367,3.0160,5000,0.3308
,CHECKPOINT BATCH 12190,8.4419,,,
,CHECKPOINT BATCH 12195,14.5912,,,
,CHECKPOINT BATCH 12200,13.4379,,,
,CHECKPOINT BATCH 12205,9.8623,,,
09:43:25,12208,10.8132,3.1030,5000,0.3302
,CHECKPOINT BATCH 12210,7.6568,,,
,CHECKPOINT BATCH 12215,9.0642,,,
,CHECKPOINT BATCH 12220,11.4909,,,
,CHECKPOINT BATCH 12225,11.5552,,,
09:43:27,12227,6.1312,2.7070,5000,0.3297
,CHECKPOINT BATCH 12230,8.2662,,,
,CHECKPOINT BATCH 12235,17.6654,,,
,CHECKPOINT BATCH 12240,10.6659,,,
,CHECKPOINT BATCH 12245,11.7339,,,
09:43:29,12246,8.2563,2.6145,5000,0.3292
,CHECKPOINT BATCH 12250,7.9574,,,
,CHECKPOINT BATCH 12255,10.7682,,,
,CHECKPOINT BATCH 12260,10.6500,,,
09:43:31,12265,7.4420,1.9210,5000,0.3287
,CHECKPOINT BATCH 12265,7.4420,,,
,CHECKPOINT BATCH 12270,14.5942,,,
,CHECKPOINT BATCH 12275,10.6213,,,
,CHECKPOINT BATCH 12280,16.1133,,,
09:43:33,12284,9.8202,0.2335,5000,0.3281
,CHECKPOINT BATCH 12285,11.1433,,,
,CHECKPOINT BATCH 12290,11.4524,,,
09:43:36,12291,9.9713,0.5380,5000,0.3279
,CHECKPOINT BATCH 12295,12.4856,,,
,CHECKPOINT BATCH 12300,6.0386,,,
,CHECKPOINT BATCH 12305,10.0662,,,
09:43:38,12310,17.8786,3.7490,5000,0.3274
,CHECKPOINT BATCH 12310,17.8786,,,
,CHECKPOINT BATCH 12315,10.2120,,,
,CHECKPOINT BATCH 12320,8.2137,,,
,CHECKPOINT BATCH 12325,10.7281,,,
09:43:40,12329,10.6887,7.0140,5000,0.3269
,CHECKPOINT BATCH 12330,7.8390,,,
,CHECKPOINT BATCH 12335,13.0393,,,
,CHECKPOINT BATCH 12340,12.0546,,,
,CHECKPOINT BATCH 12345,12.7720,,,
09:43:43,12348,8.6622,7.0115,5000,0.3263
,CHECKPOINT BATCH 12350,10.1019,,,
,CHECKPOINT BATCH 12355,12.1342,,,
,CHECKPOINT BATCH 12360,7.2910,,,
,CHECKPOINT BATCH 12365,10.6775,,,
09:43:45,12367,13.0724,7.0550,5000,0.3258
,CHECKPOINT BATCH 12370,8.5643,,,
,CHECKPOINT BATCH 12375,9.8009,,,
,CHECKPOINT BATCH 12380,13.6487,,,
,CHECKPOINT BATCH 12385,10.5851,,,
09:43:47,12386,12.0887,7.1110,5000,0.3253
,CHECKPOINT BATCH 12390,12.4880,,,
,CHECKPOINT BATCH 12395,11.4657,,,
,CHECKPOINT BATCH 12400,11.5553,,,
09:43:49,12405,12.1238,4.8580,5000,0.3248
,CHECKPOINT BATCH 12405,12.1238,,,
,CHECKPOINT BATCH 12410,14.9055,,,
,CHECKPOINT BATCH 12415,14.4374,,,
,CHECKPOINT BATCH 12420,12.7505,,,
09:43:51,12424,7.8420,0.9940,5000,0.3243
,CHECKPOINT BATCH 12425,13.4259,,,
,CHECKPOINT BATCH 12430,13.9574,,,
09:43:54,12432,12.8462,0.5540,5000,0.3240
,CHECKPOINT BATCH 12435,11.9815,,,
,CHECKPOINT BATCH 12440,12.6795,,,
,CHECKPOINT BATCH 12445,9.1659,,,
,CHECKPOINT BATCH 12450,13.5616,,,
09:43:56,12451,8.0324,3.0355,5000,0.3235
09:43:59,12454,10.7031,3.1795,5000,0.3234
,CHECKPOINT BATCH 12455,8.8357,,,
,CHECKPOINT BATCH 12460,14.1712,,,
,CHECKPOINT BATCH 12465,9.5241,,,
,CHECKPOINT BATCH 12470,18.3898,,,
09:44:01,12473,15.5056,3.2920,5000,0.3229
,CHECKPOINT BATCH 12475,15.6338,,,
,CHECKPOINT BATCH 12480,14.6455,,,
,CHECKPOINT BATCH 12485,11.2757,,,
,CHECKPOINT BATCH 12490,6.8883,,,
09:44:03,12492,15.9031,5.6550,5000,0.3224
,CHECKPOINT BATCH 12495,11.9350,,,
,CHECKPOINT BATCH 12500,12.6674,,,
09:44:07,12505,8.6008,6.2565,5000,0.3220
,CHECKPOINT BATCH 12505,8.6008,,,
,CHECKPOINT BATCH 12510,10.1135,,,
,CHECKPOINT BATCH 12515,7.4711,,,
,CHECKPOINT BATCH 12520,12.3783,,,
09:44:09,12524,14.0276,8.7240,5000,0.3215
,CHECKPOINT BATCH 12525,7.6780,,,
,CHECKPOINT BATCH 12530,12.6269,,,
,CHECKPOINT BATCH 12535,10.8465,,,
,CHECKPOINT BATCH 12540,10.3592,,,
09:44:11,12543,14.2578,10.9620,5000,0.3210
09:44:13,12544,14.6795,11.4120,5000,0.3210
,CHECKPOINT BATCH 12545,13.7460,,,
,CHECKPOINT BATCH 12550,12.1237,,,
,CHECKPOINT BATCH 12555,9.8003,,,
,CHECKPOINT BATCH 12560,9.2426,,,
09:44:15,12563,11.1608,12.2065,5000,0.3205
,CHECKPOINT BATCH 12565,8.3609,,,
,CHECKPOINT BATCH 12570,13.6063,,,
09:44:19,12573,8.7910,12.9330,5000,0.3202
,CHECKPOINT BATCH 12575,9.7495,,,
,CHECKPOINT BATCH 12580,9.5168,,,
,CHECKPOINT BATCH 12585,14.0305,,,
,CHECKPOINT BATCH 12590,15.4589,,,
09:44:21,12592,8.9296,12.6935,5000,0.3197
,CHECKPOINT BATCH 12595,10.3720,,,
,CHECKPOINT BATCH 12600,10.0944,,,
,CHECKPOINT BATCH 12605,11.7128,,,
,CHECKPOINT BATCH 12610,8.9703,,,
09:44:23,12611,11.7809,11.6010,5000,0.3192
,CHECKPOINT BATCH 12615,10.8899,,,
,CHECKPOINT BATCH 12620,12.6026,,,
,CHECKPOINT BATCH 12625,10.1841,,,
09:44:25,12630,11.7703,8.5580,5000,0.3187
,CHECKPOINT BATCH 12630,11.7703,,,
,CHECKPOINT BATCH 12635,9.5733,,,
,CHECKPOINT BATCH 12640,9.0208,,,
,CHECKPOINT BATCH 12645,10.2285,,,
09:44:27,12649,10.9143,5.1795,5000,0.3182
,CHECKPOINT BATCH 12650,14.4356,,,
,CHECKPOINT BATCH 12655,10.5077,,,
,CHECKPOINT BATCH 12660,13.6135,,,
,CHECKPOINT BATCH 12665,10.9003,,,
09:44:29,12668,11.3430,3.3595,5000,0.3176
,CHECKPOINT BATCH 12670,15.4074,,,
,CHECKPOINT BATCH 12675,10.4698,,,
,CHECKPOINT BATCH 12680,10.8530,,,
,CHECKPOINT BATCH 12685,9.0663,,,
09:44:31,12687,12.1418,0.9095,5000,0.3171
,CHECKPOINT BATCH 12690,8.5585,,,
,CHECKPOINT BATCH 12695,18.0851,,,
,CHECKPOINT BATCH 12700,11.7783,,,
,CHECKPOINT BATCH 12705,7.4636,,,
09:44:33,12706,8.4009,0.1765,5000,0.3166
,CHECKPOINT BATCH 12710,14.0830,,,
,CHECKPOINT BATCH 12715,13.2683,,,
,CHECKPOINT BATCH 12720,12.1667,,,
09:44:36,12725,10.3393,0.1640,5000,0.3161
,CHECKPOINT BATCH 12725,10.3393,,,
,CHECKPOINT BATCH 12730,10.7037,,,
,CHECKPOINT BATCH 12735,7.8898,,,
,CHECKPOINT BATCH 12740,8.4154,,,
09:44:38,12744,10.7012,0.0145,5000,0.3156
,CHECKPOINT BATCH 12745,10.3882,,,
,CHECKPOINT BATCH 12750,10.9522,,,
,CHECKPOINT BATCH 12755,10.8709,,,
,CHECKPOINT BATCH 12760,12.9404,,,
09:44:40,12763,9.0521,0.0100,5000,0.3151
,CHECKPOINT BATCH 12765,18.3774,,,
,CHECKPOINT BATCH 12770,12.3077,,,
,CHECKPOINT BATCH 12775,9.5407,,,
,CHECKPOINT BATCH 12780,10.9347,,,
09:44:42,12782,13.2618,0.0055,5000,0.3146
,CHECKPOINT BATCH 12785,14.1302,,,
,CHECKPOINT BATCH 12790,10.2555,,,
,CHECKPOINT BATCH 12795,13.0340,,,
,CHECKPOINT BATCH 12800,10.1598,,,
09:44:44,12801,13.6810,-0.0325,5000,0.3141
,CHECKPOINT BATCH 12805,8.9238,,,
09:44:47,12808,11.1681,-0.0365,5000,0.3139
,CHECKPOINT BATCH 12810,15.8629,,,
,CHECKPOINT BATCH 12815,11.8496,,,
,CHECKPOINT BATCH 12820,13.8558,,,
,CHECKPOINT BATCH 12825,10.0748,,,
09:44:49,12827,11.1413,2.3195,5000,0.3134
,CHECKPOINT BATCH 12830,10.5428,,,
,CHECKPOINT BATCH 12835,8.5439,,,
,CHECKPOINT BATCH 12840,9.3205,,,
,CHECKPOINT BATCH 12845,11.2985,,,
09:44:51,12846,11.5838,5.5345,5000,0.3129
09:44:54,12847,10.8583,6.1405,5000,0.3129
,CHECKPOINT BATCH 12850,11.2922,,,
,CHECKPOINT BATCH 12855,9.1504,,,
,CHECKPOINT BATCH 12860,9.3255,,,
,CHECKPOINT BATCH 12865,15.3540,,,
09:44:56,12866,6.5081,9.1605,5000,0.3124
,CHECKPOINT BATCH 12870,12.2130,,,
,CHECKPOINT BATCH 12875,8.9417,,,
,CHECKPOINT BATCH 12880,10.3189,,,
09:44:58,12885,8.0996,11.7290,5000,0.3119
,CHECKPOINT BATCH 12885,8.0996,,,
,CHECKPOINT BATCH 12890,16.5688,,,
,CHECKPOINT BATCH 12895,7.6171,,,
,CHECKPOINT BATCH 12900,13.8109,,,
09:45:00,12904,11.5898,12.6725,5000,0.3114
,CHECKPOINT BATCH 12905,17.5073,,,
,CHECKPOINT BATCH 12910,13.1899,,,
,CHECKPOINT BATCH 12915,9.7597,,,
,CHECKPOINT BATCH 12920,14.1763,,,
09:45:02,12923,13.1159,11.1465,5000,0.3109
,CHECKPOINT BATCH 12925,12.1486,,,
,CHECKPOINT BATCH 12930,11.6897,,,
,CHECKPOINT BATCH 12935,12.6453,,,
,CHECKPOINT BATCH 12940,10.6810,,,
09:45:04,12942,12.8343,7.8290,5000,0.3104
,CHECKPOINT BATCH 12945,11.1523,,,
,CHECKPOINT BATCH 12950,16.9805,,,
09:45:08,12954,14.9918,6.3275,5000,0.3101
,CHECKPOINT BATCH 12955,16.4606,,,
,CHECKPOINT BATCH 12960,17.7913,,,
,CHECKPOINT BATCH 12965,16.7677,,,
,CHECKPOINT BATCH 12970,14.6602,,,
09:45:10,12973,10.5604,5.3465,5000,0.3096
,CHECKPOINT BATCH 12975,14.4262,,,
09:45:13,12978,14.8382,5.0430,5000,0.3095
,CHECKPOINT BATCH 12980,12.8632,,,
,CHECKPOINT BATCH 12985,14.1346,,,
,CHECKPOINT BATCH 12990,8.6777,,,
,CHECKPOINT BATCH 12995,15.0530,,,
09:45:15,12997,11.4149,4.1165,5000,0.3090
,CHECKPOINT BATCH 13000,13.5176,,,
,CHECKPOINT BATCH 13005,14.5059,,,
09:45:18,13009,17.4581,5.9155,5000,0.3087
,CHECKPOINT BATCH 13010,10.9493,,,
,CHECKPOINT BATCH 13015,13.4370,,,
,CHECKPOINT BATCH 13020,13.9981,,,
,CHECKPOINT BATCH 13025,14.1254,,,
09:45:20,13027,17.6091,8.1600,5000,0.3082
,CHECKPOINT BATCH 13030,19.5622,,,
,CHECKPOINT BATCH 13035,12.4049,,,
09:45:24,13040,12.2209,9.5990,5000,0.3079
,CHECKPOINT BATCH 13040,12.2209,,,
,CHECKPOINT BATCH 13045,13.0082,,,
,CHECKPOINT BATCH 13050,12.3440,,,
09:45:28,13051,12.4807,9.4350,5000,0.3076
,CHECKPOINT BATCH 13055,13.2139,,,
,CHECKPOINT BATCH 13060,11.9871,,,
,CHECKPOINT BATCH 13065,15.6688,,,
09:45:30,13070,10.0760,9.6730,5000,0.3071
,CHECKPOINT BATCH 13070,10.0760,,,
,CHECKPOINT BATCH 13075,11.6241,,,
,CHECKPOINT BATCH 13080,10.7388,,,
,CHECKPOINT BATCH 13085,15.0071,,,
09:45:32,13089,18.5912,8.7675,5000,0.3066
,CHECKPOINT BATCH 13090,11.0306,,,
,CHECKPOINT BATCH 13095,11.3591,,,
,CHECKPOINT BATCH 13100,13.6011,,,
,CHECKPOINT BATCH 13105,10.7787,,,
09:45:34,13108,14.8813,6.6045,5000,0.3061
,CHECKPOINT BATCH 13110,13.2278,,,
,CHECKPOINT BATCH 13115,13.0242,,,
,CHECKPOINT BATCH 13120,11.7467,,,
,CHECKPOINT BATCH 13125,9.1735,,,
09:45:36,13127,7.7110,3.8430,5000,0.3056
,CHECKPOINT BATCH 13130,7.9828,,,
,CHECKPOINT BATCH 13135,16.4755,,,
,CHECKPOINT BATCH 13140,13.3988,,,
,CHECKPOINT BATCH 13145,16.8364,,,
09:45:38,13146,11.8488,2.1825,5000,0.3052
,CHECKPOINT BATCH 13150,15.9636,,,
,CHECKPOINT BATCH 13155,13.2982,,,
,CHECKPOINT BATCH 13160,12.5787,,,
09:45:40,13165,15.2889,0.0570,5000,0.3047
,CHECKPOINT BATCH 13165,15.2889,,,
,CHECKPOINT BATCH 13170,9.5955,,,
,CHECKPOINT BATCH 13175,10.6759,,,
,CHECKPOINT BATCH 13180,13.8477,,,
09:45:42,13184,12.9458,-0.0885,5000,0.3042
,CHECKPOINT BATCH 13185,15.7931,,,
,CHECKPOINT BATCH 13190,13.6924,,,
,CHECKPOINT BATCH 13195,17.0216,,,
,CHECKPOINT BATCH 13200,9.7052,,,
09:45:44,13203,15.4939,-0.0520,5000,0.3037
,CHECKPOINT BATCH 13205,11.0991,,,
,CHECKPOINT BATCH 13210,11.6664,,,
,CHECKPOINT BATCH 13215,15.3279,,,
,CHECKPOINT BATCH 13220,12.9695,,,
09:45:46,13222,15.9065,0.4155,5000,0.3032
,CHECKPOINT BATCH 13225,9.8965,,,
,CHECKPOINT BATCH 13230,11.5823,,,
,CHECKPOINT BATCH 13235,13.6651,,,
,CHECKPOINT BATCH 13240,14.0918,,,
09:45:49,13241,18.9946,2.0805,5000,0.3027
,CHECKPOINT BATCH 13245,13.0031,,,
,CHECKPOINT BATCH 13250,13.5494,,,
,CHECKPOINT BATCH 13255,11.5343,,,
09:45:51,13260,24.7589,4.3685,5000,0.3023
,CHECKPOINT BATCH 13260,24.7589,,,
,CHECKPOINT BATCH 13265,14.5238,,,
,CHECKPOINT BATCH 13270,11.5727,,,
,CHECKPOINT BATCH 13275,12.2998,,,
09:45:53,13279,12.4152,4.8225,5000,0.3018
,CHECKPOINT BATCH 13280,12.0964,,,
,CHECKPOINT BATCH 13285,9.6821,,,
,CHECKPOINT BATCH 13290,11.1248,,,
,CHECKPOINT BATCH 13295,12.7038,,,
09:45:55,13298,17.8107,4.7865,5000,0.3013
,CHECKPOINT BATCH 13300,14.2533,,,
,CHECKPOINT BATCH 13305,9.7628,,,
,CHECKPOINT BATCH 13310,12.5240,,,
,CHECKPOINT BATCH 13315,12.9372,,,
09:45:57,13317,12.2436,4.7630,5000,0.3008
,CHECKPOINT BATCH 13320,12.0363,,,
,CHECKPOINT BATCH 13325,12.3253,,,
,CHECKPOINT BATCH 13330,7.6881,,,
09:45:59,13335,13.9381,3.3995,5000,0.3004
,CHECKPOINT BATCH 13335,13.9381,,,
,CHECKPOINT BATCH 13340,12.9414,,,
,CHECKPOINT BATCH 13345,8.3583,,,
,CHECKPOINT BATCH 13350,12.8309,,,
09:46:01,13354,11.0978,0.9600,5000,0.2999
,CHECKPOINT BATCH 13355,10.2636,,,
,CHECKPOINT BATCH 13360,8.7978,,,
,CHECKPOINT BATCH 13365,11.1641,,,
,CHECKPOINT BATCH 13370,8.0854,,,
09:46:03,13373,8.5360,-0.0990,5000,0.2994
,CHECKPOINT BATCH 13375,12.6025,,,
,CHECKPOINT BATCH 13380,14.2780,,,
,CHECKPOINT BATCH 13385,11.6242,,,
,CHECKPOINT BATCH 13390,9.0159,,,
09:46:05,13392,10.2571,0.2500,5000,0.2990
,CHECKPOINT BATCH 13395,10.0768,,,
,CHECKPOINT BATCH 13400,8.2015,,,
,CHECKPOINT BATCH 13405,8.2854,,,
,CHECKPOINT BATCH 13410,9.7494,,,
09:46:07,13411,7.8778,0.7935,5000,0.2985
,CHECKPOINT BATCH 13415,7.7326,,,
,CHECKPOINT BATCH 13420,9.2394,,,
,CHECKPOINT BATCH 13425,10.6602,,,
09:46:09,13430,8.3698,1.1915,5000,0.2980
,CHECKPOINT BATCH 13430,8.3698,,,
,CHECKPOINT BATCH 13435,12.9634,,,
,CHECKPOINT BATCH 13440,11.4924,,,
,CHECKPOINT BATCH 13445,7.0742,,,
09:46:11,13449,12.6786,1.2875,5000,0.2975
,CHECKPOINT BATCH 13450,14.5428,,,
,CHECKPOINT BATCH 13455,14.4026,,,
,CHECKPOINT BATCH 13460,12.7578,,,
,CHECKPOINT BATCH 13465,9.0056,,,
09:46:13,13468,8.9537,1.5270,5000,0.2971
,CHECKPOINT BATCH 13470,9.8119,,,
,CHECKPOINT BATCH 13475,12.8055,,,
,CHECKPOINT BATCH 13480,9.8946,,,
,CHECKPOINT BATCH 13485,10.3574,,,
09:46:15,13487,9.3297,2.2995,5000,0.2966
,CHECKPOINT BATCH 13490,12.0413,,,
,CHECKPOINT BATCH 13495,11.3224,,,
,CHECKPOINT BATCH 13500,15.6599,,,
,CHECKPOINT BATCH 13505,11.2818,,,
09:46:18,13506,14.1880,3.6020,5000,0.2961
09:46:20,13508,11.9008,4.1950,5000,0.2961
,CHECKPOINT BATCH 13510,9.6219,,,
,CHECKPOINT BATCH 13515,12.0214,,,
,CHECKPOINT BATCH 13520,11.2966,,,
,CHECKPOINT BATCH 13525,9.4750,,,
09:46:22,13527,10.1122,6.2795,5000,0.2956
,CHECKPOINT BATCH 13530,10.2275,,,
09:46:25,13535,11.0641,7.1460,5000,0.2954
,CHECKPOINT BATCH 13535,11.0641,,,
,CHECKPOINT BATCH 13540,10.4216,,,
,CHECKPOINT BATCH 13545,12.4300,,,
,CHECKPOINT BATCH 13550,8.1981,,,
09:46:27,13554,9.9810,7.2310,5000,0.2950
,CHECKPOINT BATCH 13555,11.9203,,,
,CHECKPOINT BATCH 13560,8.1477,,,
,CHECKPOINT BATCH 13565,9.7850,,,
,CHECKPOINT BATCH 13570,11.5859,,,
09:46:30,13573,8.3008,9.0580,5000,0.2945
,CHECKPOINT BATCH 13575,6.9096,,,
,CHECKPOINT BATCH 13580,13.5256,,,
,CHECKPOINT BATCH 13585,12.3192,,,
09:46:34,13590,13.4827,11.9480,5000,0.2941
,CHECKPOINT BATCH 13590,13.4827,,,
,CHECKPOINT BATCH 13595,9.6484,,,
,CHECKPOINT BATCH 13600,14.6945,,,
,CHECKPOINT BATCH 13605,16.6854,,,
09:46:38,13607,11.3703,12.0885,5000,0.2937
,CHECKPOINT BATCH 13610,13.4978,,,
,CHECKPOINT BATCH 13615,9.1360,,,
,CHECKPOINT BATCH 13620,12.4649,,,
,CHECKPOINT BATCH 13625,13.6180,,,
09:46:40,13626,10.8129,9.1770,5000,0.2932
,CHECKPOINT BATCH 13630,10.2295,,,
,CHECKPOINT BATCH 13635,10.1460,,,
,CHECKPOINT BATCH 13640,11.4518,,,
09:46:42,13645,14.7270,11.8080,5000,0.2927
,CHECKPOINT BATCH 13645,14.7270,,,
,CHECKPOINT BATCH 13650,12.9203,,,
,CHECKPOINT BATCH 13655,8.4600,,,
,CHECKPOINT BATCH 13660,10.9543,,,
09:46:46,13661,8.9628,13.8995,5000,0.2923
,CHECKPOINT BATCH 13665,7.0203,,,
09:46:49,13667,11.0679,13.2700,5000,0.2922
,CHECKPOINT BATCH 13670,14.1601,,,
09:46:52,13675,11.5123,11.8900,5000,0.2920
,CHECKPOINT BATCH 13675,11.5123,,,
,CHECKPOINT BATCH 13680,11.8842,,,
,CHECKPOINT BATCH 13685,12.8763,,,
,CHECKPOINT BATCH 13690,14.2894,,,
09:46:55,13694,10.1096,8.5970,5000,0.2915
,CHECKPOINT BATCH 13695,11.6004,,,
,CHECKPOINT BATCH 13700,13.7193,,,
,CHECKPOINT BATCH 13705,14.2631,,,
,CHECKPOINT BATCH 13710,11.0033,,,
09:46:57,13713,11.6158,8.5085,5000,0.2911
,CHECKPOINT BATCH 13715,8.8054,,,
,CHECKPOINT BATCH 13720,11.1482,,,
,CHECKPOINT BATCH 13725,10.3621,,,
,CHECKPOINT BATCH 13730,11.9600,,,
09:46:59,13732,11.4950,9.8490,5000,0.2906
,CHECKPOINT BATCH 13735,10.5558,,,
,CHECKPOINT BATCH 13740,9.9417,,,
,CHECKPOINT BATCH 13745,9.2110,,,
,CHECKPOINT BATCH 13750,12.9682,,,
09:47:01,13751,8.3772,7.7380,5000,0.2902
,CHECKPOINT BATCH 13755,11.1847,,,
,CHECKPOINT BATCH 13760,10.8192,,,
09:47:05,13765,7.2639,6.3520,5000,0.2898
,CHECKPOINT BATCH 13765,7.2639,,,
,CHECKPOINT BATCH 13770,9.6398,,,
,CHECKPOINT BATCH 13775,7.6156,,,
,CHECKPOINT BATCH 13780,8.6410,,,
09:47:07,13784,14.9672,6.1685,5000,0.2894
,CHECKPOINT BATCH 13785,15.4578,,,
,CHECKPOINT BATCH 13790,8.4952,,,
,CHECKPOINT BATCH 13795,9.2114,,,
,CHECKPOINT BATCH 13800,13.7901,,,
09:47:11,13801,11.6942,7.0000,5000,0.2890
,CHECKPOINT BATCH 13805,11.3219,,,
,CHECKPOINT BATCH 13810,12.2333,,,
,CHECKPOINT BATCH 13815,9.0474,,,
09:47:13,13820,15.9949,8.2285,5000,0.2885
,CHECKPOINT BATCH 13820,15.9949,,,
,CHECKPOINT BATCH 13825,11.0166,,,
,CHECKPOINT BATCH 13830,12.3109,,,
,CHECKPOINT BATCH 13835,11.5024,,,
09:47:15,13839,13.6087,8.3625,5000,0.2881
,CHECKPOINT BATCH 13840,10.9254,,,
09:47:18,13845,15.0499,8.0400,5000,0.2879
,CHECKPOINT BATCH 13845,15.0499,,,
,CHECKPOINT BATCH 13850,10.2016,,,
,CHECKPOINT BATCH 13855,9.4426,,,
,CHECKPOINT BATCH 13860,8.6032,,,
09:47:20,13864,13.5357,7.3030,5000,0.2875
,CHECKPOINT BATCH 13865,12.7480,,,
,CHECKPOINT BATCH 13870,11.7453,,,
,CHECKPOINT BATCH 13875,12.7233,,,
,CHECKPOINT BATCH 13880,13.4209,,,
09:47:22,13883,9.1417,10.0640,5000,0.2870
,CHECKPOINT BATCH 13885,11.7742,,,
,CHECKPOINT BATCH 13890,9.8704,,,
,CHECKPOINT BATCH 13895,10.8869,,,
,CHECKPOINT BATCH 13900,10.3553,,,
09:47:24,13902,11.4522,11.2990,5000,0.2866
09:47:27,13904,11.3899,11.1410,5000,0.2865
,CHECKPOINT BATCH 13905,13.5845,,,
,CHECKPOINT BATCH 13910,10.7214,,,
,CHECKPOINT BATCH 13915,14.0221,,,
,CHECKPOINT BATCH 13920,13.7431,,,
09:47:29,13923,9.9717,8.7640,5000,0.2861
,CHECKPOINT BATCH 13925,10.3578,,,
,CHECKPOINT BATCH 13930,12.7171,,,
,CHECKPOINT BATCH 13935,8.6028,,,
,CHECKPOINT BATCH 13940,9.0424,,,
09:47:31,13942,10.8009,9.6625,5000,0.2856
,CHECKPOINT BATCH 13945,13.0330,,,
09:47:34,13949,10.8868,10.2655,5000,0.2855
,CHECKPOINT BATCH 13950,13.7213,,,
,CHECKPOINT BATCH 13955,12.2786,,,
,CHECKPOINT BATCH 13960,8.0767,,,
,CHECKPOINT BATCH 13965,9.9741,,,
09:47:36,13968,12.0395,9.7920,5000,0.2850
,CHECKPOINT BATCH 13970,13.0867,,,
,CHECKPOINT BATCH 13975,9.5492,,,
,CHECKPOINT BATCH 13980,8.4332,,,
,CHECKPOINT BATCH 13985,12.5764,,,
09:47:38,13987,10.4413,9.4960,5000,0.2846
,CHECKPOINT BATCH 13990,12.1439,,,
,CHECKPOINT BATCH 13995,20.0830,,,
,CHECKPOINT BATCH 14000,11.8165,,,
,CHECKPOINT BATCH 14005,11.5786,,,
09:47:40,14006,9.0308,10.5640,5000,0.2841
,CHECKPOINT BATCH 14010,9.1680,,,
,CHECKPOINT BATCH 14015,16.0349,,,
,CHECKPOINT BATCH 14020,10.9787,,,
09:47:45,14024,10.0127,11.4230,5000,0.2837
,CHECKPOINT BATCH 14025,8.4064,,,
,CHECKPOINT BATCH 14030,12.7331,,,
,CHECKPOINT BATCH 14035,8.8698,,,
,CHECKPOINT BATCH 14040,8.6170,,,
09:47:47,14043,8.3270,8.0905,5000,0.2833
,CHECKPOINT BATCH 14045,10.9719,,,
,CHECKPOINT BATCH 14050,8.9427,,,
,CHECKPOINT BATCH 14055,8.7953,,,
,CHECKPOINT BATCH 14060,9.0519,,,
09:47:49,14062,14.8752,10.5600,5000,0.2828
,CHECKPOINT BATCH 14065,8.5449,,,
,CHECKPOINT BATCH 14070,9.6305,,,
,CHECKPOINT BATCH 14075,7.8421,,,
,CHECKPOINT BATCH 14080,8.4636,,,
09:47:51,14081,15.5717,12.5425,5000,0.2824
,CHECKPOINT BATCH 14085,10.5782,,,
09:47:54,14086,11.0557,12.0900,5000,0.2823
,CHECKPOINT BATCH 14090,10.5527,,,
,CHECKPOINT BATCH 14095,8.9512,,,
,CHECKPOINT BATCH 14100,10.8400,,,
09:47:56,14105,12.8172,10.9875,5000,0.2818
,CHECKPOINT BATCH 14105,12.8172,,,
09:47:59,14108,11.7555,10.8330,5000,0.2818
,CHECKPOINT BATCH 14110,9.5018,,,
,CHECKPOINT BATCH 14115,10.6512,,,
,CHECKPOINT BATCH 14120,12.3596,,,
,CHECKPOINT BATCH 14125,14.7588,,,
09:48:01,14127,12.9924,10.5865,5000,0.2813
,CHECKPOINT BATCH 14130,11.8769,,,
,CHECKPOINT BATCH 14135,10.8980,,,
,CHECKPOINT BATCH 14140,9.7490,,,
,CHECKPOINT BATCH 14145,12.0302,,,
09:48:03,14146,10.2561,13.7710,5000,0.2809
,CHECKPOINT BATCH 14150,11.3281,,,
,CHECKPOINT BATCH 14155,8.5539,,,
09:48:06,14157,10.3623,12.8440,5000,0.2806
,CHECKPOINT BATCH 14160,11.8536,,,
,CHECKPOINT BATCH 14165,15.8918,,,
,CHECKPOINT BATCH 14170,12.3793,,,
,CHECKPOINT BATCH 14175,10.2749,,,
09:48:08,14176,15.6364,9.9105,5000,0.2802
,CHECKPOINT BATCH 14180,12.7615,,,
,CHECKPOINT BATCH 14185,13.4007,,,
,CHECKPOINT BATCH 14190,12.3984,,,
09:48:11,14195,12.6963,9.7690,5000,0.2797
,CHECKPOINT BATCH 14195,12.6963,,,
,CHECKPOINT BATCH 14200,13.4970,,,
09:48:14,14205,11.6152,10.5400,5000,0.2795
,CHECKPOINT BATCH 14205,11.6152,,,
,CHECKPOINT BATCH 14210,12.9569,,,
,CHECKPOINT BATCH 14215,9.3476,,,
,CHECKPOINT BATCH 14220,11.7825,,,
09:48:16,14223,7.5742,13.2740,5000,0.2791
,CHECKPOINT BATCH 14225,11.1524,,,
09:48:19,14228,6.8944,13.2555,5000,0.2790
,CHECKPOINT BATCH 14230,8.5826,,,
,CHECKPOINT BATCH 14235,10.9283,,,
,CHECKPOINT BATCH 14240,12.1374,,,
,CHECKPOINT BATCH 14245,12.5715,,,
09:48:21,14247,9.4522,9.9330,5000,0.2786
,CHECKPOINT BATCH 14250,9.8112,,,
,CHECKPOINT BATCH 14255,10.7771,,,
,CHECKPOINT BATCH 14260,8.1699,,,
,CHECKPOINT BATCH 14265,11.1179,,,
09:48:23,14266,10.8364,11.2005,5000,0.2781
,CHECKPOINT BATCH 14270,10.6292,,,
,CHECKPOINT BATCH 14275,10.6522,,,
09:48:27,14276,12.5959,11.9590,5000,0.2779
,CHECKPOINT BATCH 14280,9.5241,,,
,CHECKPOINT BATCH 14285,10.2356,,,
,CHECKPOINT BATCH 14290,13.6687,,,
09:48:31,14294,17.3923,10.2585,5000,0.2775
,CHECKPOINT BATCH 14295,12.8146,,,
,CHECKPOINT BATCH 14300,16.4946,,,
,CHECKPOINT BATCH 14305,22.0007,,,
,CHECKPOINT BATCH 14310,16.0814,,,
09:48:33,14313,11.6676,8.6355,5000,0.2770
,CHECKPOINT BATCH 14315,9.2891,,,
,CHECKPOINT BATCH 14320,6.6724,,,
,CHECKPOINT BATCH 14325,11.4671,,,
,CHECKPOINT BATCH 14330,8.8690,,,
09:48:35,14332,12.0885,8.7635,5000,0.2766
,CHECKPOINT BATCH 14335,16.7635,,,
,CHECKPOINT BATCH 14340,5.7438,,,
,CHECKPOINT BATCH 14345,12.5373,,,
,CHECKPOINT BATCH 14350,11.0205,,,
09:48:37,14351,9.3807,10.6000,5000,0.2762
09:48:40,14352,9.8306,10.4445,5000,0.2762
,CHECKPOINT BATCH 14355,9.8246,,,
,CHECKPOINT BATCH 14360,8.7766,,,
,CHECKPOINT BATCH 14365,10.9454,,,
09:48:42,14370,13.9090,8.5890,5000,0.2758
,CHECKPOINT BATCH 14370,13.9090,,,
,CHECKPOINT BATCH 14375,10.7564,,,
,CHECKPOINT BATCH 14380,18.2085,,,
,CHECKPOINT BATCH 14385,10.2664,,,
09:48:44,14389,11.1097,7.5510,5000,0.2753
,CHECKPOINT BATCH 14390,9.6962,,,
,CHECKPOINT BATCH 14395,12.3941,,,
,CHECKPOINT BATCH 14400,6.5578,,,
,CHECKPOINT BATCH 14405,12.6300,,,
09:48:46,14408,11.4554,8.1075,5000,0.2749
09:48:48,14409,11.2304,8.1025,5000,0.2749
,CHECKPOINT BATCH 14410,12.5170,,,
,CHECKPOINT BATCH 14415,14.2612,,,
,CHECKPOINT BATCH 14420,12.8202,,,
,CHECKPOINT BATCH 14425,13.4867,,,
09:48:50,14428,12.9696,5.5040,5000,0.2745
,CHECKPOINT BATCH 14430,8.5102,,,
,CHECKPOINT BATCH 14435,11.8891,,,
,CHECKPOINT BATCH 14440,11.7734,,,
,CHECKPOINT BATCH 14445,10.5664,,,
09:48:52,14447,9.3354,5.1705,5000,0.2740
,CHECKPOINT BATCH 14450,10.3713,,,
,CHECKPOINT BATCH 14455,8.8863,,,
,CHECKPOINT BATCH 14460,11.2689,,,
09:48:54,14465,12.2630,7.2815,5000,0.2736
,CHECKPOINT BATCH 14465,12.2630,,,
,CHECKPOINT BATCH 14470,11.7806,,,
,CHECKPOINT BATCH 14475,12.0319,,,
,CHECKPOINT BATCH 14480,11.1003,,,
09:48:59,14483,17.7416,9.7550,5000,0.2732
,CHECKPOINT BATCH 14485,12.4428,,,
,CHECKPOINT BATCH 14490,10.4902,,,
,CHECKPOINT BATCH 14495,11.6178,,,
,CHECKPOINT BATCH 14500,8.2118,,,
09:49:01,14502,12.8849,8.5310,5000,0.2728
,CHECKPOINT BATCH 14505,14.6208,,,
,CHECKPOINT BATCH 14510,8.1935,,,
,CHECKPOINT BATCH 14515,9.5114,,,
,CHECKPOINT BATCH 14520,9.6747,,,
09:49:03,14521,13.9413,9.4485,5000,0.2724
,CHECKPOINT BATCH 14525,11.9783,,,
,CHECKPOINT BATCH 14530,10.2989,,,
,CHECKPOINT BATCH 14535,12.4066,,,
09:49:05,14540,14.6950,7.8740,5000,0.2720
,CHECKPOINT BATCH 14540,14.6950,,,
,CHECKPOINT BATCH 14545,14.6298,,,
,CHECKPOINT BATCH 14550,13.7183,,,
,CHECKPOINT BATCH 14555,11.9795,,,
09:49:07,14559,7.7918,5.3060,5000,0.2715
,CHECKPOINT BATCH 14560,12.1583,,,
,CHECKPOINT BATCH 14565,8.7250,,,
,CHECKPOINT BATCH 14570,10.7284,,,
,CHECKPOINT BATCH 14575,11.6248,,,
09:49:09,14578,8.9106,2.2270,5000,0.2711
,CHECKPOINT BATCH 14580,9.6312,,,
,CHECKPOINT BATCH 14585,12.3866,,,
,CHECKPOINT BATCH 14590,9.5031,,,
,CHECKPOINT BATCH 14595,12.7933,,,
09:49:11,14597,11.3277,1.8955,5000,0.2707
,CHECKPOINT BATCH 14600,11.5444,,,
,CHECKPOINT BATCH 14605,11.1698,,,
,CHECKPOINT BATCH 14610,8.4429,,,
,CHECKPOINT BATCH 14615,13.6801,,,
09:49:13,14616,12.0965,0.0530,5000,0.2703
,CHECKPOINT BATCH 14620,11.0047,,,
,CHECKPOINT BATCH 14625,11.7431,,,
,CHECKPOINT BATCH 14630,17.9123,,,
09:49:15,14635,15.7453,-0.0975,5000,0.2699
,CHECKPOINT BATCH 14635,15.7453,,,
,CHECKPOINT BATCH 14640,10.0920,,,
,CHECKPOINT BATCH 14645,8.4694,,,
,CHECKPOINT BATCH 14650,11.0138,,,
09:49:17,14654,9.8015,0.5090,5000,0.2694
,CHECKPOINT BATCH 14655,10.8118,,,
,CHECKPOINT BATCH 14660,11.6908,,,
,CHECKPOINT BATCH 14665,13.1749,,,
,CHECKPOINT BATCH 14670,12.2773,,,
09:49:19,14672,9.9435,2.7735,5000,0.2690
09:49:22,14674,12.3090,2.7720,5000,0.2690
,CHECKPOINT BATCH 14675,11.1857,,,
,CHECKPOINT BATCH 14680,9.9276,,,
,CHECKPOINT BATCH 14685,11.0420,,,
,CHECKPOINT BATCH 14690,11.2879,,,
09:49:24,14693,10.5307,2.7750,5000,0.2686
,CHECKPOINT BATCH 14695,13.2901,,,
,CHECKPOINT BATCH 14700,11.1418,,,
,CHECKPOINT BATCH 14705,16.4830,,,
,CHECKPOINT BATCH 14710,10.4358,,,
09:49:26,14712,11.7134,3.9070,5000,0.2682
,CHECKPOINT BATCH 14715,9.4533,,,
,CHECKPOINT BATCH 14720,13.5202,,,
,CHECKPOINT BATCH 14725,14.7369,,,
,CHECKPOINT BATCH 14730,15.9199,,,
09:49:28,14731,6.9604,6.2530,5000,0.2678
,CHECKPOINT BATCH 14735,13.7895,,,
,CHECKPOINT BATCH 14740,13.3281,,,
,CHECKPOINT BATCH 14745,9.6537,,,
09:49:30,14750,12.1442,9.0420,5000,0.2673
,CHECKPOINT BATCH 14750,12.1442,,,
,CHECKPOINT BATCH 14755,9.9958,,,
,CHECKPOINT BATCH 14760,8.6110,,,
09:49:34,14761,16.2958,8.6210,5000,0.2671
,CHECKPOINT BATCH 14765,12.7484,,,
,CHECKPOINT BATCH 14770,11.0988,,,
,CHECKPOINT BATCH 14775,9.3152,,,
09:49:36,14780,12.6881,9.3200,5000,0.2667
,CHECKPOINT BATCH 14780,12.6881,,,
,CHECKPOINT BATCH 14785,13.5705,,,
,CHECKPOINT BATCH 14790,10.3697,,,
,CHECKPOINT BATCH 14795,14.2989,,,
09:49:38,14799,9.8752,11.7425,5000,0.2663
,CHECKPOINT BATCH 14800,14.2159,,,
,CHECKPOINT BATCH 14805,11.3278,,,
,CHECKPOINT BATCH 14810,8.7751,,,
,CHECKPOINT BATCH 14815,9.3089,,,
09:49:40,14818,6.6147,11.2695,5000,0.2659
,CHECKPOINT BATCH 14820,12.1778,,,
,CHECKPOINT BATCH 14825,13.8905,,,
,CHECKPOINT BATCH 14830,13.6686,,,
,CHECKPOINT BATCH 14835,9.9925,,,
09:49:42,14836,8.6778,9.1775,5000,0.2655
,CHECKPOINT BATCH 14840,7.2700,,,
,CHECKPOINT BATCH 14845,11.6787,,,
,CHECKPOINT BATCH 14850,6.2091,,,
09:49:44,14855,6.8103,6.3190,5000,0.2651
,CHECKPOINT BATCH 14855,6.8103,,,
,CHECKPOINT BATCH 14860,11.5092,,,
,CHECKPOINT BATCH 14865,10.4186,,,
,CHECKPOINT BATCH 14870,15.4826,,,
09:49:46,14874,16.7618,5.5920,5000,0.2647
,CHECKPOINT BATCH 14875,6.9752,,,
,CHECKPOINT BATCH 14880,9.1539,,,
,CHECKPOINT BATCH 14885,10.3014,,,
,CHECKPOINT BATCH 14890,12.7443,,,
09:49:48,14893,16.5948,3.1960,5000,0.2643
,CHECKPOINT BATCH 14895,9.5140,,,
,CHECKPOINT BATCH 14900,11.3295,,,
,CHECKPOINT BATCH 14905,9.6526,,,
,CHECKPOINT BATCH 14910,7.6671,,,
09:49:50,14912,8.0421,1.3710,5000,0.2638
,CHECKPOINT BATCH 14915,8.7138,,,
,CHECKPOINT BATCH 14920,10.6306,,,
,CHECKPOINT BATCH 14925,10.5686,,,
,CHECKPOINT BATCH 14930,13.1646,,,
09:49:53,14931,6.7938,1.3140,5000,0.2634
,CHECKPOINT BATCH 14935,11.9704,,,
,CHECKPOINT BATCH 14940,9.6884,,,
,CHECKPOINT BATCH 14945,8.2659,,,
09:49:55,14950,13.8847,1.4090,5000,0.2630
,CHECKPOINT BATCH 14950,13.8847,,,
,CHECKPOINT BATCH 14955,11.8015,,,
,CHECKPOINT BATCH 14960,15.4923,,,
,CHECKPOINT BATCH 14965,10.2079,,,
09:49:57,14969,10.8195,1.1980,5000,0.2626
,CHECKPOINT BATCH 14970,6.7993,,,
,CHECKPOINT BATCH 14975,9.7442,,,
,CHECKPOINT BATCH 14980,8.7528,,,
,CHECKPOINT BATCH 14985,13.6464,,,
09:49:59,14988,8.1769,0.3710,5000,0.2622
,CHECKPOINT BATCH 14990,10.4077,,,
,CHECKPOINT BATCH 14995,9.3930,,,
,CHECKPOINT BATCH 15000,6.8693,,,
,CHECKPOINT BATCH 15005,12.1587,,,
09:50:01,15007,9.3972,0.3655,5000,0.2618
,CHECKPOINT BATCH 15010,11.6797,,,
,CHECKPOINT BATCH 15015,8.7946,,,
,CHECKPOINT BATCH 15020,12.7824,,,
,CHECKPOINT BATCH 15025,12.7058,,,
09:50:03,15026,9.7066,0.1935,5000,0.2614
,CHECKPOINT BATCH 15030,8.8945,,,
,CHECKPOINT BATCH 15035,12.2748,,,
,CHECKPOINT BATCH 15040,10.5747,,,
09:50:05,15045,14.7970,0.0270,5000,0.2610
,CHECKPOINT BATCH 15045,14.7970,,,
,CHECKPOINT BATCH 15050,11.2637,,,
,CHECKPOINT BATCH 15055,7.6061,,,
,CHECKPOINT BATCH 15060,8.9578,,,
09:50:07,15064,9.5776,0.1775,5000,0.2606
,CHECKPOINT BATCH 15065,14.6436,,,
,CHECKPOINT BATCH 15070,13.7662,,,
,CHECKPOINT BATCH 15075,11.5897,,,
,CHECKPOINT BATCH 15080,8.9674,,,
09:50:09,15083,6.2963,0.5490,5000,0.2602
,CHECKPOINT BATCH 15085,8.4131,,,
,CHECKPOINT BATCH 15090,11.4394,,,
,CHECKPOINT BATCH 15095,9.7580,,,
,CHECKPOINT BATCH 15100,9.5260,,,
09:50:11,15102,8.6757,0.9045,5000,0.2598
,CHECKPOINT BATCH 15105,9.5931,,,
,CHECKPOINT BATCH 15110,10.8036,,,
,CHECKPOINT BATCH 15115,11.0528,,,
,CHECKPOINT BATCH 15120,10.8041,,,
09:50:13,15121,8.0874,1.3705,5000,0.2594
,CHECKPOINT BATCH 15125,11.0903,,,
,CHECKPOINT BATCH 15130,8.9047,,,
09:50:17,15135,12.3722,1.3945,5000,0.2591
,CHECKPOINT BATCH 15135,12.3722,,,
,CHECKPOINT BATCH 15140,11.8271,,,
,CHECKPOINT BATCH 15145,9.0201,,,
,CHECKPOINT BATCH 15150,11.8237,,,
09:50:19,15154,7.8533,2.2065,5000,0.2587
,CHECKPOINT BATCH 15155,9.8860,,,
,CHECKPOINT BATCH 15160,9.1272,,,
,CHECKPOINT BATCH 15165,12.9798,,,
,CHECKPOINT BATCH 15170,8.6387,,,
09:50:21,15173,11.4807,5.0565,5000,0.2583
,CHECKPOINT BATCH 15175,7.7652,,,
,CHECKPOINT BATCH 15180,8.3982,,,
,CHECKPOINT BATCH 15185,10.1079,,,
09:50:25,15188,8.1038,6.8240,5000,0.2580
,CHECKPOINT BATCH 15190,11.0854,,,
,CHECKPOINT BATCH 15195,9.0051,,,
,CHECKPOINT BATCH 15200,10.2418,,,
,CHECKPOINT BATCH 15205,9.5039,,,
09:50:27,15207,8.1370,6.1600,5000,0.2576
,CHECKPOINT BATCH 15210,9.9229,,,
,CHECKPOINT BATCH 15215,10.2778,,,
,CHECKPOINT BATCH 15220,9.3067,,,
,CHECKPOINT BATCH 15225,10.7956,,,
09:50:29,15226,6.9636,5.9790,5000,0.2572
,CHECKPOINT BATCH 15230,7.3697,,,
,CHECKPOINT BATCH 15235,9.3964,,,
,CHECKPOINT BATCH 15240,10.4078,,,
09:50:32,15245,8.5301,6.8735,5000,0.2568
,CHECKPOINT BATCH 15245,8.5301,,,
,CHECKPOINT BATCH 15250,10.6435,,,
,CHECKPOINT BATCH 15255,8.9784,,,
,CHECKPOINT BATCH 15260,8.8666,,,
09:50:34,15264,14.2284,6.9985,5000,0.2565
,CHECKPOINT BATCH 15265,10.1133,,,
,CHECKPOINT BATCH 15270,12.1214,,,
,CHECKPOINT BATCH 15275,16.0499,,,
,CHECKPOINT BATCH 15280,10.5164,,,
09:50:36,15283,12.5476,6.3800,5000,0.2561
,CHECKPOINT BATCH 15285,7.5089,,,
,CHECKPOINT BATCH 15290,13.4411,,,
09:50:39,15292,10.8998,6.8530,5000,0.2559
,CHECKPOINT BATCH 15295,11.3056,,,
,CHECKPOINT BATCH 15300,10.5730,,,
,CHECKPOINT BATCH 15305,9.8240,,,
,CHECKPOINT BATCH 15310,7.4984,,,
09:50:41,15311,11.5716,9.0605,5000,0.2555
,CHECKPOINT BATCH 15315,15.9543,,,
,CHECKPOINT BATCH 15320,7.4169,,,
,CHECKPOINT BATCH 15325,14.9972,,,
09:50:43,15330,11.2637,13.0625,5000,0.2551
,CHECKPOINT BATCH 15330,11.2637,,,
,CHECKPOINT BATCH 15335,7.6735,,,
,CHECKPOINT BATCH 15340,11.2023,,,
09:50:47,15341,11.9828,14.2820,5000,0.2549
,CHECKPOINT BATCH 15345,11.0266,,,
,CHECKPOINT BATCH 15350,6.6605,,,
,CHECKPOINT BATCH 15355,12.3162,,,
09:50:49,15360,11.0607,15.0830,5000,0.2545
,CHECKPOINT BATCH 15360,11.0607,,,
,CHECKPOINT BATCH 15365,17.4685,,,
,CHECKPOINT BATCH 15370,7.4000,,,
,CHECKPOINT BATCH 15375,11.8889,,,
09:50:51,15379,16.0463,15.7445,5000,0.2541
,CHECKPOINT BATCH 15380,9.1386,,,
09:50:54,15382,11.6857,15.4360,5000,0.2540
,CHECKPOINT BATCH 15385,11.3257,,,
,CHECKPOINT BATCH 15390,13.3741,,,
,CHECKPOINT BATCH 15395,11.6937,,,
,CHECKPOINT BATCH 15400,14.2980,,,
09:50:56,15401,13.5475,14.3605,5000,0.2536
,CHECKPOINT BATCH 15405,11.9924,,,
,CHECKPOINT BATCH 15410,11.8938,,,
,CHECKPOINT BATCH 15415,7.3069,,,
09:51:00,15419,10.3641,14.6135,5000,0.2533
,CHECKPOINT BATCH 15420,8.3237,,,
,CHECKPOINT BATCH 15425,10.9771,,,
,CHECKPOINT BATCH 15430,10.9629,,,
,CHECKPOINT BATCH 15435,11.9895,,,
09:51:02,15438,7.3630,13.9855,5000,0.2529
,CHECKPOINT BATCH 15440,15.2196,,,
,CHECKPOINT BATCH 15445,13.7316,,,
,CHECKPOINT BATCH 15450,9.7846,,,
09:51:06,15451,9.8344,14.1290,5000,0.2526
,CHECKPOINT BATCH 15455,11.3036,,,
,CHECKPOINT BATCH 15460,12.9995,,,
,CHECKPOINT BATCH 15465,12.2631,,,
09:51:08,15470,10.3604,14.3670,5000,0.2522
,CHECKPOINT BATCH 15470,10.3604,,,
,CHECKPOINT BATCH 15475,13.4703,,,
,CHECKPOINT BATCH 15480,12.2274,,,
,CHECKPOINT BATCH 15485,9.3100,,,
09:51:10,15489,12.1425,15.8890,5000,0.2519
,CHECKPOINT BATCH 15490,11.4185,,,
,CHECKPOINT BATCH 15495,10.6961,,,
09:51:13,15498,10.5087,17.6880,5000,0.2517
,CHECKPOINT BATCH 15500,13.0676,,,
,CHECKPOINT BATCH 15505,11.1395,,,
,CHECKPOINT BATCH 15510,16.3730,,,
09:51:18,15515,10.6259,17.8085,5000,0.2513
,CHECKPOINT BATCH 15515,10.6259,,,
,CHECKPOINT BATCH 15520,10.4033,,,
,CHECKPOINT BATCH 15525,15.5535,,,
,CHECKPOINT BATCH 15530,12.5052,,,
09:51:20,15534,11.4146,15.2050,5000,0.2510
,CHECKPOINT BATCH 15535,11.2243,,,
,CHECKPOINT BATCH 15540,8.4339,,,
,CHECKPOINT BATCH 15545,12.9474,,,
,CHECKPOINT BATCH 15550,10.0206,,,
09:51:22,15553,8.7279,15.6270,5000,0.2506
,CHECKPOINT BATCH 15555,9.0388,,,
,CHECKPOINT BATCH 15560,11.4523,,,
,CHECKPOINT BATCH 15565,13.7642,,,
,CHECKPOINT BATCH 15570,9.2492,,,
09:51:24,15571,13.8994,15.0955,5000,0.2502
,CHECKPOINT BATCH 15575,9.7019,,,
,CHECKPOINT BATCH 15580,10.8609,,,
,CHECKPOINT BATCH 15585,7.1644,,,
09:51:28,15587,10.9741,14.4720,5000,0.2499
,CHECKPOINT BATCH 15590,9.4831,,,
,CHECKPOINT BATCH 15595,9.8600,,,
,CHECKPOINT BATCH 15600,11.9248,,,
,CHECKPOINT BATCH 15605,6.8764,,,
09:51:30,15606,9.7591,10.8280,5000,0.2495
,CHECKPOINT BATCH 15610,12.4826,,,
,CHECKPOINT BATCH 15615,11.9607,,,
,CHECKPOINT BATCH 15620,14.0111,,,
09:51:32,15625,16.0442,11.1650,5000,0.2491
,CHECKPOINT BATCH 15625,16.0442,,,
,CHECKPOINT BATCH 15630,11.1222,,,
,CHECKPOINT BATCH 15635,10.6116,,,
,CHECKPOINT BATCH 15640,6.8303,,,
09:51:34,15644,11.2761,10.4395,5000,0.2488
,CHECKPOINT BATCH 15645,8.7199,,,
,CHECKPOINT BATCH 15650,8.9937,,,
09:51:37,15651,11.4972,9.6840,5000,0.2486
,CHECKPOINT BATCH 15655,13.1884,,,
,CHECKPOINT BATCH 15660,17.4193,,,
,CHECKPOINT BATCH 15665,10.3628,,,
09:51:39,15670,10.1906,6.8810,5000,0.2482
,CHECKPOINT BATCH 15670,10.1906,,,
,CHECKPOINT BATCH 15675,10.8782,,,
09:51:42,15676,11.0475,6.1140,5000,0.2481
,CHECKPOINT BATCH 15680,7.3734,,,
,CHECKPOINT BATCH 15685,10.6474,,,
,CHECKPOINT BATCH 15690,8.0970,,,
09:51:44,15695,7.0133,4.8820,5000,0.2477
,CHECKPOINT BATCH 15695,7.0133,,,
,CHECKPOINT BATCH 15700,6.9286,,,
,CHECKPOINT BATCH 15705,7.8173,,,
,CHECKPOINT BATCH 15710,9.2698,,,
09:51:46,15714,11.9954,3.4750,5000,0.2474
,CHECKPOINT BATCH 15715,10.8221,,,
,CHECKPOINT BATCH 15720,13.2785,,,
,CHECKPOINT BATCH 15725,9.8784,,,
,CHECKPOINT BATCH 15730,10.2865,,,
09:51:48,15732,7.3459,2.2180,5000,0.2470
,CHECKPOINT BATCH 15735,8.7674,,,
09:51:51,15738,15.3470,1.4465,5000,0.2469
,CHECKPOINT BATCH 15740,14.2366,,,
,CHECKPOINT BATCH 15745,17.7582,,,
,CHECKPOINT BATCH 15750,10.4059,,,
,CHECKPOINT BATCH 15755,12.2048,,,
09:51:53,15756,9.1589,2.8480,5000,0.2465
,CHECKPOINT BATCH 15760,8.9922,,,
,CHECKPOINT BATCH 15765,8.6448,,,
,CHECKPOINT BATCH 15770,12.6490,,,
09:51:56,15775,10.5654,5.9035,5000,0.2462
,CHECKPOINT BATCH 15775,10.5654,,,
09:51:58,15778,9.7042,6.0500,5000,0.2461
,CHECKPOINT BATCH 15780,10.6673,,,
,CHECKPOINT BATCH 15785,10.8252,,,
,CHECKPOINT BATCH 15790,9.4916,,,
,CHECKPOINT BATCH 15795,12.7972,,,
09:52:00,15797,6.7084,6.8335,5000,0.2457
,CHECKPOINT BATCH 15800,19.3595,,,
,CHECKPOINT BATCH 15805,13.0022,,,
,CHECKPOINT BATCH 15810,13.7258,,,
,CHECKPOINT BATCH 15815,12.3021,,,
09:52:02,15816,9.3382,9.8940,5000,0.2454
,CHECKPOINT BATCH 15820,9.8318,,,
,CHECKPOINT BATCH 15825,10.3389,,,
,CHECKPOINT BATCH 15830,14.1973,,,
09:52:04,15835,8.9907,13.0040,5000,0.2450
,CHECKPOINT BATCH 15835,8.9907,,,
09:52:07,15840,10.4251,13.1450,5000,0.2449
,CHECKPOINT BATCH 15840,10.4251,,,
,CHECKPOINT BATCH 15845,11.1772,,,
,CHECKPOINT BATCH 15850,6.8330,,,
,CHECKPOINT BATCH 15855,10.4437,,,
09:52:09,15859,7.8786,11.5200,5000,0.2445
,CHECKPOINT BATCH 15860,16.4178,,,
,CHECKPOINT BATCH 15865,10.4153,,,
,CHECKPOINT BATCH 15870,12.4994,,,
,CHECKPOINT BATCH 15875,7.4491,,,
09:52:12,15878,9.7064,11.6575,5000,0.2442
,CHECKPOINT BATCH 15880,8.6535,,,
,CHECKPOINT BATCH 15885,12.8424,,,
,CHECKPOINT BATCH 15890,13.2197,,,
09:52:15,15891,8.8055,13.8005,5000,0.2439
,CHECKPOINT BATCH 15895,12.3325,,,
,CHECKPOINT BATCH 15900,10.1262,,,
,CHECKPOINT BATCH 15905,9.5578,,,
09:52:17,15910,9.9621,12.8610,5000,0.2435
,CHECKPOINT BATCH 15910,9.9621,,,
,CHECKPOINT BATCH 15915,14.0303,,,
,CHECKPOINT BATCH 15920,9.9237,,,
,CHECKPOINT BATCH 15925,7.9296,,,
09:52:19,15929,9.9072,12.3880,5000,0.2432
,CHECKPOINT BATCH 15930,12.1306,,,
09:52:22,15935,11.1151,12.6620,5000,0.2431
,CHECKPOINT BATCH 15935,11.1151,,,
,CHECKPOINT BATCH 15940,10.4545,,,
,CHECKPOINT BATCH 15945,9.8451,,,
09:52:26,15949,10.7561,12.9205,5000,0.2428
,CHECKPOINT BATCH 15950,10.6189,,,
,CHECKPOINT BATCH 15955,8.8552,,,
,CHECKPOINT BATCH 15960,8.1792,,,
,CHECKPOINT BATCH 15965,11.8619,,,
09:52:28,15968,7.5061,10.9030,5000,0.2424
,CHECKPOINT BATCH 15970,8.9309,,,
,CHECKPOINT BATCH 15975,14.5351,,,
,CHECKPOINT BATCH 15980,9.5983,,,
,CHECKPOINT BATCH 15985,10.2250,,,
09:52:31,15987,9.7705,10.1780,5000,0.2421
,CHECKPOINT BATCH 15990,12.9574,,,
,CHECKPOINT BATCH 15995,6.6958,,,
,CHECKPOINT BATCH 16000,7.1830,,,
,CHECKPOINT BATCH 16005,10.8504,,,
09:52:35,16006,10.4394,9.2890,5000,0.2417
,CHECKPOINT BATCH 16010,10.1690,,,
,CHECKPOINT BATCH 16015,9.3887,,,
,CHECKPOINT BATCH 16020,11.0948,,,
09:52:37,16024,11.3210,7.1605,5000,0.2413
,CHECKPOINT BATCH 16025,11.5225,,,
,CHECKPOINT BATCH 16030,11.3249,,,
,CHECKPOINT BATCH 16035,11.3791,,,
,CHECKPOINT BATCH 16040,13.9951,,,
09:52:39,16043,7.4197,8.2360,5000,0.2410
,CHECKPOINT BATCH 16045,8.9114,,,
,CHECKPOINT BATCH 16050,10.3608,,,
,CHECKPOINT BATCH 16055,9.0672,,,
,CHECKPOINT BATCH 16060,9.4659,,,
09:52:41,16062,11.0499,11.0555,5000,0.2406
09:52:44,16065,7.0633,11.2090,5000,0.2406
,CHECKPOINT BATCH 16065,7.0633,,,
,CHECKPOINT BATCH 16070,14.4029,,,
,CHECKPOINT BATCH 16075,10.4620,,,
,CHECKPOINT BATCH 16080,15.4707,,,
09:52:46,16084,10.9249,11.3895,5000,0.2402
,CHECKPOINT BATCH 16085,8.4503,,,
,CHECKPOINT BATCH 16090,9.7344,,,
,CHECKPOINT BATCH 16095,9.8051,,,
,CHECKPOINT BATCH 16100,8.1517,,,
09:52:48,16103,11.4817,12.7675,5000,0.2398
,CHECKPOINT BATCH 16105,9.6871,,,
,CHECKPOINT BATCH 16110,8.4089,,,
09:52:51,16111,9.8599,14.1540,5000,0.2397
,CHECKPOINT BATCH 16115,9.8989,,,
,CHECKPOINT BATCH 16120,10.6351,,,
,CHECKPOINT BATCH 16125,16.4057,,,
09:52:53,16130,9.7070,14.5745,5000,0.2393
,CHECKPOINT BATCH 16130,9.7070,,,
,CHECKPOINT BATCH 16135,8.6051,,,
09:52:57,16140,15.8711,12.8925,5000,0.2391
,CHECKPOINT BATCH 16140,15.8711,,,
,CHECKPOINT BATCH 16145,7.9846,,,
,CHECKPOINT BATCH 16150,11.6299,,,
,CHECKPOINT BATCH 16155,11.9445,,,
09:52:59,16159,10.9942,9.6210,5000,0.2388
,CHECKPOINT BATCH 16160,14.7038,,,
,CHECKPOINT BATCH 16165,13.2550,,,
,CHECKPOINT BATCH 16170,10.2416,,,
,CHECKPOINT BATCH 16175,11.0974,,,
09:53:01,16178,11.3655,11.4145,5000,0.2384
,CHECKPOINT BATCH 16180,10.3754,,,
,CHECKPOINT BATCH 16185,10.2664,,,
,CHECKPOINT BATCH 16190,11.6985,,,
,CHECKPOINT BATCH 16195,14.6249,,,
09:53:03,16197,11.5240,11.2895,5000,0.2381
,CHECKPOINT BATCH 16200,11.3681,,,
,CHECKPOINT BATCH 16205,8.7495,,,
09:53:06,16206,11.5458,11.4115,5000,0.2379
,CHECKPOINT BATCH 16210,10.8124,,,
,CHECKPOINT BATCH 16215,15.9363,,,
09:53:10,16218,10.1935,12.0015,5000,0.2377
,CHECKPOINT BATCH 16220,8.2675,,,
,CHECKPOINT BATCH 16225,12.2306,,,
,CHECKPOINT BATCH 16230,19.4806,,,
,CHECKPOINT BATCH 16235,13.4322,,,
09:53:12,16237,10.5120,14.0275,5000,0.2373
,CHECKPOINT BATCH 16240,12.8650,,,
09:53:15,16244,9.3229,14.7955,5000,0.2372
,CHECKPOINT BATCH 16245,11.1278,,,
,CHECKPOINT BATCH 16250,19.1446,,,
,CHECKPOINT BATCH 16255,11.1794,,,
,CHECKPOINT BATCH 16260,9.0299,,,
09:53:17,16263,12.6528,15.4275,5000,0.2368
,CHECKPOINT BATCH 16265,12.1866,,,
,CHECKPOINT BATCH 16270,12.9311,,,
,CHECKPOINT BATCH 16275,14.1928,,,
09:53:21,16280,8.3565,15.1280,5000,0.2365
,CHECKPOINT BATCH 16280,8.3565,,,
,CHECKPOINT BATCH 16285,9.8691,,,
,CHECKPOINT BATCH 16290,13.8670,,,
,CHECKPOINT BATCH 16295,6.9845,,,
09:53:24,16299,9.1850,12.0380,5000,0.2362
,CHECKPOINT BATCH 16300,11.0559,,,
,CHECKPOINT BATCH 16305,12.8729,,,
,CHECKPOINT BATCH 16310,18.5981,,,
,CHECKPOINT BATCH 16315,12.6625,,,
09:53:26,16318,9.9722,12.6960,5000,0.2358
,CHECKPOINT BATCH 16320,13.2058,,,
,CHECKPOINT BATCH 16325,12.1963,,,
,CHECKPOINT BATCH 16330,10.3189,,,
09:53:30,16332,13.1581,12.8545,5000,0.2355
,CHECKPOINT BATCH 16335,11.8381,,,
,CHECKPOINT BATCH 16340,12.1175,,,
,CHECKPOINT BATCH 16345,11.9402,,,
,CHECKPOINT BATCH 16350,15.4192,,,
09:53:32,16351,10.4892,13.8855,5000,0.2352
,CHECKPOINT BATCH 16355,14.1746,,,
,CHECKPOINT BATCH 16360,12.4862,,,
,CHECKPOINT BATCH 16365,8.6133,,,
09:53:34,16370,13.2264,15.5550,5000,0.2348
,CHECKPOINT BATCH 16370,13.2264,,,
09:53:36,16372,15.1027,15.0930,5000,0.2348
,CHECKPOINT BATCH 16375,7.0913,,,
,CHECKPOINT BATCH 16380,10.8680,,,
,CHECKPOINT BATCH 16385,10.1429,,,
,CHECKPOINT BATCH 16390,11.6766,,,
09:53:38,16391,12.3649,16.1945,5000,0.2344
,CHECKPOINT BATCH 16395,15.6114,,,
09:53:42,16399,9.3353,17.0885,5000,0.2343
,CHECKPOINT BATCH 16400,19.1920,,,
,CHECKPOINT BATCH 16405,9.7559,,,
09:53:45,16408,13.8349,15.1165,5000,0.2341
,CHECKPOINT BATCH 16410,13.7729,,,
,CHECKPOINT BATCH 16415,7.4530,,,
,CHECKPOINT BATCH 16420,8.2447,,,
,CHECKPOINT BATCH 16425,11.2227,,,
09:53:47,16427,8.4997,13.9020,5000,0.2338
,CHECKPOINT BATCH 16430,16.2364,,,
,CHECKPOINT BATCH 16435,10.4923,,,
,CHECKPOINT BATCH 16440,12.7762,,,
,CHECKPOINT BATCH 16445,11.9171,,,
09:53:49,16446,11.5672,14.7435,5000,0.2334
,CHECKPOINT BATCH 16450,8.4568,,,
09:53:52,16451,10.1430,14.9045,5000,0.2333
,CHECKPOINT BATCH 16455,9.6948,,,
,CHECKPOINT BATCH 16460,11.8214,,,
,CHECKPOINT BATCH 16465,13.0118,,,
09:53:54,16470,10.4182,14.9315,5000,0.2330
,CHECKPOINT BATCH 16470,10.4182,,,
,CHECKPOINT BATCH 16475,8.5846,,,
,CHECKPOINT BATCH 16480,12.2827,,,
,CHECKPOINT BATCH 16485,11.3947,,,
09:53:58,16488,8.7061,15.7965,5000,0.2327
,CHECKPOINT BATCH 16490,13.6981,,,
,CHECKPOINT BATCH 16495,11.8308,,,
,CHECKPOINT BATCH 16500,10.3375,,,
,CHECKPOINT BATCH 16505,11.0757,,,
09:54:00,16507,10.5183,17.6275,5000,0.2323
,CHECKPOINT BATCH 16510,13.6514,,,
,CHECKPOINT BATCH 16515,8.9603,,,
,CHECKPOINT BATCH 16520,9.3857,,,
,CHECKPOINT BATCH 16525,9.1287,,,
09:54:02,16526,13.8237,18.2160,5000,0.2320
09:54:05,16530,10.8567,17.5940,5000,0.2319
,CHECKPOINT BATCH 16530,10.8567,,,
,CHECKPOINT BATCH 16535,11.5388,,,
,CHECKPOINT BATCH 16540,8.8797,,,
,CHECKPOINT BATCH 16545,8.4615,,,
09:54:07,16549,9.3453,16.2240,5000,0.2316
,CHECKPOINT BATCH 16550,8.2051,,,
,CHECKPOINT BATCH 16555,11.2510,,,
,CHECKPOINT BATCH 16560,10.3705,,,
,CHECKPOINT BATCH 16565,14.3373,,,
09:54:09,16568,14.8591,14.9710,5000,0.2312
,CHECKPOINT BATCH 16570,8.0624,,,
,CHECKPOINT BATCH 16575,11.6850,,,
,CHECKPOINT BATCH 16580,9.9978,,,
09:54:13,16582,10.7529,15.1245,5000,0.2310
,CHECKPOINT BATCH 16585,8.1961,,,
,CHECKPOINT BATCH 16590,8.4896,,,
,CHECKPOINT BATCH 16595,11.5689,,,
,CHECKPOINT BATCH 16600,15.8355,,,
09:54:15,16601,11.2955,12.2830,5000,0.2306
,CHECKPOINT BATCH 16605,11.2881,,,
,CHECKPOINT BATCH 16610,6.6740,,,
,CHECKPOINT BATCH 16615,11.1916,,,
09:54:18,16620,15.7620,12.2435,5000,0.2303
,CHECKPOINT BATCH 16620,15.7620,,,
,CHECKPOINT BATCH 16625,11.4912,,,
09:54:21,16628,10.6499,12.8410,5000,0.2301
,CHECKPOINT BATCH 16630,10.1578,,,
,CHECKPOINT BATCH 16635,11.1129,,,
,CHECKPOINT BATCH 16640,9.9804,,,
,CHECKPOINT BATCH 16645,6.6589,,,
09:54:23,16647,13.8154,13.3740,5000,0.2298
,CHECKPOINT BATCH 16650,13.8190,,,
09:54:26,16655,14.3486,13.2070,5000,0.2296
,CHECKPOINT BATCH 16655,14.3486,,,
,CHECKPOINT BATCH 16660,11.3905,,,
,CHECKPOINT BATCH 16665,12.4257,,,
,CHECKPOINT BATCH 16670,13.6617,,,
09:54:28,16674,8.9526,9.6875,5000,0.2293
,CHECKPOINT BATCH 16675,11.4063,,,
,CHECKPOINT BATCH 16680,9.4990,,,
,CHECKPOINT BATCH 16685,10.2809,,,
,CHECKPOINT BATCH 16690,14.8915,,,
09:54:30,16693,12.2720,10.9640,5000,0.2290
,CHECKPOINT BATCH 16695,14.5895,,,
,CHECKPOINT BATCH 16700,16.8161,,,
,CHECKPOINT BATCH 16705,11.6331,,,
,CHECKPOINT BATCH 16710,11.4645,,,
09:54:32,16712,11.1440,9.9490,5000,0.2286
,CHECKPOINT BATCH 16715,10.6699,,,
,CHECKPOINT BATCH 16720,10.3937,,,
,CHECKPOINT BATCH 16725,11.4354,,,
,CHECKPOINT BATCH 16730,13.8012,,,
09:54:34,16731,10.0386,9.2350,5000,0.2283
,CHECKPOINT BATCH 16735,7.4727,,,
,CHECKPOINT BATCH 16740,13.6780,,,
09:54:38,16741,16.1442,9.7200,5000,0.2281
,CHECKPOINT BATCH 16745,14.4614,,,
,CHECKPOINT BATCH 16750,8.3217,,,
,CHECKPOINT BATCH 16755,11.6108,,,
09:54:40,16760,15.2244,11.5360,5000,0.2278
,CHECKPOINT BATCH 16760,15.2244,,,
09:54:42,16761,10.0273,11.5385,5000,0.2277
,CHECKPOINT BATCH 16765,16.9220,,,
,CHECKPOINT BATCH 16770,15.0362,,,
,CHECKPOINT BATCH 16775,10.8874,,,
09:54:44,16780,15.9037,11.2030,5000,0.2274
,CHECKPOINT BATCH 16780,15.9037,,,
,CHECKPOINT BATCH 16785,12.4347,,,
,CHECKPOINT BATCH 16790,11.6556,,,
,CHECKPOINT BATCH 16795,9.2811,,,
09:54:47,16799,13.8823,8.6980,5000,0.2271
,CHECKPOINT BATCH 16800,11.2180,,,
,CHECKPOINT BATCH 16805,12.5754,,,
,CHECKPOINT BATCH 16810,13.9712,,,
,CHECKPOINT BATCH 16815,11.8827,,,
09:54:49,16818,12.6630,8.9140,5000,0.2267
,CHECKPOINT BATCH 16820,10.6218,,,
,CHECKPOINT BATCH 16825,14.5666,,,
,CHECKPOINT BATCH 16830,14.4402,,,
,CHECKPOINT BATCH 16835,8.1931,,,
09:54:51,16837,13.1394,6.5830,5000,0.2264
,CHECKPOINT BATCH 16840,8.7321,,,
09:54:54,16842,12.8720,5.9730,5000,0.2263
,CHECKPOINT BATCH 16845,14.2662,,,
,CHECKPOINT BATCH 16850,9.0602,,,
,CHECKPOINT BATCH 16855,18.9163,,,
,CHECKPOINT BATCH 16860,14.1185,,,
09:54:56,16861,10.3782,4.8525,5000,0.2260
,CHECKPOINT BATCH 16865,14.0256,,,
,CHECKPOINT BATCH 16870,17.7434,,,
,CHECKPOINT BATCH 16875,10.4645,,,
09:54:58,16880,10.9640,7.0305,5000,0.2256
,CHECKPOINT BATCH 16880,10.9640,,,
,CHECKPOINT BATCH 16885,12.7282,,,
,CHECKPOINT BATCH 16890,17.1797,,,
,CHECKPOINT BATCH 16895,13.5623,,,
09:55:02,16896,11.7253,9.6355,5000,0.2254
,CHECKPOINT BATCH 16900,13.2577,,,
,CHECKPOINT BATCH 16905,11.6385,,,
,CHECKPOINT BATCH 16910,11.4306,,,
09:55:06,16912,13.7241,10.3855,5000,0.2251
,CHECKPOINT BATCH 16915,20.1012,,,
,CHECKPOINT BATCH 16920,15.7294,,,
,CHECKPOINT BATCH 16925,10.3327,,,
09:55:08,16930,12.8702,11.5130,5000,0.2248
,CHECKPOINT BATCH 16930,12.8702,,,
,CHECKPOINT BATCH 16935,11.4533,,,
,CHECKPOINT BATCH 16940,8.5706,,,
,CHECKPOINT BATCH 16945,17.5026,,,
09:55:10,16949,12.0262,13.9535,5000,0.2244
,CHECKPOINT BATCH 16950,8.8836,,,
,CHECKPOINT BATCH 16955,12.0154,,,
,CHECKPOINT BATCH 16960,11.9313,,,
09:55:14,16965,10.6644,14.0625,5000,0.2242
,CHECKPOINT BATCH 16965,10.6644,,,
,CHECKPOINT BATCH 16970,11.8765,,,
,CHECKPOINT BATCH 16975,9.6666,,,
,CHECKPOINT BATCH 16980,7.1476,,,
09:55:16,16984,11.9691,15.1565,5000,0.2238
,CHECKPOINT BATCH 16985,9.0202,,,
,CHECKPOINT BATCH 16990,11.7030,,,
,CHECKPOINT BATCH 16995,7.6708,,,
,CHECKPOINT BATCH 17000,15.4902,,,
09:55:18,17003,14.5539,15.3495,5000,0.2235
,CHECKPOINT BATCH 17005,11.6377,,,
,CHECKPOINT BATCH 17010,14.3672,,,
,CHECKPOINT BATCH 17015,10.7668,,,
09:55:22,17020,12.7851,14.8700,5000,0.2232
,CHECKPOINT BATCH 17020,12.7851,,,
,CHECKPOINT BATCH 17025,11.3538,,,
09:55:26,17029,9.7360,13.4880,5000,0.2230
,CHECKPOINT BATCH 17030,16.2205,,,
,CHECKPOINT BATCH 17035,13.8429,,,
,CHECKPOINT BATCH 17040,7.5685,,,
,CHECKPOINT BATCH 17045,16.3267,,,
09:55:28,17048,9.7424,12.3130,5000,0.2227
,CHECKPOINT BATCH 17050,13.6008,,,
,CHECKPOINT BATCH 17055,10.0936,,,
,CHECKPOINT BATCH 17060,7.5896,,,
,CHECKPOINT BATCH 17065,11.8954,,,
09:55:30,17067,17.8941,12.3255,5000,0.2224
,CHECKPOINT BATCH 17070,14.4757,,,
,CHECKPOINT BATCH 17075,10.3095,,,
,CHECKPOINT BATCH 17080,10.7670,,,
,CHECKPOINT BATCH 17085,10.2138,,,
09:55:32,17086,9.8504,11.4050,5000,0.2221
,CHECKPOINT BATCH 17090,14.6147,,,
,CHECKPOINT BATCH 17095,12.4752,,,
,CHECKPOINT BATCH 17100,7.7438,,,
09:55:34,17105,13.9710,8.7890,5000,0.2217
,CHECKPOINT BATCH 17105,13.9710,,,
09:55:37,17107,15.8185,8.6345,5000,0.2217
,CHECKPOINT BATCH 17110,13.1641,,,
,CHECKPOINT BATCH 17115,11.9650,,,
,CHECKPOINT BATCH 17120,12.1494,,,
,CHECKPOINT BATCH 17125,18.9467,,,
09:55:39,17126,11.2340,10.6805,5000,0.2214
,CHECKPOINT BATCH 17130,18.7989,,,
,CHECKPOINT BATCH 17135,12.2666,,,
,CHECKPOINT BATCH 17140,8.4615,,,
09:55:41,17145,12.5000,11.8430,5000,0.2211
,CHECKPOINT BATCH 17145,12.5000,,,
,CHECKPOINT BATCH 17150,11.6764,,,
09:55:44,17155,12.0907,12.2885,5000,0.2209
,CHECKPOINT BATCH 17155,12.0907,,,
,CHECKPOINT BATCH 17160,9.1725,,,
,CHECKPOINT BATCH 17165,9.2113,,,
,CHECKPOINT BATCH 17170,10.9084,,,
09:55:46,17174,16.1564,12.2390,5000,0.2206
,CHECKPOINT BATCH 17175,12.3083,,,
,CHECKPOINT BATCH 17180,18.2802,,,
,CHECKPOINT BATCH 17185,16.2758,,,
,CHECKPOINT BATCH 17190,11.1649,,,
09:55:49,17193,11.6017,13.7805,5000,0.2202
,CHECKPOINT BATCH 17195,12.9082,,,
,CHECKPOINT BATCH 17200,19.7359,,,
,CHECKPOINT BATCH 17205,11.6263,,,
,CHECKPOINT BATCH 17210,9.9591,,,
09:55:51,17212,11.3000,15.5980,5000,0.2199
,CHECKPOINT BATCH 17215,10.9954,,,
09:55:54,17218,17.8967,15.8705,5000,0.2198
,CHECKPOINT BATCH 17220,17.7481,,,
,CHECKPOINT BATCH 17225,9.4785,,,
,CHECKPOINT BATCH 17230,15.9073,,,
,CHECKPOINT BATCH 17235,12.1114,,,
09:55:56,17236,12.5176,14.1835,5000,0.2195
,CHECKPOINT BATCH 17240,13.0154,,,
,CHECKPOINT BATCH 17245,11.5527,,,
,CHECKPOINT BATCH 17250,13.4945,,,
09:55:58,17255,17.3757,11.5520,5000,0.2192
,CHECKPOINT BATCH 17255,17.3757,,,
,CHECKPOINT BATCH 17260,10.4024,,,
,CHECKPOINT BATCH 17265,10.2765,,,
,CHECKPOINT BATCH 17270,14.6874,,,
09:56:00,17274,12.5710,8.9765,5000,0.2189
09:56:02,17275,17.6015,8.8285,5000,0.2188
,CHECKPOINT BATCH 17275,17.6015,,,
,CHECKPOINT BATCH 17280,15.6326,,,
,CHECKPOINT BATCH 17285,13.5377,,,
,CHECKPOINT BATCH 17290,10.9121,,,
09:56:04,17294,18.7485,7.1785,5000,0.2185
,CHECKPOINT BATCH 17295,21.9221,,,
,CHECKPOINT BATCH 17300,9.1653,,,
,CHECKPOINT BATCH 17305,15.9761,,,
,CHECKPOINT BATCH 17310,8.7690,,,
09:56:06,17313,17.2459,7.4915,5000,0.2182
,CHECKPOINT BATCH 17315,18.3549,,,
09:56:09,17319,14.5152,7.3460,5000,0.2181
,CHECKPOINT BATCH 17320,18.0258,,,
,CHECKPOINT BATCH 17325,17.2003,,,
,CHECKPOINT BATCH 17330,8.7441,,,
,CHECKPOINT BATCH 17335,21.7423,,,
09:56:11,17338,16.0443,5.8420,5000,0.2178
,CHECKPOINT BATCH 17340,11.2151,,,
,CHECKPOINT BATCH 17345,11.4983,,,
,CHECKPOINT BATCH 17350,8.8592,,,
,CHECKPOINT BATCH 17355,9.7212,,,
09:56:14,17357,10.9615,9.1945,5000,0.2175
,CHECKPOINT BATCH 17360,12.9150,,,
,CHECKPOINT BATCH 17365,11.0382,,,
,CHECKPOINT BATCH 17370,9.2512,,,
,CHECKPOINT BATCH 17375,11.0928,,,
09:56:18,17376,6.6424,13.3480,5000,0.2171
,CHECKPOINT BATCH 17380,14.8935,,,
,CHECKPOINT BATCH 17385,14.6015,,,
,CHECKPOINT BATCH 17390,12.3573,,,
09:56:20,17395,12.0403,14.6605,5000,0.2168
,CHECKPOINT BATCH 17395,12.0403,,,
,CHECKPOINT BATCH 17400,10.4121,,,
09:56:23,17403,10.8190,14.9490,5000,0.2167
,CHECKPOINT BATCH 17405,18.0585,,,
,CHECKPOINT BATCH 17410,8.2904,,,
,CHECKPOINT BATCH 17415,10.5833,,,
,CHECKPOINT BATCH 17420,9.7945,,,
09:56:25,17422,10.7472,13.2745,5000,0.2164
,CHECKPOINT BATCH 17425,13.6650,,,
,CHECKPOINT BATCH 17430,10.8964,,,
,CHECKPOINT BATCH 17435,13.4911,,,
,CHECKPOINT BATCH 17440,22.7003,,,
09:56:27,17441,13.5817,15.3755,5000,0.2161
,CHECKPOINT BATCH 17445,12.8374,,,
,CHECKPOINT BATCH 17450,7.7800,,,
,CHECKPOINT BATCH 17455,12.3341,,,
09:56:30,17460,10.5780,15.6075,5000,0.2157
,CHECKPOINT BATCH 17460,10.5780,,,
09:56:32,17464,12.7027,15.5895,5000,0.2157
,CHECKPOINT BATCH 17465,9.9608,,,
,CHECKPOINT BATCH 17470,12.2517,,,
,CHECKPOINT BATCH 17475,11.7305,,,
,CHECKPOINT BATCH 17480,11.1251,,,
09:56:34,17483,7.7187,14.1985,5000,0.2154
,CHECKPOINT BATCH 17485,9.5517,,,
,CHECKPOINT BATCH 17490,10.7773,,,
,CHECKPOINT BATCH 17495,17.5077,,,
09:56:38,17499,10.5065,13.5805,5000,0.2151
,CHECKPOINT BATCH 17500,11.3218,,,
,CHECKPOINT BATCH 17505,14.9734,,,
,CHECKPOINT BATCH 17510,12.9483,,,
,CHECKPOINT BATCH 17515,9.4454,,,
09:56:41,17518,13.0180,14.0635,5000,0.2148
,CHECKPOINT BATCH 17520,22.4951,,,
,CHECKPOINT BATCH 17525,9.7308,,,
,CHECKPOINT BATCH 17530,10.1692,,,
09:56:44,17531,18.0081,14.0425,5000,0.2146
,CHECKPOINT BATCH 17535,15.0319,,,
09:56:48,17539,15.9280,12.9875,5000,0.2144
,CHECKPOINT BATCH 17540,8.5930,,,
,CHECKPOINT BATCH 17545,14.4809,,,
,CHECKPOINT BATCH 17550,16.2571,,,
,CHECKPOINT BATCH 17555,9.4315,,,
09:56:50,17558,12.1930,12.6705,5000,0.2141
,CHECKPOINT BATCH 17560,9.3843,,,
,CHECKPOINT BATCH 17565,13.3059,,,
09:56:53,17568,11.4670,13.1165,5000,0.2140
,CHECKPOINT BATCH 17570,11.0664,,,
,CHECKPOINT BATCH 17575,11.7741,,,
,CHECKPOINT BATCH 17580,12.5715,,,
,CHECKPOINT BATCH 17585,7.4140,,,
09:56:57,17586,9.6581,14.0575,5000,0.2137
,CHECKPOINT BATCH 17590,9.5901,,,
,CHECKPOINT BATCH 17595,10.7176,,,
,CHECKPOINT BATCH 17600,13.3434,,,
09:57:00,17605,8.5521,12.5265,5000,0.2134
,CHECKPOINT BATCH 17605,8.5521,,,
,CHECKPOINT BATCH 17610,15.4813,,,
,CHECKPOINT BATCH 17615,10.0266,,,
,CHECKPOINT BATCH 17620,19.2579,,,
09:57:02,17624,12.4324,14.1715,5000,0.2131
,CHECKPOINT BATCH 17625,12.4358,,,
,CHECKPOINT BATCH 17630,11.6655,,,
,CHECKPOINT BATCH 17635,14.8715,,,
,CHECKPOINT BATCH 17640,10.0389,,,
09:57:04,17643,12.2480,15.5660,5000,0.2127
,CHECKPOINT BATCH 17645,10.9297,,,
09:57:06,17646,10.0338,15.5560,5000,0.2127
,CHECKPOINT BATCH 17650,12.3563,,,
,CHECKPOINT BATCH 17655,10.3844,,,
,CHECKPOINT BATCH 17660,13.3308,,,
09:57:11,17665,10.3611,14.5865,5000,0.2124
,CHECKPOINT BATCH 17665,10.3611,,,
,CHECKPOINT BATCH 17670,10.5640,,,
,CHECKPOINT BATCH 17675,13.1784,,,
,CHECKPOINT BATCH 17680,11.1275,,,
09:57:13,17683,10.8294,10.7870,5000,0.2121
,CHECKPOINT BATCH 17685,8.4775,,,
,CHECKPOINT BATCH 17690,15.4732,,,
,CHECKPOINT BATCH 17695,10.6387,,,
,CHECKPOINT BATCH 17700,11.7291,,,
09:57:15,17702,12.6843,12.5385,5000,0.2118
,CHECKPOINT BATCH 17705,8.6131,,,
,CHECKPOINT BATCH 17710,9.0100,,,
,CHECKPOINT BATCH 17715,16.6984,,,
,CHECKPOINT BATCH 17720,12.0332,,,
09:57:17,17721,6.7055,11.3520,5000,0.2115
,CHECKPOINT BATCH 17725,7.4178,,,
,CHECKPOINT BATCH 17730,12.9048,,,
,CHECKPOINT BATCH 17735,13.6586,,,
09:57:19,17740,9.1653,10.4540,5000,0.2112
,CHECKPOINT BATCH 17740,9.1653,,,
,CHECKPOINT BATCH 17745,8.0791,,,
,CHECKPOINT BATCH 17750,10.6966,,,
,CHECKPOINT BATCH 17755,11.1706,,,
09:57:21,17759,14.0082,7.8930,5000,0.2109
,CHECKPOINT BATCH 17760,15.6707,,,
,CHECKPOINT BATCH 17765,10.8700,,,
,CHECKPOINT BATCH 17770,8.9620,,,
,CHECKPOINT BATCH 17775,14.6912,,,
09:57:23,17778,8.9604,7.4605,5000,0.2106
,CHECKPOINT BATCH 17780,9.3186,,,
,CHECKPOINT BATCH 17785,10.1098,,,
,CHECKPOINT BATCH 17790,8.5600,,,
,CHECKPOINT BATCH 17795,13.1710,,,
09:57:25,17797,8.6721,5.5880,5000,0.2103
,CHECKPOINT BATCH 17800,11.5919,,,
,CHECKPOINT BATCH 17805,24.5388,,,
,CHECKPOINT BATCH 17810,10.6343,,,
,CHECKPOINT BATCH 17815,12.0835,,,
09:57:27,17816,16.1958,4.0525,5000,0.2100
,CHECKPOINT BATCH 17820,19.2890,,,
,CHECKPOINT BATCH 17825,8.4995,,,
,CHECKPOINT BATCH 17830,9.6855,,,
09:57:29,17835,11.4357,1.2945,5000,0.2096
,CHECKPOINT BATCH 17835,11.4357,,,
,CHECKPOINT BATCH 17840,17.8940,,,
,CHECKPOINT BATCH 17845,10.4036,,,
,CHECKPOINT BATCH 17850,11.8239,,,
09:57:31,17854,11.2896,0.2360,5000,0.2093
,CHECKPOINT BATCH 17855,11.6172,,,
,CHECKPOINT BATCH 17860,8.8367,,,
,CHECKPOINT BATCH 17865,9.6621,,,
,CHECKPOINT BATCH 17870,14.3165,,,
09:57:34,17873,12.3953,0.1990,5000,0.2090
,CHECKPOINT BATCH 17875,10.0214,,,
,CHECKPOINT BATCH 17880,7.5184,,,
,CHECKPOINT BATCH 17885,16.5672,,,
,CHECKPOINT BATCH 17890,12.5558,,,
09:57:36,17892,12.5349,0.5165,5000,0.2087
,CHECKPOINT BATCH 17895,7.0887,,,
,CHECKPOINT BATCH 17900,11.6174,,,
,CHECKPOINT BATCH 17905,18.6965,,,
,CHECKPOINT BATCH 17910,7.7519,,,
09:57:38,17911,13.4329,0.7245,5000,0.2084
,CHECKPOINT BATCH 17915,13.5095,,,
,CHECKPOINT BATCH 17920,17.5358,,,
,CHECKPOINT BATCH 17925,10.2850,,,
09:57:40,17930,11.5094,1.3470,5000,0.2081
,CHECKPOINT BATCH 17930,11.5094,,,
,CHECKPOINT BATCH 17935,9.9959,,,
,CHECKPOINT BATCH 17940,20.2759,,,
,CHECKPOINT BATCH 17945,15.0587,,,
09:57:42,17949,11.9431,2.2305,5000,0.2078
,CHECKPOINT BATCH 17950,12.2912,,,
,CHECKPOINT BATCH 17955,14.5844,,,
,CHECKPOINT BATCH 17960,11.1656,,,
,CHECKPOINT BATCH 17965,15.2505,,,
09:57:44,17968,14.1824,2.2300,5000,0.2075
,CHECKPOINT BATCH 17970,12.1645,,,
,CHECKPOINT BATCH 17975,10.3724,,,
,CHECKPOINT BATCH 17980,9.6389,,,
,CHECKPOINT BATCH 17985,12.0233,,,
09:57:46,17986,12.3588,2.2050,5000,0.2073
,CHECKPOINT BATCH 17990,10.4750,,,
,CHECKPOINT BATCH 17995,14.7574,,,
,CHECKPOINT BATCH 18000,14.0169,,,
09:57:48,18005,10.3819,1.6680,5000,0.2070
,CHECKPOINT BATCH 18005,10.3819,,,
,CHECKPOINT BATCH 18010,13.1961,,,
,CHECKPOINT BATCH 18015,8.3366,,,
,CHECKPOINT BATCH 18020,12.1182,,,
09:57:50,18024,12.7125,1.1650,5000,0.2067
,CHECKPOINT BATCH 18025,11.8917,,,
,CHECKPOINT BATCH 18030,14.0836,,,
,CHECKPOINT BATCH 18035,12.8717,,,
,CHECKPOINT BATCH 18040,14.2267,,,
09:57:52,18043,13.6987,0.0280,5000,0.2064
,CHECKPOINT BATCH 18045,15.6062,,,
,CHECKPOINT BATCH 18050,10.7106,,,
,CHECKPOINT BATCH 18055,10.1185,,,
,CHECKPOINT BATCH 18060,14.0308,,,
09:57:54,18062,11.6460,0.0510,5000,0.2061
,CHECKPOINT BATCH 18065,10.7866,,,
,CHECKPOINT BATCH 18070,13.6130,,,
,CHECKPOINT BATCH 18075,10.6408,,,
,CHECKPOINT BATCH 18080,13.1904,,,
09:57:56,18081,12.5153,0.0745,5000,0.2058
,CHECKPOINT BATCH 18085,24.2370,,,
,CHECKPOINT BATCH 18090,16.9929,,,
,CHECKPOINT BATCH 18095,21.3510,,,
09:57:59,18100,12.8221,0.0645,5000,0.2055
,CHECKPOINT BATCH 18100,12.8221,,,
,CHECKPOINT BATCH 18105,13.2600,,,
,CHECKPOINT BATCH 18110,14.0217,,,
,CHECKPOINT BATCH 18115,14.4867,,,
09:58:01,18119,13.4983,0.0540,5000,0.2052
,CHECKPOINT BATCH 18120,14.3389,,,
,CHECKPOINT BATCH 18125,13.0132,,,
,CHECKPOINT BATCH 18130,11.0232,,,
,CHECKPOINT BATCH 18135,9.9956,,,
09:58:03,18138,13.8217,-0.0260,5000,0.2049
,CHECKPOINT BATCH 18140,11.2442,,,
,CHECKPOINT BATCH 18145,12.8621,,,
,CHECKPOINT BATCH 18150,10.5879,,,
,CHECKPOINT BATCH 18155,12.6177,,,
09:58:05,18157,13.2199,-0.0650,5000,0.2046
,CHECKPOINT BATCH 18160,14.0295,,,
,CHECKPOINT BATCH 18165,21.6801,,,
,CHECKPOINT BATCH 18170,12.5099,,,
,CHECKPOINT BATCH 18175,10.8903,,,
09:58:07,18176,10.8776,-0.0895,5000,0.2043
,CHECKPOINT BATCH 18180,11.9586,,,
,CHECKPOINT BATCH 18185,10.1680,,,
,CHECKPOINT BATCH 18190,12.3390,,,
09:58:09,18195,11.0311,0.1050,5000,0.2040
,CHECKPOINT BATCH 18195,11.0311,,,
,CHECKPOINT BATCH 18200,14.3266,,,
,CHECKPOINT BATCH 18205,12.8464,,,
,CHECKPOINT BATCH 18210,9.3308,,,
09:58:11,18214,8.5558,0.1040,5000,0.2037
,CHECKPOINT BATCH 18215,12.4332,,,
,CHECKPOINT BATCH 18220,10.5173,,,
,CHECKPOINT BATCH 18225,9.6757,,,
,CHECKPOINT BATCH 18230,23.8495,,,
09:58:13,18233,8.9183,0.1040,5000,0.2034
,CHECKPOINT BATCH 18235,11.3227,,,
,CHECKPOINT BATCH 18240,11.5549,,,
,CHECKPOINT BATCH 18245,14.0641,,,
,CHECKPOINT BATCH 18250,13.6732,,,
09:58:15,18252,21.2763,0.2650,5000,0.2031
,CHECKPOINT BATCH 18255,11.6032,,,
,CHECKPOINT BATCH 18260,8.7285,,,
,CHECKPOINT BATCH 18265,17.0446,,,
,CHECKPOINT BATCH 18270,8.9046,,,
09:58:17,18271,11.0615,0.2990,5000,0.2028
,CHECKPOINT BATCH 18275,12.2394,,,
,CHECKPOINT BATCH 18280,9.7880,,,
,CHECKPOINT BATCH 18285,7.6718,,,
09:58:19,18290,11.5597,0.1005,5000,0.2025
,CHECKPOINT BATCH 18290,11.5597,,,
,CHECKPOINT BATCH 18295,10.7099,,,
,CHECKPOINT BATCH 18300,11.8093,,,
,CHECKPOINT BATCH 18305,12.4739,,,
09:58:21,18309,12.8866,0.1550,5000,0.2023
,CHECKPOINT BATCH 18310,10.6672,,,
,CHECKPOINT BATCH 18315,13.2781,,,
,CHECKPOINT BATCH 18320,11.3660,,,
,CHECKPOINT BATCH 18325,11.9567,,,
09:58:23,18328,15.6035,0.2230,5000,0.2020
,CHECKPOINT BATCH 18330,11.7592,,,
,CHECKPOINT BATCH 18335,7.7198,,,
,CHECKPOINT BATCH 18340,13.8741,,,
,CHECKPOINT BATCH 18345,8.4537,,,
09:58:26,18347,10.8799,0.2320,5000,0.2017
,CHECKPOINT BATCH 18350,20.6172,,,
,CHECKPOINT BATCH 18355,16.1383,,,
,CHECKPOINT BATCH 18360,8.0573,,,
,CHECKPOINT BATCH 18365,15.4952,,,
09:58:28,18366,11.2225,0.0395,5000,0.2014
,CHECKPOINT BATCH 18370,11.0505,,,
,CHECKPOINT BATCH 18375,10.6847,,,
,CHECKPOINT BATCH 18380,13.6932,,,
09:58:30,18385,15.0473,0.0385,5000,0.2011
,CHECKPOINT BATCH 18385,15.0473,,,
,CHECKPOINT BATCH 18390,13.7833,,,
,CHECKPOINT BATCH 18395,9.3696,,,
,CHECKPOINT BATCH 18400,14.0685,,,
09:58:32,18404,11.5294,0.1420,5000,0.2008
,CHECKPOINT BATCH 18405,12.7785,,,
,CHECKPOINT BATCH 18410,15.1761,,,
,CHECKPOINT BATCH 18415,8.7814,,,
,CHECKPOINT BATCH 18420,11.4174,,,
09:58:34,18423,10.2256,0.0920,5000,0.2005
,CHECKPOINT BATCH 18425,8.3705,,,
,CHECKPOINT BATCH 18430,12.7418,,,
,CHECKPOINT BATCH 18435,9.9449,,,
,CHECKPOINT BATCH 18440,7.0577,,,
09:58:38,18441,7.2918,0.0955,5000,0.2003
,CHECKPOINT BATCH 18445,11.7428,,,
,CHECKPOINT BATCH 18450,10.7140,,,
,CHECKPOINT BATCH 18455,13.6437,,,
09:58:40,18460,8.5246,0.6420,5000,0.2000
,CHECKPOINT BATCH 18460,8.5246,,,
,CHECKPOINT BATCH 18465,11.1062,,,
,CHECKPOINT BATCH 18470,7.1478,,,
,CHECKPOINT BATCH 18475,9.7993,,,
09:58:42,18479,15.0083,2.5470,5000,0.1997
,CHECKPOINT BATCH 18480,13.1360,,,
,CHECKPOINT BATCH 18485,11.5646,,,
09:58:46,18488,12.5070,4.0815,5000,0.1996
,CHECKPOINT BATCH 18490,16.4566,,,
,CHECKPOINT BATCH 18495,12.5973,,,
,CHECKPOINT BATCH 18500,9.3525,,,
,CHECKPOINT BATCH 18505,11.4902,,,
09:58:48,18507,12.0799,3.9310,5000,0.1993
,CHECKPOINT BATCH 18510,6.7667,,,
,CHECKPOINT BATCH 18515,10.8095,,,
,CHECKPOINT BATCH 18520,12.4315,,,
,CHECKPOINT BATCH 18525,15.6383,,,
09:58:50,18526,14.7486,4.8870,5000,0.1990
,CHECKPOINT BATCH 18530,10.5607,,,
,CHECKPOINT BATCH 18535,9.8664,,,
,CHECKPOINT BATCH 18540,10.8401,,,
09:58:52,18545,9.6480,6.0530,5000,0.1987
,CHECKPOINT BATCH 18545,9.6480,,,
,CHECKPOINT BATCH 18550,15.7430,,,
,CHECKPOINT BATCH 18555,15.0729,,,
,CHECKPOINT BATCH 18560,14.7163,,,
09:58:54,18564,9.8364,5.5065,5000,0.1984
,CHECKPOINT BATCH 18565,8.5443,,,
,CHECKPOINT BATCH 18570,10.7349,,,
,CHECKPOINT BATCH 18575,12.7654,,,
,CHECKPOINT BATCH 18580,9.1520,,,
09:58:56,18582,6.4820,3.0040,5000,0.1982
,CHECKPOINT BATCH 18585,12.0687,,,
,CHECKPOINT BATCH 18590,8.0717,,,
,CHECKPOINT BATCH 18595,9.6255,,,
,CHECKPOINT BATCH 18600,14.1851,,,
09:58:58,18601,10.9522,2.2350,5000,0.1979
,CHECKPOINT BATCH 18605,12.4943,,,
,CHECKPOINT BATCH 18610,12.7311,,,
,CHECKPOINT BATCH 18615,15.7808,,,
09:59:00,18620,10.3239,1.8910,5000,0.1976
,CHECKPOINT BATCH 18620,10.3239,,,
,CHECKPOINT BATCH 18625,11.7673,,,
,CHECKPOINT BATCH 18630,11.8140,,,
,CHECKPOINT BATCH 18635,8.3153,,,
09:59:02,18639,11.7830,-0.0975,5000,0.1973
,CHECKPOINT BATCH 18640,10.7537,,,
,CHECKPOINT BATCH 18645,13.5134,,,
,CHECKPOINT BATCH 18650,10.3953,,,
,CHECKPOINT BATCH 18655,15.5053,,,
09:59:04,18658,13.6794,1.1155,5000,0.1970
,CHECKPOINT BATCH 18660,12.4291,,,
,CHECKPOINT BATCH 18665,10.9215,,,
,CHECKPOINT BATCH 18670,14.7444,,,
09:59:08,18671,10.4533,2.7790,5000,0.1968
,CHECKPOINT BATCH 18675,14.4492,,,
,CHECKPOINT BATCH 18680,10.2745,,,
09:59:12,18684,12.8938,5.2020,5000,0.1967
,CHECKPOINT BATCH 18685,12.3662,,,
,CHECKPOINT BATCH 18690,9.1118,,,
,CHECKPOINT BATCH 18695,9.7733,,,
,CHECKPOINT BATCH 18700,9.7827,,,
09:59:14,18703,8.4593,8.2465,5000,0.1964
,CHECKPOINT BATCH 18705,11.7739,,,
,CHECKPOINT BATCH 18710,11.7078,,,
,CHECKPOINT BATCH 18715,10.8388,,,
,CHECKPOINT BATCH 18720,10.7542,,,
09:59:16,18722,9.8019,10.8720,5000,0.1961
,CHECKPOINT BATCH 18725,14.1303,,,
09:59:19,18727,7.1155,11.7875,5000,0.1960
,CHECKPOINT BATCH 18730,10.0714,,,
,CHECKPOINT BATCH 18735,7.7284,,,
,CHECKPOINT BATCH 18740,9.6352,,,
,CHECKPOINT BATCH 18745,17.0874,,,
09:59:21,18746,15.2736,11.8280,5000,0.1957
,CHECKPOINT BATCH 18750,15.9733,,,
,CHECKPOINT BATCH 18755,11.0536,,,
,CHECKPOINT BATCH 18760,11.1751,,,
09:59:23,18765,10.1248,10.3780,5000,0.1955
,CHECKPOINT BATCH 18765,10.1248,,,
,CHECKPOINT BATCH 18770,15.1767,,,
,CHECKPOINT BATCH 18775,11.1305,,,
09:59:27,18777,11.3443,9.1685,5000,0.1953
,CHECKPOINT BATCH 18780,12.8489,,,
,CHECKPOINT BATCH 18785,7.3441,,,
,CHECKPOINT BATCH 18790,10.2943,,,
,CHECKPOINT BATCH 18795,10.9775,,,
09:59:29,18796,9.8802,9.2115,5000,0.1950
,CHECKPOINT BATCH 18800,12.3426,,,
,CHECKPOINT BATCH 18805,15.1009,,,
,CHECKPOINT BATCH 18810,10.5977,,,
09:59:33,18814,7.1554,9.4105,5000,0.1948
,CHECKPOINT BATCH 18815,10.6064,,,
,CHECKPOINT BATCH 18820,10.5096,,,
,CHECKPOINT BATCH 18825,10.8089,,,
,CHECKPOINT BATCH 18830,8.7548,,,
09:59:35,18833,15.2558,7.0945,5000,0.1945
,CHECKPOINT BATCH 18835,6.8135,,,
,CHECKPOINT BATCH 18840,13.4591,,,
,CHECKPOINT BATCH 18845,12.1149,,,
,CHECKPOINT BATCH 18850,10.2171,,,
09:59:37,18852,8.9983,7.3595,5000,0.1942
,CHECKPOINT BATCH 18855,14.1489,,,
,CHECKPOINT BATCH 18860,11.0074,,,
,CHECKPOINT BATCH 18865,8.3827,,,
,CHECKPOINT BATCH 18870,11.5513,,,
09:59:40,18871,13.8566,7.3000,5000,0.1939
,CHECKPOINT BATCH 18875,17.8730,,,
,CHECKPOINT BATCH 18880,9.9635,,,
,CHECKPOINT BATCH 18885,16.5368,,,
09:59:42,18890,11.0773,4.3940,5000,0.1937
,CHECKPOINT BATCH 18890,11.0773,,,
,CHECKPOINT BATCH 18895,12.7894,,,
,CHECKPOINT BATCH 18900,9.7509,,,
,CHECKPOINT BATCH 18905,10.5347,,,
09:59:44,18909,12.4923,0.8310,5000,0.1934
,CHECKPOINT BATCH 18910,9.6971,,,
,CHECKPOINT BATCH 18915,14.5480,,,
,CHECKPOINT BATCH 18920,15.6249,,,
,CHECKPOINT BATCH 18925,9.1196,,,
09:59:46,18928,14.9064,0.9650,5000,0.1931
,CHECKPOINT BATCH 18930,8.2748,,,
,CHECKPOINT BATCH 18935,12.6156,,,
,CHECKPOINT BATCH 18940,14.2701,,,
,CHECKPOINT BATCH 18945,12.4258,,,
09:59:48,18947,12.9333,2.3185,5000,0.1928
,CHECKPOINT BATCH 18950,16.5737,,,
,CHECKPOINT BATCH 18955,13.5435,,,
,CHECKPOINT BATCH 18960,13.4678,,,
,CHECKPOINT BATCH 18965,17.8152,,,
09:59:50,18966,14.6386,3.9835,5000,0.1926
,CHECKPOINT BATCH 18970,10.4106,,,
,CHECKPOINT BATCH 18975,12.1441,,,
,CHECKPOINT BATCH 18980,9.9501,,,
09:59:52,18985,12.4493,6.6105,5000,0.1923
,CHECKPOINT BATCH 18985,12.4493,,,
09:59:55,18990,12.9315,7.0755,5000,0.1922
,CHECKPOINT BATCH 18990,12.9315,,,
,CHECKPOINT BATCH 18995,10.0748,,,
,CHECKPOINT BATCH 19000,10.5245,,,
,CHECKPOINT BATCH 19005,12.5136,,,
09:59:57,19009,18.8548,10.1710,5000,0.1920
,CHECKPOINT BATCH 19010,11.8123,,,
,CHECKPOINT BATCH 19015,7.4694,,,
,CHECKPOINT BATCH 19020,12.3661,,,
,CHECKPOINT BATCH 19025,10.4295,,,
09:59:59,19027,11.5833,13.2420,5000,0.1917
,CHECKPOINT BATCH 19030,13.1792,,,
10:00:02,19035,11.5634,13.7125,5000,0.1916
,CHECKPOINT BATCH 19035,11.5634,,,
,CHECKPOINT BATCH 19040,12.0643,,,
,CHECKPOINT BATCH 19045,9.7011,,,
,CHECKPOINT BATCH 19050,13.1989,,,
10:00:04,19054,10.5237,15.7780,5000,0.1913
,CHECKPOINT BATCH 19055,9.5252,,,
,CHECKPOINT BATCH 19060,9.8005,,,
,CHECKPOINT BATCH 19065,11.0111,,,
,CHECKPOINT BATCH 19070,12.5840,,,
10:00:09,19072,13.2105,17.6450,5000,0.1911
,CHECKPOINT BATCH 19075,9.0416,,,
,CHECKPOINT BATCH 19080,10.4423,,,
,CHECKPOINT BATCH 19085,11.0557,,,
,CHECKPOINT BATCH 19090,8.7323,,,
10:00:11,19091,11.0264,18.6435,5000,0.1908
,CHECKPOINT BATCH 19095,8.6771,,,
,CHECKPOINT BATCH 19100,11.5812,,,
,CHECKPOINT BATCH 19105,19.1786,,,
10:00:13,19110,8.4922,18.0280,5000,0.1905
,CHECKPOINT BATCH 19110,8.4922,,,
,CHECKPOINT BATCH 19115,14.8648,,,
,CHECKPOINT BATCH 19120,17.0826,,,
,CHECKPOINT BATCH 19125,8.6163,,,
10:00:17,19126,14.4171,17.5490,5000,0.1903
,CHECKPOINT BATCH 19130,7.4325,,,
,CHECKPOINT BATCH 19135,14.5434,,,
,CHECKPOINT BATCH 19140,17.4581,,,
10:00:19,19145,11.1393,15.5285,5000,0.1900
,CHECKPOINT BATCH 19145,11.1393,,,
,CHECKPOINT BATCH 19150,12.4914,,,
,CHECKPOINT BATCH 19155,6.9855,,,
,CHECKPOINT BATCH 19160,15.6860,,,
10:00:21,19164,16.7474,14.1165,5000,0.1898
,CHECKPOINT BATCH 19165,10.4288,,,
,CHECKPOINT BATCH 19170,10.7218,,,
,CHECKPOINT BATCH 19175,10.2006,,,
,CHECKPOINT BATCH 19180,12.0133,,,
10:00:23,19183,15.1411,13.5710,5000,0.1895
,CHECKPOINT BATCH 19185,9.4986,,,
,CHECKPOINT BATCH 19190,10.0976,,,
10:00:27,19195,7.2454,12.2240,5000,0.1893
,CHECKPOINT BATCH 19195,7.2454,,,
,CHECKPOINT BATCH 19200,13.3801,,,
,CHECKPOINT BATCH 19205,14.5688,,,
,CHECKPOINT BATCH 19210,6.8749,,,
10:00:29,19214,9.7099,10.2880,5000,0.1891
,CHECKPOINT BATCH 19215,15.4870,,,
,CHECKPOINT BATCH 19220,10.1730,,,
,CHECKPOINT BATCH 19225,10.6716,,,
,CHECKPOINT BATCH 19230,14.4690,,,
10:00:31,19233,9.0401,8.4000,5000,0.1888
,CHECKPOINT BATCH 19235,10.3921,,,
,CHECKPOINT BATCH 19240,7.1597,,,
,CHECKPOINT BATCH 19245,12.4642,,,
,CHECKPOINT BATCH 19250,11.3084,,,
10:00:33,19252,13.0473,6.3800,5000,0.1886
,CHECKPOINT BATCH 19255,12.4557,,,
,CHECKPOINT BATCH 19260,6.1495,,,
,CHECKPOINT BATCH 19265,11.1485,,,
,CHECKPOINT BATCH 19270,10.2934,,,
10:00:35,19271,6.4834,5.6435,5000,0.1883
,CHECKPOINT BATCH 19275,9.0886,,,
,CHECKPOINT BATCH 19280,9.0658,,,
,CHECKPOINT BATCH 19285,8.0382,,,
10:00:37,19290,14.7280,6.2315,5000,0.1880
,CHECKPOINT BATCH 19290,14.7280,,,
,CHECKPOINT BATCH 19295,9.8743,,,
,CHECKPOINT BATCH 19300,14.7378,,,
10:00:41,19303,11.6742,7.5820,5000,0.1878
,CHECKPOINT BATCH 19305,11.3419,,,
,CHECKPOINT BATCH 19310,11.7674,,,
,CHECKPOINT BATCH 19315,11.4981,,,
,CHECKPOINT BATCH 19320,8.9292,,,
10:00:43,19322,11.6626,10.8565,5000,0.1876
,CHECKPOINT BATCH 19325,10.5120,,,
,CHECKPOINT BATCH 19330,7.8382,,,
,CHECKPOINT BATCH 19335,11.6268,,,
,CHECKPOINT BATCH 19340,7.3512,,,
10:00:45,19341,11.7991,13.3825,5000,0.1873
10:00:48,19342,10.7557,13.3780,5000,0.1873
,CHECKPOINT BATCH 19345,9.8281,,,
,CHECKPOINT BATCH 19350,17.4508,,,
,CHECKPOINT BATCH 19355,11.1646,,,
,CHECKPOINT BATCH 19360,9.7407,,,
10:00:50,19361,10.8252,13.1585,5000,0.1871
,CHECKPOINT BATCH 19365,12.0694,,,
,CHECKPOINT BATCH 19370,10.4278,,,
10:00:53,19373,12.9904,13.5745,5000,0.1869
,CHECKPOINT BATCH 19375,12.5188,,,
,CHECKPOINT BATCH 19380,17.0703,,,
,CHECKPOINT BATCH 19385,12.3345,,,
,CHECKPOINT BATCH 19390,16.0798,,,
10:00:55,19392,8.2750,10.3470,5000,0.1866
,CHECKPOINT BATCH 19395,12.0692,,,
,CHECKPOINT BATCH 19400,8.1753,,,
,CHECKPOINT BATCH 19405,11.2121,,,
,CHECKPOINT BATCH 19410,16.3682,,,
10:00:58,19411,11.3840,10.2185,5000,0.1864
,CHECKPOINT BATCH 19415,14.6687,,,
,CHECKPOINT BATCH 19420,8.9490,,,
,CHECKPOINT BATCH 19425,14.1700,,,
10:01:00,19430,8.3801,10.4085,5000,0.1861
,CHECKPOINT BATCH 19430,8.3801,,,
,CHECKPOINT BATCH 19435,10.7666,,,
,CHECKPOINT BATCH 19440,12.5852,,,
,CHECKPOINT BATCH 19445,9.5852,,,
10:01:02,19449,10.5940,11.5250,5000,0.1859
,CHECKPOINT BATCH 19450,10.7030,,,
,CHECKPOINT BATCH 19455,12.6029,,,
10:01:05,19458,13.6627,11.8160,5000,0.1857
,CHECKPOINT BATCH 19460,11.1252,,,
,CHECKPOINT BATCH 19465,11.3667,,,
,CHECKPOINT BATCH 19470,15.6432,,,
,CHECKPOINT BATCH 19475,16.5496,,,
10:01:07,19477,14.8898,10.6295,5000,0.1855
,CHECKPOINT BATCH 19480,15.5296,,,
,CHECKPOINT BATCH 19485,11.2089,,,
,CHECKPOINT BATCH 19490,20.6001,,,
,CHECKPOINT BATCH 19495,16.0643,,,
10:01:09,19496,14.1304,13.3410,5000,0.1852
,CHECKPOINT BATCH 19500,12.2959,,,
,CHECKPOINT BATCH 19505,14.6265,,,
,CHECKPOINT BATCH 19510,16.0580,,,
10:01:11,19515,12.4767,12.6145,5000,0.1850
,CHECKPOINT BATCH 19515,12.4767,,,
,CHECKPOINT BATCH 19520,14.4257,,,
,CHECKPOINT BATCH 19525,13.6973,,,
10:01:15,19527,12.1259,12.2855,5000,0.1848
,CHECKPOINT BATCH 19530,15.8617,,,
,CHECKPOINT BATCH 19535,13.2674,,,
,CHECKPOINT BATCH 19540,11.6707,,,
,CHECKPOINT BATCH 19545,8.3648,,,
10:01:17,19546,10.8218,11.6130,5000,0.1845
,CHECKPOINT BATCH 19550,15.2035,,,
,CHECKPOINT BATCH 19555,11.5044,,,
,CHECKPOINT BATCH 19560,9.4222,,,
10:01:19,19565,15.8462,13.2570,5000,0.1843
,CHECKPOINT BATCH 19565,15.8462,,,
,CHECKPOINT BATCH 19570,12.2471,,,
,CHECKPOINT BATCH 19575,15.3806,,,
,CHECKPOINT BATCH 19580,14.9482,,,
10:01:21,19584,11.8561,12.9450,5000,0.1840
,CHECKPOINT BATCH 19585,13.8323,,,
10:01:24,19586,13.4821,12.6395,5000,0.1840
,CHECKPOINT BATCH 19590,11.1968,,,
,CHECKPOINT BATCH 19595,14.2980,,,
,CHECKPOINT BATCH 19600,6.4725,,,
10:01:26,19605,17.2979,10.0515,5000,0.1837
,CHECKPOINT BATCH 19605,17.2979,,,
,CHECKPOINT BATCH 19610,11.4283,,,
,CHECKPOINT BATCH 19615,10.9581,,,
10:01:30,19618,17.3912,10.2805,5000,0.1836
,CHECKPOINT BATCH 19620,11.2557,,,
,CHECKPOINT BATCH 19625,12.7185,,,
,CHECKPOINT BATCH 19630,11.3129,,,
,CHECKPOINT BATCH 19635,10.9282,,,
10:01:32,19637,17.8821,8.4715,5000,0.1833
,CHECKPOINT BATCH 19640,10.9248,,,
,CHECKPOINT BATCH 19645,12.3282,,,
,CHECKPOINT BATCH 19650,10.5925,,,
,CHECKPOINT BATCH 19655,15.2955,,,
10:01:34,19656,11.4499,8.1825,5000,0.1831
,CHECKPOINT BATCH 19660,11.1293,,,
,CHECKPOINT BATCH 19665,11.6050,,,
,CHECKPOINT BATCH 19670,7.1175,,,
10:01:36,19675,12.1136,6.9505,5000,0.1828
,CHECKPOINT BATCH 19675,12.1136,,,
,CHECKPOINT BATCH 19680,9.2616,,,
,CHECKPOINT BATCH 19685,12.8010,,,
,CHECKPOINT BATCH 19690,10.1431,,,
10:01:38,19694,14.4958,9.4160,5000,0.1826
,CHECKPOINT BATCH 19695,10.1970,,,
,CHECKPOINT BATCH 19700,7.8686,,,
,CHECKPOINT BATCH 19705,9.5962,,,
,CHECKPOINT BATCH 19710,20.1342,,,
10:01:40,19713,12.3567,10.4870,5000,0.1823
,CHECKPOINT BATCH 19715,13.1202,,,
10:01:43,19717,11.4996,10.0410,5000,0.1823
,CHECKPOINT BATCH 19720,11.5617,,,
,CHECKPOINT BATCH 19725,8.7000,,,
,CHECKPOINT BATCH 19730,14.9247,,,
,CHECKPOINT BATCH 19735,10.8702,,,
10:01:45,19736,6.5958,12.4840,5000,0.1820
,CHECKPOINT BATCH 19740,8.4952,,,
,CHECKPOINT BATCH 19745,12.6129,,,
,CHECKPOINT BATCH 19750,11.1220,,,
10:01:47,19755,10.0590,11.5625,5000,0.1818
,CHECKPOINT BATCH 19755,10.0590,,,
,CHECKPOINT BATCH 19760,9.0427,,,
,CHECKPOINT BATCH 19765,10.7275,,,
,CHECKPOINT BATCH 19770,10.0037,,,
10:01:49,19774,9.5738,10.2045,5000,0.1815
,CHECKPOINT BATCH 19775,8.2826,,,
,CHECKPOINT BATCH 19780,7.3752,,,
,CHECKPOINT BATCH 19785,10.4624,,,
,CHECKPOINT BATCH 19790,11.4828,,,
10:01:51,19793,13.3440,6.8160,5000,0.1813
,CHECKPOINT BATCH 19795,9.0887,,,
,CHECKPOINT BATCH 19800,14.9127,,,
,CHECKPOINT BATCH 19805,7.5566,,,
,CHECKPOINT BATCH 19810,14.0259,,,
10:01:53,19812,10.5258,4.0370,5000,0.1810
,CHECKPOINT BATCH 19815,8.8970,,,
,CHECKPOINT BATCH 19820,11.3404,,,
,CHECKPOINT BATCH 19825,12.0527,,,
,CHECKPOINT BATCH 19830,13.5541,,,
10:01:55,19831,12.7215,2.0210,5000,0.1808
,CHECKPOINT BATCH 19835,17.9260,,,
,CHECKPOINT BATCH 19840,9.4540,,,
,CHECKPOINT BATCH 19845,8.7060,,,
10:01:57,19850,9.5200,0.0580,5000,0.1805
,CHECKPOINT BATCH 19850,9.5200,,,
,CHECKPOINT BATCH 19855,14.1889,,,
,CHECKPOINT BATCH 19860,7.8357,,,
10:02:01,19861,8.7576,0.0585,5000,0.1804
,CHECKPOINT BATCH 19865,10.7610,,,
,CHECKPOINT BATCH 19870,9.8360,,,
,CHECKPOINT BATCH 19875,13.2390,,,
10:02:03,19880,13.0791,0.7085,5000,0.1801
,CHECKPOINT BATCH 19880,13.0791,,,
,CHECKPOINT BATCH 19885,12.5431,,,
,CHECKPOINT BATCH 19890,12.8628,,,
,CHECKPOINT BATCH 19895,17.8364,,,
10:02:05,19899,13.2116,4.8720,5000,0.1799
,CHECKPOINT BATCH 19900,9.4642,,,
,CHECKPOINT BATCH 19905,10.3748,,,
,CHECKPOINT BATCH 19910,9.7499,,,
10:02:09,19914,13.1148,7.6370,5000,0.1797
,CHECKPOINT BATCH 19915,9.4886,,,
,CHECKPOINT BATCH 19920,13.7586,,,
,CHECKPOINT BATCH 19925,9.9928,,,
,CHECKPOINT BATCH 19930,6.6996,,,
10:02:11,19932,11.9009,10.8185,5000,0.1794
,CHECKPOINT BATCH 19935,13.0801,,,
,CHECKPOINT BATCH 19940,9.9996,,,
,CHECKPOINT BATCH 19945,13.2860,,,
10:02:15,19946,13.0265,13.4575,5000,0.1793
,CHECKPOINT BATCH 19950,11.3660,,,
,CHECKPOINT BATCH 19955,9.4242,,,
,CHECKPOINT BATCH 19960,8.4418,,,
10:02:17,19965,10.1911,15.2120,5000,0.1790
,CHECKPOINT BATCH 19965,10.1911,,,
,CHECKPOINT BATCH 19970,10.9269,,,
,CHECKPOINT BATCH 19975,13.7607,,,
,CHECKPOINT BATCH 19980,11.2431,,,
10:02:19,19984,12.3420,16.8320,5000,0.1788
,CHECKPOINT BATCH 19985,10.4172,,,
,CHECKPOINT BATCH 19990,9.4368,,,
,CHECKPOINT BATCH 19995,10.9458,,,
10:02:23,19998,10.0438,14.6795,5000,0.1786
,CHECKPOINT BATCH 20000,13.7998,,,
,CHECKPOINT BATCH 20005,9.1824,,,
,CHECKPOINT BATCH 20010,11.5673,,,
,CHECKPOINT BATCH 20015,15.5043,,,
10:02:25,20017,13.6031,12.0760,5000,0.1784
,CHECKPOINT BATCH 20020,11.7261,,,
,CHECKPOINT BATCH 20025,11.0441,,,
,CHECKPOINT BATCH 20030,9.0942,,,
,CHECKPOINT BATCH 20035,22.4730,,,
10:02:27,20036,10.2843,11.9200,5000,0.1781
,CHECKPOINT BATCH 20040,11.6994,,,
10:02:30,20041,9.5889,11.2840,5000,0.1780
,CHECKPOINT BATCH 20045,9.2943,,,
,CHECKPOINT BATCH 20050,15.5728,,,
,CHECKPOINT BATCH 20055,13.4270,,,
10:02:32,20060,7.7532,12.4985,5000,0.1778
,CHECKPOINT BATCH 20060,7.7532,,,
,CHECKPOINT BATCH 20065,15.2451,,,
,CHECKPOINT BATCH 20070,9.4411,,,
,CHECKPOINT BATCH 20075,6.9622,,,
10:02:34,20078,9.7143,13.3025,5000,0.1776
,CHECKPOINT BATCH 20080,16.0569,,,
,CHECKPOINT BATCH 20085,8.8135,,,
10:02:37,20086,15.0416,13.1435,5000,0.1775
,CHECKPOINT BATCH 20090,9.6027,,,
,CHECKPOINT BATCH 20095,12.3208,,,
10:02:41,20097,7.7293,13.2840,5000,0.1773
,CHECKPOINT BATCH 20100,9.4387,,,
,CHECKPOINT BATCH 20105,10.1648,,,
,CHECKPOINT BATCH 20110,9.8646,,,
,CHECKPOINT BATCH 20115,11.6918,,,
10:02:43,20116,8.4472,12.9695,5000,0.1771
,CHECKPOINT BATCH 20120,15.6087,,,
,CHECKPOINT BATCH 20125,10.6796,,,
10:02:47,20128,12.8171,13.1175,5000,0.1769
,CHECKPOINT BATCH 20130,10.5331,,,
,CHECKPOINT BATCH 20135,10.1619,,,
,CHECKPOINT BATCH 20140,12.1604,,,
,CHECKPOINT BATCH 20145,7.6422,,,
10:02:49,20147,10.4007,12.9380,5000,0.1767
,CHECKPOINT BATCH 20150,9.6957,,,
,CHECKPOINT BATCH 20155,6.6863,,,
,CHECKPOINT BATCH 20160,8.9492,,,
,CHECKPOINT BATCH 20165,8.9366,,,
10:02:51,20166,8.2452,10.7430,5000,0.1765
,CHECKPOINT BATCH 20170,11.3666,,,
,CHECKPOINT BATCH 20175,9.6263,,,
,CHECKPOINT BATCH 20180,10.3958,,,
10:02:53,20185,9.0457,9.4655,5000,0.1762
,CHECKPOINT BATCH 20185,9.0457,,,
,CHECKPOINT BATCH 20190,19.7047,,,
,CHECKPOINT BATCH 20195,10.9215,,,
10:02:57,20196,13.8636,9.0135,5000,0.1761
,CHECKPOINT BATCH 20200,6.8983,,,
,CHECKPOINT BATCH 20205,12.7543,,,
,CHECKPOINT BATCH 20210,15.9869,,,
10:02:59,20215,12.3926,11.1470,5000,0.1758
,CHECKPOINT BATCH 20215,12.3926,,,
,CHECKPOINT BATCH 20220,8.7892,,,
,CHECKPOINT BATCH 20225,14.7904,,,
,CHECKPOINT BATCH 20230,18.3071,,,
10:03:01,20234,18.2173,7.8160,5000,0.1756
,CHECKPOINT BATCH 20235,15.1179,,,
,CHECKPOINT BATCH 20240,9.9728,,,
,CHECKPOINT BATCH 20245,15.1107,,,
,CHECKPOINT BATCH 20250,11.7148,,,
10:03:03,20253,10.9504,5.8320,5000,0.1754
,CHECKPOINT BATCH 20255,26.6509,,,
,CHECKPOINT BATCH 20260,14.0306,,,
,CHECKPOINT BATCH 20265,11.8185,,,
,CHECKPOINT BATCH 20270,12.1187,,,
10:03:05,20271,7.8690,5.8490,5000,0.1751
,CHECKPOINT BATCH 20275,13.6003,,,
,CHECKPOINT BATCH 20280,14.6355,,,
,CHECKPOINT BATCH 20285,11.4756,,,
10:03:07,20290,7.9757,6.4820,5000,0.1749
,CHECKPOINT BATCH 20290,7.9757,,,
,CHECKPOINT BATCH 20295,16.6849,,,
10:03:10,20296,10.3839,6.1790,5000,0.1748
,CHECKPOINT BATCH 20300,11.4915,,,
,CHECKPOINT BATCH 20305,15.9067,,,
,CHECKPOINT BATCH 20310,15.2185,,,
10:03:12,20315,11.6944,5.2745,5000,0.1746
,CHECKPOINT BATCH 20315,11.6944,,,
,CHECKPOINT BATCH 20320,9.6087,,,
,CHECKPOINT BATCH 20325,10.9955,,,
,CHECKPOINT BATCH 20330,11.9524,,,
10:03:14,20334,13.5203,8.6440,5000,0.1743
,CHECKPOINT BATCH 20335,13.5853,,,
,CHECKPOINT BATCH 20340,23.0734,,,
,CHECKPOINT BATCH 20345,9.1407,,,
10:03:18,20350,12.9544,10.8110,5000,0.1741
,CHECKPOINT BATCH 20350,12.9544,,,
,CHECKPOINT BATCH 20355,10.7809,,,
,CHECKPOINT BATCH 20360,10.7625,,,
,CHECKPOINT BATCH 20365,15.6891,,,
10:03:20,20369,10.6082,14.0385,5000,0.1739
,CHECKPOINT BATCH 20370,14.2466,,,
,CHECKPOINT BATCH 20375,13.6948,,,
,CHECKPOINT BATCH 20380,9.6203,,,
,CHECKPOINT BATCH 20385,15.4788,,,
10:03:25,20387,13.9509,13.5995,5000,0.1737
,CHECKPOINT BATCH 20390,9.0141,,,
,CHECKPOINT BATCH 20395,14.6103,,,
,CHECKPOINT BATCH 20400,8.6148,,,
,CHECKPOINT BATCH 20405,15.0043,,,
10:03:27,20406,14.5072,13.9815,5000,0.1735
,CHECKPOINT BATCH 20410,9.8135,,,
,CHECKPOINT BATCH 20415,10.0952,,,
,CHECKPOINT BATCH 20420,6.3529,,,
10:03:29,20425,13.1227,14.1725,5000,0.1732
,CHECKPOINT BATCH 20425,13.1227,,,
,CHECKPOINT BATCH 20430,16.8131,,,
,CHECKPOINT BATCH 20435,7.9307,,,
,CHECKPOINT BATCH 20440,16.9760,,,
10:03:31,20444,16.2976,14.0135,5000,0.1730
,CHECKPOINT BATCH 20445,10.9562,,,
,CHECKPOINT BATCH 20450,11.1459,,,
,CHECKPOINT BATCH 20455,12.1708,,,
10:03:35,20459,16.9082,12.3395,5000,0.1728
,CHECKPOINT BATCH 20460,9.7928,,,
,CHECKPOINT BATCH 20465,16.2109,,,
,CHECKPOINT BATCH 20470,16.0664,,,
,CHECKPOINT BATCH 20475,12.3002,,,
10:03:37,20478,13.0662,10.9445,5000,0.1726
,CHECKPOINT BATCH 20480,9.6512,,,
,CHECKPOINT BATCH 20485,8.4821,,,
,CHECKPOINT BATCH 20490,10.8286,,,
,CHECKPOINT BATCH 20495,11.5026,,,
10:03:39,20497,12.4026,13.7915,5000,0.1723
,CHECKPOINT BATCH 20500,17.3715,,,
,CHECKPOINT BATCH 20505,13.7513,,,
10:03:43,20508,17.7699,14.6820,5000,0.1722
,CHECKPOINT BATCH 20510,8.5454,,,
,CHECKPOINT BATCH 20515,17.3497,,,
,CHECKPOINT BATCH 20520,12.3135,,,
10:03:46,20521,9.2951,14.0390,5000,0.1720
,CHECKPOINT BATCH 20525,12.1609,,,
,CHECKPOINT BATCH 20530,8.7831,,,
,CHECKPOINT BATCH 20535,10.2190,,,
10:03:48,20540,7.8306,11.5795,5000,0.1718
,CHECKPOINT BATCH 20540,7.8306,,,
,CHECKPOINT BATCH 20545,10.6924,,,
,CHECKPOINT BATCH 20550,15.5964,,,
,CHECKPOINT BATCH 20555,15.4329,,,
10:03:51,20559,15.9933,13.4460,5000,0.1716
,CHECKPOINT BATCH 20560,7.3825,,,
,CHECKPOINT BATCH 20565,18.1575,,,
,CHECKPOINT BATCH 20570,10.5957,,,
,CHECKPOINT BATCH 20575,15.4359,,,
10:03:53,20578,12.7859,14.2130,5000,0.1713
,CHECKPOINT BATCH 20580,7.6291,,,
,CHECKPOINT BATCH 20585,15.0529,,,
,CHECKPOINT BATCH 20590,12.0258,,,
,CHECKPOINT BATCH 20595,13.7390,,,
10:03:55,20597,10.5595,13.3540,5000,0.1711
,CHECKPOINT BATCH 20600,12.5729,,,
,CHECKPOINT BATCH 20605,14.0530,,,
,CHECKPOINT BATCH 20610,11.8595,,,
,CHECKPOINT BATCH 20615,10.8733,,,
10:03:57,20616,12.1814,12.1510,5000,0.1709
,CHECKPOINT BATCH 20620,11.7322,,,
,CHECKPOINT BATCH 20625,14.8050,,,
10:04:00,20627,10.2020,12.4565,5000,0.1708
,CHECKPOINT BATCH 20630,15.5480,,,
,CHECKPOINT BATCH 20635,11.0059,,,
,CHECKPOINT BATCH 20640,9.2711,,,
10:04:02,20645,10.7875,12.6500,5000,0.1705
,CHECKPOINT BATCH 20645,10.7875,,,
,CHECKPOINT BATCH 20650,11.3815,,,
,CHECKPOINT BATCH 20655,15.8871,,,
,CHECKPOINT BATCH 20660,17.2439,,,
10:04:04,20664,11.0485,12.4555,5000,0.1703
,CHECKPOINT BATCH 20665,14.5412,,,
10:04:07,20670,12.5722,11.9905,5000,0.1702
,CHECKPOINT BATCH 20670,12.5722,,,
,CHECKPOINT BATCH 20675,12.4477,,,
,CHECKPOINT BATCH 20680,8.9874,,,
,CHECKPOINT BATCH 20685,11.6249,,,
10:04:10,20689,12.7314,11.8435,5000,0.1700
,CHECKPOINT BATCH 20690,10.0004,,,
,CHECKPOINT BATCH 20695,16.6325,,,
,CHECKPOINT BATCH 20700,13.8805,,,
,CHECKPOINT BATCH 20705,13.7732,,,
10:04:12,20708,12.3067,11.9655,5000,0.1698
,CHECKPOINT BATCH 20710,9.5218,,,
,CHECKPOINT BATCH 20715,12.3119,,,
,CHECKPOINT BATCH 20720,16.0520,,,
,CHECKPOINT BATCH 20725,12.5396,,,
10:04:14,20727,8.1165,13.0580,5000,0.1696
,CHECKPOINT BATCH 20730,13.9750,,,
10:04:17,20732,16.5025,13.3385,5000,0.1695
,CHECKPOINT BATCH 20735,12.4626,,,
,CHECKPOINT BATCH 20740,13.1723,,,
,CHECKPOINT BATCH 20745,13.7753,,,
,CHECKPOINT BATCH 20750,10.7465,,,
10:04:19,20751,10.7103,13.6240,5000,0.1693
,CHECKPOINT BATCH 20755,15.0349,,,
,CHECKPOINT BATCH 20760,14.3946,,,
,CHECKPOINT BATCH 20765,11.0738,,,
10:04:21,20770,21.4784,13.4980,5000,0.1690
,CHECKPOINT BATCH 20770,21.4784,,,
,CHECKPOINT BATCH 20775,9.8782,,,
,CHECKPOINT BATCH 20780,9.1130,,,
,CHECKPOINT BATCH 20785,15.5152,,,
10:04:23,20789,6.9875,14.0905,5000,0.1688
,CHECKPOINT BATCH 20790,13.1085,,,
10:04:26,20794,11.9472,13.8005,5000,0.1688
,CHECKPOINT BATCH 20795,14.7621,,,
,CHECKPOINT BATCH 20800,12.1469,,,
,CHECKPOINT BATCH 20805,11.7826,,,
,CHECKPOINT BATCH 20810,13.5569,,,
10:04:28,20813,14.6766,13.6725,5000,0.1685
,CHECKPOINT BATCH 20815,11.8989,,,
,CHECKPOINT BATCH 20820,9.8074,,,
10:04:31,20821,16.6738,14.0895,5000,0.1684
,CHECKPOINT BATCH 20825,14.2114,,,
,CHECKPOINT BATCH 20830,12.4879,,,
,CHECKPOINT BATCH 20835,10.3867,,,
10:04:33,20840,7.9698,16.2210,5000,0.1682
,CHECKPOINT BATCH 20840,7.9698,,,
,CHECKPOINT BATCH 20845,12.3025,,,
,CHECKPOINT BATCH 20850,23.0038,,,
,CHECKPOINT BATCH 20855,13.9734,,,
10:04:38,20858,16.1717,16.2425,5000,0.1680
,CHECKPOINT BATCH 20860,13.6843,,,
,CHECKPOINT BATCH 20865,19.6308,,,
,CHECKPOINT BATCH 20870,9.1469,,,
,CHECKPOINT BATCH 20875,10.8604,,,
10:04:40,20877,13.4519,15.3690,5000,0.1678
,CHECKPOINT BATCH 20880,14.7698,,,
,CHECKPOINT BATCH 20885,12.5324,,,
,CHECKPOINT BATCH 20890,12.8372,,,
,CHECKPOINT BATCH 20895,15.6363,,,
10:04:42,20896,16.9592,16.3795,5000,0.1675
,CHECKPOINT BATCH 20900,12.2414,,,
,CHECKPOINT BATCH 20905,19.5397,,,
10:04:46,20910,14.4063,15.6015,5000,0.1674
,CHECKPOINT BATCH 20910,14.4063,,,
,CHECKPOINT BATCH 20915,11.6872,,,
,CHECKPOINT BATCH 20920,14.5364,,,
,CHECKPOINT BATCH 20925,11.0395,,,
10:04:48,20929,7.8421,14.9665,5000,0.1672
,CHECKPOINT BATCH 20930,13.2672,,,
,CHECKPOINT BATCH 20935,13.0736,,,
,CHECKPOINT BATCH 20940,10.2615,,,
,CHECKPOINT BATCH 20945,9.9573,,,
10:04:50,20948,12.0501,14.3200,5000,0.1669
,CHECKPOINT BATCH 20950,9.8650,,,
,CHECKPOINT BATCH 20955,9.9765,,,
,CHECKPOINT BATCH 20960,12.0534,,,
,CHECKPOINT BATCH 20965,9.6533,,,
10:04:52,20967,14.5533,12.7240,5000,0.1667
,CHECKPOINT BATCH 20970,9.2326,,,
,CHECKPOINT BATCH 20975,7.3902,,,
10:04:54,20976,9.8839,11.4860,5000,0.1666
,CHECKPOINT BATCH 20980,16.1575,,,
,CHECKPOINT BATCH 20985,9.2171,,,
10:04:56,20987,16.2931,9.6755,5000,0.1665
10:04:59,20988,14.4615,10.2745,5000,0.1665
,CHECKPOINT BATCH 20990,10.8465,,,
,CHECKPOINT BATCH 20995,14.4466,,,
10:05:01,21000,15.0741,9.7615,5000,0.1663
,CHECKPOINT BATCH 21000,15.0741,,,
,CHECKPOINT BATCH 21005,10.8539,,,
,CHECKPOINT BATCH 21010,13.1107,,,
10:05:04,21013,10.3553,8.2375,5000,0.1662
,CHECKPOINT BATCH 21015,13.2660,,,
10:05:06,21018,11.8627,7.3375,5000,0.1661
,CHECKPOINT BATCH 21020,16.0804,,,
,CHECKPOINT BATCH 21025,14.3433,,,
,CHECKPOINT BATCH 21030,14.4923,,,
10:05:08,21032,15.3997,5.5950,5000,0.1660
,CHECKPOINT BATCH 21035,15.9895,,,
,CHECKPOINT BATCH 21040,13.1734,,,
,CHECKPOINT BATCH 21045,9.8447,,,
10:05:10,21047,11.7442,3.1975,5000,0.1658
,CHECKPOINT BATCH 21050,15.5870,,,
,CHECKPOINT BATCH 21055,14.0590,,,
,CHECKPOINT BATCH 21060,10.2905,,,
10:05:12,21062,11.3550,2.8165,5000,0.1656
,CHECKPOINT BATCH 21065,9.5140,,,
,CHECKPOINT BATCH 21070,9.9518,,,
,CHECKPOINT BATCH 21075,10.5354,,,
10:05:17,21076,11.6447,2.4255,5000,0.1655
,CHECKPOINT BATCH 21080,10.4150,,,
10:05:19,21081,10.4081,3.0535,5000,0.1654
,CHECKPOINT BATCH 21085,8.9538,,,
,CHECKPOINT BATCH 21090,11.5162,,,
10:05:22,21091,9.0261,3.3750,5000,0.1653
,CHECKPOINT BATCH 21095,22.4081,,,
10:05:24,21100,11.8987,4.4445,5000,0.1652
,CHECKPOINT BATCH 21100,11.8987,,,
,CHECKPOINT BATCH 21105,15.7486,,,
,CHECKPOINT BATCH 21110,12.9071,,,
10:05:28,21113,15.5468,5.8175,5000,0.1650
,CHECKPOINT BATCH 21115,13.6654,,,
,CHECKPOINT BATCH 21120,13.9960,,,
10:05:32,21121,11.6969,6.5465,5000,0.1649
,CHECKPOINT BATCH 21125,13.2927,,,
10:05:34,21128,9.8393,11.0475,5000,0.1649
10:05:37,21130,10.5592,11.0405,5000,0.1648
,CHECKPOINT BATCH 21130,10.5592,,,
,CHECKPOINT BATCH 21135,7.8478,,,
10:05:39,21136,9.4102,11.5045,5000,0.1648
,CHECKPOINT BATCH 21140,8.8429,,,
,CHECKPOINT BATCH 21145,12.1765,,,
10:05:41,21147,11.2260,13.9125,5000,0.1646
,CHECKPOINT BATCH 21150,12.0197,,,
10:05:44,21153,6.8004,16.0125,5000,0.1646
,CHECKPOINT BATCH 21155,10.0182,,,
,CHECKPOINT BATCH 21160,11.4002,,,
10:05:46,21161,8.1216,17.7930,5000,0.1645
,CHECKPOINT BATCH 21165,10.6861,,,
,CHECKPOINT BATCH 21170,10.4350,,,
10:05:48,21175,10.1633,18.5140,5000,0.1643
,CHECKPOINT BATCH 21175,10.1633,,,
,CHECKPOINT BATCH 21180,8.1035,,,
,CHECKPOINT BATCH 21185,9.1944,,,
10:05:51,21186,13.6090,16.8485,5000,0.1642
,CHECKPOINT BATCH 21190,14.4421,,,
,CHECKPOINT BATCH 21195,10.1117,,,
10:05:53,21196,12.8148,15.3755,5000,0.1641
,CHECKPOINT BATCH 21200,13.0656,,,
,CHECKPOINT BATCH 21205,10.4559,,,
10:05:56,21206,11.3259,16.4070,5000,0.1640
10:05:59,21210,12.5284,18.0645,5000,0.1639
,CHECKPOINT BATCH 21210,12.5284,,,
,CHECKPOINT BATCH 21215,18.4590,,,
,CHECKPOINT BATCH 21220,13.8594,,,
10:06:01,21222,17.6642,18.6650,5000,0.1638
,CHECKPOINT BATCH 21225,10.5115,,,
10:06:04,21230,10.4696,16.9900,5000,0.1637
,CHECKPOINT BATCH 21230,10.4696,,,
,CHECKPOINT BATCH 21235,10.9451,,,
10:06:07,21236,14.1604,17.5625,5000,0.1636
10:06:11,21240,15.1425,16.6425,5000,0.1636
,CHECKPOINT BATCH 21240,15.1425,,,
,CHECKPOINT BATCH 21245,8.6208,,,
10:06:15,21248,14.1909,17.2390,5000,0.1635
,CHECKPOINT BATCH 21250,15.3911,,,
,CHECKPOINT BATCH 21255,9.2392,,,
10:06:19,21257,8.9545,16.4595,5000,0.1634
,CHECKPOINT BATCH 21260,8.1268,,,
,CHECKPOINT BATCH 21265,10.4595,,,
10:06:21,21269,14.3727,14.9375,5000,0.1632
,CHECKPOINT BATCH 21270,11.3833,,,
,CHECKPOINT BATCH 21275,14.9776,,,
10:06:24,21278,15.0853,16.5760,5000,0.1631
,CHECKPOINT BATCH 21280,10.8853,,,
,CHECKPOINT BATCH 21285,9.4277,,,
,CHECKPOINT BATCH 21290,17.8054,,,
10:06:28,21292,12.4208,19.8585,5000,0.1630
,CHECKPOINT BATCH 21295,9.8957,,,
10:06:32,21297,11.8030,20.2955,5000,0.1629
,CHECKPOINT BATCH 21300,13.9379,,,
,CHECKPOINT BATCH 21305,16.0516,,,
,CHECKPOINT BATCH 21310,16.9166,,,
10:06:34,21311,14.6553,15.4665,5000,0.1628
10:06:37,21314,11.2828,14.7120,5000,0.1627
,CHECKPOINT BATCH 21315,15.3447,,,
,CHECKPOINT BATCH 21320,14.6452,,,
10:06:39,21324,15.1976,13.6610,5000,0.1626
,CHECKPOINT BATCH 21325,12.4683,,,
,CHECKPOINT BATCH 21330,16.6052,,,
10:06:42,21333,15.2405,14.7290,5000,0.1625
,CHECKPOINT BATCH 21335,11.1516,,,
10:06:44,21336,7.4689,15.7845,5000,0.1625
,CHECKPOINT BATCH 21340,32.8213,,,
,CHECKPOINT BATCH 21345,16.6126,,,
10:06:46,21349,14.6415,13.3675,5000,0.1623
,CHECKPOINT BATCH 21350,13.4742,,,
,CHECKPOINT BATCH 21355,10.0115,,,
10:06:48,21359,11.7520,11.8635,5000,0.1622
,CHECKPOINT BATCH 21360,9.5484,,,
,CHECKPOINT BATCH 21365,12.0970,,,
10:06:51,21368,13.4914,11.8520,5000,0.1621
,CHECKPOINT BATCH 21370,11.4858,,,
10:06:54,21374,12.8122,11.5495,5000,0.1621
,CHECKPOINT BATCH 21375,10.4630,,,
,CHECKPOINT BATCH 21380,10.1160,,,
10:06:58,21382,13.7567,11.7160,5000,0.1620
,CHECKPOINT BATCH 21385,12.1801,,,
,CHECKPOINT BATCH 21390,12.9116,,,
10:07:01,21394,12.0914,8.3790,5000,0.1618
,CHECKPOINT BATCH 21395,12.0826,,,
10:07:04,21400,9.1931,8.0835,5000,0.1618
,CHECKPOINT BATCH 21400,9.1931,,,
,CHECKPOINT BATCH 21405,10.6003,,,
10:07:07,21408,9.8455,11.1030,5000,0.1617
,CHECKPOINT BATCH 21410,19.3180,,,
10:07:10,21413,17.5009,11.7145,5000,0.1616
,CHECKPOINT BATCH 21415,19.1528,,,
,CHECKPOINT BATCH 21420,10.4465,,,
10:07:12,21422,11.3012,12.9505,5000,0.1615
,CHECKPOINT BATCH 21425,15.1355,,,
,CHECKPOINT BATCH 21430,8.7507,,,
10:07:14,21434,12.2557,9.7710,5000,0.1614
,CHECKPOINT BATCH 21435,17.0363,,,
10:07:16,21440,15.4378,10.0680,5000,0.1613
,CHECKPOINT BATCH 21440,15.4378,,,
10:07:20,21445,10.1414,11.1185,5000,0.1613
,CHECKPOINT BATCH 21445,10.1414,,,
,CHECKPOINT BATCH 21450,10.4172,,,
10:07:22,21453,9.5132,11.5865,5000,0.1612
,CHECKPOINT BATCH 21455,11.4838,,,
,CHECKPOINT BATCH 21460,14.3913,,,
,CHECKPOINT BATCH 21465,13.2839,,,
10:07:24,21467,20.7332,14.2045,5000,0.1610
,CHECKPOINT BATCH 21470,14.6239,,,
10:07:28,21474,18.0471,15.4020,5000,0.1609
,CHECKPOINT BATCH 21475,16.0021,,,
10:07:32,21478,12.0543,14.1850,5000,0.1609
,CHECKPOINT BATCH 21480,15.0304,,,
,CHECKPOINT BATCH 21485,9.3129,,,
10:07:34,21486,9.3135,16.1780,5000,0.1608
,CHECKPOINT BATCH 21490,11.7324,,,
10:07:37,21495,15.5759,19.9900,5000,0.1607
,CHECKPOINT BATCH 21495,15.5759,,,
10:07:39,21498,13.7776,20.1490,5000,0.1607
,CHECKPOINT BATCH 21500,12.3453,,,
10:07:42,21505,12.7590,20.3145,5000,0.1606
,CHECKPOINT BATCH 21505,12.7590,,,
,CHECKPOINT BATCH 21510,16.7196,,,
10:07:44,21511,13.7993,20.7660,5000,0.1605
,CHECKPOINT BATCH 21515,14.2170,,,
10:07:49,21517,10.7499,22.2455,5000,0.1605
,CHECKPOINT BATCH 21520,16.6228,,,
,CHECKPOINT BATCH 21525,8.3430,,,
10:07:51,21526,14.4635,20.2825,5000,0.1604
,CHECKPOINT BATCH 21530,9.1904,,,
,CHECKPOINT BATCH 21535,9.9221,,,
10:07:53,21537,12.9949,22.7090,5000,0.1603
,CHECKPOINT BATCH 21540,11.1472,,,
10:07:57,21541,14.7708,21.8100,5000,0.1602
,CHECKPOINT BATCH 21545,18.1536,,,
10:07:59,21547,14.8990,23.4880,5000,0.1601
,CHECKPOINT BATCH 21550,15.9834,,,
10:08:03,21554,10.8934,25.2915,5000,0.1601
,CHECKPOINT BATCH 21555,8.2846,,,
,CHECKPOINT BATCH 21560,7.9967,,,
10:08:05,21565,11.7601,24.9460,5000,0.1599
,CHECKPOINT BATCH 21565,11.7601,,,
,CHECKPOINT BATCH 21570,13.0516,,,
10:08:08,21571,9.9953,24.3435,5000,0.1599
,CHECKPOINT BATCH 21575,11.5707,,,
,CHECKPOINT BATCH 21580,13.6406,,,
10:08:11,21582,8.2756,26.7545,5000,0.1598
,CHECKPOINT BATCH 21585,12.1098,,,
10:08:14,21587,10.2347,25.8355,5000,0.1597
,CHECKPOINT BATCH 21590,10.8588,,,
,CHECKPOINT BATCH 21595,13.8940,,,
10:08:18,21597,16.4400,25.5125,5000,0.1596
,CHECKPOINT BATCH 21600,15.6362,,,
10:08:20,21605,11.6715,27.3025,5000,0.1595
,CHECKPOINT BATCH 21605,11.6715,,,
,CHECKPOINT BATCH 21610,16.3802,,,
10:08:23,21611,8.3725,27.3165,5000,0.1594
,CHECKPOINT BATCH 21615,14.4599,,,
10:08:26,21617,16.3290,28.5330,5000,0.1594
,CHECKPOINT BATCH 21620,12.0169,,,
10:08:29,21621,11.9080,28.9835,5000,0.1593
,CHECKPOINT BATCH 21625,14.2161,,,
,CHECKPOINT BATCH 21630,16.3314,,,
10:08:31,21634,9.1976,26.2495,5000,0.1592
,CHECKPOINT BATCH 21635,12.3145,,,
,CHECKPOINT BATCH 21640,9.3099,,,
,CHECKPOINT BATCH 21645,15.2015,,,
10:08:33,21650,7.5463,21.0905,5000,0.1590
,CHECKPOINT BATCH 21650,7.5463,,,
10:08:36,21654,17.3726,20.0355,5000,0.1590
,CHECKPOINT BATCH 21655,14.6401,,,
,CHECKPOINT BATCH 21660,10.9595,,,
10:08:39,21662,16.2394,22.3055,5000,0.1589
,CHECKPOINT BATCH 21665,12.3946,,,
10:08:42,21668,7.9396,23.2205,5000,0.1588
,CHECKPOINT BATCH 21670,9.5959,,,
10:08:46,21673,15.4431,23.5060,5000,0.1588
,CHECKPOINT BATCH 21675,11.7482,,,
,CHECKPOINT BATCH 21680,12.5246,,,
,CHECKPOINT BATCH 21685,10.0075,,,
10:08:48,21686,16.9621,19.4360,5000,0.1586
,CHECKPOINT BATCH 21690,12.2579,,,
,CHECKPOINT BATCH 21695,14.1941,,,
10:08:50,21698,7.5727,19.8980,5000,0.1585
10:08:53,21699,12.6906,19.4520,5000,0.1585
,CHECKPOINT BATCH 21700,18.2295,,,
,CHECKPOINT BATCH 21705,12.7747,,,
10:08:55,21706,8.6638,17.3550,5000,0.1584
,CHECKPOINT BATCH 21710,15.8542,,,
,CHECKPOINT BATCH 21715,7.0754,,,
10:08:57,21716,8.0660,16.0080,5000,0.1583
,CHECKPOINT BATCH 21720,12.5213,,,
,CHECKPOINT BATCH 21725,10.1758,,,
10:09:01,21726,9.6464,18.9125,5000,0.1582
,CHECKPOINT BATCH 21730,13.1039,,,
10:09:06,21735,9.9088,22.3925,5000,0.1581
,CHECKPOINT BATCH 21735,9.9088,,,
,CHECKPOINT BATCH 21740,14.0389,,,
10:09:08,21744,13.3111,25.2665,5000,0.1580
,CHECKPOINT BATCH 21745,12.2983,,,
,CHECKPOINT BATCH 21750,11.3636,,,
10:09:10,21753,16.3901,27.8455,5000,0.1579
,CHECKPOINT BATCH 21755,16.0308,,,
10:09:14,21760,19.0403,27.0730,5000,0.1578
,CHECKPOINT BATCH 21760,19.0403,,,
,CHECKPOINT BATCH 21765,12.8459,,,
10:09:18,21768,9.6943,25.2510,5000,0.1577
,CHECKPOINT BATCH 21770,8.4789,,,
,CHECKPOINT BATCH 21775,12.1217,,,
,CHECKPOINT BATCH 21780,13.9072,,,
10:09:20,21781,9.7151,24.3515,5000,0.1576
,CHECKPOINT BATCH 21785,9.7150,,,
10:09:24,21788,20.0924,23.2795,5000,0.1575
,CHECKPOINT BATCH 21790,13.9668,,,
,CHECKPOINT BATCH 21795,22.4023,,,
10:09:26,21799,22.5886,19.6365,5000,0.1574
,CHECKPOINT BATCH 21800,8.2376,,,
10:09:28,21805,13.6157,19.1615,5000,0.1573
,CHECKPOINT BATCH 21805,13.6157,,,
,CHECKPOINT BATCH 21810,11.4327,,,
,CHECKPOINT BATCH 21815,18.3596,,,
10:09:31,21819,15.3280,19.2785,5000,0.1572
,CHECKPOINT BATCH 21820,11.3879,,,
10:09:34,21825,15.6267,17.7665,5000,0.1571
,CHECKPOINT BATCH 21825,15.6267,,,
,CHECKPOINT BATCH 21830,12.0416,,,
10:09:37,21833,24.6883,15.8165,5000,0.1570
,CHECKPOINT BATCH 21835,12.2905,,,
10:09:40,21840,16.5631,16.2650,5000,0.1570
,CHECKPOINT BATCH 21840,16.5631,,,
10:09:43,21843,11.2620,15.8165,5000,0.1569
,CHECKPOINT BATCH 21845,11.8405,,,
10:09:46,21850,14.2190,17.3315,5000,0.1569
,CHECKPOINT BATCH 21850,14.2190,,,
10:09:49,21854,18.2145,17.6405,5000,0.1568
,CHECKPOINT BATCH 21855,16.0872,,,
,CHECKPOINT BATCH 21860,12.0837,,,
10:09:51,21863,9.3670,17.6875,5000,0.1567
,CHECKPOINT BATCH 21865,11.1492,,,
10:09:53,21870,15.2620,20.1225,5000,0.1566
,CHECKPOINT BATCH 21870,15.2620,,,
10:09:56,21871,11.5069,20.8735,5000,0.1566
,CHECKPOINT BATCH 21875,17.3170,,,
10:09:58,21880,11.0897,23.1300,5000,0.1565
,CHECKPOINT BATCH 21880,11.0897,,,
10:10:02,21885,19.2403,25.8425,5000,0.1565
,CHECKPOINT BATCH 21885,19.2403,,,
10:10:05,21888,9.4498,27.1935,5000,0.1564
,CHECKPOINT BATCH 21890,19.0239,,,
10:10:09,21892,12.3394,28.6945,5000,0.1564
,CHECKPOINT BATCH 21895,9.0582,,,
,CHECKPOINT BATCH 21900,10.4671,,,
10:10:11,21901,9.0756,31.5460,5000,0.1563
10:10:14,21905,15.7725,32.3045,5000,0.1563
,CHECKPOINT BATCH 21905,15.7725,,,
,CHECKPOINT BATCH 21910,17.6103,,,
10:10:17,21912,11.6395,32.9075,5000,0.1562
,CHECKPOINT BATCH 21915,28.7634,,,
10:10:20,21918,21.4978,32.3205,5000,0.1561
,CHECKPOINT BATCH 21920,7.8016,,,
,CHECKPOINT BATCH 21925,8.7036,,,
10:10:22,21926,12.4232,34.4180,5000,0.1560
,CHECKPOINT BATCH 21930,7.9910,,,
10:10:25,21933,14.2842,34.4200,5000,0.1560
,CHECKPOINT BATCH 21935,11.1681,,,
,CHECKPOINT BATCH 21940,14.1384,,,
10:10:28,21945,16.0969,32.1535,5000,0.1558
,CHECKPOINT BATCH 21945,16.0969,,,
,CHECKPOINT BATCH 21950,18.8268,,,
10:10:30,21954,16.0775,29.4380,5000,0.1557
,CHECKPOINT BATCH 21955,31.8268,,,
10:10:33,21956,21.3624,30.6300,5000,0.1557
10:10:36,21958,18.5631,31.0695,5000,0.1557
,CHECKPOINT BATCH 21960,14.9446,,,
,CHECKPOINT BATCH 21965,11.6845,,,
10:10:38,21970,17.2367,28.4625,5000,0.1556
,CHECKPOINT BATCH 21970,17.2367,,,
10:10:41,21974,14.8383,27.4155,5000,0.1555
,CHECKPOINT BATCH 21975,10.7658,,,
,CHECKPOINT BATCH 21980,10.2242,,,
10:10:44,21981,11.1063,27.8830,5000,0.1555
10:10:47,21984,18.1733,28.1770,5000,0.1554
,CHECKPOINT BATCH 21985,10.6709,,,
,CHECKPOINT BATCH 21990,21.6941,,,
10:10:49,21993,15.6528,27.7600,5000,0.1553
10:10:52,21995,21.9174,27.3085,5000,0.1553
,CHECKPOINT BATCH 21995,21.9174,,,
,CHECKPOINT BATCH 22000,14.3182,,,
10:10:54,22005,18.1539,26.2640,5000,0.1552
,CHECKPOINT BATCH 22005,18.1539,,,
,CHECKPOINT BATCH 22010,16.0186,,,
10:10:56,22011,12.8078,27.1640,5000,0.1551
,CHECKPOINT BATCH 22015,18.3674,,,
10:10:59,22019,19.0559,26.6950,5000,0.1551
,CHECKPOINT BATCH 22020,20.7072,,,
,CHECKPOINT BATCH 22025,12.8735,,,
,CHECKPOINT BATCH 22030,14.6714,,,
10:11:01,22032,13.1272,21.5700,5000,0.1549
,CHECKPOINT BATCH 22035,16.7277,,,
,CHECKPOINT BATCH 22040,13.2486,,,
10:11:03,22041,12.8573,20.0940,5000,0.1548
,CHECKPOINT BATCH 22045,19.9145,,,
10:11:06,22050,12.1381,19.9180,5000,0.1547
,CHECKPOINT BATCH 22050,12.1381,,,
,CHECKPOINT BATCH 22055,23.1325,,,
10:11:09,22059,10.1717,18.1360,5000,0.1546
,CHECKPOINT BATCH 22060,18.9835,,,
,CHECKPOINT BATCH 22065,13.0814,,,
10:11:11,22067,12.0885,17.2700,5000,0.1546
,CHECKPOINT BATCH 22070,20.8831,,,
10:11:15,22073,17.3596,16.9790,5000,0.1545
,CHECKPOINT BATCH 22075,12.5129,,,
,CHECKPOINT BATCH 22080,21.9304,,,
10:11:17,22083,19.8288,14.1000,5000,0.1544
,CHECKPOINT BATCH 22085,16.8884,,,
10:11:19,22088,24.5463,11.3905,5000,0.1543
,CHECKPOINT BATCH 22090,14.1472,,,
,CHECKPOINT BATCH 22095,12.6625,,,
10:11:22,22100,17.2136,12.1385,5000,0.1542
,CHECKPOINT BATCH 22100,17.2136,,,
,CHECKPOINT BATCH 22105,19.0350,,,
10:11:24,22109,16.4762,10.6340,5000,0.1541
,CHECKPOINT BATCH 22110,17.7919,,,
10:11:27,22113,14.6565,9.4360,5000,0.1541
,CHECKPOINT BATCH 22115,24.2579,,,
,CHECKPOINT BATCH 22120,17.2096,,,
10:11:29,22121,12.9314,12.1625,5000,0.1540
,CHECKPOINT BATCH 22125,18.4346,,,
10:11:32,22128,22.5294,13.0705,5000,0.1539
,CHECKPOINT BATCH 22130,12.4654,,,
,CHECKPOINT BATCH 22135,23.0778,,,
10:11:35,22137,13.1100,16.6670,5000,0.1538
10:11:38,22139,14.2884,16.6600,5000,0.1538
,CHECKPOINT BATCH 22140,20.7074,,,
,CHECKPOINT BATCH 22145,25.1787,,,
10:11:40,22147,10.9748,17.5935,5000,0.1537
,CHECKPOINT BATCH 22150,21.4424,,,
10:11:42,22155,13.3258,19.8665,5000,0.1536
,CHECKPOINT BATCH 22155,13.3258,,,
,CHECKPOINT BATCH 22160,12.6269,,,
10:11:44,22165,15.8373,21.3475,5000,0.1535
,CHECKPOINT BATCH 22165,15.8373,,,
,CHECKPOINT BATCH 22170,23.0345,,,
,CHECKPOINT BATCH 22175,14.6722,,,
10:11:47,22180,15.9477,20.7660,5000,0.1534
,CHECKPOINT BATCH 22180,15.9477,,,
,CHECKPOINT BATCH 22185,26.8347,,,
,CHECKPOINT BATCH 22190,17.7257,,,
10:11:49,22194,17.3965,19.8525,5000,0.1532
,CHECKPOINT BATCH 22195,20.0459,,,
,CHECKPOINT BATCH 22200,16.0634,,,
,CHECKPOINT BATCH 22205,17.1001,,,
10:11:51,22207,12.1079,15.3595,5000,0.1531
,CHECKPOINT BATCH 22210,22.1092,,,
,CHECKPOINT BATCH 22215,18.7529,,,
,CHECKPOINT BATCH 22220,15.2111,,,
10:11:53,22221,12.9412,11.7550,5000,0.1530
,CHECKPOINT BATCH 22225,17.7819,,,
,CHECKPOINT BATCH 22230,23.4164,,,
10:11:55,22234,18.8504,8.4225,5000,0.1528
,CHECKPOINT BATCH 22235,15.1109,,,
,CHECKPOINT BATCH 22240,15.6099,,,
10:11:58,22241,11.6357,7.1975,5000,0.1528
,CHECKPOINT BATCH 22245,15.7845,,,
,CHECKPOINT BATCH 22250,25.3056,,,
10:12:00,22252,15.1187,4.3150,5000,0.1526
,CHECKPOINT BATCH 22255,22.0477,,,
,CHECKPOINT BATCH 22260,15.5239,,,
10:12:02,22263,17.7407,3.8730,5000,0.1525
10:12:05,22265,21.6531,4.6255,5000,0.1525
,CHECKPOINT BATCH 22265,21.6531,,,
,CHECKPOINT BATCH 22270,13.4570,,,
10:12:07,22272,24.8848,7.0185,5000,0.1524
,CHECKPOINT BATCH 22275,24.6970,,,
,CHECKPOINT BATCH 22280,20.0988,,,
10:12:11,22281,21.3687,7.6070,5000,0.1523
,CHECKPOINT BATCH 22285,12.4765,,,
,CHECKPOINT BATCH 22290,18.8668,,,
10:12:14,22293,27.4054,8.0795,5000,0.1522
,CHECKPOINT BATCH 22295,12.1609,,,
10:12:16,22300,10.0142,9.2670,5000,0.1522
,CHECKPOINT BATCH 22300,10.0142,,,
,CHECKPOINT BATCH 22305,17.8838,,,
10:12:18,22307,11.7814,9.2475,5000,0.1521
,CHECKPOINT BATCH 22310,27.5925,,,
,CHECKPOINT BATCH 22315,18.2146,,,
10:12:21,22318,14.6909,9.2185,5000,0.1520
,CHECKPOINT BATCH 22320,13.3641,,,
10:12:23,22321,11.0979,10.2670,5000,0.1519
10:12:26,22323,14.6775,10.2690,5000,0.1519
,CHECKPOINT BATCH 22325,14.8951,,,
10:12:30,22329,12.2595,11.3320,5000,0.1519
,CHECKPOINT BATCH 22330,16.7522,,,
,CHECKPOINT BATCH 22335,17.3794,,,
10:12:32,22340,24.1203,12.0985,5000,0.1517
,CHECKPOINT BATCH 22340,24.1203,,,
,CHECKPOINT BATCH 22345,18.5624,,,
10:12:35,22350,19.7653,14.9515,5000,0.1516
,CHECKPOINT BATCH 22350,19.7653,,,
,CHECKPOINT BATCH 22355,15.0382,,,
10:12:37,22358,12.0415,14.1895,5000,0.1516
,CHECKPOINT BATCH 22360,18.3230,,,
10:12:40,22365,11.7931,12.8255,5000,0.1515
,CHECKPOINT BATCH 22365,11.7931,,,
,CHECKPOINT BATCH 22370,15.9870,,,
10:12:44,22371,20.0777,11.1715,5000,0.1514
,CHECKPOINT BATCH 22375,18.3627,,,
10:12:48,22378,16.7204,12.0635,5000,0.1514
,CHECKPOINT BATCH 22380,13.1440,,,
,CHECKPOINT BATCH 22385,10.9356,,,
10:12:50,22386,13.6983,13.8870,5000,0.1513
,CHECKPOINT BATCH 22390,13.3607,,,
10:12:54,22394,11.2777,14.4600,5000,0.1512
,CHECKPOINT BATCH 22395,17.8038,,,
,CHECKPOINT BATCH 22400,12.1913,,,
10:12:57,22401,21.8213,16.5825,5000,0.1511
,CHECKPOINT BATCH 22405,18.6436,,,
10:13:00,22406,23.9710,18.6860,5000,0.1511
,CHECKPOINT BATCH 22410,13.9769,,,
10:13:03,22413,18.6679,21.2415,5000,0.1510
10:13:05,22414,13.6905,21.2400,5000,0.1510
,CHECKPOINT BATCH 22415,8.5215,,,
10:13:08,22418,16.4887,21.2375,5000,0.1510
,CHECKPOINT BATCH 22420,17.5945,,,
10:13:11,22423,21.8964,21.2400,5000,0.1509
,CHECKPOINT BATCH 22425,14.6052,,,
10:13:14,22430,17.2715,23.3440,5000,0.1508
,CHECKPOINT BATCH 22430,17.2715,,,
10:13:17,22433,28.2576,23.6435,5000,0.1508
,CHECKPOINT BATCH 22435,14.0739,,,
,CHECKPOINT BATCH 22440,10.5987,,,
10:13:19,22445,14.9058,21.0735,5000,0.1507
,CHECKPOINT BATCH 22445,14.9058,,,
,CHECKPOINT BATCH 22450,18.2618,,,
10:13:21,22452,16.4243,21.9830,5000,0.1506
,CHECKPOINT BATCH 22455,15.9303,,,
10:13:24,22459,12.2537,24.3950,5000,0.1505
,CHECKPOINT BATCH 22460,12.8583,,,
10:13:26,22462,19.4569,24.2515,5000,0.1505
,CHECKPOINT BATCH 22465,9.8323,,,
10:13:30,22469,18.4636,25.7705,5000,0.1504
,CHECKPOINT BATCH 22470,20.9934,,,
,CHECKPOINT BATCH 22475,19.9375,,,
10:13:33,22478,12.0602,23.8330,5000,0.1503
,CHECKPOINT BATCH 22480,21.4442,,,
,CHECKPOINT BATCH 22485,17.9724,,,
10:13:35,22487,13.0887,23.8265,5000,0.1503
,CHECKPOINT BATCH 22490,13.6095,,,
,CHECKPOINT BATCH 22495,16.2924,,,
10:13:38,22496,15.5226,23.9780,5000,0.1502
,CHECKPOINT BATCH 22500,18.9313,,,
,CHECKPOINT BATCH 22505,13.8926,,,
10:13:40,22509,20.2657,19.4825,5000,0.1500
,CHECKPOINT BATCH 22510,16.7019,,,
,CHECKPOINT BATCH 22515,18.9720,,,
10:13:43,22516,10.9970,18.4200,5000,0.1500
,CHECKPOINT BATCH 22520,16.2108,,,
10:13:45,22523,18.1236,17.3695,5000,0.1499
,CHECKPOINT BATCH 22525,16.0264,,,
,CHECKPOINT BATCH 22530,14.1387,,,
10:13:47,22534,12.4469,14.9895,5000,0.1498
,CHECKPOINT BATCH 22535,13.9957,,,
,CHECKPOINT BATCH 22540,20.6812,,,
10:13:50,22543,21.5380,15.0330,5000,0.1497
,CHECKPOINT BATCH 22545,15.4511,,,
,CHECKPOINT BATCH 22550,13.7433,,,
10:13:52,22555,13.7791,11.8560,5000,0.1496
,CHECKPOINT BATCH 22555,13.7791,,,
,CHECKPOINT BATCH 22560,13.9555,,,
,CHECKPOINT BATCH 22565,21.7288,,,
10:13:54,22567,14.5176,9.5660,5000,0.1495
,CHECKPOINT BATCH 22570,24.4110,,,
,CHECKPOINT BATCH 22575,34.9621,,,
10:13:56,22576,18.5029,10.3130,5000,0.1494
,CHECKPOINT BATCH 22580,21.4908,,,
,CHECKPOINT BATCH 22585,13.3937,,,
10:13:59,22587,28.6651,9.8550,5000,0.1493
,CHECKPOINT BATCH 22590,12.6367,,,
,CHECKPOINT BATCH 22595,13.9394,,,
10:14:01,22597,17.8086,9.2480,5000,0.1492
,CHECKPOINT BATCH 22600,8.5200,,,
,CHECKPOINT BATCH 22605,30.2297,,,
,CHECKPOINT BATCH 22610,31.9811,,,
10:14:03,22611,16.3373,8.4895,5000,0.1490
,CHECKPOINT BATCH 22615,18.9337,,,
,CHECKPOINT BATCH 22620,19.2860,,,
10:14:06,22624,19.9687,8.9720,5000,0.1489
,CHECKPOINT BATCH 22625,22.2360,,,
,CHECKPOINT BATCH 22630,16.4028,,,
,CHECKPOINT BATCH 22635,16.3384,,,
10:14:08,22638,19.4721,9.4030,5000,0.1488
,CHECKPOINT BATCH 22640,14.6662,,,
,CHECKPOINT BATCH 22645,10.7611,,,
10:14:11,22648,21.0086,9.9895,5000,0.1487
,CHECKPOINT BATCH 22650,24.1880,,,
,CHECKPOINT BATCH 22655,18.0941,,,
,CHECKPOINT BATCH 22660,21.4368,,,
10:14:14,22661,22.4992,9.3935,5000,0.1485
,CHECKPOINT BATCH 22665,19.3689,,,
,CHECKPOINT BATCH 22670,18.1436,,,
10:14:18,22672,17.6642,11.9630,5000,0.1484
,CHECKPOINT BATCH 22675,26.5090,,,
,CHECKPOINT BATCH 22680,19.9773,,,
10:14:20,22684,20.3833,11.9670,5000,0.1483
,CHECKPOINT BATCH 22685,31.1530,,,
,CHECKPOINT BATCH 22690,32.1236,,,
10:14:23,22691,20.2170,13.0265,5000,0.1482
,CHECKPOINT BATCH 22695,15.8983,,,
10:14:26,22699,19.2524,13.0185,5000,0.1482
,CHECKPOINT BATCH 22700,18.2628,,,
,CHECKPOINT BATCH 22705,15.6895,,,
,CHECKPOINT BATCH 22710,17.6929,,,
10:14:31,22713,23.7155,13.1520,5000,0.1480
,CHECKPOINT BATCH 22715,15.7540,,,
10:14:35,22720,25.7424,14.0365,5000,0.1480
,CHECKPOINT BATCH 22720,25.7424,,,
,CHECKPOINT BATCH 22725,12.9560,,,
,CHECKPOINT BATCH 22730,13.1307,,,
10:14:37,22732,13.0471,13.1230,5000,0.1478
,CHECKPOINT BATCH 22735,16.0500,,,
,CHECKPOINT BATCH 22740,21.6166,,,
10:14:39,22741,15.1018,14.6240,5000,0.1477
,CHECKPOINT BATCH 22745,11.9231,,,
10:14:42,22750,13.9344,16.3020,5000,0.1477
,CHECKPOINT BATCH 22750,13.9344,,,
,CHECKPOINT BATCH 22755,14.0752,,,
,CHECKPOINT BATCH 22760,15.0388,,,
10:14:44,22761,32.4756,18.2675,5000,0.1475
,CHECKPOINT BATCH 22765,20.7091,,,
10:14:46,22767,22.4489,15.4005,5000,0.1475
,CHECKPOINT BATCH 22770,23.8295,,,
,CHECKPOINT BATCH 22775,17.1696,,,
10:14:49,22779,16.4470,14.8155,5000,0.1474
,CHECKPOINT BATCH 22780,20.4643,,,
,CHECKPOINT BATCH 22785,19.6242,,,
,CHECKPOINT BATCH 22790,27.2806,,,
,CHECKPOINT BATCH 22795,14.1231,,,
10:14:51,22798,16.6612,9.5475,5000,0.1472
,CHECKPOINT BATCH 22800,15.9385,,,
,CHECKPOINT BATCH 22805,19.3489,,,
,CHECKPOINT BATCH 22810,13.9776,,,
10:14:53,22811,14.2209,9.3895,5000,0.1471
,CHECKPOINT BATCH 22815,19.6404,,,
10:14:56,22816,12.8011,7.7385,5000,0.1470
,CHECKPOINT BATCH 22820,15.1851,,,
10:14:59,22822,14.6323,9.1075,5000,0.1470
10:15:01,22824,21.4558,9.2680,5000,0.1469
,CHECKPOINT BATCH 22825,18.3016,,,
,CHECKPOINT BATCH 22830,15.8656,,,
10:15:03,22834,16.6275,11.5250,5000,0.1468
,CHECKPOINT BATCH 22835,17.7000,,,
10:15:06,22840,23.1559,12.2770,5000,0.1468
,CHECKPOINT BATCH 22840,23.1559,,,
10:15:09,22843,19.0824,13.3285,5000,0.1468
,CHECKPOINT BATCH 22845,20.5235,,,
10:15:13,22850,15.3292,13.9110,5000,0.1467
,CHECKPOINT BATCH 22850,15.3292,,,
,CHECKPOINT BATCH 22855,15.2532,,,
,CHECKPOINT BATCH 22860,17.7037,,,
10:15:15,22864,17.3934,11.3305,5000,0.1466
,CHECKPOINT BATCH 22865,13.5755,,,
,CHECKPOINT BATCH 22870,17.2593,,,
10:15:19,22873,27.8315,11.2970,5000,0.1465
,CHECKPOINT BATCH 22875,21.4536,,,
,CHECKPOINT BATCH 22880,16.7120,,,
,CHECKPOINT BATCH 22885,21.0353,,,
10:15:22,22887,17.2962,11.4430,5000,0.1463
,CHECKPOINT BATCH 22890,18.8123,,,
10:15:26,22891,22.4289,13.3950,5000,0.1463
,CHECKPOINT BATCH 22895,31.2384,,,
,CHECKPOINT BATCH 22900,14.6625,,,
10:15:28,22903,18.8667,15.7985,5000,0.1462
,CHECKPOINT BATCH 22905,20.0883,,,
10:15:31,22908,17.4920,16.5515,5000,0.1461
,CHECKPOINT BATCH 22910,17.3976,,,
10:15:34,22913,27.3619,17.0040,5000,0.1461
,CHECKPOINT BATCH 22915,10.7975,,,
,CHECKPOINT BATCH 22920,18.2795,,,
10:15:37,22923,13.7104,16.3830,5000,0.1460
,CHECKPOINT BATCH 22925,24.0819,,,
10:15:39,22929,18.1173,16.0910,5000,0.1459
,CHECKPOINT BATCH 22930,26.4580,,,
,CHECKPOINT BATCH 22935,13.4352,,,
10:15:42,22937,17.5273,16.5500,5000,0.1458
,CHECKPOINT BATCH 22940,27.4903,,,
10:15:44,22942,19.4549,14.4390,5000,0.1458
,CHECKPOINT BATCH 22945,10.9954,,,
,CHECKPOINT BATCH 22950,22.9045,,,
10:15:47,22951,13.4298,13.3800,5000,0.1457
,CHECKPOINT BATCH 22955,11.0144,,,
10:15:49,22958,19.9310,14.2805,5000,0.1456
,CHECKPOINT BATCH 22960,19.0113,,,
,CHECKPOINT BATCH 22965,15.6500,,,
,CHECKPOINT BATCH 22970,29.1744,,,
10:15:51,22973,29.3517,14.5955,5000,0.1455
,CHECKPOINT BATCH 22975,21.8594,,,
10:15:54,22980,16.3212,16.5720,5000,0.1454
,CHECKPOINT BATCH 22980,16.3212,,,
,CHECKPOINT BATCH 22985,12.1615,,,
10:15:57,22986,22.4966,17.7765,5000,0.1454
,CHECKPOINT BATCH 22990,11.6839,,,
10:16:01,22994,23.9490,15.6630,5000,0.1453
,CHECKPOINT BATCH 22995,14.1111,,,
10:16:05,22999,32.5684,16.1115,5000,0.1453
,CHECKPOINT BATCH 23000,18.5497,,,
,CHECKPOINT BATCH 23005,14.6172,,,
10:16:09,23008,13.3646,15.9595,5000,0.1452
,CHECKPOINT BATCH 23010,14.3116,,,
10:16:11,23014,12.8652,19.1330,5000,0.1451
,CHECKPOINT BATCH 23015,18.3295,,,
,CHECKPOINT BATCH 23020,18.3134,,,
10:16:14,23021,15.0532,19.7545,5000,0.1450
,CHECKPOINT BATCH 23025,19.8345,,,
,CHECKPOINT BATCH 23030,18.8948,,,
,CHECKPOINT BATCH 23035,23.6016,,,
10:16:16,23036,26.8627,16.1115,5000,0.1449
,CHECKPOINT BATCH 23040,13.0691,,,
10:16:20,23042,12.8210,15.2030,5000,0.1448
,CHECKPOINT BATCH 23045,30.5196,,,
,CHECKPOINT BATCH 23050,31.0698,,,
10:16:22,23051,27.9624,15.6885,5000,0.1448
,CHECKPOINT BATCH 23055,20.1796,,,
10:16:25,23056,20.9743,15.6975,5000,0.1447
,CHECKPOINT BATCH 23060,27.1656,,,
10:16:27,23063,27.2166,17.2055,5000,0.1446
,CHECKPOINT BATCH 23065,35.7578,,,
,CHECKPOINT BATCH 23070,29.7984,,,
10:16:30,23072,22.6167,18.5635,5000,0.1446
,CHECKPOINT BATCH 23075,16.0067,,,
,CHECKPOINT BATCH 23080,22.0085,,,
10:16:33,23081,15.1332,16.1325,5000,0.1445
,CHECKPOINT BATCH 23085,17.4000,,,
10:16:35,23089,17.6244,18.1005,5000,0.1444
,CHECKPOINT BATCH 23090,23.1738,,,
10:16:38,23091,26.4868,18.0990,5000,0.1444
,CHECKPOINT BATCH 23095,17.4195,,,
,CHECKPOINT BATCH 23100,15.2297,,,
10:16:40,23102,16.1958,15.8495,5000,0.1443
,CHECKPOINT BATCH 23105,15.4095,,,
10:16:42,23110,22.1971,14.6475,5000,0.1442
,CHECKPOINT BATCH 23110,22.1971,,,
10:16:45,23111,18.0125,14.0460,5000,0.1442
,CHECKPOINT BATCH 23115,24.4527,,,
,CHECKPOINT BATCH 23120,18.7201,,,
10:16:47,23121,18.2233,11.0185,5000,0.1441
10:16:50,23125,13.8940,11.9210,5000,0.1441
,CHECKPOINT BATCH 23125,13.8940,,,
,CHECKPOINT BATCH 23130,22.8536,,,
10:16:52,23135,16.6287,14.4710,5000,0.1440
,CHECKPOINT BATCH 23135,16.6287,,,
10:16:55,23137,26.1993,15.0705,5000,0.1439
,CHECKPOINT BATCH 23140,17.3261,,,
,CHECKPOINT BATCH 23145,16.6643,,,
10:16:58,23147,21.9788,17.0065,5000,0.1439
,CHECKPOINT BATCH 23150,16.8743,,,
10:17:02,23155,22.9579,16.8510,5000,0.1438
,CHECKPOINT BATCH 23155,22.9579,,,
,CHECKPOINT BATCH 23160,16.5024,,,
10:17:04,23164,17.2301,18.2070,5000,0.1437
,CHECKPOINT BATCH 23165,19.9396,,,
10:17:07,23167,23.5181,17.5945,5000,0.1437
,CHECKPOINT BATCH 23170,20.4718,,,
,CHECKPOINT BATCH 23175,22.3455,,,
10:17:10,23178,20.3898,18.2225,5000,0.1436
,CHECKPOINT BATCH 23180,22.3514,,,
,CHECKPOINT BATCH 23185,24.3743,,,
10:17:12,23188,16.8180,19.2685,5000,0.1435
10:17:14,23190,28.9218,18.9650,5000,0.1435
,CHECKPOINT BATCH 23190,28.9218,,,
,CHECKPOINT BATCH 23195,16.0079,,,
,CHECKPOINT BATCH 23200,18.7233,,,
10:17:17,23201,24.9819,18.9645,5000,0.1434
,CHECKPOINT BATCH 23205,12.7834,,,
,CHECKPOINT BATCH 23210,12.8784,,,
10:17:19,23211,21.6335,20.9090,5000,0.1433
10:17:22,23214,20.8325,21.3585,5000,0.1432
,CHECKPOINT BATCH 23215,24.7705,,,
10:17:26,23220,25.3825,21.2000,5000,0.1432
,CHECKPOINT BATCH 23220,25.3825,,,
,CHECKPOINT BATCH 23225,27.7398,,,
,CHECKPOINT BATCH 23230,14.7911,,,
10:17:28,23233,19.8245,18.5005,5000,0.1431
,CHECKPOINT BATCH 23235,20.3895,,,
10:17:32,23239,20.6091,17.4465,5000,0.1430
,CHECKPOINT BATCH 23240,23.3601,,,
,CHECKPOINT BATCH 23245,26.6616,,,
,CHECKPOINT BATCH 23250,30.8747,,,
10:17:34,23252,18.2260,16.2820,5000,0.1429
,CHECKPOINT BATCH 23255,20.3547,,,
10:17:37,23258,20.9980,17.0210,5000,0.1428
,CHECKPOINT BATCH 23260,25.9865,,,
10:17:39,23265,25.5845,15.0745,5000,0.1428
,CHECKPOINT BATCH 23265,25.5845,,,
,CHECKPOINT BATCH 23270,17.8386,,,
,CHECKPOINT BATCH 23275,20.8626,,,
,CHECKPOINT BATCH 23280,28.8278,,,
10:17:41,23282,34.8150,13.4050,5000,0.1426
10:17:44,23284,22.3543,13.7040,5000,0.1426
,CHECKPOINT BATCH 23285,15.7716,,,
10:17:48,23288,15.2656,13.0980,5000,0.1425
,CHECKPOINT BATCH 23290,17.5787,,,
10:17:51,23292,24.0238,13.7000,5000,0.1425
,CHECKPOINT BATCH 23295,10.8701,,,
,CHECKPOINT BATCH 23300,20.2576,,,
,CHECKPOINT BATCH 23305,14.5098,,,
10:17:53,23307,28.9629,11.4395,5000,0.1424
10:17:56,23308,21.1929,11.8915,5000,0.1424
,CHECKPOINT BATCH 23310,17.7990,,,
10:17:59,23314,14.7356,13.4070,5000,0.1423
,CHECKPOINT BATCH 23315,25.9584,,,
10:18:01,23318,20.0424,15.0580,5000,0.1423
,CHECKPOINT BATCH 23320,23.7472,,,
10:18:05,23321,16.2160,15.5090,5000,0.1422
,CHECKPOINT BATCH 23325,16.6409,,,
10:18:07,23330,24.8510,15.5025,5000,0.1422
,CHECKPOINT BATCH 23330,24.8510,,,
,CHECKPOINT BATCH 23335,21.5709,,,
10:18:09,23336,24.0450,15.6785,5000,0.1421
10:18:12,23340,32.0184,15.6710,5000,0.1421
,CHECKPOINT BATCH 23340,32.0184,,,
10:18:15,23345,22.2310,13.9910,5000,0.1420
,CHECKPOINT BATCH 23345,22.2310,,,
,CHECKPOINT BATCH 23350,19.7875,,,
10:18:18,23354,23.2395,13.9720,5000,0.1419
,CHECKPOINT BATCH 23355,14.1531,,,
,CHECKPOINT BATCH 23360,22.4469,,,
10:18:20,23361,17.8363,14.7390,5000,0.1419
,CHECKPOINT BATCH 23365,19.0398,,,
10:18:23,23366,24.3247,15.7990,5000,0.1418
,CHECKPOINT BATCH 23370,22.0940,,,
10:18:25,23375,21.1677,17.6030,5000,0.1417
,CHECKPOINT BATCH 23375,21.1677,,,
,CHECKPOINT BATCH 23380,20.0759,,,
10:18:29,23381,31.8142,18.5035,5000,0.1417
10:18:32,23384,25.9108,18.2060,5000,0.1417
,CHECKPOINT BATCH 23385,27.1730,,,
,CHECKPOINT BATCH 23390,14.3798,,,
,CHECKPOINT BATCH 23395,33.2788,,,
10:18:35,23396,19.1496,19.4325,5000,0.1415
10:18:37,23398,15.5198,20.1855,5000,0.1415
,CHECKPOINT BATCH 23400,21.2999,,,
10:18:40,23405,17.5132,22.7630,5000,0.1415
,CHECKPOINT BATCH 23405,17.5132,,,
,CHECKPOINT BATCH 23410,20.4811,,,
10:18:42,23413,29.4383,22.6385,5000,0.1414
,CHECKPOINT BATCH 23415,20.3528,,,
10:18:44,23416,15.1541,21.4290,5000,0.1414
,CHECKPOINT BATCH 23420,19.6106,,,
,CHECKPOINT BATCH 23425,23.6398,,,
,CHECKPOINT BATCH 23430,23.6364,,,
10:18:47,23431,17.4770,20.8460,5000,0.1412
,CHECKPOINT BATCH 23435,34.0602,,,
10:18:49,23439,15.7095,19.0160,5000,0.1412
,CHECKPOINT BATCH 23440,21.7705,,,
10:18:52,23443,22.3002,19.6145,5000,0.1411
,CHECKPOINT BATCH 23445,19.8325,,,
,CHECKPOINT BATCH 23450,44.7420,,,
,CHECKPOINT BATCH 23455,17.2138,,,
10:18:57,23458,20.1368,17.7895,5000,0.1410
,CHECKPOINT BATCH 23460,28.5738,,,
10:19:01,23465,24.1352,18.2420,5000,0.1409
,CHECKPOINT BATCH 23465,24.1352,,,
,CHECKPOINT BATCH 23470,22.5889,,,
10:19:03,23475,19.5341,15.2345,5000,0.1408
,CHECKPOINT BATCH 23475,19.5341,,,
,CHECKPOINT BATCH 23480,33.1743,,,
10:19:06,23483,25.4209,16.4765,5000,0.1408
,CHECKPOINT BATCH 23485,24.1431,,,
10:19:09,23488,27.7949,16.7610,5000,0.1407
,CHECKPOINT BATCH 23490,24.7117,,,
,CHECKPOINT BATCH 23495,25.7074,,,
10:19:11,23497,27.7569,15.2625,5000,0.1406
,CHECKPOINT BATCH 23500,13.6217,,,
,CHECKPOINT BATCH 23505,23.3318,,,
10:19:14,23508,23.0747,15.1125,5000,0.1405
10:19:16,23510,27.6997,14.2035,5000,0.1405
,CHECKPOINT BATCH 23510,27.6997,,,
,CHECKPOINT BATCH 23515,23.6276,,,
10:19:19,23518,24.6889,16.9250,5000,0.1404
,CHECKPOINT BATCH 23520,17.7236,,,
10:19:22,23521,20.7134,18.2765,5000,0.1404
,CHECKPOINT BATCH 23525,13.9204,,,
,CHECKPOINT BATCH 23530,25.6555,,,
10:19:25,23531,22.8369,19.9695,5000,0.1403
,CHECKPOINT BATCH 23535,20.5981,,,
10:19:29,23540,13.7833,22.2430,5000,0.1402
,CHECKPOINT BATCH 23540,13.7833,,,
,CHECKPOINT BATCH 23545,23.0473,,,
10:19:32,23547,31.9393,25.2590,5000,0.1402
,CHECKPOINT BATCH 23550,18.0323,,,
10:19:35,23552,20.6719,26.6180,5000,0.1401
,CHECKPOINT BATCH 23555,17.0185,,,
,CHECKPOINT BATCH 23560,16.2020,,,
10:19:37,23563,25.2025,23.2960,5000,0.1400
,CHECKPOINT BATCH 23565,31.1930,,,
,CHECKPOINT BATCH 23570,17.3564,,,
,CHECKPOINT BATCH 23575,32.0829,,,
,CHECKPOINT BATCH 23580,25.4443,,,
10:19:42,23583,18.2362,21.4690,5000,0.1399
,CHECKPOINT BATCH 23585,23.1865,,,
,CHECKPOINT BATCH 23590,32.1417,,,
,CHECKPOINT BATCH 23595,14.2295,,,
10:19:44,23597,23.5320,21.6100,5000,0.1397
,CHECKPOINT BATCH 23600,18.0142,,,
10:19:46,23604,22.4866,20.9940,5000,0.1397
,CHECKPOINT BATCH 23605,25.5332,,,
,CHECKPOINT BATCH 23610,14.9269,,,
10:19:49,23612,19.9792,20.3685,5000,0.1396
,CHECKPOINT BATCH 23615,29.8763,,,
,CHECKPOINT BATCH 23620,17.3941,,,
10:19:51,23624,15.8206,14.9295,5000,0.1395
,CHECKPOINT BATCH 23625,21.7844,,,
,CHECKPOINT BATCH 23630,17.0553,,,
,CHECKPOINT BATCH 23635,21.7136,,,
10:19:53,23636,16.9536,12.3220,5000,0.1394
,CHECKPOINT BATCH 23640,28.1469,,,
,CHECKPOINT BATCH 23645,25.1825,,,
10:19:55,23646,41.4774,8.2555,5000,0.1393
,CHECKPOINT BATCH 23650,19.8146,,,
,CHECKPOINT BATCH 23655,23.4530,,,
10:19:58,23656,20.5009,7.3670,5000,0.1392
,CHECKPOINT BATCH 23660,27.2633,,,
,CHECKPOINT BATCH 23665,30.4484,,,
10:20:00,23667,24.2108,8.5815,5000,0.1391
,CHECKPOINT BATCH 23670,17.9424,,,
,CHECKPOINT BATCH 23675,26.4487,,,
10:20:02,23678,23.2849,10.5320,5000,0.1390
,CHECKPOINT BATCH 23680,21.3008,,,
,CHECKPOINT BATCH 23685,20.6833,,,
10:20:05,23686,14.0604,10.5400,5000,0.1389
,CHECKPOINT BATCH 23690,15.0538,,,
10:20:07,23693,23.7169,11.1655,5000,0.1389
,CHECKPOINT BATCH 23695,23.2700,,,
,CHECKPOINT BATCH 23700,29.3118,,,
,CHECKPOINT BATCH 23705,17.5896,,,
10:20:10,23707,34.0756,8.7785,5000,0.1387
,CHECKPOINT BATCH 23710,32.2547,,,
,CHECKPOINT BATCH 23715,18.1943,,,
,CHECKPOINT BATCH 23720,21.2271,,,
,CHECKPOINT BATCH 23725,20.4549,,,
10:20:12,23726,16.6896,8.3275,5000,0.1386
,CHECKPOINT BATCH 23730,36.8562,,,
10:20:16,23735,23.9728,9.0770,5000,0.1385
,CHECKPOINT BATCH 23735,23.9728,,,
,CHECKPOINT BATCH 23740,26.0796,,,
,CHECKPOINT BATCH 23745,15.4473,,,
10:20:20,23746,19.9879,10.7270,5000,0.1384
,CHECKPOINT BATCH 23750,24.4748,,,
10:20:24,23752,22.2012,10.8730,5000,0.1383
,CHECKPOINT BATCH 23755,18.4877,,,
,CHECKPOINT BATCH 23760,39.6423,,,
10:20:26,23761,23.5935,9.6370,5000,0.1383
,CHECKPOINT BATCH 23765,18.4288,,,
10:20:29,23766,16.4472,9.7830,5000,0.1382
,CHECKPOINT BATCH 23770,24.8106,,,
,CHECKPOINT BATCH 23775,24.0205,,,
10:20:31,23777,18.7138,9.9485,5000,0.1381
,CHECKPOINT BATCH 23780,17.7691,,,
10:20:34,23785,22.7389,11.1675,5000,0.1381
,CHECKPOINT BATCH 23785,22.7389,,,
10:20:36,23789,20.0035,10.8665,5000,0.1380
,CHECKPOINT BATCH 23790,20.5662,,,
10:20:39,23795,35.2858,9.9750,5000,0.1380
,CHECKPOINT BATCH 23795,35.2858,,,
,CHECKPOINT BATCH 23800,16.4632,,,
,CHECKPOINT BATCH 23805,23.6710,,,
10:20:41,23806,22.5477,11.4555,5000,0.1379
,CHECKPOINT BATCH 23810,12.4447,,,
10:20:44,23812,17.4080,13.4200,5000,0.1378
,CHECKPOINT BATCH 23815,22.2602,,,
10:20:46,23820,37.5073,16.1485,5000,0.1377
,CHECKPOINT BATCH 23820,37.5073,,,
,CHECKPOINT BATCH 23825,27.6755,,,
,CHECKPOINT BATCH 23830,25.8112,,,
10:20:48,23832,15.8692,18.8695,5000,0.1376
,CHECKPOINT BATCH 23835,26.1458,,,
10:20:51,23838,28.3941,18.7200,5000,0.1376
,CHECKPOINT BATCH 23840,13.9051,,,
10:20:53,23845,28.8856,20.6805,5000,0.1375
,CHECKPOINT BATCH 23845,28.8856,,,
10:20:56,23847,24.5795,19.7770,5000,0.1375
,CHECKPOINT BATCH 23850,20.4934,,,
10:20:59,23853,26.9732,19.3305,5000,0.1375
,CHECKPOINT BATCH 23855,21.7285,,,
,CHECKPOINT BATCH 23860,20.5036,,,
,CHECKPOINT BATCH 23865,28.5589,,,
,CHECKPOINT BATCH 23870,25.9754,,,
10:21:01,23872,29.5866,18.8040,5000,0.1373
,CHECKPOINT BATCH 23875,26.1157,,,
,CHECKPOINT BATCH 23880,17.8029,,,
,CHECKPOINT BATCH 23885,27.6881,,,
,CHECKPOINT BATCH 23890,19.6179,,,
10:21:03,23891,28.2809,17.3455,5000,0.1371
,CHECKPOINT BATCH 23895,21.6519,,,
,CHECKPOINT BATCH 23900,24.4125,,,
,CHECKPOINT BATCH 23905,27.8282,,,
10:21:05,23910,28.9942,15.1015,5000,0.1370
,CHECKPOINT BATCH 23910,28.9942,,,
,CHECKPOINT BATCH 23915,44.2377,,,
,CHECKPOINT BATCH 23920,29.6435,,,
,CHECKPOINT BATCH 23925,19.8638,,,
10:21:07,23929,23.2296,12.1745,5000,0.1368
,CHECKPOINT BATCH 23930,22.4626,,,
,CHECKPOINT BATCH 23935,27.8759,,,
,CHECKPOINT BATCH 23940,28.5657,,,
,CHECKPOINT BATCH 23945,31.5633,,,
10:21:09,23948,23.0885,10.3815,5000,0.1366
,CHECKPOINT BATCH 23950,26.8949,,,
10:21:12,23955,36.7158,11.2745,5000,0.1366
,CHECKPOINT BATCH 23955,36.7158,,,
,CHECKPOINT BATCH 23960,30.3716,,,
,CHECKPOINT BATCH 23965,20.8839,,,
,CHECKPOINT BATCH 23970,26.0997,,,
10:21:15,23974,25.7485,12.2410,5000,0.1364
,CHECKPOINT BATCH 23975,20.9775,,,
,CHECKPOINT BATCH 23980,25.6425,,,
,CHECKPOINT BATCH 23985,42.1566,,,
,CHECKPOINT BATCH 23990,19.0003,,,
10:21:17,23993,17.9288,12.1720,5000,0.1362
,CHECKPOINT BATCH 23995,26.3509,,,
,CHECKPOINT BATCH 24000,30.2927,,,
,CHECKPOINT BATCH 24005,21.8638,,,
,CHECKPOINT BATCH 24010,20.6399,,,
10:21:19,24012,12.4075,11.2255,5000,0.1361
,CHECKPOINT BATCH 24015,19.2122,,,
,CHECKPOINT BATCH 24020,19.3012,,,
,CHECKPOINT BATCH 24025,25.3935,,,
,CHECKPOINT BATCH 24030,24.1769,,,
10:21:21,24031,33.0411,8.7060,5000,0.1359
,CHECKPOINT BATCH 24035,20.2460,,,
,CHECKPOINT BATCH 24040,36.0039,,,
,CHECKPOINT BATCH 24045,25.2621,,,
10:21:23,24050,14.3299,6.4415,5000,0.1358
,CHECKPOINT BATCH 24050,14.3299,,,
,CHECKPOINT BATCH 24055,20.2790,,,
,CHECKPOINT BATCH 24060,15.4392,,,
,CHECKPOINT BATCH 24065,30.8913,,,
10:21:25,24069,35.7862,4.5360,5000,0.1356
,CHECKPOINT BATCH 24070,14.0048,,,
,CHECKPOINT BATCH 24075,31.7235,,,
,CHECKPOINT BATCH 24080,21.4150,,,
,CHECKPOINT BATCH 24085,19.3513,,,
10:21:27,24088,27.7409,3.2405,5000,0.1354
,CHECKPOINT BATCH 24090,21.1565,,,
,CHECKPOINT BATCH 24095,23.0313,,,
,CHECKPOINT BATCH 24100,21.6657,,,
,CHECKPOINT BATCH 24105,17.6386,,,
10:21:29,24107,30.9499,2.2520,5000,0.1353
,CHECKPOINT BATCH 24110,19.0435,,,
,CHECKPOINT BATCH 24115,30.5082,,,
,CHECKPOINT BATCH 24120,32.1825,,,
,CHECKPOINT BATCH 24125,18.2504,,,
10:21:31,24126,18.9179,1.3500,5000,0.1351
10:21:34,24130,28.6029,1.3505,5000,0.1351
,CHECKPOINT BATCH 24130,28.6029,,,
,CHECKPOINT BATCH 24135,19.4714,,,
,CHECKPOINT BATCH 24140,19.2539,,,
,CHECKPOINT BATCH 24145,19.0277,,,
10:21:36,24149,23.2156,1.5155,5000,0.1349
,CHECKPOINT BATCH 24150,22.2754,,,
10:21:39,24154,34.2564,1.6555,5000,0.1349
,CHECKPOINT BATCH 24155,21.8488,,,
,CHECKPOINT BATCH 24160,19.6088,,,
,CHECKPOINT BATCH 24165,34.3381,,,
,CHECKPOINT BATCH 24170,21.3866,,,
10:21:41,24173,17.2179,0.9950,5000,0.1347
,CHECKPOINT BATCH 24175,27.3776,,,
,CHECKPOINT BATCH 24180,19.3857,,,
,CHECKPOINT BATCH 24185,30.9230,,,
,CHECKPOINT BATCH 24190,19.9876,,,
10:21:43,24192,21.9311,4.6805,5000,0.1345
,CHECKPOINT BATCH 24195,22.3505,,,
,CHECKPOINT BATCH 24200,26.6021,,,
,CHECKPOINT BATCH 24205,23.3431,,,
,CHECKPOINT BATCH 24210,20.0030,,,
10:21:45,24211,34.3485,7.0955,5000,0.1344
,CHECKPOINT BATCH 24215,20.6864,,,
,CHECKPOINT BATCH 24220,28.9755,,,
,CHECKPOINT BATCH 24225,21.4645,,,
10:21:47,24230,22.2108,7.7085,5000,0.1342
,CHECKPOINT BATCH 24230,22.2108,,,
,CHECKPOINT BATCH 24235,21.8620,,,
,CHECKPOINT BATCH 24240,23.3258,,,
,CHECKPOINT BATCH 24245,17.0666,,,
10:21:49,24249,20.0888,7.5420,5000,0.1341
,CHECKPOINT BATCH 24250,17.2300,,,
,CHECKPOINT BATCH 24255,22.1354,,,
,CHECKPOINT BATCH 24260,25.1815,,,
,CHECKPOINT BATCH 24265,23.1724,,,
10:21:51,24268,20.8396,7.0865,5000,0.1339
,CHECKPOINT BATCH 24270,20.7441,,,
,CHECKPOINT BATCH 24275,21.0768,,,
,CHECKPOINT BATCH 24280,23.9714,,,
,CHECKPOINT BATCH 24285,22.3565,,,
10:21:53,24287,22.8067,4.3665,5000,0.1337
,CHECKPOINT BATCH 24290,18.9599,,,
,CHECKPOINT BATCH 24295,34.8456,,,
,CHECKPOINT BATCH 24300,32.9100,,,
,CHECKPOINT BATCH 24305,30.0280,,,
10:21:56,24306,29.3162,1.6605,5000,0.1336
,CHECKPOINT BATCH 24310,37.1784,,,
,CHECKPOINT BATCH 24315,18.9633,,,
,CHECKPOINT BATCH 24320,20.0314,,,
10:21:58,24325,29.9375,1.1085,5000,0.1334
,CHECKPOINT BATCH 24325,29.9375,,,
,CHECKPOINT BATCH 24330,15.5259,,,
,CHECKPOINT BATCH 24335,19.6308,,,
,CHECKPOINT BATCH 24340,12.4888,,,
10:22:00,24344,25.1137,1.0310,5000,0.1333
,CHECKPOINT BATCH 24345,18.8868,,,
,CHECKPOINT BATCH 24350,18.2850,,,
,CHECKPOINT BATCH 24355,22.4395,,,
,CHECKPOINT BATCH 24360,23.1827,,,
10:22:02,24363,21.3439,1.2755,5000,0.1331
,CHECKPOINT BATCH 24365,34.1650,,,
,CHECKPOINT BATCH 24370,11.7251,,,
,CHECKPOINT BATCH 24375,18.8419,,,
,CHECKPOINT BATCH 24380,15.7085,,,
10:22:04,24382,16.6979,1.3700,5000,0.1330
,CHECKPOINT BATCH 24385,17.1671,,,
,CHECKPOINT BATCH 24390,20.2534,,,
,CHECKPOINT BATCH 24395,10.1900,,,
,CHECKPOINT BATCH 24400,18.3942,,,
10:22:06,24401,23.2157,0.8050,5000,0.1328
,CHECKPOINT BATCH 24405,24.4411,,,
,CHECKPOINT BATCH 24410,13.6154,,,
10:22:10,24414,28.7998,0.5240,5000,0.1327
,CHECKPOINT BATCH 24415,18.4471,,,
,CHECKPOINT BATCH 24420,33.7938,,,
,CHECKPOINT BATCH 24425,18.7072,,,
,CHECKPOINT BATCH 24430,13.1038,,,
10:22:12,24433,18.2770,2.4815,5000,0.1325
,CHECKPOINT BATCH 24435,26.2508,,,
,CHECKPOINT BATCH 24440,19.8596,,,
,CHECKPOINT BATCH 24445,22.3234,,,
,CHECKPOINT BATCH 24450,16.4130,,,
10:22:14,24452,19.9771,6.0605,5000,0.1324
,CHECKPOINT BATCH 24455,26.5453,,,
,CHECKPOINT BATCH 24460,14.0925,,,
,CHECKPOINT BATCH 24465,26.4323,,,
,CHECKPOINT BATCH 24470,15.7443,,,
10:22:16,24471,18.0285,7.0345,5000,0.1322
,CHECKPOINT BATCH 24475,22.6583,,,
,CHECKPOINT BATCH 24480,18.6816,,,
,CHECKPOINT BATCH 24485,18.4532,,,
10:22:18,24490,22.4359,7.7280,5000,0.1321
,CHECKPOINT BATCH 24490,22.4359,,,
,CHECKPOINT BATCH 24495,22.6957,,,
,CHECKPOINT BATCH 24500,16.8408,,,
,CHECKPOINT BATCH 24505,16.0895,,,
10:22:20,24509,17.9547,7.8010,5000,0.1319
,CHECKPOINT BATCH 24510,20.8670,,,
,CHECKPOINT BATCH 24515,25.4047,,,
10:22:24,24520,21.8599,8.5080,5000,0.1318
,CHECKPOINT BATCH 24520,21.8599,,,
,CHECKPOINT BATCH 24525,19.0566,,,
,CHECKPOINT BATCH 24530,13.7288,,,
,CHECKPOINT BATCH 24535,18.1720,,,
10:22:26,24539,16.1757,9.5715,5000,0.1317
,CHECKPOINT BATCH 24540,30.1758,,,
,CHECKPOINT BATCH 24545,15.4508,,,
,CHECKPOINT BATCH 24550,17.2710,,,
,CHECKPOINT BATCH 24555,18.5213,,,
10:22:28,24558,10.5573,9.1800,5000,0.1315
,CHECKPOINT BATCH 24560,13.5405,,,
,CHECKPOINT BATCH 24565,22.5696,,,
,CHECKPOINT BATCH 24570,20.8996,,,
,CHECKPOINT BATCH 24575,23.5774,,,
10:22:30,24577,25.6773,9.2195,5000,0.1314
,CHECKPOINT BATCH 24580,27.9282,,,
,CHECKPOINT BATCH 24585,19.0621,,,
,CHECKPOINT BATCH 24590,16.6563,,,
,CHECKPOINT BATCH 24595,19.1544,,,
10:22:32,24596,19.3655,9.6860,5000,0.1312
,CHECKPOINT BATCH 24600,18.0827,,,
,CHECKPOINT BATCH 24605,19.2553,,,
,CHECKPOINT BATCH 24610,16.2191,,,
10:22:34,24615,17.4252,9.9865,5000,0.1310
,CHECKPOINT BATCH 24615,17.4252,,,
,CHECKPOINT BATCH 24620,14.7692,,,
,CHECKPOINT BATCH 24625,26.0015,,,
,CHECKPOINT BATCH 24630,26.8945,,,
10:22:36,24634,23.2227,6.2980,5000,0.1309
,CHECKPOINT BATCH 24635,29.2855,,,
,CHECKPOINT BATCH 24640,40.0769,,,
10:22:40,24645,20.3354,5.5260,5000,0.1308
,CHECKPOINT BATCH 24645,20.3354,,,
,CHECKPOINT BATCH 24650,19.9927,,,
,CHECKPOINT BATCH 24655,19.0260,,,
,CHECKPOINT BATCH 24660,15.6803,,,
10:22:42,24664,13.9449,5.6685,5000,0.1306
,CHECKPOINT BATCH 24665,20.6058,,,
,CHECKPOINT BATCH 24670,16.3335,,,
,CHECKPOINT BATCH 24675,15.0047,,,
,CHECKPOINT BATCH 24680,26.7672,,,
10:22:44,24683,28.5343,9.3210,5000,0.1305
,CHECKPOINT BATCH 24685,16.1202,,,
,CHECKPOINT BATCH 24690,19.2027,,,
10:22:47,24694,32.8966,9.7610,5000,0.1304
,CHECKPOINT BATCH 24695,12.2129,,,
,CHECKPOINT BATCH 24700,23.9776,,,
,CHECKPOINT BATCH 24705,17.2174,,,
,CHECKPOINT BATCH 24710,28.7714,,,
10:22:49,24713,30.0461,9.8055,5000,0.1303
,CHECKPOINT BATCH 24715,15.2275,,,
,CHECKPOINT BATCH 24720,21.5230,,,
,CHECKPOINT BATCH 24725,26.0090,,,
,CHECKPOINT BATCH 24730,21.1283,,,
10:22:51,24731,16.3712,13.6320,5000,0.1301
,CHECKPOINT BATCH 24735,21.0676,,,
,CHECKPOINT BATCH 24740,20.1425,,,
,CHECKPOINT BATCH 24745,20.1515,,,
10:22:54,24750,18.7801,15.3155,5000,0.1300
,CHECKPOINT BATCH 24750,18.7801,,,
10:22:56,24753,27.5335,15.1525,5000,0.1299
,CHECKPOINT BATCH 24755,25.6875,,,
,CHECKPOINT BATCH 24760,19.5154,,,
,CHECKPOINT BATCH 24765,27.8880,,,
,CHECKPOINT BATCH 24770,15.0221,,,
10:22:58,24772,19.3067,13.6315,5000,0.1298
,CHECKPOINT BATCH 24775,16.6081,,,
,CHECKPOINT BATCH 24780,14.3847,,,
,CHECKPOINT BATCH 24785,17.1236,,,
,CHECKPOINT BATCH 24790,24.5686,,,
10:23:00,24791,24.2555,13.1125,5000,0.1296
,CHECKPOINT BATCH 24795,27.9172,,,
,CHECKPOINT BATCH 24800,33.9151,,,
,CHECKPOINT BATCH 24805,16.0355,,,
10:23:02,24810,19.7149,16.3150,5000,0.1295
,CHECKPOINT BATCH 24810,19.7149,,,
,CHECKPOINT BATCH 24815,14.4927,,,
10:23:06,24820,23.0062,16.3000,5000,0.1294
,CHECKPOINT BATCH 24820,23.0062,,,
,CHECKPOINT BATCH 24825,20.3522,,,
,CHECKPOINT BATCH 24830,28.8763,,,
,CHECKPOINT BATCH 24835,19.9235,,,
10:23:08,24839,20.2982,16.1235,5000,0.1292
,CHECKPOINT BATCH 24840,18.4965,,,
,CHECKPOINT BATCH 24845,17.4680,,,
,CHECKPOINT BATCH 24850,26.1846,,,
,CHECKPOINT BATCH 24855,20.0903,,,
10:23:12,24858,20.0873,17.1650,5000,0.1291
,CHECKPOINT BATCH 24860,16.2948,,,
,CHECKPOINT BATCH 24865,22.6873,,,
,CHECKPOINT BATCH 24870,19.8951,,,
,CHECKPOINT BATCH 24875,33.7798,,,
10:23:15,24877,22.5280,18.0970,5000,0.1289
,CHECKPOINT BATCH 24880,29.8979,,,
,CHECKPOINT BATCH 24885,27.1896,,,
,CHECKPOINT BATCH 24890,20.8547,,,
,CHECKPOINT BATCH 24895,18.8661,,,
10:23:17,24896,18.7660,18.3230,5000,0.1288
,CHECKPOINT BATCH 24900,25.0648,,,
,CHECKPOINT BATCH 24905,20.3131,,,
,CHECKPOINT BATCH 24910,16.7204,,,
10:23:19,24915,30.5387,15.4480,5000,0.1286
,CHECKPOINT BATCH 24915,30.5387,,,
,CHECKPOINT BATCH 24920,19.7415,,,
,CHECKPOINT BATCH 24925,26.8024,,,
,CHECKPOINT BATCH 24930,16.2219,,,
10:23:21,24934,22.4215,12.4875,5000,0.1285
,CHECKPOINT BATCH 24935,37.7071,,,
,CHECKPOINT BATCH 24940,20.3544,,,
,CHECKPOINT BATCH 24945,21.0616,,,
,CHECKPOINT BATCH 24950,13.8272,,,
10:23:23,24953,16.7333,9.6490,5000,0.1283
,CHECKPOINT BATCH 24955,17.8813,,,
,CHECKPOINT BATCH 24960,19.5223,,,
,CHECKPOINT BATCH 24965,26.3357,,,
,CHECKPOINT BATCH 24970,26.7723,,,
10:23:25,24972,17.6165,6.0505,5000,0.1282
,CHECKPOINT BATCH 24975,14.1776,,,
,CHECKPOINT BATCH 24980,17.5673,,,
,CHECKPOINT BATCH 24985,19.1898,,,
,CHECKPOINT BATCH 24990,17.0491,,,
10:23:27,24991,14.7523,2.6985,5000,0.1281
,CHECKPOINT BATCH 24995,27.1468,,,
,CHECKPOINT BATCH 25000,18.8245,,,
,CHECKPOINT BATCH 25005,16.5781,,,
10:23:29,25010,23.7894,2.0840,5000,0.1279
,CHECKPOINT BATCH 25010,23.7894,,,
,CHECKPOINT BATCH 25015,20.7585,,,
,CHECKPOINT BATCH 25020,17.0140,,,
,CHECKPOINT BATCH 25025,15.8745,,,
10:23:31,25029,31.8715,2.2200,5000,0.1278
,CHECKPOINT BATCH 25030,19.7137,,,
,CHECKPOINT BATCH 25035,19.5348,,,
,CHECKPOINT BATCH 25040,20.7219,,,
10:23:35,25045,25.4331,3.0815,5000,0.1276
,CHECKPOINT BATCH 25045,25.4331,,,
,CHECKPOINT BATCH 25050,25.1866,,,
,CHECKPOINT BATCH 25055,27.8417,,,
,CHECKPOINT BATCH 25060,31.7847,,,
10:23:37,25064,23.7013,3.0290,5000,0.1275
,CHECKPOINT BATCH 25065,24.4200,,,
,CHECKPOINT BATCH 25070,27.7766,,,
,CHECKPOINT BATCH 25075,17.0099,,,
,CHECKPOINT BATCH 25080,30.6584,,,
10:23:39,25083,18.7893,6.9630,5000,0.1273
,CHECKPOINT BATCH 25085,26.1085,,,
,CHECKPOINT BATCH 25090,15.9314,,,
,CHECKPOINT BATCH 25095,26.0556,,,
,CHECKPOINT BATCH 25100,24.5640,,,
10:23:41,25102,11.9474,10.6320,5000,0.1272
,CHECKPOINT BATCH 25105,22.7093,,,
,CHECKPOINT BATCH 25110,15.7896,,,
,CHECKPOINT BATCH 25115,31.4838,,,
,CHECKPOINT BATCH 25120,17.8805,,,
10:23:44,25121,18.3211,12.4190,5000,0.1270
,CHECKPOINT BATCH 25125,10.6243,,,
10:23:47,25130,12.7707,12.4055,5000,0.1270
,CHECKPOINT BATCH 25130,12.7707,,,
,CHECKPOINT BATCH 25135,23.6762,,,
,CHECKPOINT BATCH 25140,25.4635,,,
,CHECKPOINT BATCH 25145,19.7104,,,
10:23:49,25149,12.9176,12.1125,5000,0.1268
,CHECKPOINT BATCH 25150,13.8829,,,
,CHECKPOINT BATCH 25155,23.3188,,,
,CHECKPOINT BATCH 25160,19.2356,,,
,CHECKPOINT BATCH 25165,23.1649,,,
10:23:53,25168,16.9598,14.1860,5000,0.1267
,CHECKPOINT BATCH 25170,10.7072,,,
,CHECKPOINT BATCH 25175,17.8933,,,
,CHECKPOINT BATCH 25180,19.1211,,,
,CHECKPOINT BATCH 25185,23.6102,,,
10:23:55,25187,20.4384,10.2155,5000,0.1265
,CHECKPOINT BATCH 25190,33.0343,,,
,CHECKPOINT BATCH 25195,13.6948,,,
,CHECKPOINT BATCH 25200,23.6085,,,
,CHECKPOINT BATCH 25205,31.7225,,,
10:23:58,25206,16.6602,8.2265,5000,0.1264
,CHECKPOINT BATCH 25210,19.4471,,,
,CHECKPOINT BATCH 25215,18.4610,,,
,CHECKPOINT BATCH 25220,33.8892,,,
10:24:00,25225,19.5362,5.8135,5000,0.1262
,CHECKPOINT BATCH 25225,19.5362,,,
,CHECKPOINT BATCH 25230,15.3620,,,
,CHECKPOINT BATCH 25235,15.3610,,,
,CHECKPOINT BATCH 25240,11.9370,,,
10:24:02,25244,16.6213,5.8310,5000,0.1261
,CHECKPOINT BATCH 25245,21.0786,,,
,CHECKPOINT BATCH 25250,20.0081,,,
10:24:05,25251,15.9336,5.2135,5000,0.1260
,CHECKPOINT BATCH 25255,20.5635,,,
,CHECKPOINT BATCH 25260,17.7538,,,
,CHECKPOINT BATCH 25265,19.6447,,,
10:24:07,25270,31.1378,4.3980,5000,0.1259
,CHECKPOINT BATCH 25270,31.1378,,,
,CHECKPOINT BATCH 25275,15.5617,,,
,CHECKPOINT BATCH 25280,16.2832,,,
,CHECKPOINT BATCH 25285,24.8268,,,
10:24:09,25289,23.6219,5.3115,5000,0.1258
,CHECKPOINT BATCH 25290,24.7896,,,
,CHECKPOINT BATCH 25295,14.1727,,,
,CHECKPOINT BATCH 25300,18.6725,,,
,CHECKPOINT BATCH 25305,25.9714,,,
10:24:11,25308,20.0472,6.2330,5000,0.1256
,CHECKPOINT BATCH 25310,18.9630,,,
,CHECKPOINT BATCH 25315,19.7563,,,
,CHECKPOINT BATCH 25320,22.1251,,,
,CHECKPOINT BATCH 25325,20.1948,,,
10:24:13,25327,15.8439,7.1010,5000,0.1255
,CHECKPOINT BATCH 25330,11.9215,,,
,CHECKPOINT BATCH 25335,15.9053,,,
,CHECKPOINT BATCH 25340,15.4352,,,
,CHECKPOINT BATCH 25345,18.0518,,,
10:24:15,25346,16.4682,7.8525,5000,0.1253
,CHECKPOINT BATCH 25350,35.2992,,,
,CHECKPOINT BATCH 25355,22.4628,,,
,CHECKPOINT BATCH 25360,35.2923,,,
10:24:17,25365,23.2651,6.8050,5000,0.1252
,CHECKPOINT BATCH 25365,23.2651,,,
,CHECKPOINT BATCH 25370,18.4084,,,
,CHECKPOINT BATCH 25375,25.5722,,,
,CHECKPOINT BATCH 25380,30.5005,,,
10:24:19,25384,16.1954,5.3035,5000,0.1250
,CHECKPOINT BATCH 25385,14.8051,,,
10:24:22,25386,15.4638,5.1520,5000,0.1250
,CHECKPOINT BATCH 25390,15.7829,,,
,CHECKPOINT BATCH 25395,24.5027,,,
,CHECKPOINT BATCH 25400,21.4318,,,
10:24:24,25405,23.8316,5.6200,5000,0.1249
,CHECKPOINT BATCH 25405,23.8316,,,
,CHECKPOINT BATCH 25410,16.0712,,,
,CHECKPOINT BATCH 25415,19.7089,,,
,CHECKPOINT BATCH 25420,29.3520,,,
10:24:26,25424,22.6741,7.6255,5000,0.1247
,CHECKPOINT BATCH 25425,17.3638,,,
,CHECKPOINT BATCH 25430,25.0716,,,
,CHECKPOINT BATCH 25435,17.5314,,,
,CHECKPOINT BATCH 25440,17.2802,,,
10:24:28,25443,16.0788,9.9745,5000,0.1246
,CHECKPOINT BATCH 25445,21.5499,,,
,CHECKPOINT BATCH 25450,13.6076,,,
,CHECKPOINT BATCH 25455,19.8666,,,
10:24:32,25458,30.8219,12.8375,5000,0.1245
,CHECKPOINT BATCH 25460,19.5890,,,
,CHECKPOINT BATCH 25465,14.6553,,,
,CHECKPOINT BATCH 25470,15.7492,,,
,CHECKPOINT BATCH 25475,21.5704,,,
10:24:34,25477,22.7944,15.6900,5000,0.1243
,CHECKPOINT BATCH 25480,16.7132,,,
,CHECKPOINT BATCH 25485,30.9709,,,
,CHECKPOINT BATCH 25490,22.5835,,,
,CHECKPOINT BATCH 25495,16.9376,,,
10:24:36,25496,24.0256,17.9575,5000,0.1242
,CHECKPOINT BATCH 25500,14.6684,,,
,CHECKPOINT BATCH 25505,22.2951,,,
,CHECKPOINT BATCH 25510,23.7767,,,
10:24:38,25515,20.3237,16.4600,5000,0.1241
,CHECKPOINT BATCH 25515,20.3237,,,
,CHECKPOINT BATCH 25520,16.4377,,,
,CHECKPOINT BATCH 25525,26.6152,,,
10:24:42,25530,23.5363,15.5145,5000,0.1240
,CHECKPOINT BATCH 25530,23.5363,,,
,CHECKPOINT BATCH 25535,23.1252,,,
,CHECKPOINT BATCH 25540,24.6072,,,
,CHECKPOINT BATCH 25545,17.1628,,,
10:24:44,25549,18.7705,12.1210,5000,0.1238
,CHECKPOINT BATCH 25550,22.2700,,,
,CHECKPOINT BATCH 25555,13.4222,,,
,CHECKPOINT BATCH 25560,19.3879,,,
,CHECKPOINT BATCH 25565,21.6631,,,
10:24:47,25568,19.2287,13.1735,5000,0.1237
,CHECKPOINT BATCH 25570,17.8550,,,
,CHECKPOINT BATCH 25575,19.9954,,,
,CHECKPOINT BATCH 25580,22.8551,,,
,CHECKPOINT BATCH 25585,16.4077,,,
10:24:49,25587,23.5465,12.2325,5000,0.1235
,CHECKPOINT BATCH 25590,16.2271,,,
,CHECKPOINT BATCH 25595,16.4627,,,
,CHECKPOINT BATCH 25600,27.4567,,,
,CHECKPOINT BATCH 25605,17.6171,,,
10:24:51,25606,32.7527,11.5960,5000,0.1234
,CHECKPOINT BATCH 25610,17.4867,,,
,CHECKPOINT BATCH 25615,21.3377,,,
,CHECKPOINT BATCH 25620,19.7359,,,
10:24:55,25621,18.3091,11.0930,5000,0.1233
,CHECKPOINT BATCH 25625,19.5549,,,
,CHECKPOINT BATCH 25630,22.8444,,,
,CHECKPOINT BATCH 25635,27.7269,,,
10:24:57,25640,18.1047,10.9585,5000,0.1231
,CHECKPOINT BATCH 25640,18.1047,,,
,CHECKPOINT BATCH 25645,18.9694,,,
,CHECKPOINT BATCH 25650,17.2564,,,
,CHECKPOINT BATCH 25655,27.2506,,,
10:24:59,25659,19.4746,12.1725,5000,0.1230
,CHECKPOINT BATCH 25660,24.0147,,,
,CHECKPOINT BATCH 25665,23.7897,,,
,CHECKPOINT BATCH 25670,23.1471,,,
,CHECKPOINT BATCH 25675,11.1095,,,
10:25:03,25678,20.3151,11.8845,5000,0.1229
,CHECKPOINT BATCH 25680,19.3026,,,
,CHECKPOINT BATCH 25685,20.2742,,,
,CHECKPOINT BATCH 25690,26.3182,,,
,CHECKPOINT BATCH 25695,19.2805,,,
10:25:05,25697,24.4090,10.3500,5000,0.1227
,CHECKPOINT BATCH 25700,27.4353,,,
,CHECKPOINT BATCH 25705,17.5817,,,
,CHECKPOINT BATCH 25710,15.7600,,,
,CHECKPOINT BATCH 25715,22.7754,,,
10:25:07,25716,51.6368,12.0195,5000,0.1226
,CHECKPOINT BATCH 25720,20.3986,,,
,CHECKPOINT BATCH 25725,28.4384,,,
,CHECKPOINT BATCH 25730,13.6286,,,
10:25:10,25735,25.2090,15.4180,5000,0.1225
,CHECKPOINT BATCH 25735,25.2090,,,
10:25:12,25738,17.1777,15.7140,5000,0.1224
,CHECKPOINT BATCH 25740,18.0361,,,
,CHECKPOINT BATCH 25745,31.6041,,,
,CHECKPOINT BATCH 25750,23.2504,,,
,CHECKPOINT BATCH 25755,20.3043,,,
10:25:14,25757,19.8998,15.3905,5000,0.1223
,CHECKPOINT BATCH 25760,21.1578,,,
,CHECKPOINT BATCH 25765,21.1903,,,
,CHECKPOINT BATCH 25770,16.2432,,,
10:25:16,25775,18.9798,13.3720,5000,0.1222
,CHECKPOINT BATCH 25775,18.9798,,,
,CHECKPOINT BATCH 25780,37.2208,,,
,CHECKPOINT BATCH 25785,18.8546,,,
,CHECKPOINT BATCH 25790,13.7709,,,
10:25:18,25794,19.1234,13.1900,5000,0.1220
,CHECKPOINT BATCH 25795,24.9262,,,
,CHECKPOINT BATCH 25800,23.5488,,,
,CHECKPOINT BATCH 25805,16.5597,,,
,CHECKPOINT BATCH 25810,25.8927,,,
10:25:20,25813,30.4897,9.8545,5000,0.1219
,CHECKPOINT BATCH 25815,23.2666,,,
,CHECKPOINT BATCH 25820,21.7694,,,
,CHECKPOINT BATCH 25825,17.1563,,,
,CHECKPOINT BATCH 25830,30.5339,,,
10:25:23,25832,20.6126,6.2920,5000,0.1218
,CHECKPOINT BATCH 25835,20.1777,,,
,CHECKPOINT BATCH 25840,18.1878,,,
,CHECKPOINT BATCH 25845,23.8711,,,
,CHECKPOINT BATCH 25850,19.4258,,,
10:25:25,25851,24.9158,3.2635,5000,0.1216
,CHECKPOINT BATCH 25855,27.8628,,,
,CHECKPOINT BATCH 25860,28.8220,,,
,CHECKPOINT BATCH 25865,13.0588,,,
10:25:27,25870,23.2810,1.7255,5000,0.1215
,CHECKPOINT BATCH 25870,23.2810,,,
,CHECKPOINT BATCH 25875,21.9700,,,
,CHECKPOINT BATCH 25880,16.8132,,,
,CHECKPOINT BATCH 25885,17.2521,,,
10:25:29,25889,24.0883,1.2690,5000,0.1213
,CHECKPOINT BATCH 25890,20.2184,,,
10:25:32,25894,24.9889,1.2730,5000,0.1213
,CHECKPOINT BATCH 25895,23.6690,,,
,CHECKPOINT BATCH 25900,14.9635,,,
,CHECKPOINT BATCH 25905,18.1234,,,
,CHECKPOINT BATCH 25910,18.9141,,,
10:25:34,25913,13.9844,1.8190,5000,0.1212
,CHECKPOINT BATCH 25915,20.2817,,,
,CHECKPOINT BATCH 25920,21.4576,,,
,CHECKPOINT BATCH 25925,32.0606,,,
,CHECKPOINT BATCH 25930,44.3837,,,
10:25:36,25931,16.7734,3.5680,5000,0.1210
,CHECKPOINT BATCH 25935,11.0508,,,
,CHECKPOINT BATCH 25940,28.9406,,,
,CHECKPOINT BATCH 25945,24.9137,,,
10:25:38,25950,25.1733,6.3200,5000,0.1209
,CHECKPOINT BATCH 25950,25.1733,,,
,CHECKPOINT BATCH 25955,16.4383,,,
,CHECKPOINT BATCH 25960,21.9053,,,
,CHECKPOINT BATCH 25965,16.5115,,,
10:25:40,25969,16.2365,7.9000,5000,0.1208
,CHECKPOINT BATCH 25970,14.5042,,,
,CHECKPOINT BATCH 25975,22.3590,,,
,CHECKPOINT BATCH 25980,17.3024,,,
,CHECKPOINT BATCH 25985,24.7824,,,
10:25:42,25988,32.8867,9.4485,5000,0.1206
,CHECKPOINT BATCH 25990,16.5884,,,
,CHECKPOINT BATCH 25995,22.1698,,,
,CHECKPOINT BATCH 26000,20.3461,,,
,CHECKPOINT BATCH 26005,14.4179,,,
10:25:44,26007,19.9730,10.7680,5000,0.1205
,CHECKPOINT BATCH 26010,24.5828,,,
,CHECKPOINT BATCH 26015,23.1612,,,
,CHECKPOINT BATCH 26020,20.7147,,,
10:25:48,26022,18.6304,10.8690,5000,0.1204
,CHECKPOINT BATCH 26025,23.3750,,,
,CHECKPOINT BATCH 26030,28.4808,,,
,CHECKPOINT BATCH 26035,13.5292,,,
,CHECKPOINT BATCH 26040,18.4379,,,
10:25:50,26041,26.2900,10.2790,5000,0.1203
,CHECKPOINT BATCH 26045,28.9681,,,
,CHECKPOINT BATCH 26050,25.5451,,,
,CHECKPOINT BATCH 26055,16.1461,,,
10:25:52,26060,16.7916,10.3545,5000,0.1201
,CHECKPOINT BATCH 26060,16.7916,,,
,CHECKPOINT BATCH 26065,13.1016,,,
,CHECKPOINT BATCH 26070,23.0361,,,
,CHECKPOINT BATCH 26075,19.5253,,,
10:25:54,26078,17.6212,11.5515,5000,0.1200
,CHECKPOINT BATCH 26080,22.6784,,,
,CHECKPOINT BATCH 26085,18.3663,,,
,CHECKPOINT BATCH 26090,18.3346,,,
,CHECKPOINT BATCH 26095,19.8107,,,
10:25:56,26097,15.6002,11.5485,5000,0.1199
,CHECKPOINT BATCH 26100,31.2454,,,
,CHECKPOINT BATCH 26105,24.6566,,,
,CHECKPOINT BATCH 26110,20.0879,,,
10:26:00,26111,18.2014,11.2345,5000,0.1198
,CHECKPOINT BATCH 26115,21.8331,,,
,CHECKPOINT BATCH 26120,28.2219,,,
,CHECKPOINT BATCH 26125,27.1586,,,
10:26:02,26130,15.7375,13.2365,5000,0.1196
,CHECKPOINT BATCH 26130,15.7375,,,
,CHECKPOINT BATCH 26135,18.8976,,,
,CHECKPOINT BATCH 26140,13.2099,,,
,CHECKPOINT BATCH 26145,25.0510,,,
10:26:04,26149,26.6317,13.7425,5000,0.1195
,CHECKPOINT BATCH 26150,13.4177,,,
,CHECKPOINT BATCH 26155,22.4347,,,
,CHECKPOINT BATCH 26160,18.0887,,,
,CHECKPOINT BATCH 26165,21.2845,,,
10:26:06,26168,32.6102,13.4885,5000,0.1194
,CHECKPOINT BATCH 26170,24.6261,,,
,CHECKPOINT BATCH 26175,18.1088,,,
,CHECKPOINT BATCH 26180,17.8643,,,
,CHECKPOINT BATCH 26185,15.9978,,,
10:26:08,26187,20.5396,13.3220,5000,0.1193
,CHECKPOINT BATCH 26190,16.0965,,,
,CHECKPOINT BATCH 26195,22.2327,,,
10:26:12,26199,24.2505,13.1800,5000,0.1192
,CHECKPOINT BATCH 26200,19.2879,,,
,CHECKPOINT BATCH 26205,15.3236,,,
,CHECKPOINT BATCH 26210,22.6013,,,
,CHECKPOINT BATCH 26215,19.7808,,,
10:26:14,26218,18.3915,15.9140,5000,0.1190
,CHECKPOINT BATCH 26220,15.9666,,,
,CHECKPOINT BATCH 26225,16.4872,,,
,CHECKPOINT BATCH 26230,29.0627,,,
,CHECKPOINT BATCH 26235,21.6940,,,
10:26:16,26237,17.1338,14.9710,5000,0.1189
,CHECKPOINT BATCH 26240,22.3696,,,
10:26:19,26241,14.8625,14.3535,5000,0.1189
,CHECKPOINT BATCH 26245,15.8456,,,
,CHECKPOINT BATCH 26250,22.3261,,,
,CHECKPOINT BATCH 26255,28.7178,,,
10:26:21,26260,28.3252,13.7925,5000,0.1187
,CHECKPOINT BATCH 26260,28.3252,,,
,CHECKPOINT BATCH 26265,24.6930,,,
,CHECKPOINT BATCH 26270,25.1638,,,
,CHECKPOINT BATCH 26275,21.2226,,,
10:26:23,26279,22.7136,14.2305,5000,0.1186
,CHECKPOINT BATCH 26280,30.8781,,,
10:26:26,26285,19.7387,13.7685,5000,0.1186
,CHECKPOINT BATCH 26285,19.7387,,,
,CHECKPOINT BATCH 26290,36.8046,,,
,CHECKPOINT BATCH 26295,21.1778,,,
,CHECKPOINT BATCH 26300,18.9951,,,
10:26:28,26304,17.5218,11.6410,5000,0.1184
,CHECKPOINT BATCH 26305,38.1037,,,
,CHECKPOINT BATCH 26310,19.0949,,,
,CHECKPOINT BATCH 26315,22.5286,,,
,CHECKPOINT BATCH 26320,18.9854,,,
10:26:30,26323,23.7453,9.6890,5000,0.1183
,CHECKPOINT BATCH 26325,23.2004,,,
,CHECKPOINT BATCH 26330,19.7389,,,
,CHECKPOINT BATCH 26335,12.6234,,,
10:26:34,26338,15.5111,9.3850,5000,0.1182
,CHECKPOINT BATCH 26340,21.2678,,,
,CHECKPOINT BATCH 26345,25.2035,,,
,CHECKPOINT BATCH 26350,14.9580,,,
,CHECKPOINT BATCH 26355,17.5377,,,
10:26:36,26357,20.5512,7.7995,5000,0.1181
,CHECKPOINT BATCH 26360,16.8217,,,
,CHECKPOINT BATCH 26365,15.0881,,,
,CHECKPOINT BATCH 26370,18.9407,,,
,CHECKPOINT BATCH 26375,23.2970,,,
10:26:39,26376,18.6180,6.4560,5000,0.1180
,CHECKPOINT BATCH 26380,14.3761,,,
,CHECKPOINT BATCH 26385,17.1697,,,
,CHECKPOINT BATCH 26390,13.3774,,,
10:26:41,26395,15.3113,9.3655,5000,0.1178
,CHECKPOINT BATCH 26395,15.3113,,,
,CHECKPOINT BATCH 26400,16.1500,,,
,CHECKPOINT BATCH 26405,23.8460,,,
,CHECKPOINT BATCH 26410,18.6008,,,
10:26:43,26414,17.0246,9.9990,5000,0.1177
,CHECKPOINT BATCH 26415,13.6558,,,
,CHECKPOINT BATCH 26420,15.3779,,,
,CHECKPOINT BATCH 26425,16.5327,,,
,CHECKPOINT BATCH 26430,19.1511,,,
10:26:45,26433,11.9969,8.1580,5000,0.1176
,CHECKPOINT BATCH 26435,18.9207,,,
,CHECKPOINT BATCH 26440,22.8162,,,
,CHECKPOINT BATCH 26445,15.7931,,,
,CHECKPOINT BATCH 26450,15.3568,,,
10:26:47,26452,19.3509,8.3605,5000,0.1174
,CHECKPOINT BATCH 26455,24.5884,,,
,CHECKPOINT BATCH 26460,16.9137,,,
,CHECKPOINT BATCH 26465,23.7700,,,
,CHECKPOINT BATCH 26470,18.2454,,,
10:26:49,26471,19.9083,7.8650,5000,0.1173
,CHECKPOINT BATCH 26475,20.1596,,,
,CHECKPOINT BATCH 26480,18.3269,,,
,CHECKPOINT BATCH 26485,26.7937,,,
10:26:51,26490,14.6912,4.1950,5000,0.1172
,CHECKPOINT BATCH 26490,14.6912,,,
,CHECKPOINT BATCH 26495,19.8246,,,
,CHECKPOINT BATCH 26500,11.3867,,,
,CHECKPOINT BATCH 26505,20.9435,,,
10:26:55,26508,17.2347,2.4620,5000,0.1171
,CHECKPOINT BATCH 26510,26.3688,,,
,CHECKPOINT BATCH 26515,21.4065,,,
,CHECKPOINT BATCH 26520,10.2892,,,
,CHECKPOINT BATCH 26525,21.6959,,,
10:26:57,26527,23.0553,1.9640,5000,0.1169
,CHECKPOINT BATCH 26530,21.6402,,,
,CHECKPOINT BATCH 26535,18.3498,,,
,CHECKPOINT BATCH 26540,16.8337,,,
,CHECKPOINT BATCH 26545,21.2090,,,
10:26:59,26546,15.9307,5.1195,5000,0.1168
,CHECKPOINT BATCH 26550,18.6615,,,
,CHECKPOINT BATCH 26555,21.6270,,,
,CHECKPOINT BATCH 26560,21.0752,,,
10:27:02,26565,21.2246,7.4265,5000,0.1167
,CHECKPOINT BATCH 26565,21.2246,,,
,CHECKPOINT BATCH 26570,25.1523,,,
,CHECKPOINT BATCH 26575,19.6564,,,
,CHECKPOINT BATCH 26580,25.1974,,,
10:27:04,26584,23.2442,8.7020,5000,0.1166
,CHECKPOINT BATCH 26585,16.6605,,,
,CHECKPOINT BATCH 26590,20.9953,,,
,CHECKPOINT BATCH 26595,32.4758,,,
,CHECKPOINT BATCH 26600,23.2067,,,
10:27:06,26603,17.2472,10.1365,5000,0.1164
,CHECKPOINT BATCH 26605,21.8457,,,
,CHECKPOINT BATCH 26610,22.2283,,,
,CHECKPOINT BATCH 26615,21.6431,,,
10:27:10,26620,13.9549,11.8410,5000,0.1163
,CHECKPOINT BATCH 26620,13.9549,,,
,CHECKPOINT BATCH 26625,14.9727,,,
,CHECKPOINT BATCH 26630,16.5038,,,
,CHECKPOINT BATCH 26635,19.4756,,,
10:27:12,26639,26.4480,11.7620,5000,0.1162
,CHECKPOINT BATCH 26640,22.2283,,,
,CHECKPOINT BATCH 26645,18.6706,,,
,CHECKPOINT BATCH 26650,15.6050,,,
,CHECKPOINT BATCH 26655,12.7792,,,
10:27:14,26658,14.5157,11.7570,5000,0.1161
10:27:17,26660,24.4370,11.4455,5000,0.1161
,CHECKPOINT BATCH 26660,24.4370,,,
,CHECKPOINT BATCH 26665,24.2155,,,
,CHECKPOINT BATCH 26670,25.8671,,,
,CHECKPOINT BATCH 26675,12.6613,,,
10:27:19,26678,16.5026,10.0650,5000,0.1159
,CHECKPOINT BATCH 26680,17.9978,,,
,CHECKPOINT BATCH 26685,14.3358,,,
,CHECKPOINT BATCH 26690,13.5316,,,
,CHECKPOINT BATCH 26695,11.1315,,,
10:27:21,26697,20.2766,11.8290,5000,0.1158
,CHECKPOINT BATCH 26700,32.1690,,,
,CHECKPOINT BATCH 26705,18.1215,,,
,CHECKPOINT BATCH 26710,23.5415,,,
,CHECKPOINT BATCH 26715,16.7894,,,
10:27:23,26716,16.8211,12.9075,5000,0.1157
,CHECKPOINT BATCH 26720,14.8001,,,
,CHECKPOINT BATCH 26725,17.9270,,,
,CHECKPOINT BATCH 26730,18.8937,,,
10:27:27,26735,18.9723,12.8720,5000,0.1156
,CHECKPOINT BATCH 26735,18.9723,,,
,CHECKPOINT BATCH 26740,22.9465,,,
,CHECKPOINT BATCH 26745,20.7330,,,
,CHECKPOINT BATCH 26750,20.6214,,,
10:27:29,26754,28.8772,9.7910,5000,0.1154
,CHECKPOINT BATCH 26755,28.0116,,,
,CHECKPOINT BATCH 26760,16.8627,,,
,CHECKPOINT BATCH 26765,14.0890,,,
,CHECKPOINT BATCH 26770,32.4105,,,
10:27:31,26773,14.2156,13.1880,5000,0.1153
,CHECKPOINT BATCH 26775,19.0939,,,
,CHECKPOINT BATCH 26780,27.8907,,,
,CHECKPOINT BATCH 26785,22.8511,,,
,CHECKPOINT BATCH 26790,19.6550,,,
10:27:33,26792,15.6678,13.6285,5000,0.1152
,CHECKPOINT BATCH 26795,12.8906,,,
,CHECKPOINT BATCH 26800,12.5598,,,
,CHECKPOINT BATCH 26805,21.0035,,,
,CHECKPOINT BATCH 26810,23.1459,,,
10:27:35,26811,16.5789,12.5955,5000,0.1151
,CHECKPOINT BATCH 26815,22.0474,,,
,CHECKPOINT BATCH 26820,14.6714,,,
,CHECKPOINT BATCH 26825,18.1096,,,
10:27:38,26830,22.7029,13.0515,5000,0.1149
,CHECKPOINT BATCH 26830,22.7029,,,
10:27:40,26832,26.8654,12.7525,5000,0.1149
,CHECKPOINT BATCH 26835,19.5346,,,
,CHECKPOINT BATCH 26840,24.9046,,,
,CHECKPOINT BATCH 26845,18.1997,,,
,CHECKPOINT BATCH 26850,15.8192,,,
10:27:42,26851,14.6481,15.5255,5000,0.1148
,CHECKPOINT BATCH 26855,16.0773,,,
,CHECKPOINT BATCH 26860,14.4540,,,
,CHECKPOINT BATCH 26865,16.3219,,,
10:27:47,26869,13.7230,15.3655,5000,0.1147
,CHECKPOINT BATCH 26870,21.5315,,,
,CHECKPOINT BATCH 26875,20.4905,,,
,CHECKPOINT BATCH 26880,10.6612,,,
,CHECKPOINT BATCH 26885,16.5124,,,
10:27:49,26888,11.8863,15.1735,5000,0.1146
,CHECKPOINT BATCH 26890,12.3710,,,
,CHECKPOINT BATCH 26895,25.1785,,,
,CHECKPOINT BATCH 26900,18.1262,,,
,CHECKPOINT BATCH 26905,21.9300,,,
10:27:51,26907,19.9449,16.2735,5000,0.1144
,CHECKPOINT BATCH 26910,27.3152,,,
,CHECKPOINT BATCH 26915,30.6961,,,
,CHECKPOINT BATCH 26920,21.1553,,,
10:27:55,26922,17.2651,15.0310,5000,0.1143
,CHECKPOINT BATCH 26925,18.5023,,,
,CHECKPOINT BATCH 26930,16.1958,,,
,CHECKPOINT BATCH 26935,14.0861,,,
,CHECKPOINT BATCH 26940,18.2804,,,
10:27:57,26941,15.3292,13.4720,5000,0.1142
,CHECKPOINT BATCH 26945,28.0722,,,
,CHECKPOINT BATCH 26950,18.3670,,,
,CHECKPOINT BATCH 26955,13.3124,,,
10:27:59,26960,16.8239,13.7195,5000,0.1141
,CHECKPOINT BATCH 26960,16.8239,,,
,CHECKPOINT BATCH 26965,26.0146,,,
,CHECKPOINT BATCH 26970,16.7286,,,
,CHECKPOINT BATCH 26975,25.7765,,,
10:28:01,26979,15.1349,13.9405,5000,0.1140
,CHECKPOINT BATCH 26980,17.3653,,,
10:28:04,26982,22.4661,14.0890,5000,0.1140
,CHECKPOINT BATCH 26985,27.1981,,,
,CHECKPOINT BATCH 26990,20.3792,,,
,CHECKPOINT BATCH 26995,14.5751,,,
,CHECKPOINT BATCH 27000,22.9857,,,
10:28:06,27001,19.6972,14.9810,5000,0.1138
,CHECKPOINT BATCH 27005,22.9119,,,
10:28:09,27007,18.7595,15.7245,5000,0.1138
,CHECKPOINT BATCH 27010,16.8689,,,
,CHECKPOINT BATCH 27015,24.5335,,,
,CHECKPOINT BATCH 27020,15.4311,,,
,CHECKPOINT BATCH 27025,23.6223,,,
10:28:11,27026,22.4380,18.0080,5000,0.1137
,CHECKPOINT BATCH 27030,30.8512,,,
,CHECKPOINT BATCH 27035,13.0253,,,
,CHECKPOINT BATCH 27040,19.7710,,,
10:28:13,27045,20.9629,18.3035,5000,0.1136
,CHECKPOINT BATCH 27045,20.9629,,,
,CHECKPOINT BATCH 27050,20.6180,,,
,CHECKPOINT BATCH 27055,20.5641,,,
,CHECKPOINT BATCH 27060,20.8438,,,
10:28:15,27064,18.6728,16.3855,5000,0.1134
,CHECKPOINT BATCH 27065,23.4447,,,
,CHECKPOINT BATCH 27070,32.9694,,,
,CHECKPOINT BATCH 27075,17.7349,,,
,CHECKPOINT BATCH 27080,17.7201,,,
10:28:17,27083,16.7722,15.7455,5000,0.1133
,CHECKPOINT BATCH 27085,18.0962,,,
,CHECKPOINT BATCH 27090,17.4874,,,
,CHECKPOINT BATCH 27095,17.7866,,,
10:28:21,27100,17.4449,13.4340,5000,0.1132
,CHECKPOINT BATCH 27100,17.4449,,,
,CHECKPOINT BATCH 27105,21.3040,,,
,CHECKPOINT BATCH 27110,19.8085,,,
,CHECKPOINT BATCH 27115,14.6200,,,
10:28:23,27119,17.3758,9.9425,5000,0.1131
,CHECKPOINT BATCH 27120,18.0276,,,
,CHECKPOINT BATCH 27125,29.4152,,,
,CHECKPOINT BATCH 27130,12.4209,,,
,CHECKPOINT BATCH 27135,17.3087,,,
10:28:25,27138,19.4759,10.2585,5000,0.1130
,CHECKPOINT BATCH 27140,19.0383,,,
,CHECKPOINT BATCH 27145,17.8840,,,
,CHECKPOINT BATCH 27150,13.7709,,,
,CHECKPOINT BATCH 27155,15.5820,,,
10:28:27,27157,15.2655,10.3695,5000,0.1129
,CHECKPOINT BATCH 27160,15.3812,,,
,CHECKPOINT BATCH 27165,17.3423,,,
,CHECKPOINT BATCH 27170,16.6285,,,
,CHECKPOINT BATCH 27175,14.4739,,,
10:28:30,27176,8.2253,9.4195,5000,0.1127
,CHECKPOINT BATCH 27180,25.9627,,,
,CHECKPOINT BATCH 27185,17.3092,,,
10:28:33,27187,30.0947,8.3625,5000,0.1127
,CHECKPOINT BATCH 27190,27.4709,,,
,CHECKPOINT BATCH 27195,17.4942,,,
,CHECKPOINT BATCH 27200,19.4354,,,
,CHECKPOINT BATCH 27205,14.2371,,,
10:28:35,27206,23.8961,9.6315,5000,0.1125
,CHECKPOINT BATCH 27210,16.4770,,,
,CHECKPOINT BATCH 27215,25.1094,,,
,CHECKPOINT BATCH 27220,17.2997,,,
10:28:37,27225,9.8340,11.4590,5000,0.1124
,CHECKPOINT BATCH 27225,9.8340,,,
,CHECKPOINT BATCH 27230,18.5282,,,
,CHECKPOINT BATCH 27235,13.3841,,,
,CHECKPOINT BATCH 27240,16.3675,,,
10:28:39,27244,17.8697,12.2530,5000,0.1123
,CHECKPOINT BATCH 27245,19.6758,,,
10:28:42,27250,15.1445,11.5000,5000,0.1123
,CHECKPOINT BATCH 27250,15.1445,,,
,CHECKPOINT BATCH 27255,24.4671,,,
,CHECKPOINT BATCH 27260,17.3001,,,
,CHECKPOINT BATCH 27265,20.5784,,,
10:28:44,27269,14.0477,8.5750,5000,0.1122
,CHECKPOINT BATCH 27270,13.2006,,,
,CHECKPOINT BATCH 27275,11.5853,,,
,CHECKPOINT BATCH 27280,11.0846,,,
,CHECKPOINT BATCH 27285,17.7999,,,
10:28:46,27288,19.1311,9.0365,5000,0.1120
,CHECKPOINT BATCH 27290,13.9715,,,
,CHECKPOINT BATCH 27295,14.7458,,,
,CHECKPOINT BATCH 27300,21.3297,,,
,CHECKPOINT BATCH 27305,20.1981,,,
10:28:49,27307,11.1521,10.6540,5000,0.1119
,CHECKPOINT BATCH 27310,19.5731,,,
,CHECKPOINT BATCH 27315,20.3233,,,
,CHECKPOINT BATCH 27320,18.0236,,,
,CHECKPOINT BATCH 27325,23.4067,,,
10:28:51,27326,15.3147,9.7625,5000,0.1118
,CHECKPOINT BATCH 27330,15.4530,,,
,CHECKPOINT BATCH 27335,12.9090,,,
,CHECKPOINT BATCH 27340,15.6925,,,
10:28:53,27345,13.5272,8.8505,5000,0.1117
,CHECKPOINT BATCH 27345,13.5272,,,
10:28:55,27346,32.5833,9.3055,5000,0.1117
,CHECKPOINT BATCH 27350,16.0883,,,
,CHECKPOINT BATCH 27355,22.0323,,,
,CHECKPOINT BATCH 27360,17.9630,,,
10:28:57,27365,28.4250,12.8405,5000,0.1116
,CHECKPOINT BATCH 27365,28.4250,,,
,CHECKPOINT BATCH 27370,20.0876,,,
10:29:00,27372,23.1143,13.7605,5000,0.1115
,CHECKPOINT BATCH 27375,13.8073,,,
,CHECKPOINT BATCH 27380,13.3975,,,
,CHECKPOINT BATCH 27385,18.4940,,,
,CHECKPOINT BATCH 27390,13.4033,,,
10:29:02,27391,13.6332,12.7025,5000,0.1114
,CHECKPOINT BATCH 27395,18.5782,,,
,CHECKPOINT BATCH 27400,21.5627,,,
,CHECKPOINT BATCH 27405,12.6301,,,
10:29:05,27410,11.5943,12.4415,5000,0.1113
,CHECKPOINT BATCH 27410,11.5943,,,
,CHECKPOINT BATCH 27415,17.0657,,,
,CHECKPOINT BATCH 27420,16.1062,,,
,CHECKPOINT BATCH 27425,22.8535,,,
10:29:07,27429,14.8565,13.1565,5000,0.1112
,CHECKPOINT BATCH 27430,12.9141,,,
,CHECKPOINT BATCH 27435,15.8491,,,
,CHECKPOINT BATCH 27440,18.3832,,,
,CHECKPOINT BATCH 27445,21.6411,,,
10:29:09,27448,24.7405,13.9215,5000,0.1110
,CHECKPOINT BATCH 27450,12.5025,,,
,CHECKPOINT BATCH 27455,9.5576,,,
,CHECKPOINT BATCH 27460,14.7123,,,
10:29:13,27465,18.6897,12.8615,5000,0.1109
,CHECKPOINT BATCH 27465,18.6897,,,
,CHECKPOINT BATCH 27470,15.1732,,,
,CHECKPOINT BATCH 27475,16.5396,,,
,CHECKPOINT BATCH 27480,18.5502,,,
10:29:15,27484,18.1522,12.5730,5000,0.1108
,CHECKPOINT BATCH 27485,17.5606,,,
,CHECKPOINT BATCH 27490,16.0265,,,
,CHECKPOINT BATCH 27495,17.6049,,,
,CHECKPOINT BATCH 27500,17.0856,,,
10:29:17,27503,22.4018,9.9220,5000,0.1107
,CHECKPOINT BATCH 27505,16.8747,,,
,CHECKPOINT BATCH 27510,11.3348,,,
,CHECKPOINT BATCH 27515,17.3976,,,
,CHECKPOINT BATCH 27520,14.1794,,,
10:29:19,27522,14.9627,6.7300,5000,0.1106
,CHECKPOINT BATCH 27525,14.9500,,,
,CHECKPOINT BATCH 27530,20.8469,,,
,CHECKPOINT BATCH 27535,14.1749,,,
10:29:24,27540,11.6995,4.2960,5000,0.1105
,CHECKPOINT BATCH 27540,11.6995,,,
,CHECKPOINT BATCH 27545,10.9312,,,
,CHECKPOINT BATCH 27550,17.1624,,,
,CHECKPOINT BATCH 27555,11.5907,,,
10:29:26,27559,11.3382,2.0090,5000,0.1104
,CHECKPOINT BATCH 27560,16.4466,,,
,CHECKPOINT BATCH 27565,14.2121,,,
,CHECKPOINT BATCH 27570,12.0591,,,
,CHECKPOINT BATCH 27575,14.3472,,,
10:29:28,27578,14.6853,5.8020,5000,0.1103
,CHECKPOINT BATCH 27580,14.5208,,,
,CHECKPOINT BATCH 27585,27.3730,,,
,CHECKPOINT BATCH 27590,21.6321,,,
,CHECKPOINT BATCH 27595,16.7115,,,
10:29:30,27597,16.6993,8.2975,5000,0.1101
10:29:32,27598,17.5389,8.3025,5000,0.1101
,CHECKPOINT BATCH 27600,25.8271,,,
,CHECKPOINT BATCH 27605,10.6289,,,
,CHECKPOINT BATCH 27610,17.8443,,,
,CHECKPOINT BATCH 27615,13.5137,,,
10:29:34,27617,17.8677,10.1595,5000,0.1100
,CHECKPOINT BATCH 27620,20.3493,,,
,CHECKPOINT BATCH 27625,17.0077,,,
,CHECKPOINT BATCH 27630,11.5500,,,
,CHECKPOINT BATCH 27635,24.0905,,,
10:29:36,27636,18.1490,12.8800,5000,0.1099
,CHECKPOINT BATCH 27640,19.5312,,,
,CHECKPOINT BATCH 27645,16.2221,,,
,CHECKPOINT BATCH 27650,20.1046,,,
10:29:38,27655,15.6451,15.1985,5000,0.1098
,CHECKPOINT BATCH 27655,15.6451,,,
,CHECKPOINT BATCH 27660,19.4782,,,
,CHECKPOINT BATCH 27665,18.4720,,,
,CHECKPOINT BATCH 27670,15.4254,,,
10:29:41,27674,21.0180,13.0980,5000,0.1097
,CHECKPOINT BATCH 27675,25.7913,,,
,CHECKPOINT BATCH 27680,13.6366,,,
,CHECKPOINT BATCH 27685,22.4572,,,
,CHECKPOINT BATCH 27690,24.8892,,,
10:29:43,27693,14.3158,9.5175,5000,0.1096
,CHECKPOINT BATCH 27695,16.1409,,,
,CHECKPOINT BATCH 27700,18.6356,,,
,CHECKPOINT BATCH 27705,19.8566,,,
,CHECKPOINT BATCH 27710,11.5156,,,
10:29:45,27712,14.9666,7.9480,5000,0.1095
,CHECKPOINT BATCH 27715,15.3890,,,
,CHECKPOINT BATCH 27720,11.7830,,,
,CHECKPOINT BATCH 27725,24.3498,,,
,CHECKPOINT BATCH 27730,17.5815,,,
10:29:47,27731,18.1346,5.3415,5000,0.1093
,CHECKPOINT BATCH 27735,16.6951,,,
,CHECKPOINT BATCH 27740,16.7639,,,
,CHECKPOINT BATCH 27745,14.3791,,,
10:29:49,27750,11.0671,2.8745,5000,0.1092
,CHECKPOINT BATCH 27750,11.0671,,,
,CHECKPOINT BATCH 27755,16.0397,,,
,CHECKPOINT BATCH 27760,19.1162,,,
,CHECKPOINT BATCH 27765,24.7401,,,
10:29:51,27769,13.3279,0.3730,5000,0.1091
,CHECKPOINT BATCH 27770,14.7788,,,
,CHECKPOINT BATCH 27775,14.8968,,,
,CHECKPOINT BATCH 27780,12.6847,,,
,CHECKPOINT BATCH 27785,12.8311,,,
10:29:53,27788,13.4812,-0.0690,5000,0.1090
,CHECKPOINT BATCH 27790,14.8948,,,
10:29:56,27795,15.3144,0.6880,5000,0.1090
,CHECKPOINT BATCH 27795,15.3144,,,
,CHECKPOINT BATCH 27800,9.2055,,,
,CHECKPOINT BATCH 27805,13.0601,,,
,CHECKPOINT BATCH 27810,18.6644,,,
10:29:58,27814,11.6181,4.3615,5000,0.1089
,CHECKPOINT BATCH 27815,14.7980,,,
,CHECKPOINT BATCH 27820,10.6402,,,
,CHECKPOINT BATCH 27825,24.8066,,,
,CHECKPOINT BATCH 27830,18.4433,,,
10:30:00,27833,17.4146,8.2100,5000,0.1087
,CHECKPOINT BATCH 27835,15.5942,,,
10:30:03,27837,12.2985,8.9720,5000,0.1087
,CHECKPOINT BATCH 27840,10.1837,,,
,CHECKPOINT BATCH 27845,15.6895,,,
,CHECKPOINT BATCH 27850,15.6864,,,
,CHECKPOINT BATCH 27855,15.1619,,,
10:30:05,27856,12.2556,12.6675,5000,0.1086
,CHECKPOINT BATCH 27860,13.9768,,,
,CHECKPOINT BATCH 27865,13.8938,,,
,CHECKPOINT BATCH 27870,15.8444,,,
10:30:07,27875,17.1044,15.9355,5000,0.1085
,CHECKPOINT BATCH 27875,17.1044,,,
,CHECKPOINT BATCH 27880,17.8638,,,
,CHECKPOINT BATCH 27885,15.0845,,,
,CHECKPOINT BATCH 27890,16.3936,,,
10:30:09,27894,16.3339,19.0520,5000,0.1084
,CHECKPOINT BATCH 27895,13.2603,,,
,CHECKPOINT BATCH 27900,13.4689,,,
,CHECKPOINT BATCH 27905,16.7281,,,
,CHECKPOINT BATCH 27910,10.7289,,,
10:30:14,27912,12.9755,16.7640,5000,0.1083
,CHECKPOINT BATCH 27915,12.8262,,,
,CHECKPOINT BATCH 27920,15.0781,,,
,CHECKPOINT BATCH 27925,15.6559,,,
,CHECKPOINT BATCH 27930,17.1974,,,
10:30:16,27931,14.3849,12.7695,5000,0.1082
,CHECKPOINT BATCH 27935,19.3998,,,
,CHECKPOINT BATCH 27940,10.7491,,,
,CHECKPOINT BATCH 27945,17.8579,,,
10:30:20,27948,13.5751,12.4395,5000,0.1081
,CHECKPOINT BATCH 27950,14.8211,,,
,CHECKPOINT BATCH 27955,8.8178,,,
,CHECKPOINT BATCH 27960,16.5566,,,
,CHECKPOINT BATCH 27965,17.7008,,,
10:30:22,27967,17.5378,12.1920,5000,0.1080
,CHECKPOINT BATCH 27970,15.9029,,,
,CHECKPOINT BATCH 27975,12.2923,,,
,CHECKPOINT BATCH 27980,12.2759,,,
,CHECKPOINT BATCH 27985,12.1210,,,
10:30:24,27986,18.5549,10.8940,5000,0.1079
,CHECKPOINT BATCH 27990,12.7081,,,
,CHECKPOINT BATCH 27995,11.9104,,,
,CHECKPOINT BATCH 28000,10.3382,,,
10:30:26,28005,14.3476,8.8695,5000,0.1077
,CHECKPOINT BATCH 28005,14.3476,,,
,CHECKPOINT BATCH 28010,21.8454,,,
,CHECKPOINT BATCH 28015,12.6223,,,
,CHECKPOINT BATCH 28020,10.8986,,,
10:30:28,28023,15.2637,8.7145,5000,0.1076
,CHECKPOINT BATCH 28025,12.4254,,,
,CHECKPOINT BATCH 28030,17.5476,,,
,CHECKPOINT BATCH 28035,9.9819,,,
,CHECKPOINT BATCH 28040,13.8669,,,
10:30:30,28042,14.5018,8.1080,5000,0.1075
,CHECKPOINT BATCH 28045,17.2883,,,
,CHECKPOINT BATCH 28050,14.1475,,,
,CHECKPOINT BATCH 28055,11.8494,,,
,CHECKPOINT BATCH 28060,16.7765,,,
10:30:32,28061,23.3131,4.8115,5000,0.1074
,CHECKPOINT BATCH 28065,12.1289,,,
,CHECKPOINT BATCH 28070,9.9752,,,
,CHECKPOINT BATCH 28075,10.5462,,,
10:30:34,28080,15.7950,2.2820,5000,0.1073
,CHECKPOINT BATCH 28080,15.7950,,,
,CHECKPOINT BATCH 28085,9.9406,,,
10:30:38,28090,15.2607,2.1330,5000,0.1073
,CHECKPOINT BATCH 28090,15.2607,,,
,CHECKPOINT BATCH 28095,12.9195,,,
,CHECKPOINT BATCH 28100,11.0934,,,
,CHECKPOINT BATCH 28105,12.2678,,,
10:30:40,28109,23.3793,3.9600,5000,0.1071
,CHECKPOINT BATCH 28110,23.4009,,,
,CHECKPOINT BATCH 28115,15.4765,,,
,CHECKPOINT BATCH 28120,19.3000,,,
,CHECKPOINT BATCH 28125,14.6907,,,
10:30:42,28128,17.7676,5.3240,5000,0.1070
,CHECKPOINT BATCH 28130,14.5792,,,
,CHECKPOINT BATCH 28135,12.7480,,,
,CHECKPOINT BATCH 28140,9.4777,,,
,CHECKPOINT BATCH 28145,13.6315,,,
10:30:44,28147,13.8682,7.1485,5000,0.1069
,CHECKPOINT BATCH 28150,11.9383,,,
,CHECKPOINT BATCH 28155,15.5876,,,
,CHECKPOINT BATCH 28160,17.4965,,,
,CHECKPOINT BATCH 28165,13.0822,,,
10:30:46,28166,11.9613,8.6995,5000,0.1068
,CHECKPOINT BATCH 28170,12.9369,,,
,CHECKPOINT BATCH 28175,18.8354,,,
,CHECKPOINT BATCH 28180,12.0861,,,
10:30:48,28185,20.4793,11.1350,5000,0.1067
,CHECKPOINT BATCH 28185,20.4793,,,
,CHECKPOINT BATCH 28190,12.8426,,,
,CHECKPOINT BATCH 28195,8.8138,,,
10:30:52,28196,16.0788,11.4620,5000,0.1066
,CHECKPOINT BATCH 28200,12.5388,,,
,CHECKPOINT BATCH 28205,9.6066,,,
,CHECKPOINT BATCH 28210,13.8421,,,
10:30:54,28215,12.7497,9.2215,5000,0.1065
,CHECKPOINT BATCH 28215,12.7497,,,
,CHECKPOINT BATCH 28220,13.9658,,,
,CHECKPOINT BATCH 28225,8.9887,,,
,CHECKPOINT BATCH 28230,14.3952,,,
10:30:56,28234,10.8091,10.7895,5000,0.1064
,CHECKPOINT BATCH 28235,9.6529,,,
,CHECKPOINT BATCH 28240,9.5179,,,
,CHECKPOINT BATCH 28245,14.7838,,,
,CHECKPOINT BATCH 28250,12.5368,,,
10:30:58,28253,21.7301,11.0955,5000,0.1063
,CHECKPOINT BATCH 28255,12.6252,,,
,CHECKPOINT BATCH 28260,10.6920,,,
,CHECKPOINT BATCH 28265,11.6524,,,
,CHECKPOINT BATCH 28270,17.8111,,,
10:31:02,28271,11.8323,12.1765,5000,0.1062
,CHECKPOINT BATCH 28275,21.4237,,,
,CHECKPOINT BATCH 28280,15.3900,,,
,CHECKPOINT BATCH 28285,13.1983,,,
10:31:04,28290,14.3093,9.7095,5000,0.1061
,CHECKPOINT BATCH 28290,14.3093,,,
,CHECKPOINT BATCH 28295,8.9996,,,
,CHECKPOINT BATCH 28300,14.9748,,,
,CHECKPOINT BATCH 28305,8.9620,,,
10:31:06,28309,12.8700,11.8905,5000,0.1060
,CHECKPOINT BATCH 28310,13.4631,,,
,CHECKPOINT BATCH 28315,20.4446,,,
,CHECKPOINT BATCH 28320,10.0548,,,
,CHECKPOINT BATCH 28325,11.8010,,,
10:31:08,28327,10.6166,11.7150,5000,0.1059
,CHECKPOINT BATCH 28330,8.0473,,,
,CHECKPOINT BATCH 28335,21.9811,,,
,CHECKPOINT BATCH 28340,13.5064,,,
,CHECKPOINT BATCH 28345,11.6768,,,
10:31:11,28346,10.4381,12.2455,5000,0.1058
,CHECKPOINT BATCH 28350,15.7583,,,
,CHECKPOINT BATCH 28355,16.4313,,,
,CHECKPOINT BATCH 28360,11.0962,,,
10:31:13,28365,9.8288,12.3620,5000,0.1057
,CHECKPOINT BATCH 28365,9.8288,,,
10:31:16,28370,14.9095,11.7460,5000,0.1057
,CHECKPOINT BATCH 28370,14.9095,,,
,CHECKPOINT BATCH 28375,11.1240,,,
,CHECKPOINT BATCH 28380,8.7763,,,
,CHECKPOINT BATCH 28385,15.4417,,,
10:31:18,28389,14.5429,11.5690,5000,0.1056
,CHECKPOINT BATCH 28390,14.3994,,,
,CHECKPOINT BATCH 28395,8.8859,,,
,CHECKPOINT BATCH 28400,11.0350,,,
,CHECKPOINT BATCH 28405,10.8670,,,
10:31:20,28408,15.2128,11.8230,5000,0.1055
,CHECKPOINT BATCH 28410,13.3168,,,
,CHECKPOINT BATCH 28415,10.8769,,,
,CHECKPOINT BATCH 28420,10.2874,,,
,CHECKPOINT BATCH 28425,10.6270,,,
10:31:22,28427,15.6895,11.9760,5000,0.1054
,CHECKPOINT BATCH 28430,14.8272,,,
,CHECKPOINT BATCH 28435,18.0725,,,
,CHECKPOINT BATCH 28440,13.8416,,,
,CHECKPOINT BATCH 28445,16.3145,,,
10:31:24,28446,10.5769,11.9330,5000,0.1052
,CHECKPOINT BATCH 28450,8.4012,,,
10:31:27,28452,13.0046,11.4625,5000,0.1052
,CHECKPOINT BATCH 28455,11.6388,,,
,CHECKPOINT BATCH 28460,8.6784,,,
,CHECKPOINT BATCH 28465,15.2860,,,
,CHECKPOINT BATCH 28470,7.4170,,,
10:31:29,28471,11.7464,12.6145,5000,0.1051
,CHECKPOINT BATCH 28475,12.7083,,,
,CHECKPOINT BATCH 28480,9.7882,,,
,CHECKPOINT BATCH 28485,13.7712,,,
10:31:31,28490,17.0658,16.0190,5000,0.1050
,CHECKPOINT BATCH 28490,17.0658,,,
,CHECKPOINT BATCH 28495,16.5120,,,
,CHECKPOINT BATCH 28500,13.4846,,,
,CHECKPOINT BATCH 28505,8.3614,,,
10:31:35,28507,13.7120,15.4545,5000,0.1049
,CHECKPOINT BATCH 28510,8.7750,,,
,CHECKPOINT BATCH 28515,8.2105,,,
,CHECKPOINT BATCH 28520,8.5892,,,
,CHECKPOINT BATCH 28525,9.7904,,,
10:31:37,28526,9.0588,12.8455,5000,0.1048
,CHECKPOINT BATCH 28530,13.9965,,,
,CHECKPOINT BATCH 28535,12.9936,,,
,CHECKPOINT BATCH 28540,11.9008,,,
10:31:39,28545,13.3715,13.8840,5000,0.1047
,CHECKPOINT BATCH 28545,13.3715,,,
,CHECKPOINT BATCH 28550,9.1867,,,
,CHECKPOINT BATCH 28555,15.3381,,,
,CHECKPOINT BATCH 28560,12.8675,,,
10:31:41,28564,16.3142,13.9305,5000,0.1046
,CHECKPOINT BATCH 28565,13.7688,,,
10:31:44,28569,14.4364,14.2415,5000,0.1046
,CHECKPOINT BATCH 28570,11.7765,,,
,CHECKPOINT BATCH 28575,10.6834,,,
,CHECKPOINT BATCH 28580,13.9636,,,
,CHECKPOINT BATCH 28585,11.6485,,,
10:31:46,28588,15.2188,14.3350,5000,0.1045
,CHECKPOINT BATCH 28590,9.3126,,,
10:31:49,28594,8.9399,13.8590,5000,0.1044
,CHECKPOINT BATCH 28595,13.5264,,,
,CHECKPOINT BATCH 28600,8.8356,,,
,CHECKPOINT BATCH 28605,11.7339,,,
,CHECKPOINT BATCH 28610,11.1391,,,
10:31:52,28613,14.0154,15.5460,5000,0.1043
,CHECKPOINT BATCH 28615,11.1573,,,
,CHECKPOINT BATCH 28620,13.5949,,,
,CHECKPOINT BATCH 28625,10.7551,,,
,CHECKPOINT BATCH 28630,26.7672,,,
10:31:54,28632,12.2304,18.2670,5000,0.1042
,CHECKPOINT BATCH 28635,10.1340,,,
,CHECKPOINT BATCH 28640,9.8370,,,
,CHECKPOINT BATCH 28645,12.9012,,,
,CHECKPOINT BATCH 28650,11.2037,,,
10:31:58,28651,13.9143,16.9335,5000,0.1041
,CHECKPOINT BATCH 28655,12.4745,,,
,CHECKPOINT BATCH 28660,15.4623,,,
,CHECKPOINT BATCH 28665,12.3622,,,
10:32:00,28670,13.4746,16.1285,5000,0.1040
,CHECKPOINT BATCH 28670,13.4746,,,
,CHECKPOINT BATCH 28675,12.3382,,,
,CHECKPOINT BATCH 28680,9.7734,,,
,CHECKPOINT BATCH 28685,11.6451,,,
10:32:02,28689,14.6308,14.4670,5000,0.1039
,CHECKPOINT BATCH 28690,16.4946,,,
,CHECKPOINT BATCH 28695,13.7085,,,
,CHECKPOINT BATCH 28700,13.9669,,,
,CHECKPOINT BATCH 28705,21.5703,,,
10:32:04,28708,10.0289,12.5965,5000,0.1038
,CHECKPOINT BATCH 28710,11.9641,,,
,CHECKPOINT BATCH 28715,8.0152,,,
,CHECKPOINT BATCH 28720,16.6720,,,
,CHECKPOINT BATCH 28725,10.6157,,,
10:32:06,28727,12.7012,10.0280,5000,0.1037
,CHECKPOINT BATCH 28730,11.7055,,,
,CHECKPOINT BATCH 28735,9.7926,,,
10:32:10,28736,10.3675,8.9295,5000,0.1037
,CHECKPOINT BATCH 28740,11.8156,,,
,CHECKPOINT BATCH 28745,10.6174,,,
,CHECKPOINT BATCH 28750,11.2166,,,
10:32:12,28755,8.9841,6.4785,5000,0.1036
,CHECKPOINT BATCH 28755,8.9841,,,
,CHECKPOINT BATCH 28760,18.2781,,,
,CHECKPOINT BATCH 28765,7.8285,,,
,CHECKPOINT BATCH 28770,11.3752,,,
10:32:14,28774,11.9117,3.9565,5000,0.1035
,CHECKPOINT BATCH 28775,7.9439,,,
,CHECKPOINT BATCH 28780,9.9947,,,
,CHECKPOINT BATCH 28785,11.1833,,,
,CHECKPOINT BATCH 28790,15.6899,,,
10:32:18,28793,8.5616,4.5670,5000,0.1034
,CHECKPOINT BATCH 28795,8.7277,,,
,CHECKPOINT BATCH 28800,16.3365,,,
,CHECKPOINT BATCH 28805,11.0162,,,
,CHECKPOINT BATCH 28810,8.4098,,,
10:32:20,28812,8.7769,5.9270,5000,0.1033
,CHECKPOINT BATCH 28815,13.6229,,,
,CHECKPOINT BATCH 28820,13.0366,,,
,CHECKPOINT BATCH 28825,7.7942,,,
,CHECKPOINT BATCH 28830,6.2832,,,
10:32:22,28831,8.7098,7.8855,5000,0.1032
,CHECKPOINT BATCH 28835,9.3340,,,
,CHECKPOINT BATCH 28840,10.6049,,,
,CHECKPOINT BATCH 28845,11.3740,,,
10:32:25,28850,9.2999,11.3230,5000,0.1031
,CHECKPOINT BATCH 28850,9.2999,,,
,CHECKPOINT BATCH 28855,14.3029,,,
,CHECKPOINT BATCH 28860,10.1759,,,
10:32:28,28862,10.9013,13.1595,5000,0.1030
,CHECKPOINT BATCH 28865,8.8331,,,
,CHECKPOINT BATCH 28870,11.4093,,,
,CHECKPOINT BATCH 28875,11.8638,,,
,CHECKPOINT BATCH 28880,10.7141,,,
10:32:30,28881,12.1896,13.7270,5000,0.1029
,CHECKPOINT BATCH 28885,10.4764,,,
10:32:33,28889,9.8671,13.7180,5000,0.1029
,CHECKPOINT BATCH 28890,9.9186,,,
,CHECKPOINT BATCH 28895,6.2487,,,
,CHECKPOINT BATCH 28900,10.1633,,,
,CHECKPOINT BATCH 28905,14.9714,,,
10:32:36,28908,17.8423,13.4630,5000,0.1028
,CHECKPOINT BATCH 28910,12.8965,,,
,CHECKPOINT BATCH 28915,8.1194,,,
,CHECKPOINT BATCH 28920,6.7861,,,
,CHECKPOINT BATCH 28925,7.8271,,,
10:32:38,28926,16.5356,13.7925,5000,0.1027
,CHECKPOINT BATCH 28930,10.4488,,,
,CHECKPOINT BATCH 28935,7.4235,,,
,CHECKPOINT BATCH 28940,10.1950,,,
10:32:40,28945,11.7374,11.5910,5000,0.1026
,CHECKPOINT BATCH 28945,11.7374,,,
,CHECKPOINT BATCH 28950,9.7240,,,
,CHECKPOINT BATCH 28955,11.9915,,,
,CHECKPOINT BATCH 28960,15.9906,,,
10:32:42,28964,12.6443,10.3255,5000,0.1025
,CHECKPOINT BATCH 28965,9.6566,,,
,CHECKPOINT BATCH 28970,18.4402,,,
,CHECKPOINT BATCH 28975,12.7016,,,
,CHECKPOINT BATCH 28980,17.2637,,,
10:32:44,28983,10.5867,10.1685,5000,0.1024
,CHECKPOINT BATCH 28985,8.4615,,,
,CHECKPOINT BATCH 28990,8.8205,,,
,CHECKPOINT BATCH 28995,10.5389,,,
,CHECKPOINT BATCH 29000,9.8407,,,
10:32:46,29002,11.3897,9.4140,5000,0.1023
,CHECKPOINT BATCH 29005,11.7843,,,
10:32:49,29007,10.7954,8.8175,5000,0.1022
,CHECKPOINT BATCH 29010,13.5209,,,
,CHECKPOINT BATCH 29015,11.4202,,,
,CHECKPOINT BATCH 29020,11.0187,,,
,CHECKPOINT BATCH 29025,10.2589,,,
10:32:51,29026,8.6972,8.4165,5000,0.1021
,CHECKPOINT BATCH 29030,8.9120,,,
,CHECKPOINT BATCH 29035,11.5197,,,
,CHECKPOINT BATCH 29040,15.5403,,,
10:32:53,29045,11.1316,11.5290,5000,0.1020
,CHECKPOINT BATCH 29045,11.1316,,,
,CHECKPOINT BATCH 29050,10.3056,,,
,CHECKPOINT BATCH 29055,8.5583,,,
,CHECKPOINT BATCH 29060,11.8492,,,
10:32:57,29061,11.1035,12.6215,5000,0.1020
,CHECKPOINT BATCH 29065,11.2283,,,
,CHECKPOINT BATCH 29070,9.9636,,,
,CHECKPOINT BATCH 29075,6.6514,,,
10:32:59,29080,14.6840,13.6725,5000,0.1019
,CHECKPOINT BATCH 29080,14.6840,,,
10:33:02,29085,11.1967,13.6720,5000,0.1018
,CHECKPOINT BATCH 29085,11.1967,,,
,CHECKPOINT BATCH 29090,8.3952,,,
,CHECKPOINT BATCH 29095,9.7028,,,
,CHECKPOINT BATCH 29100,10.6673,,,
10:33:04,29104,13.3325,12.2770,5000,0.1017
,CHECKPOINT BATCH 29105,11.2652,,,
,CHECKPOINT BATCH 29110,13.9491,,,
10:33:07,29113,20.9128,13.9035,5000,0.1017
,CHECKPOINT BATCH 29115,10.4241,,,
,CHECKPOINT BATCH 29120,11.9581,,,
,CHECKPOINT BATCH 29125,9.3999,,,
,CHECKPOINT BATCH 29130,12.4411,,,
10:33:10,29132,13.3994,12.1465,5000,0.1016
,CHECKPOINT BATCH 29135,11.7863,,,
,CHECKPOINT BATCH 29140,12.3477,,,
,CHECKPOINT BATCH 29145,10.5224,,,
,CHECKPOINT BATCH 29150,15.5321,,,
10:33:12,29151,11.6366,11.3370,5000,0.1015
,CHECKPOINT BATCH 29155,11.7902,,,
,CHECKPOINT BATCH 29160,11.7010,,,
,CHECKPOINT BATCH 29165,10.3311,,,
10:33:14,29170,13.5382,11.5325,5000,0.1014
,CHECKPOINT BATCH 29170,13.5382,,,
,CHECKPOINT BATCH 29175,16.7949,,,
,CHECKPOINT BATCH 29180,10.4434,,,
,CHECKPOINT BATCH 29185,14.5671,,,
10:33:16,29189,8.3386,12.3290,5000,0.1013
,CHECKPOINT BATCH 29190,8.9037,,,
,CHECKPOINT BATCH 29195,10.2721,,,
,CHECKPOINT BATCH 29200,12.7135,,,
,CHECKPOINT BATCH 29205,10.9770,,,
10:33:18,29208,8.3386,12.3430,5000,0.1012
,CHECKPOINT BATCH 29210,9.5682,,,
,CHECKPOINT BATCH 29215,14.3507,,,
10:33:21,29218,10.6124,11.1275,5000,0.1011
,CHECKPOINT BATCH 29220,10.0106,,,
,CHECKPOINT BATCH 29225,8.4998,,,
,CHECKPOINT BATCH 29230,9.1775,,,
,CHECKPOINT BATCH 29235,9.7287,,,
10:33:23,29237,10.5551,9.4815,5000,0.1010
,CHECKPOINT BATCH 29240,12.9049,,,
,CHECKPOINT BATCH 29245,10.2758,,,
,CHECKPOINT BATCH 29250,12.9145,,,
,CHECKPOINT BATCH 29255,20.3253,,,
10:33:25,29256,9.3352,10.3705,5000,0.1010
10:33:28,29260,10.5159,10.0485,5000,0.1009
,CHECKPOINT BATCH 29260,10.5159,,,
,CHECKPOINT BATCH 29265,10.9167,,,
,CHECKPOINT BATCH 29270,10.5825,,,
,CHECKPOINT BATCH 29275,14.6510,,,
10:33:30,29279,12.3381,10.0495,5000,0.1008
,CHECKPOINT BATCH 29280,12.1175,,,
,CHECKPOINT BATCH 29285,12.3824,,,
,CHECKPOINT BATCH 29290,8.8028,,,
,CHECKPOINT BATCH 29295,12.1541,,,
10:33:32,29298,12.0363,13.4710,5000,0.1007
,CHECKPOINT BATCH 29300,10.1624,,,
,CHECKPOINT BATCH 29305,12.7484,,,
,CHECKPOINT BATCH 29310,13.0371,,,
,CHECKPOINT BATCH 29315,13.0380,,,
10:33:34,29317,8.2170,16.4065,5000,0.1006
,CHECKPOINT BATCH 29320,18.5842,,,
10:33:37,29322,11.1884,16.7155,5000,0.1006
,CHECKPOINT BATCH 29325,13.9417,,,
,CHECKPOINT BATCH 29330,17.6788,,,
,CHECKPOINT BATCH 29335,14.5292,,,
,CHECKPOINT BATCH 29340,12.2388,,,
10:33:39,29341,12.9289,14.4560,5000,0.1005
,CHECKPOINT BATCH 29345,9.5029,,,
,CHECKPOINT BATCH 29350,13.3465,,,
,CHECKPOINT BATCH 29355,18.7988,,,
10:33:41,29360,11.4269,15.6335,5000,0.1004
,CHECKPOINT BATCH 29360,11.4269,,,
,CHECKPOINT BATCH 29365,11.9068,,,
,CHECKPOINT BATCH 29370,13.9017,,,
,CHECKPOINT BATCH 29375,13.8984,,,
10:33:43,29378,16.1370,15.7805,5000,0.1003
,CHECKPOINT BATCH 29380,12.9698,,,
,CHECKPOINT BATCH 29385,14.0507,,,
10:33:47,29388,12.5131,13.9195,5000,0.1003
,CHECKPOINT BATCH 29390,7.6995,,,
,CHECKPOINT BATCH 29395,10.6154,,,
,CHECKPOINT BATCH 29400,9.4632,,,
,CHECKPOINT BATCH 29405,12.3432,,,
10:33:49,29407,9.6009,12.4220,5000,0.1002
,CHECKPOINT BATCH 29410,8.3508,,,
,CHECKPOINT BATCH 29415,11.7959,,,
,CHECKPOINT BATCH 29420,8.2261,,,
,CHECKPOINT BATCH 29425,7.6071,,,
10:33:51,29426,11.8279,14.4120,5000,0.1001
,CHECKPOINT BATCH 29430,15.2625,,,
,CHECKPOINT BATCH 29435,12.1931,,,
10:33:55,29439,15.0528,16.8520,5000,0.1000
,CHECKPOINT BATCH 29440,10.0511,,,
,CHECKPOINT BATCH 29445,12.9705,,,
,CHECKPOINT BATCH 29450,8.6523,,,
,CHECKPOINT BATCH 29455,10.5858,,,
10:33:57,29458,8.4860,18.0000,5000,0.0999
,CHECKPOINT BATCH 29460,7.0976,,,
,CHECKPOINT BATCH 29465,8.9179,,,
,CHECKPOINT BATCH 29470,17.9873,,,
10:34:01,29475,11.7623,19.0390,5000,0.0998
,CHECKPOINT BATCH 29475,11.7623,,,
,CHECKPOINT BATCH 29480,9.5141,,,
,CHECKPOINT BATCH 29485,15.3304,,,
,CHECKPOINT BATCH 29490,7.9794,,,
10:34:03,29494,8.1099,21.1065,5000,0.0998
,CHECKPOINT BATCH 29495,9.7073,,,
,CHECKPOINT BATCH 29500,11.2448,,,
,CHECKPOINT BATCH 29505,10.6450,,,
,CHECKPOINT BATCH 29510,11.6980,,,
10:34:05,29513,14.2475,20.6285,5000,0.0997
,CHECKPOINT BATCH 29515,10.4013,,,
,CHECKPOINT BATCH 29520,7.6469,,,
,CHECKPOINT BATCH 29525,11.2995,,,
,CHECKPOINT BATCH 29530,13.4573,,,
10:34:07,29532,13.7676,19.2770,5000,0.0996
,CHECKPOINT BATCH 29535,13.4117,,,
,CHECKPOINT BATCH 29540,16.9455,,,
,CHECKPOINT BATCH 29545,14.4103,,,
,CHECKPOINT BATCH 29550,10.7722,,,
10:34:09,29551,8.0604,16.6695,5000,0.0995
,CHECKPOINT BATCH 29555,10.1236,,,
10:34:13,29558,11.8248,15.1395,5000,0.0994
,CHECKPOINT BATCH 29560,7.2159,,,
,CHECKPOINT BATCH 29565,12.5371,,,
,CHECKPOINT BATCH 29570,11.8485,,,
,CHECKPOINT BATCH 29575,9.7753,,,
10:34:15,29577,13.5364,13.3655,5000,0.0993
,CHECKPOINT BATCH 29580,12.2622,,,
,CHECKPOINT BATCH 29585,17.0192,,,
,CHECKPOINT BATCH 29590,8.2208,,,
,CHECKPOINT BATCH 29595,9.3367,,,
10:34:17,29596,9.9658,14.0065,5000,0.0992
,CHECKPOINT BATCH 29600,12.5074,,,
,CHECKPOINT BATCH 29605,10.3633,,,
,CHECKPOINT BATCH 29610,7.8289,,,
10:34:19,29615,11.8763,13.2035,5000,0.0992
,CHECKPOINT BATCH 29615,11.8763,,,
10:34:21,29618,13.5944,13.0400,5000,0.0991
,CHECKPOINT BATCH 29620,13.9662,,,
,CHECKPOINT BATCH 29625,9.4360,,,
,CHECKPOINT BATCH 29630,10.5465,,,
,CHECKPOINT BATCH 29635,9.5649,,,
10:34:24,29637,17.3647,13.5050,5000,0.0990
,CHECKPOINT BATCH 29640,11.9936,,,
,CHECKPOINT BATCH 29645,13.2264,,,
,CHECKPOINT BATCH 29650,10.6600,,,
,CHECKPOINT BATCH 29655,9.3980,,,
10:34:26,29656,9.1763,15.7735,5000,0.0990
,CHECKPOINT BATCH 29660,13.6158,,,
,CHECKPOINT BATCH 29665,11.4508,,,
,CHECKPOINT BATCH 29670,8.5560,,,
10:34:28,29674,10.4946,16.3320,5000,0.0989
,CHECKPOINT BATCH 29675,11.9121,,,
10:34:30,29676,7.8266,15.8685,5000,0.0989
,CHECKPOINT BATCH 29680,11.1082,,,
,CHECKPOINT BATCH 29685,9.3975,,,
,CHECKPOINT BATCH 29690,7.7864,,,
10:34:32,29695,10.6566,12.3465,5000,0.0988
,CHECKPOINT BATCH 29695,10.6566,,,
,CHECKPOINT BATCH 29700,7.4615,,,
,CHECKPOINT BATCH 29705,12.6045,,,
,CHECKPOINT BATCH 29710,15.6736,,,
10:34:34,29714,9.5009,13.8480,5000,0.0987
,CHECKPOINT BATCH 29715,11.3901,,,
,CHECKPOINT BATCH 29720,9.3525,,,
,CHECKPOINT BATCH 29725,13.5275,,,
,CHECKPOINT BATCH 29730,17.9865,,,
10:34:36,29733,10.8305,13.8150,5000,0.0986
,CHECKPOINT BATCH 29735,10.6146,,,
10:34:40,29740,7.6925,13.0450,5000,0.0985
,CHECKPOINT BATCH 29740,7.6925,,,
,CHECKPOINT BATCH 29745,7.5773,,,
10:34:43,29750,10.8049,11.8210,5000,0.0985
,CHECKPOINT BATCH 29750,10.8049,,,
,CHECKPOINT BATCH 29755,11.0726,,,
,CHECKPOINT BATCH 29760,13.5228,,,
,CHECKPOINT BATCH 29765,13.4182,,,
10:34:45,29769,8.0293,9.9945,5000,0.0984
,CHECKPOINT BATCH 29770,7.8124,,,
,CHECKPOINT BATCH 29775,12.5501,,,
,CHECKPOINT BATCH 29780,7.8553,,,
,CHECKPOINT BATCH 29785,15.3415,,,
10:34:47,29788,7.6651,12.4135,5000,0.0983
,CHECKPOINT BATCH 29790,9.3131,,,
,CHECKPOINT BATCH 29795,13.4425,,,
,CHECKPOINT BATCH 29800,13.7198,,,
,CHECKPOINT BATCH 29805,8.7629,,,
10:34:49,29807,15.8313,11.5130,5000,0.0982
,CHECKPOINT BATCH 29810,11.8455,,,
,CHECKPOINT BATCH 29815,12.6463,,,
,CHECKPOINT BATCH 29820,8.4895,,,
10:34:51,29825,9.7380,9.9800,5000,0.0981
,CHECKPOINT BATCH 29825,9.7380,,,
,CHECKPOINT BATCH 29830,16.6771,,,
,CHECKPOINT BATCH 29835,13.3672,,,
,CHECKPOINT BATCH 29840,13.2314,,,
10:34:53,29844,18.4960,10.7425,5000,0.0980
,CHECKPOINT BATCH 29845,14.7487,,,
,CHECKPOINT BATCH 29850,9.2413,,,
,CHECKPOINT BATCH 29855,11.8346,,,
,CHECKPOINT BATCH 29860,10.3165,,,
10:34:55,29863,11.1714,14.3100,5000,0.0980
,CHECKPOINT BATCH 29865,12.5161,,,
,CHECKPOINT BATCH 29870,9.7373,,,
,CHECKPOINT BATCH 29875,10.0281,,,
,CHECKPOINT BATCH 29880,14.4602,,,
10:34:58,29882,8.6151,13.7395,5000,0.0979
,CHECKPOINT BATCH 29885,13.9722,,,
,CHECKPOINT BATCH 29890,9.5487,,,
,CHECKPOINT BATCH 29895,10.9326,,,
,CHECKPOINT BATCH 29900,9.8526,,,
10:35:00,29901,11.4127,12.3760,5000,0.0978
,CHECKPOINT BATCH 29905,15.8442,,,
,CHECKPOINT BATCH 29910,13.1071,,,
,CHECKPOINT BATCH 29915,11.2329,,,
10:35:04,29916,10.0493,13.3885,5000,0.0977
,CHECKPOINT BATCH 29920,9.6101,,,
,CHECKPOINT BATCH 29925,14.5401,,,
,CHECKPOINT BATCH 29930,19.5820,,,
10:35:06,29935,12.9226,15.2675,5000,0.0976
,CHECKPOINT BATCH 29935,12.9226,,,
,CHECKPOINT BATCH 29940,10.0140,,,
,CHECKPOINT BATCH 29945,11.6042,,,
,CHECKPOINT BATCH 29950,13.5368,,,
10:35:08,29954,10.5860,15.2855,5000,0.0975
,CHECKPOINT BATCH 29955,12.1932,,,
,CHECKPOINT BATCH 29960,11.7192,,,
,CHECKPOINT BATCH 29965,7.8529,,,
10:35:11,29966,9.1364,14.9685,5000,0.0975
,CHECKPOINT BATCH 29970,11.0097,,,
,CHECKPOINT BATCH 29975,9.8425,,,
,CHECKPOINT BATCH 29980,10.7023,,,
10:35:13,29984,15.2679,16.7665,5000,0.0974
,CHECKPOINT BATCH 29985,10.1167,,,
,CHECKPOINT BATCH 29990,12.0240,,,
,CHECKPOINT BATCH 29995,10.1447,,,
,CHECKPOINT BATCH 30000,9.1220,,,
10:35:15,30003,12.4912,19.0790,5000,0.0973
,CHECKPOINT BATCH 30005,11.5686,,,
,CHECKPOINT BATCH 30010,10.4695,,,
10:35:19,30015,13.2902,18.2280,5000,0.0972
,CHECKPOINT BATCH 30015,13.2902,,,
,CHECKPOINT BATCH 30020,9.0668,,,
,CHECKPOINT BATCH 30025,9.3841,,,
,CHECKPOINT BATCH 30030,9.9505,,,
10:35:21,30034,15.7191,17.4905,5000,0.0971
,CHECKPOINT BATCH 30035,9.6119,,,
10:35:24,30039,11.3081,17.0150,5000,0.0971
,CHECKPOINT BATCH 30040,12.4930,,,
,CHECKPOINT BATCH 30045,16.3574,,,
,CHECKPOINT BATCH 30050,21.3001,,,
,CHECKPOINT BATCH 30055,8.9308,,,
10:35:26,30058,7.9849,14.5165,5000,0.0970
,CHECKPOINT BATCH 30060,9.8262,,,
10:35:29,30065,9.0733,14.1965,5000,0.0970
,CHECKPOINT BATCH 30065,9.0733,,,
,CHECKPOINT BATCH 30070,13.6626,,,
,CHECKPOINT BATCH 30075,10.8601,,,
,CHECKPOINT BATCH 30080,7.9538,,,
10:35:31,30084,8.4611,10.5725,5000,0.0969
,CHECKPOINT BATCH 30085,13.1319,,,
,CHECKPOINT BATCH 30090,16.6359,,,
,CHECKPOINT BATCH 30095,14.3147,,,
,CHECKPOINT BATCH 30100,15.7348,,,
10:35:33,30103,9.6660,11.6335,5000,0.0968
,CHECKPOINT BATCH 30105,17.4796,,,
,CHECKPOINT BATCH 30110,16.0436,,,
,CHECKPOINT BATCH 30115,13.9183,,,
,CHECKPOINT BATCH 30120,11.0926,,,
10:35:35,30121,9.6563,13.0150,5000,0.0967
,CHECKPOINT BATCH 30125,12.4041,,,
,CHECKPOINT BATCH 30130,8.6250,,,
10:35:39,30131,11.3056,12.2295,5000,0.0967
,CHECKPOINT BATCH 30135,14.6805,,,
,CHECKPOINT BATCH 30140,9.8276,,,
,CHECKPOINT BATCH 30145,9.3375,,,
10:35:41,30150,11.4745,14.5305,5000,0.0966
,CHECKPOINT BATCH 30150,11.4745,,,
,CHECKPOINT BATCH 30155,11.5511,,,
,CHECKPOINT BATCH 30160,10.2973,,,
,CHECKPOINT BATCH 30165,11.4949,,,
10:35:43,30168,9.5072,16.0670,5000,0.0965
,CHECKPOINT BATCH 30170,11.1482,,,
,CHECKPOINT BATCH 30175,11.2348,,,
,CHECKPOINT BATCH 30180,10.4753,,,
,CHECKPOINT BATCH 30185,12.1637,,,
10:35:45,30187,14.2607,17.7655,5000,0.0964
,CHECKPOINT BATCH 30190,13.9793,,,
,CHECKPOINT BATCH 30195,10.4389,,,
,CHECKPOINT BATCH 30200,8.8583,,,
10:35:49,30204,15.4108,15.7790,5000,0.0963
,CHECKPOINT BATCH 30205,9.5344,,,
,CHECKPOINT BATCH 30210,12.4667,,,
,CHECKPOINT BATCH 30215,14.3110,,,
,CHECKPOINT BATCH 30220,8.7310,,,
10:35:51,30223,9.9633,15.4805,5000,0.0963
,CHECKPOINT BATCH 30225,14.1174,,,
,CHECKPOINT BATCH 30230,12.9052,,,
,CHECKPOINT BATCH 30235,13.5009,,,
,CHECKPOINT BATCH 30240,8.5895,,,
10:35:53,30242,8.2896,15.8010,5000,0.0962
,CHECKPOINT BATCH 30245,10.0343,,,
,CHECKPOINT BATCH 30250,8.2808,,,
,CHECKPOINT BATCH 30255,11.3457,,,
,CHECKPOINT BATCH 30260,10.1578,,,
10:35:56,30261,10.6843,16.1600,5000,0.0961
,CHECKPOINT BATCH 30265,12.1650,,,
,CHECKPOINT BATCH 30270,15.6145,,,
,CHECKPOINT BATCH 30275,18.3798,,,
10:36:00,30279,16.4989,15.3770,5000,0.0960
,CHECKPOINT BATCH 30280,11.9200,,,
,CHECKPOINT BATCH 30285,10.7401,,,
,CHECKPOINT BATCH 30290,15.2144,,,
,CHECKPOINT BATCH 30295,10.9323,,,
10:36:02,30298,10.9818,14.1840,5000,0.0959
,CHECKPOINT BATCH 30300,15.1593,,,
,CHECKPOINT BATCH 30305,7.3491,,,
,CHECKPOINT BATCH 30310,12.0774,,,
,CHECKPOINT BATCH 30315,9.6350,,,
10:36:04,30317,8.6868,15.8605,5000,0.0958
,CHECKPOINT BATCH 30320,10.6349,,,
,CHECKPOINT BATCH 30325,12.0788,,,
,CHECKPOINT BATCH 30330,10.8022,,,
,CHECKPOINT BATCH 30335,13.8646,,,
10:36:06,30336,9.6649,15.1390,5000,0.0957
,CHECKPOINT BATCH 30340,7.8920,,,
10:36:09,30342,11.4074,14.5215,5000,0.0957
,CHECKPOINT BATCH 30345,9.5916,,,
,CHECKPOINT BATCH 30350,9.7965,,,
,CHECKPOINT BATCH 30355,11.6085,,,
,CHECKPOINT BATCH 30360,9.7500,,,
10:36:11,30361,9.6712,13.7585,5000,0.0956
,CHECKPOINT BATCH 30365,12.5647,,,
,CHECKPOINT BATCH 30370,12.9714,,,
,CHECKPOINT BATCH 30375,14.2129,,,
10:36:13,30380,12.6937,15.7435,5000,0.0955
,CHECKPOINT BATCH 30380,12.6937,,,
,CHECKPOINT BATCH 30385,18.4607,,,
10:36:16,30386,11.1610,15.8785,5000,0.0955
,CHECKPOINT BATCH 30390,17.5883,,,
,CHECKPOINT BATCH 30395,8.3418,,,
,CHECKPOINT BATCH 30400,8.2495,,,
10:36:18,30405,8.5809,13.4025,5000,0.0954
,CHECKPOINT BATCH 30405,8.5809,,,
,CHECKPOINT BATCH 30410,9.6434,,,
,CHECKPOINT BATCH 30415,9.2972,,,
,CHECKPOINT BATCH 30420,13.9202,,,
10:36:20,30424,10.9845,13.6970,5000,0.0953
,CHECKPOINT BATCH 30425,11.9113,,,
,CHECKPOINT BATCH 30430,11.8592,,,
,CHECKPOINT BATCH 30435,10.0017,,,
,CHECKPOINT BATCH 30440,9.5700,,,
10:36:23,30443,6.4983,15.3875,5000,0.0952
,CHECKPOINT BATCH 30445,6.8723,,,
,CHECKPOINT BATCH 30450,11.3273,,,
,CHECKPOINT BATCH 30455,10.6384,,,
,CHECKPOINT BATCH 30460,11.9409,,,
10:36:25,30462,14.0422,14.1125,5000,0.0952
,CHECKPOINT BATCH 30465,8.3278,,,
,CHECKPOINT BATCH 30470,12.8951,,,
,CHECKPOINT BATCH 30475,14.1948,,,
,CHECKPOINT BATCH 30480,10.8258,,,
10:36:27,30481,11.1068,11.3090,5000,0.0951
,CHECKPOINT BATCH 30485,14.1624,,,
,CHECKPOINT BATCH 30490,6.9079,,,
,CHECKPOINT BATCH 30495,8.4967,,,
10:36:29,30500,9.5959,12.1025,5000,0.0950
,CHECKPOINT BATCH 30500,9.5959,,,
,CHECKPOINT BATCH 30505,10.3270,,,
,CHECKPOINT BATCH 30510,9.7634,,,
,CHECKPOINT BATCH 30515,14.1669,,,
10:36:31,30519,11.8025,11.1435,5000,0.0949
,CHECKPOINT BATCH 30520,19.5800,,,
,CHECKPOINT BATCH 30525,11.2423,,,
10:36:34,30529,9.0913,9.4605,5000,0.0949
,CHECKPOINT BATCH 30530,8.0885,,,
,CHECKPOINT BATCH 30535,14.0435,,,
,CHECKPOINT BATCH 30540,10.8413,,,
,CHECKPOINT BATCH 30545,12.1580,,,
10:36:36,30548,8.2560,8.8635,5000,0.0948
,CHECKPOINT BATCH 30550,13.2863,,,
,CHECKPOINT BATCH 30555,10.4019,,,
,CHECKPOINT BATCH 30560,15.3835,,,
,CHECKPOINT BATCH 30565,8.3154,,,
10:36:38,30567,11.8091,10.7505,5000,0.0947
,CHECKPOINT BATCH 30570,8.6924,,,
,CHECKPOINT BATCH 30575,11.4162,,,
,CHECKPOINT BATCH 30580,12.8965,,,
10:36:42,30581,11.2970,11.8330,5000,0.0946
,CHECKPOINT BATCH 30585,8.4368,,,
,CHECKPOINT BATCH 30590,13.4428,,,
,CHECKPOINT BATCH 30595,9.5168,,,
10:36:44,30600,10.6974,14.5770,5000,0.0945
,CHECKPOINT BATCH 30600,10.6974,,,
,CHECKPOINT BATCH 30605,8.0693,,,
,CHECKPOINT BATCH 30610,17.1110,,,
,CHECKPOINT BATCH 30615,9.8068,,,
10:36:47,30619,12.9664,16.4210,5000,0.0945
,CHECKPOINT BATCH 30620,11.0010,,,
10:36:49,30623,12.3454,16.5725,5000,0.0944
,CHECKPOINT BATCH 30625,9.4368,,,
,CHECKPOINT BATCH 30630,15.1095,,,
,CHECKPOINT BATCH 30635,9.8278,,,
,CHECKPOINT BATCH 30640,11.2598,,,
10:36:51,30642,14.0983,18.2390,5000,0.0944
,CHECKPOINT BATCH 30645,10.0003,,,
,CHECKPOINT BATCH 30650,12.1484,,,
,CHECKPOINT BATCH 30655,9.8924,,,
,CHECKPOINT BATCH 30660,9.3012,,,
10:36:53,30661,10.1515,18.5270,5000,0.0943
,CHECKPOINT BATCH 30665,7.6147,,,
,CHECKPOINT BATCH 30670,15.6399,,,
,CHECKPOINT BATCH 30675,11.2475,,,
10:36:56,30680,10.0637,19.1630,5000,0.0942
,CHECKPOINT BATCH 30680,10.0637,,,
10:36:58,30683,11.0871,18.3990,5000,0.0942
,CHECKPOINT BATCH 30685,10.7046,,,
,CHECKPOINT BATCH 30690,16.4488,,,
,CHECKPOINT BATCH 30695,11.0499,,,
,CHECKPOINT BATCH 30700,11.7355,,,
10:37:00,30702,13.9211,17.1970,5000,0.0941
,CHECKPOINT BATCH 30705,10.9626,,,
,CHECKPOINT BATCH 30710,11.0369,,,
,CHECKPOINT BATCH 30715,12.2474,,,
10:37:02,30720,12.1340,17.7880,5000,0.0940
,CHECKPOINT BATCH 30720,12.1340,,,
,CHECKPOINT BATCH 30725,7.3713,,,
10:37:05,30727,10.2520,18.2350,5000,0.0940
,CHECKPOINT BATCH 30730,9.8330,,,
,CHECKPOINT BATCH 30735,10.8180,,,
,CHECKPOINT BATCH 30740,12.1205,,,
,CHECKPOINT BATCH 30745,14.3817,,,
10:37:08,30746,14.2932,14.8690,5000,0.0939
,CHECKPOINT BATCH 30750,12.6367,,,
,CHECKPOINT BATCH 30755,17.0780,,,
,CHECKPOINT BATCH 30760,15.5703,,,
10:37:10,30765,10.5566,14.7100,5000,0.0938
,CHECKPOINT BATCH 30765,10.5566,,,
,CHECKPOINT BATCH 30770,9.6145,,,
,CHECKPOINT BATCH 30775,15.3894,,,
,CHECKPOINT BATCH 30780,16.6203,,,
10:37:12,30784,7.7105,14.6895,5000,0.0937
,CHECKPOINT BATCH 30785,8.1720,,,
,CHECKPOINT BATCH 30790,10.7210,,,
,CHECKPOINT BATCH 30795,11.6596,,,
,CHECKPOINT BATCH 30800,13.0668,,,
10:37:14,30803,13.6184,13.8830,5000,0.0936
,CHECKPOINT BATCH 30805,14.4846,,,
,CHECKPOINT BATCH 30810,9.3598,,,
,CHECKPOINT BATCH 30815,10.4358,,,
,CHECKPOINT BATCH 30820,13.0658,,,
10:37:16,30822,10.5881,11.2725,5000,0.0936
,CHECKPOINT BATCH 30825,11.5995,,,
,CHECKPOINT BATCH 30830,8.2596,,,
,CHECKPOINT BATCH 30835,9.7660,,,
10:37:20,30840,9.0545,11.9065,5000,0.0935
,CHECKPOINT BATCH 30840,9.0545,,,
,CHECKPOINT BATCH 30845,14.2768,,,
,CHECKPOINT BATCH 30850,15.9047,,,
,CHECKPOINT BATCH 30855,15.1371,,,
10:37:22,30859,9.0939,12.0190,5000,0.0934
,CHECKPOINT BATCH 30860,10.5313,,,
,CHECKPOINT BATCH 30865,12.6325,,,
,CHECKPOINT BATCH 30870,13.2998,,,
,CHECKPOINT BATCH 30875,8.9437,,,
10:37:24,30878,10.2406,12.3650,5000,0.0933
,CHECKPOINT BATCH 30880,9.5802,,,
,CHECKPOINT BATCH 30885,12.9822,,,
,CHECKPOINT BATCH 30890,9.3493,,,
,CHECKPOINT BATCH 30895,16.1661,,,
10:37:26,30897,15.4434,12.8530,5000,0.0932
,CHECKPOINT BATCH 30900,12.9206,,,
,CHECKPOINT BATCH 30905,7.2348,,,
,CHECKPOINT BATCH 30910,11.0682,,,
,CHECKPOINT BATCH 30915,7.6147,,,
10:37:28,30916,15.2507,12.5540,5000,0.0932
,CHECKPOINT BATCH 30920,14.3273,,,
,CHECKPOINT BATCH 30925,12.3786,,,
,CHECKPOINT BATCH 30930,15.1813,,,
10:37:31,30935,11.0731,14.4210,5000,0.0931
,CHECKPOINT BATCH 30935,11.0731,,,
,CHECKPOINT BATCH 30940,9.1201,,,
,CHECKPOINT BATCH 30945,10.3393,,,
,CHECKPOINT BATCH 30950,9.2815,,,
10:37:33,30954,10.7069,12.7515,5000,0.0930
,CHECKPOINT BATCH 30955,9.7524,,,
,CHECKPOINT BATCH 30960,15.8456,,,
,CHECKPOINT BATCH 30965,12.1359,,,
,CHECKPOINT BATCH 30970,11.8314,,,
10:37:35,30973,9.5775,11.0235,5000,0.0929
,CHECKPOINT BATCH 30975,6.9180,,,
,CHECKPOINT BATCH 30980,12.3450,,,
10:37:38,30985,11.4210,11.9795,5000,0.0929
,CHECKPOINT BATCH 30985,11.4210,,,
,CHECKPOINT BATCH 30990,11.2070,,,
,CHECKPOINT BATCH 30995,9.8879,,,
,CHECKPOINT BATCH 31000,9.3324,,,
10:37:40,31004,10.7602,12.7395,5000,0.0928
,CHECKPOINT BATCH 31005,12.7088,,,
,CHECKPOINT BATCH 31010,9.7482,,,
,CHECKPOINT BATCH 31015,9.8508,,,
,CHECKPOINT BATCH 31020,12.2598,,,
10:37:43,31023,10.4610,14.7110,5000,0.0927
,CHECKPOINT BATCH 31025,11.1775,,,
,CHECKPOINT BATCH 31030,8.8079,,,
,CHECKPOINT BATCH 31035,10.0777,,,
,CHECKPOINT BATCH 31040,9.1256,,,
10:37:45,31042,15.3034,16.3730,5000,0.0926
,CHECKPOINT BATCH 31045,15.5559,,,
,CHECKPOINT BATCH 31050,12.4895,,,
10:37:48,31052,8.0105,16.7070,5000,0.0926
,CHECKPOINT BATCH 31055,10.9662,,,
,CHECKPOINT BATCH 31060,8.9708,,,
,CHECKPOINT BATCH 31065,8.9448,,,
,CHECKPOINT BATCH 31070,16.4637,,,
10:37:50,31071,12.8815,15.6790,5000,0.0925
,CHECKPOINT BATCH 31075,12.2069,,,
,CHECKPOINT BATCH 31080,10.8407,,,
,CHECKPOINT BATCH 31085,14.7820,,,
10:37:52,31090,9.1884,16.9805,5000,0.0924
,CHECKPOINT BATCH 31090,9.1884,,,
,CHECKPOINT BATCH 31095,8.0191,,,
,CHECKPOINT BATCH 31100,7.0163,,,
,CHECKPOINT BATCH 31105,12.8282,,,
10:37:54,31109,8.4859,17.4965,5000,0.0923
,CHECKPOINT BATCH 31110,13.1790,,,
,CHECKPOINT BATCH 31115,9.0928,,,
,CHECKPOINT BATCH 31120,8.6696,,,
,CHECKPOINT BATCH 31125,8.2847,,,
10:37:56,31128,10.5089,14.8500,5000,0.0923
,CHECKPOINT BATCH 31130,9.2872,,,
,CHECKPOINT BATCH 31135,10.4663,,,
,CHECKPOINT BATCH 31140,6.1965,,,
,CHECKPOINT BATCH 31145,10.2362,,,
10:37:59,31147,8.9003,12.4960,5000,0.0922
,CHECKPOINT BATCH 31150,14.1207,,,
,CHECKPOINT BATCH 31155,9.7158,,,
,CHECKPOINT BATCH 31160,14.0473,,,
,CHECKPOINT BATCH 31165,11.3119,,,
10:38:01,31166,11.7167,13.8955,5000,0.0921
,CHECKPOINT BATCH 31170,13.0525,,,
10:38:04,31173,8.0370,13.5695,5000,0.0921
,CHECKPOINT BATCH 31175,12.7489,,,
,CHECKPOINT BATCH 31180,11.8810,,,
,CHECKPOINT BATCH 31185,10.0840,,,
,CHECKPOINT BATCH 31190,10.3599,,,
10:38:06,31192,7.9442,9.6690,5000,0.0920
,CHECKPOINT BATCH 31195,13.4511,,,
,CHECKPOINT BATCH 31200,10.9093,,,
,CHECKPOINT BATCH 31205,10.2895,,,
,CHECKPOINT BATCH 31210,9.5790,,,
10:38:08,31211,9.8515,9.9555,5000,0.0919
,CHECKPOINT BATCH 31215,7.6185,,,
,CHECKPOINT BATCH 31220,9.1984,,,
,CHECKPOINT BATCH 31225,8.9990,,,
10:38:10,31230,12.4743,13.0700,5000,0.0918
,CHECKPOINT BATCH 31230,12.4743,,,
,CHECKPOINT BATCH 31235,15.2269,,,
,CHECKPOINT BATCH 31240,16.1633,,,
,CHECKPOINT BATCH 31245,6.4797,,,
10:38:12,31249,11.1879,14.3405,5000,0.0917
,CHECKPOINT BATCH 31250,15.1689,,,
,CHECKPOINT BATCH 31255,10.5570,,,
,CHECKPOINT BATCH 31260,11.1686,,,
,CHECKPOINT BATCH 31265,14.2163,,,
10:38:14,31268,9.9758,15.3040,5000,0.0917
,CHECKPOINT BATCH 31270,11.4433,,,
,CHECKPOINT BATCH 31275,11.0809,,,
,CHECKPOINT BATCH 31280,7.8322,,,
,CHECKPOINT BATCH 31285,14.9504,,,
10:38:16,31287,10.5407,16.9705,5000,0.0916
,CHECKPOINT BATCH 31290,11.0186,,,
,CHECKPOINT BATCH 31295,9.0767,,,
,CHECKPOINT BATCH 31300,8.5866,,,
,CHECKPOINT BATCH 31305,14.2876,,,
10:38:18,31306,10.8822,14.6565,5000,0.0915
,CHECKPOINT BATCH 31310,14.7723,,,
10:38:21,31312,10.3889,14.7445,5000,0.0915
,CHECKPOINT BATCH 31315,8.4452,,,
,CHECKPOINT BATCH 31320,10.7097,,,
,CHECKPOINT BATCH 31325,15.8848,,,
,CHECKPOINT BATCH 31330,14.9129,,,
10:38:23,31331,10.6461,13.2210,5000,0.0914
,CHECKPOINT BATCH 31335,7.7740,,,
,CHECKPOINT BATCH 31340,11.5369,,,
,CHECKPOINT BATCH 31345,11.4802,,,
10:38:25,31350,15.4221,13.6780,5000,0.0913
,CHECKPOINT BATCH 31350,15.4221,,,
,CHECKPOINT BATCH 31355,12.5121,,,
,CHECKPOINT BATCH 31360,9.3655,,,
,CHECKPOINT BATCH 31365,10.7739,,,
10:38:28,31369,10.3143,13.8195,5000,0.0912
,CHECKPOINT BATCH 31370,10.4668,,,
,CHECKPOINT BATCH 31375,14.4731,,,
,CHECKPOINT BATCH 31380,7.9896,,,
,CHECKPOINT BATCH 31385,12.1628,,,
10:38:30,31388,9.0249,14.2490,5000,0.0912
,CHECKPOINT BATCH 31390,13.7267,,,
10:38:33,31394,12.8075,14.2355,5000,0.0911
,CHECKPOINT BATCH 31395,9.3570,,,
,CHECKPOINT BATCH 31400,7.9075,,,
,CHECKPOINT BATCH 31405,6.7575,,,
,CHECKPOINT BATCH 31410,10.7154,,,
10:38:35,31413,10.5127,15.9715,5000,0.0911
,CHECKPOINT BATCH 31415,8.4579,,,
,CHECKPOINT BATCH 31420,12.1541,,,
,CHECKPOINT BATCH 31425,11.3367,,,
,CHECKPOINT BATCH 31430,10.7768,,,
10:38:37,31432,11.5939,16.7175,5000,0.0910
,CHECKPOINT BATCH 31435,8.9242,,,
10:38:40,31440,14.1915,16.5230,5000,0.0910
,CHECKPOINT BATCH 31440,14.1915,,,
,CHECKPOINT BATCH 31445,12.1165,,,
,CHECKPOINT BATCH 31450,16.4662,,,
,CHECKPOINT BATCH 31455,8.5018,,,
10:38:42,31459,9.6197,17.5465,5000,0.0909
,CHECKPOINT BATCH 31460,6.6750,,,
,CHECKPOINT BATCH 31465,7.2231,,,
,CHECKPOINT BATCH 31470,9.0355,,,
,CHECKPOINT BATCH 31475,10.0384,,,
10:38:44,31478,9.5484,17.2655,5000,0.0908
,CHECKPOINT BATCH 31480,9.2127,,,
,CHECKPOINT BATCH 31485,8.9000,,,
,CHECKPOINT BATCH 31490,16.2704,,,
,CHECKPOINT BATCH 31495,6.4703,,,
10:38:46,31497,9.0715,16.3715,5000,0.0907
,CHECKPOINT BATCH 31500,8.7608,,,
,CHECKPOINT BATCH 31505,10.2787,,,
,CHECKPOINT BATCH 31510,5.0303,,,
,CHECKPOINT BATCH 31515,11.1501,,,
10:38:48,31516,10.2725,15.0790,5000,0.0906
,CHECKPOINT BATCH 31520,10.8465,,,
,CHECKPOINT BATCH 31525,9.9490,,,
10:38:52,31526,10.7758,14.0110,5000,0.0906
,CHECKPOINT BATCH 31530,10.7519,,,
,CHECKPOINT BATCH 31535,11.3363,,,
,CHECKPOINT BATCH 31540,14.0806,,,
10:38:54,31545,10.1762,13.7200,5000,0.0905
,CHECKPOINT BATCH 31545,10.1762,,,
,CHECKPOINT BATCH 31550,11.6785,,,
10:38:57,31551,11.1943,13.2665,5000,0.0905
,CHECKPOINT BATCH 31555,9.6540,,,
,CHECKPOINT BATCH 31560,14.0131,,,
,CHECKPOINT BATCH 31565,10.0536,,,
10:38:59,31570,11.2317,10.3200,5000,0.0904
,CHECKPOINT BATCH 31570,11.2317,,,
,CHECKPOINT BATCH 31575,10.2792,,,
,CHECKPOINT BATCH 31580,13.4715,,,
,CHECKPOINT BATCH 31585,9.3967,,,
10:39:01,31589,10.9090,12.4020,5000,0.0903
,CHECKPOINT BATCH 31590,9.1637,,,
,CHECKPOINT BATCH 31595,13.9051,,,
,CHECKPOINT BATCH 31600,10.4451,,,
,CHECKPOINT BATCH 31605,14.3396,,,
10:39:03,31608,7.9272,13.4480,5000,0.0903
,CHECKPOINT BATCH 31610,11.8729,,,
,CHECKPOINT BATCH 31615,8.9268,,,
,CHECKPOINT BATCH 31620,10.0821,,,
,CHECKPOINT BATCH 31625,12.3020,,,
10:39:05,31626,9.6241,14.2195,5000,0.0902
,CHECKPOINT BATCH 31630,14.2720,,,
,CHECKPOINT BATCH 31635,8.5418,,,
,CHECKPOINT BATCH 31640,10.4783,,,
10:39:07,31645,8.2101,14.0605,5000,0.0901
,CHECKPOINT BATCH 31645,8.2101,,,
,CHECKPOINT BATCH 31650,8.9668,,,
,CHECKPOINT BATCH 31655,12.3213,,,
,CHECKPOINT BATCH 31660,8.2384,,,
10:39:09,31664,14.1752,14.2250,5000,0.0900
,CHECKPOINT BATCH 31665,8.6331,,,
,CHECKPOINT BATCH 31670,10.8765,,,
,CHECKPOINT BATCH 31675,8.9100,,,
,CHECKPOINT BATCH 31680,13.8505,,,
10:39:11,31683,13.1089,12.8655,5000,0.0900
,CHECKPOINT BATCH 31685,9.4356,,,
,CHECKPOINT BATCH 31690,12.8060,,,
,CHECKPOINT BATCH 31695,10.6230,,,
,CHECKPOINT BATCH 31700,14.9892,,,
10:39:13,31702,10.7910,11.1370,5000,0.0899
,CHECKPOINT BATCH 31705,11.4895,,,
,CHECKPOINT BATCH 31710,11.3590,,,
,CHECKPOINT BATCH 31715,9.1490,,,
,CHECKPOINT BATCH 31720,11.4075,,,
10:39:18,31721,15.7680,10.2500,5000,0.0898
,CHECKPOINT BATCH 31725,18.9836,,,
,CHECKPOINT BATCH 31730,9.6979,,,
,CHECKPOINT BATCH 31735,7.5356,,,
10:39:20,31740,9.6786,10.2635,5000,0.0897
,CHECKPOINT BATCH 31740,9.6786,,,
,CHECKPOINT BATCH 31745,9.6124,,,
,CHECKPOINT BATCH 31750,11.4460,,,
,CHECKPOINT BATCH 31755,15.4728,,,
10:39:22,31759,15.1700,13.0300,5000,0.0897
,CHECKPOINT BATCH 31760,14.3087,,,
,CHECKPOINT BATCH 31765,17.4245,,,
,CHECKPOINT BATCH 31770,10.4045,,,
,CHECKPOINT BATCH 31775,12.0788,,,
10:39:24,31778,11.1921,15.5445,5000,0.0896
,CHECKPOINT BATCH 31780,12.0357,,,
,CHECKPOINT BATCH 31785,12.8600,,,
,CHECKPOINT BATCH 31790,10.6662,,,
,CHECKPOINT BATCH 31795,8.0472,,,
10:39:26,31797,9.9044,16.8015,5000,0.0895
,CHECKPOINT BATCH 31800,14.3294,,,
,CHECKPOINT BATCH 31805,12.4596,,,
10:39:30,31806,21.6445,16.9690,5000,0.0895
,CHECKPOINT BATCH 31810,10.5808,,,
,CHECKPOINT BATCH 31815,11.4582,,,
,CHECKPOINT BATCH 31820,10.8637,,,
10:39:32,31825,12.9636,16.7395,5000,0.0894
,CHECKPOINT BATCH 31825,12.9636,,,
,CHECKPOINT BATCH 31830,11.2543,,,
,CHECKPOINT BATCH 31835,12.6374,,,
,CHECKPOINT BATCH 31840,9.7090,,,
10:39:34,31844,11.2434,16.1020,5000,0.0893
,CHECKPOINT BATCH 31845,11.5956,,,
,CHECKPOINT BATCH 31850,12.4994,,,
,CHECKPOINT BATCH 31855,17.3589,,,
,CHECKPOINT BATCH 31860,14.9592,,,
10:39:36,31863,16.2286,15.3690,5000,0.0893
,CHECKPOINT BATCH 31865,22.7048,,,
,CHECKPOINT BATCH 31870,11.0082,,,
,CHECKPOINT BATCH 31875,13.4000,,,
,CHECKPOINT BATCH 31880,21.3321,,,
10:39:38,31882,8.7949,14.1420,5000,0.0892
,CHECKPOINT BATCH 31885,15.3310,,,
,CHECKPOINT BATCH 31890,10.2767,,,
,CHECKPOINT BATCH 31895,8.9564,,,
,CHECKPOINT BATCH 31900,9.0248,,,
10:39:40,31901,13.1079,14.4490,5000,0.0891
,CHECKPOINT BATCH 31905,10.8401,,,
,CHECKPOINT BATCH 31910,15.6489,,,
,CHECKPOINT BATCH 31915,10.5967,,,
10:39:42,31920,13.2151,14.9005,5000,0.0890
,CHECKPOINT BATCH 31920,13.2151,,,
,CHECKPOINT BATCH 31925,9.2135,,,
,CHECKPOINT BATCH 31930,13.5051,,,
,CHECKPOINT BATCH 31935,10.1716,,,
10:39:44,31939,10.1528,14.0215,5000,0.0890
,CHECKPOINT BATCH 31940,12.4728,,,
10:39:47,31945,11.2094,14.0150,5000,0.0889
,CHECKPOINT BATCH 31945,11.2094,,,
,CHECKPOINT BATCH 31950,12.0758,,,
,CHECKPOINT BATCH 31955,8.0062,,,
,CHECKPOINT BATCH 31960,12.5728,,,
10:39:49,31964,12.9022,14.8970,5000,0.0889
,CHECKPOINT BATCH 31965,10.5482,,,
10:39:52,31970,10.6881,15.0340,5000,0.0888
,CHECKPOINT BATCH 31970,10.6881,,,
,CHECKPOINT BATCH 31975,12.1948,,,
,CHECKPOINT BATCH 31980,15.5845,,,
,CHECKPOINT BATCH 31985,11.2916,,,
10:39:54,31989,8.5776,13.1865,5000,0.0888
,CHECKPOINT BATCH 31990,9.7809,,,
,CHECKPOINT BATCH 31995,10.0013,,,
,CHECKPOINT BATCH 32000,10.1799,,,
,CHECKPOINT BATCH 32005,9.8781,,,
10:39:56,32008,14.1805,14.3530,5000,0.0887
,CHECKPOINT BATCH 32010,12.5515,,,
,CHECKPOINT BATCH 32015,13.3263,,,
,CHECKPOINT BATCH 32020,10.2372,,,
,CHECKPOINT BATCH 32025,13.1346,,,
10:39:58,32027,11.4484,16.5645,5000,0.0886
,CHECKPOINT BATCH 32030,11.1883,,,
,CHECKPOINT BATCH 32035,12.6977,,,
,CHECKPOINT BATCH 32040,13.4701,,,
,CHECKPOINT BATCH 32045,16.7040,,,
10:40:01,32046,8.7734,16.0950,5000,0.0885
,CHECKPOINT BATCH 32050,14.2908,,,
,CHECKPOINT BATCH 32055,12.7752,,,
,CHECKPOINT BATCH 32060,12.8899,,,
10:40:03,32065,15.1554,12.2845,5000,0.0885
,CHECKPOINT BATCH 32065,15.1554,,,
,CHECKPOINT BATCH 32070,10.4024,,,
,CHECKPOINT BATCH 32075,15.1270,,,
,CHECKPOINT BATCH 32080,14.4468,,,
10:40:05,32084,18.1231,13.5150,5000,0.0884
,CHECKPOINT BATCH 32085,8.3565,,,
,CHECKPOINT BATCH 32090,15.0851,,,
,CHECKPOINT BATCH 32095,16.5604,,,
,CHECKPOINT BATCH 32100,11.8042,,,
10:40:07,32103,11.1934,10.1805,5000,0.0883
,CHECKPOINT BATCH 32105,13.1710,,,
,CHECKPOINT BATCH 32110,11.9202,,,
,CHECKPOINT BATCH 32115,16.2181,,,
,CHECKPOINT BATCH 32120,12.1371,,,
10:40:09,32122,9.1467,6.1420,5000,0.0883
,CHECKPOINT BATCH 32125,10.2234,,,
,CHECKPOINT BATCH 32130,9.6048,,,
,CHECKPOINT BATCH 32135,6.8389,,,
,CHECKPOINT BATCH 32140,9.8479,,,
10:40:11,32141,14.8535,3.8365,5000,0.0882
,CHECKPOINT BATCH 32145,8.4182,,,
,CHECKPOINT BATCH 32150,18.7393,,,
,CHECKPOINT BATCH 32155,8.6740,,,
10:40:13,32160,10.2031,3.6190,5000,0.0881
,CHECKPOINT BATCH 32160,10.2031,,,
,CHECKPOINT BATCH 32165,13.3517,,,
,CHECKPOINT BATCH 32170,6.5558,,,
,CHECKPOINT BATCH 32175,8.1868,,,
10:40:15,32179,9.2530,2.0955,5000,0.0880
,CHECKPOINT BATCH 32180,10.0407,,,
,CHECKPOINT BATCH 32185,8.2657,,,
,CHECKPOINT BATCH 32190,14.3889,,,
,CHECKPOINT BATCH 32195,9.8285,,,
10:40:17,32198,9.6539,2.2360,5000,0.0880
,CHECKPOINT BATCH 32200,9.0120,,,
,CHECKPOINT BATCH 32205,8.3319,,,
,CHECKPOINT BATCH 32210,9.5604,,,
,CHECKPOINT BATCH 32215,10.7541,,,
10:40:19,32217,10.0045,3.1735,5000,0.0879
,CHECKPOINT BATCH 32220,9.0918,,,
,CHECKPOINT BATCH 32225,9.1509,,,
,CHECKPOINT BATCH 32230,11.9589,,,
,CHECKPOINT BATCH 32235,8.9559,,,
10:40:21,32236,10.1343,3.8205,5000,0.0878
10:40:24,32238,12.4234,3.6730,5000,0.0878
,CHECKPOINT BATCH 32240,10.0687,,,
,CHECKPOINT BATCH 32245,9.0488,,,
,CHECKPOINT BATCH 32250,8.8890,,,
,CHECKPOINT BATCH 32255,12.8647,,,
10:40:26,32257,11.7573,6.6165,5000,0.0877
,CHECKPOINT BATCH 32260,10.5312,,,
,CHECKPOINT BATCH 32265,12.6255,,,
,CHECKPOINT BATCH 32270,9.3751,,,
,CHECKPOINT BATCH 32275,9.6207,,,
10:40:28,32276,9.1921,9.9780,5000,0.0877
,CHECKPOINT BATCH 32280,10.2369,,,
,CHECKPOINT BATCH 32285,10.4822,,,
,CHECKPOINT BATCH 32290,11.1866,,,
10:40:30,32295,11.3493,11.5250,5000,0.0876
,CHECKPOINT BATCH 32295,11.3493,,,
,CHECKPOINT BATCH 32300,11.2684,,,
,CHECKPOINT BATCH 32305,12.6830,,,
,CHECKPOINT BATCH 32310,10.9996,,,
10:40:32,32314,9.0163,12.6220,5000,0.0875
,CHECKPOINT BATCH 32315,10.2382,,,
,CHECKPOINT BATCH 32320,8.1814,,,
,CHECKPOINT BATCH 32325,10.1652,,,
,CHECKPOINT BATCH 32330,7.4609,,,
10:40:34,32333,9.1372,13.8465,5000,0.0875
10:40:37,32334,15.1054,14.3020,5000,0.0875
,CHECKPOINT BATCH 32335,13.6771,,,
,CHECKPOINT BATCH 32340,13.6876,,,
,CHECKPOINT BATCH 32345,11.5056,,,
,CHECKPOINT BATCH 32350,12.0590,,,
10:40:39,32353,11.3587,15.9285,5000,0.0874
,CHECKPOINT BATCH 32355,15.8549,,,
,CHECKPOINT BATCH 32360,19.5233,,,
,CHECKPOINT BATCH 32365,13.9945,,,
,CHECKPOINT BATCH 32370,12.2659,,,
10:40:41,32371,13.8773,15.9485,5000,0.0873
,CHECKPOINT BATCH 32375,13.4950,,,
,CHECKPOINT BATCH 32380,10.7380,,,
,CHECKPOINT BATCH 32385,7.6328,,,
10:40:45,32390,12.8952,17.1950,5000,0.0872
,CHECKPOINT BATCH 32390,12.8952,,,
,CHECKPOINT BATCH 32395,18.5067,,,
,CHECKPOINT BATCH 32400,11.5764,,,
,CHECKPOINT BATCH 32405,12.8124,,,
10:40:47,32409,10.2454,17.5000,5000,0.0872
,CHECKPOINT BATCH 32410,11.8944,,,
,CHECKPOINT BATCH 32415,8.7840,,,
,CHECKPOINT BATCH 32420,13.0963,,,
,CHECKPOINT BATCH 32425,19.5404,,,
10:40:49,32428,11.0156,19.4650,5000,0.0871
,CHECKPOINT BATCH 32430,11.9480,,,
,CHECKPOINT BATCH 32435,15.0302,,,
,CHECKPOINT BATCH 32440,16.9721,,,
,CHECKPOINT BATCH 32445,8.0550,,,
10:40:52,32447,11.0564,18.7870,5000,0.0870
,CHECKPOINT BATCH 32450,14.5535,,,
,CHECKPOINT BATCH 32455,10.8718,,,
,CHECKPOINT BATCH 32460,12.5544,,,
,CHECKPOINT BATCH 32465,11.2409,,,
10:40:54,32466,12.6538,16.7825,5000,0.0870
,CHECKPOINT BATCH 32470,10.8572,,,
,CHECKPOINT BATCH 32475,11.7396,,,
10:40:57,32476,12.7032,15.8580,5000,0.0869
,CHECKPOINT BATCH 32480,11.1289,,,
,CHECKPOINT BATCH 32485,9.2828,,,
,CHECKPOINT BATCH 32490,10.1950,,,
10:40:59,32495,10.0035,13.8570,5000,0.0869
,CHECKPOINT BATCH 32495,10.0035,,,
,CHECKPOINT BATCH 32500,11.8400,,,
,CHECKPOINT BATCH 32505,9.2389,,,
,CHECKPOINT BATCH 32510,9.8944,,,
10:41:01,32514,7.4761,12.8985,5000,0.0868
,CHECKPOINT BATCH 32515,8.7191,,,
,CHECKPOINT BATCH 32520,8.9298,,,
,CHECKPOINT BATCH 32525,9.1040,,,
,CHECKPOINT BATCH 32530,16.9389,,,
10:41:03,32533,14.8309,12.5945,5000,0.0867
,CHECKPOINT BATCH 32535,8.3245,,,
,CHECKPOINT BATCH 32540,9.3670,,,
,CHECKPOINT BATCH 32545,8.9986,,,
,CHECKPOINT BATCH 32550,9.5915,,,
10:41:08,32551,8.4004,12.7170,5000,0.0866
,CHECKPOINT BATCH 32555,12.4632,,,
,CHECKPOINT BATCH 32560,11.0790,,,
,CHECKPOINT BATCH 32565,10.7231,,,
10:41:10,32570,14.2174,15.1380,5000,0.0866
,CHECKPOINT BATCH 32570,14.2174,,,
,CHECKPOINT BATCH 32575,10.5904,,,
10:41:13,32576,10.4909,15.4395,5000,0.0866
,CHECKPOINT BATCH 32580,11.2635,,,
,CHECKPOINT BATCH 32585,14.5668,,,
,CHECKPOINT BATCH 32590,7.5898,,,
10:41:15,32595,10.3076,15.8925,5000,0.0865
,CHECKPOINT BATCH 32595,10.3076,,,
,CHECKPOINT BATCH 32600,14.7403,,,
,CHECKPOINT BATCH 32605,9.5731,,,
,CHECKPOINT BATCH 32610,11.2177,,,
10:41:17,32614,11.2121,17.3175,5000,0.0864
,CHECKPOINT BATCH 32615,9.6421,,,
,CHECKPOINT BATCH 32620,8.9595,,,
,CHECKPOINT BATCH 32625,11.6848,,,
,CHECKPOINT BATCH 32630,10.0890,,,
10:41:19,32633,12.4786,17.3045,5000,0.0863
,CHECKPOINT BATCH 32635,16.3655,,,
,CHECKPOINT BATCH 32640,20.0876,,,
,CHECKPOINT BATCH 32645,8.6454,,,
,CHECKPOINT BATCH 32650,17.8126,,,
10:41:21,32652,10.4553,17.4725,5000,0.0863
,CHECKPOINT BATCH 32655,10.3695,,,
,CHECKPOINT BATCH 32660,11.7799,,,
,CHECKPOINT BATCH 32665,16.8916,,,
10:41:25,32670,18.0619,15.3305,5000,0.0862
,CHECKPOINT BATCH 32670,18.0619,,,
,CHECKPOINT BATCH 32675,9.6491,,,
,CHECKPOINT BATCH 32680,10.3232,,,
,CHECKPOINT BATCH 32685,12.6202,,,
10:41:27,32689,13.4038,18.0720,5000,0.0861
,CHECKPOINT BATCH 32690,8.1852,,,
,CHECKPOINT BATCH 32695,9.0981,,,
,CHECKPOINT BATCH 32700,8.6981,,,
,CHECKPOINT BATCH 32705,12.5929,,,
10:41:29,32707,10.3263,17.6205,5000,0.0861
10:41:32,32710,8.2868,17.7605,5000,0.0861
,CHECKPOINT BATCH 32710,8.2868,,,
,CHECKPOINT BATCH 32715,16.7724,,,
,CHECKPOINT BATCH 32720,15.2402,,,
,CHECKPOINT BATCH 32725,10.4890,,,
10:41:34,32729,15.6443,18.0290,5000,0.0860
,CHECKPOINT BATCH 32730,16.1876,,,
,CHECKPOINT BATCH 32735,12.7325,,,
,CHECKPOINT BATCH 32740,14.3884,,,
,CHECKPOINT BATCH 32745,10.9776,,,
10:41:36,32748,13.8113,18.4975,5000,0.0859
,CHECKPOINT BATCH 32750,9.9245,,,
,CHECKPOINT BATCH 32755,12.1311,,,
10:41:39,32756,10.1149,19.0955,5000,0.0859
,CHECKPOINT BATCH 32760,10.7954,,,
,CHECKPOINT BATCH 32765,10.1769,,,
,CHECKPOINT BATCH 32770,10.5573,,,
10:41:42,32775,11.9492,20.9345,5000,0.0858
,CHECKPOINT BATCH 32775,11.9492,,,
,CHECKPOINT BATCH 32780,12.0156,,,
,CHECKPOINT BATCH 32785,11.0200,,,
,CHECKPOINT BATCH 32790,15.8328,,,
10:41:44,32794,15.8127,20.2045,5000,0.0858
,CHECKPOINT BATCH 32795,11.2006,,,
,CHECKPOINT BATCH 32800,14.6194,,,
10:41:47,32801,13.7135,19.5740,5000,0.0857
,CHECKPOINT BATCH 32805,12.5154,,,
,CHECKPOINT BATCH 32810,16.6394,,,
,CHECKPOINT BATCH 32815,11.2771,,,
10:41:49,32820,16.9522,16.5455,5000,0.0857
,CHECKPOINT BATCH 32820,16.9522,,,
,CHECKPOINT BATCH 32825,13.5039,,,
,CHECKPOINT BATCH 32830,12.5032,,,
,CHECKPOINT BATCH 32835,14.7567,,,
10:41:51,32839,10.9327,16.1970,5000,0.0856
,CHECKPOINT BATCH 32840,12.4911,,,
,CHECKPOINT BATCH 32845,12.6439,,,
,CHECKPOINT BATCH 32850,9.8405,,,
,CHECKPOINT BATCH 32855,12.9309,,,
10:41:53,32858,11.8465,16.0715,5000,0.0855
,CHECKPOINT BATCH 32860,12.3199,,,
,CHECKPOINT BATCH 32865,11.8352,,,
,CHECKPOINT BATCH 32870,12.4101,,,
,CHECKPOINT BATCH 32875,13.5148,,,
10:41:55,32877,9.7890,14.7390,5000,0.0855
,CHECKPOINT BATCH 32880,11.3847,,,
,CHECKPOINT BATCH 32885,11.6848,,,
,CHECKPOINT BATCH 32890,12.5698,,,
,CHECKPOINT BATCH 32895,9.1141,,,
10:41:57,32896,20.5356,14.1220,5000,0.0854
,CHECKPOINT BATCH 32900,16.1221,,,
,CHECKPOINT BATCH 32905,9.1869,,,
,CHECKPOINT BATCH 32910,10.6188,,,
10:41:59,32915,10.3697,16.7885,5000,0.0853
,CHECKPOINT BATCH 32915,10.3697,,,
,CHECKPOINT BATCH 32920,10.8213,,,
,CHECKPOINT BATCH 32925,14.4592,,,
,CHECKPOINT BATCH 32930,13.9230,,,
10:42:01,32934,11.4402,15.2670,5000,0.0853
,CHECKPOINT BATCH 32935,10.2834,,,
,CHECKPOINT BATCH 32940,11.9916,,,
10:42:04,32941,8.3518,15.3425,5000,0.0852
,CHECKPOINT BATCH 32945,11.9377,,,
,CHECKPOINT BATCH 32950,8.1672,,,
,CHECKPOINT BATCH 32955,12.5632,,,
10:42:07,32960,11.1515,11.7825,5000,0.0852
,CHECKPOINT BATCH 32960,11.1515,,,
,CHECKPOINT BATCH 32965,14.9745,,,
,CHECKPOINT BATCH 32970,14.4276,,,
,CHECKPOINT BATCH 32975,11.3893,,,
10:42:09,32979,11.3357,13.1330,5000,0.0851
,CHECKPOINT BATCH 32980,12.1788,,,
,CHECKPOINT BATCH 32985,8.0814,,,
,CHECKPOINT BATCH 32990,12.0785,,,
,CHECKPOINT BATCH 32995,11.6102,,,
10:42:11,32998,12.6126,13.9400,5000,0.0850
,CHECKPOINT BATCH 33000,15.0654,,,
,CHECKPOINT BATCH 33005,13.0571,,,
,CHECKPOINT BATCH 33010,21.3706,,,
,CHECKPOINT BATCH 33015,10.4013,,,
10:42:13,33017,11.0834,14.3760,5000,0.0850
,CHECKPOINT BATCH 33020,13.4134,,,
10:42:16,33021,8.7272,14.8255,5000,0.0850
,CHECKPOINT BATCH 33025,11.4618,,,
,CHECKPOINT BATCH 33030,10.4665,,,
,CHECKPOINT BATCH 33035,10.0647,,,
10:42:18,33040,13.4064,14.8655,5000,0.0849
,CHECKPOINT BATCH 33040,13.4064,,,
,CHECKPOINT BATCH 33045,15.4831,,,
,CHECKPOINT BATCH 33050,16.6235,,,
,CHECKPOINT BATCH 33055,12.9131,,,
10:42:20,33059,12.2593,19.1585,5000,0.0848
,CHECKPOINT BATCH 33060,15.5916,,,
,CHECKPOINT BATCH 33065,12.5969,,,
,CHECKPOINT BATCH 33070,11.2156,,,
,CHECKPOINT BATCH 33075,10.0167,,,
10:42:22,33078,12.5251,19.0155,5000,0.0848
,CHECKPOINT BATCH 33080,15.6464,,,
,CHECKPOINT BATCH 33085,7.4877,,,
,CHECKPOINT BATCH 33090,11.5865,,,
10:42:26,33092,10.6555,16.5395,5000,0.0847
,CHECKPOINT BATCH 33095,9.9185,,,
,CHECKPOINT BATCH 33100,17.3408,,,
,CHECKPOINT BATCH 33105,12.0402,,,
,CHECKPOINT BATCH 33110,12.5728,,,
10:42:28,33111,12.8036,15.7180,5000,0.0847
,CHECKPOINT BATCH 33115,14.6417,,,
,CHECKPOINT BATCH 33120,11.4322,,,
,CHECKPOINT BATCH 33125,13.7147,,,
10:42:30,33129,11.7296,17.4225,5000,0.0846
,CHECKPOINT BATCH 33130,13.1772,,,
,CHECKPOINT BATCH 33135,11.5761,,,
,CHECKPOINT BATCH 33140,9.2305,,,
,CHECKPOINT BATCH 33145,10.3361,,,
10:42:32,33148,10.3161,17.4555,5000,0.0845
,CHECKPOINT BATCH 33150,18.8562,,,
,CHECKPOINT BATCH 33155,9.0162,,,
10:42:35,33157,12.6839,15.9210,5000,0.0845
,CHECKPOINT BATCH 33160,14.7223,,,
,CHECKPOINT BATCH 33165,16.7488,,,
,CHECKPOINT BATCH 33170,8.1859,,,
,CHECKPOINT BATCH 33175,12.3851,,,
10:42:37,33176,12.0668,15.0040,5000,0.0844
,CHECKPOINT BATCH 33180,12.7054,,,
,CHECKPOINT BATCH 33185,11.6950,,,
,CHECKPOINT BATCH 33190,11.2767,,,
10:42:39,33195,16.0801,18.3810,5000,0.0844
,CHECKPOINT BATCH 33195,16.0801,,,
,CHECKPOINT BATCH 33200,11.7843,,,
,CHECKPOINT BATCH 33205,8.9014,,,
,CHECKPOINT BATCH 33210,10.1941,,,
10:42:41,33214,10.7623,17.0325,5000,0.0843
,CHECKPOINT BATCH 33215,16.1597,,,
,CHECKPOINT BATCH 33220,11.9133,,,
,CHECKPOINT BATCH 33225,10.6730,,,
,CHECKPOINT BATCH 33230,10.5928,,,
10:42:43,33233,10.0295,15.2240,5000,0.0842
,CHECKPOINT BATCH 33235,15.7508,,,
,CHECKPOINT BATCH 33240,14.3327,,,
,CHECKPOINT BATCH 33245,15.4434,,,
,CHECKPOINT BATCH 33250,17.0393,,,
10:42:46,33252,11.1029,15.7025,5000,0.0842
,CHECKPOINT BATCH 33255,13.0639,,,
,CHECKPOINT BATCH 33260,7.1700,,,
,CHECKPOINT BATCH 33265,12.0942,,,
,CHECKPOINT BATCH 33270,10.0620,,,
10:42:50,33271,10.9523,16.4995,5000,0.0841
,CHECKPOINT BATCH 33275,8.0567,,,
,CHECKPOINT BATCH 33280,11.8854,,,
,CHECKPOINT BATCH 33285,9.9374,,,
10:42:52,33290,11.2117,15.4320,5000,0.0840
,CHECKPOINT BATCH 33290,11.2117,,,
,CHECKPOINT BATCH 33295,12.8408,,,
,CHECKPOINT BATCH 33300,10.2541,,,
,CHECKPOINT BATCH 33305,9.2690,,,
10:42:54,33309,8.6583,17.3995,5000,0.0840
,CHECKPOINT BATCH 33310,17.4546,,,
10:42:57,33313,8.1431,17.2430,5000,0.0840
,CHECKPOINT BATCH 33315,11.9593,,,
,CHECKPOINT BATCH 33320,9.4483,,,
,CHECKPOINT BATCH 33325,10.9736,,,
,CHECKPOINT BATCH 33330,15.2662,,,
10:42:59,33332,10.8517,17.2230,5000,0.0839
,CHECKPOINT BATCH 33335,13.0691,,,
,CHECKPOINT BATCH 33340,13.7272,,,
,CHECKPOINT BATCH 33345,10.9787,,,
,CHECKPOINT BATCH 33350,12.0609,,,
10:43:01,33351,14.8889,17.9830,5000,0.0838
,CHECKPOINT BATCH 33355,11.8323,,,
,CHECKPOINT BATCH 33360,7.3537,,,
,CHECKPOINT BATCH 33365,12.2106,,,
10:43:03,33370,11.4392,16.8665,5000,0.0838
,CHECKPOINT BATCH 33370,11.4392,,,
,CHECKPOINT BATCH 33375,9.4357,,,
,CHECKPOINT BATCH 33380,11.0974,,,
,CHECKPOINT BATCH 33385,10.9592,,,
10:43:05,33389,9.6507,17.4680,5000,0.0837
,CHECKPOINT BATCH 33390,13.6984,,,
,CHECKPOINT BATCH 33395,12.5215,,,
,CHECKPOINT BATCH 33400,12.0368,,,
10:43:09,33404,10.6971,15.6335,5000,0.0837
,CHECKPOINT BATCH 33405,13.0488,,,
,CHECKPOINT BATCH 33410,10.5996,,,
,CHECKPOINT BATCH 33415,9.8282,,,
,CHECKPOINT BATCH 33420,8.8008,,,
10:43:11,33423,17.0249,16.5475,5000,0.0836
,CHECKPOINT BATCH 33425,12.4309,,,
,CHECKPOINT BATCH 33430,12.8261,,,
,CHECKPOINT BATCH 33435,11.8626,,,
,CHECKPOINT BATCH 33440,13.6308,,,
10:43:13,33442,12.1088,16.4335,5000,0.0835
,CHECKPOINT BATCH 33445,8.3946,,,
,CHECKPOINT BATCH 33450,9.5266,,,
,CHECKPOINT BATCH 33455,15.0216,,,
,CHECKPOINT BATCH 33460,10.5670,,,
10:43:15,33461,13.1263,17.2365,5000,0.0835
,CHECKPOINT BATCH 33465,10.5128,,,
,CHECKPOINT BATCH 33470,14.7236,,,
,CHECKPOINT BATCH 33475,10.9281,,,
10:43:20,33480,11.5142,18.1770,5000,0.0834
,CHECKPOINT BATCH 33480,11.5142,,,
,CHECKPOINT BATCH 33485,9.1940,,,
,CHECKPOINT BATCH 33490,11.8269,,,
,CHECKPOINT BATCH 33495,12.1836,,,
10:43:22,33499,12.4804,17.9800,5000,0.0833
,CHECKPOINT BATCH 33500,11.6770,,,
,CHECKPOINT BATCH 33505,9.7103,,,
,CHECKPOINT BATCH 33510,9.8240,,,
,CHECKPOINT BATCH 33515,14.3111,,,
10:43:24,33518,14.1458,19.3515,5000,0.0833
,CHECKPOINT BATCH 33520,11.4725,,,
,CHECKPOINT BATCH 33525,11.7366,,,
,CHECKPOINT BATCH 33530,12.8905,,,
,CHECKPOINT BATCH 33535,9.1508,,,
10:43:26,33537,9.7589,18.0945,5000,0.0832
,CHECKPOINT BATCH 33540,12.3125,,,
,CHECKPOINT BATCH 33545,9.9107,,,
,CHECKPOINT BATCH 33550,13.1487,,,
,CHECKPOINT BATCH 33555,14.7720,,,
10:43:28,33556,12.9960,16.8515,5000,0.0831
,CHECKPOINT BATCH 33560,7.0699,,,
,CHECKPOINT BATCH 33565,7.7301,,,
,CHECKPOINT BATCH 33570,13.4951,,,
10:43:30,33575,9.8307,16.8635,5000,0.0831
,CHECKPOINT BATCH 33575,9.8307,,,
,CHECKPOINT BATCH 33580,10.9789,,,
,CHECKPOINT BATCH 33585,10.6266,,,
10:43:34,33587,14.2819,16.2960,5000,0.0830
,CHECKPOINT BATCH 33590,11.0517,,,
,CHECKPOINT BATCH 33595,19.3365,,,
,CHECKPOINT BATCH 33600,14.5558,,,
,CHECKPOINT BATCH 33605,11.9754,,,
10:43:36,33606,12.4339,15.8705,5000,0.0830
,CHECKPOINT BATCH 33610,17.1677,,,
,CHECKPOINT BATCH 33615,8.8546,,,
,CHECKPOINT BATCH 33620,12.6400,,,
10:43:38,33625,13.0027,16.4755,5000,0.0829
,CHECKPOINT BATCH 33625,13.0027,,,
,CHECKPOINT BATCH 33630,8.9218,,,
,CHECKPOINT BATCH 33635,10.9871,,,
,CHECKPOINT BATCH 33640,10.0289,,,
10:43:42,33642,8.1935,14.9395,5000,0.0829
,CHECKPOINT BATCH 33645,12.6459,,,
,CHECKPOINT BATCH 33650,10.0864,,,
,CHECKPOINT BATCH 33655,9.7091,,,
,CHECKPOINT BATCH 33660,11.7766,,,
10:43:44,33661,12.4824,16.1360,5000,0.0828
,CHECKPOINT BATCH 33665,15.0529,,,
,CHECKPOINT BATCH 33670,10.4240,,,
,CHECKPOINT BATCH 33675,19.2821,,,
10:43:46,33680,12.9157,16.7115,5000,0.0827
,CHECKPOINT BATCH 33680,12.9157,,,
,CHECKPOINT BATCH 33685,13.1286,,,
,CHECKPOINT BATCH 33690,10.6452,,,
,CHECKPOINT BATCH 33695,11.5674,,,
10:43:48,33699,11.4211,17.1590,5000,0.0827
,CHECKPOINT BATCH 33700,18.6189,,,
,CHECKPOINT BATCH 33705,10.4070,,,
10:43:52,33708,11.2939,16.0975,5000,0.0826
,CHECKPOINT BATCH 33710,16.9870,,,
,CHECKPOINT BATCH 33715,9.9764,,,
,CHECKPOINT BATCH 33720,8.4925,,,
,CHECKPOINT BATCH 33725,15.9839,,,
10:43:54,33727,16.3647,13.4910,5000,0.0826
,CHECKPOINT BATCH 33730,18.1941,,,
,CHECKPOINT BATCH 33735,15.7844,,,
,CHECKPOINT BATCH 33740,11.5997,,,
,CHECKPOINT BATCH 33745,14.8739,,,
10:43:56,33746,10.9405,15.8405,5000,0.0825
,CHECKPOINT BATCH 33750,23.7102,,,
,CHECKPOINT BATCH 33755,11.5093,,,
,CHECKPOINT BATCH 33760,11.5562,,,
10:43:58,33765,11.1814,14.0450,5000,0.0825
,CHECKPOINT BATCH 33765,11.1814,,,
,CHECKPOINT BATCH 33770,13.8131,,,
,CHECKPOINT BATCH 33775,16.4628,,,
,CHECKPOINT BATCH 33780,19.2160,,,
10:44:00,33784,9.4360,10.9445,5000,0.0824
,CHECKPOINT BATCH 33785,20.4824,,,
,CHECKPOINT BATCH 33790,15.4492,,,
,CHECKPOINT BATCH 33795,10.6338,,,
,CHECKPOINT BATCH 33800,15.8489,,,
10:44:02,33803,10.3791,7.9955,5000,0.0823
,CHECKPOINT BATCH 33805,15.5221,,,
,CHECKPOINT BATCH 33810,13.0537,,,
,CHECKPOINT BATCH 33815,10.2700,,,
,CHECKPOINT BATCH 33820,14.8654,,,
10:44:04,33822,11.0257,7.5615,5000,0.0823
,CHECKPOINT BATCH 33825,11.0171,,,
,CHECKPOINT BATCH 33830,11.1547,,,
,CHECKPOINT BATCH 33835,11.1574,,,
,CHECKPOINT BATCH 33840,18.4095,,,
10:44:06,33841,19.2055,3.9995,5000,0.0822
,CHECKPOINT BATCH 33845,10.7470,,,
10:44:10,33849,15.4735,2.4375,5000,0.0822
,CHECKPOINT BATCH 33850,17.1416,,,
,CHECKPOINT BATCH 33855,16.4427,,,
,CHECKPOINT BATCH 33860,17.9977,,,
,CHECKPOINT BATCH 33865,10.3334,,,
10:44:12,33868,9.0722,3.3270,5000,0.0821
,CHECKPOINT BATCH 33870,8.9489,,,
,CHECKPOINT BATCH 33875,10.2896,,,
,CHECKPOINT BATCH 33880,11.7505,,,
,CHECKPOINT BATCH 33885,13.2573,,,
10:44:14,33887,13.1642,7.1865,5000,0.0821
,CHECKPOINT BATCH 33890,12.7556,,,
,CHECKPOINT BATCH 33895,14.5228,,,
,CHECKPOINT BATCH 33900,13.3752,,,
,CHECKPOINT BATCH 33905,9.9019,,,
10:44:16,33906,18.5762,8.2830,5000,0.0820
,CHECKPOINT BATCH 33910,9.5305,,,
,CHECKPOINT BATCH 33915,10.8393,,,
,CHECKPOINT BATCH 33920,12.1569,,,
10:44:18,33925,11.6460,11.0455,5000,0.0819
,CHECKPOINT BATCH 33925,11.6460,,,
,CHECKPOINT BATCH 33930,16.9397,,,
,CHECKPOINT BATCH 33935,14.7935,,,
,CHECKPOINT BATCH 33940,18.6743,,,
10:44:20,33944,17.0399,14.4890,5000,0.0819
,CHECKPOINT BATCH 33945,13.7200,,,
,CHECKPOINT BATCH 33950,16.6026,,,
,CHECKPOINT BATCH 33955,8.8947,,,
,CHECKPOINT BATCH 33960,12.0944,,,
10:44:22,33963,13.1944,14.6545,5000,0.0818
,CHECKPOINT BATCH 33965,12.3434,,,
,CHECKPOINT BATCH 33970,9.2353,,,
,CHECKPOINT BATCH 33975,14.5291,,,
10:44:26,33977,11.1228,13.7515,5000,0.0818
,CHECKPOINT BATCH 33980,11.3372,,,
,CHECKPOINT BATCH 33985,18.9963,,,
,CHECKPOINT BATCH 33990,10.8827,,,
,CHECKPOINT BATCH 33995,11.1337,,,
10:44:28,33996,8.6484,15.1060,5000,0.0817
,CHECKPOINT BATCH 34000,11.4838,,,
,CHECKPOINT BATCH 34005,11.1446,,,
10:44:32,34010,12.3554,17.5220,5000,0.0817
,CHECKPOINT BATCH 34010,12.3554,,,
,CHECKPOINT BATCH 34015,8.6953,,,
,CHECKPOINT BATCH 34020,12.3494,,,
,CHECKPOINT BATCH 34025,9.0100,,,
10:44:34,34029,11.5151,18.2520,5000,0.0816
,CHECKPOINT BATCH 34030,9.7231,,,
,CHECKPOINT BATCH 34035,12.5714,,,
,CHECKPOINT BATCH 34040,12.8241,,,
,CHECKPOINT BATCH 34045,14.7888,,,
10:44:36,34048,12.4733,17.9015,5000,0.0816
,CHECKPOINT BATCH 34050,11.5299,,,
,CHECKPOINT BATCH 34055,12.1737,,,
,CHECKPOINT BATCH 34060,9.9489,,,
,CHECKPOINT BATCH 34065,9.6033,,,
10:44:38,34067,7.1811,16.9825,5000,0.0815
,CHECKPOINT BATCH 34070,10.1668,,,
,CHECKPOINT BATCH 34075,9.7597,,,
,CHECKPOINT BATCH 34080,9.8409,,,
,CHECKPOINT BATCH 34085,9.4794,,,
10:44:40,34086,11.3120,15.2220,5000,0.0814
,CHECKPOINT BATCH 34090,15.8154,,,
,CHECKPOINT BATCH 34095,10.4741,,,
,CHECKPOINT BATCH 34100,15.7387,,,
10:44:42,34105,11.1040,11.4635,5000,0.0814
,CHECKPOINT BATCH 34105,11.1040,,,
,CHECKPOINT BATCH 34110,12.7396,,,
,CHECKPOINT BATCH 34115,9.8843,,,
,CHECKPOINT BATCH 34120,12.8261,,,
10:44:44,34124,9.6202,7.7205,5000,0.0813
,CHECKPOINT BATCH 34125,11.9810,,,
,CHECKPOINT BATCH 34130,11.6927,,,
,CHECKPOINT BATCH 34135,13.5182,,,
,CHECKPOINT BATCH 34140,11.1227,,,
10:44:47,34143,8.4995,5.8700,5000,0.0813
,CHECKPOINT BATCH 34145,12.1602,,,
,CHECKPOINT BATCH 34150,14.9075,,,
,CHECKPOINT BATCH 34155,13.8424,,,
,CHECKPOINT BATCH 34160,8.5954,,,
10:44:49,34162,21.8947,5.8490,5000,0.0812
,CHECKPOINT BATCH 34165,13.9349,,,
,CHECKPOINT BATCH 34170,8.9658,,,
,CHECKPOINT BATCH 34175,14.5609,,,
,CHECKPOINT BATCH 34180,11.5677,,,
10:44:51,34181,7.0918,7.2000,5000,0.0811
,CHECKPOINT BATCH 34185,12.1677,,,
,CHECKPOINT BATCH 34190,11.2893,,,
10:44:55,34194,9.7482,7.4880,5000,0.0811
,CHECKPOINT BATCH 34195,9.8144,,,
,CHECKPOINT BATCH 34200,10.8249,,,
,CHECKPOINT BATCH 34205,12.1739,,,
,CHECKPOINT BATCH 34210,12.7975,,,
10:44:57,34213,12.6167,10.0555,5000,0.0810
,CHECKPOINT BATCH 34215,12.6968,,,
,CHECKPOINT BATCH 34220,9.8182,,,
,CHECKPOINT BATCH 34225,11.8182,,,
,CHECKPOINT BATCH 34230,10.5829,,,
10:44:59,34232,13.8963,13.7200,5000,0.0810
,CHECKPOINT BATCH 34235,10.6128,,,
,CHECKPOINT BATCH 34240,14.5151,,,
,CHECKPOINT BATCH 34245,7.4654,,,
,CHECKPOINT BATCH 34250,12.1400,,,
10:45:01,34251,11.5313,15.8670,5000,0.0809
,CHECKPOINT BATCH 34255,12.4178,,,
,CHECKPOINT BATCH 34260,13.6496,,,
,CHECKPOINT BATCH 34265,11.3345,,,
10:45:03,34270,10.3015,14.9270,5000,0.0809
,CHECKPOINT BATCH 34270,10.3015,,,
,CHECKPOINT BATCH 34275,7.7080,,,
,CHECKPOINT BATCH 34280,14.1658,,,
,CHECKPOINT BATCH 34285,12.8399,,,
10:45:05,34289,10.4739,15.3635,5000,0.0808
,CHECKPOINT BATCH 34290,8.4081,,,
,CHECKPOINT BATCH 34295,10.3817,,,
,CHECKPOINT BATCH 34300,8.1970,,,
,CHECKPOINT BATCH 34305,12.4072,,,
10:45:07,34308,13.2742,17.0165,5000,0.0807
,CHECKPOINT BATCH 34310,7.3497,,,
10:45:10,34312,9.4263,17.8585,5000,0.0807
,CHECKPOINT BATCH 34315,19.1685,,,
,CHECKPOINT BATCH 34320,7.7908,,,
,CHECKPOINT BATCH 34325,18.1934,,,
,CHECKPOINT BATCH 34330,7.8714,,,
10:45:12,34331,10.6467,17.0540,5000,0.0807
,CHECKPOINT BATCH 34335,14.2515,,,
,CHECKPOINT BATCH 34340,9.8842,,,
,CHECKPOINT BATCH 34345,9.4272,,,
10:45:14,34350,10.6696,16.0065,5000,0.0806
,CHECKPOINT BATCH 34350,10.6696,,,
,CHECKPOINT BATCH 34355,9.7778,,,
,CHECKPOINT BATCH 34360,9.8907,,,
,CHECKPOINT BATCH 34365,9.3792,,,
10:45:16,34369,14.6986,17.5665,5000,0.0806
,CHECKPOINT BATCH 34370,13.8541,,,
,CHECKPOINT BATCH 34375,9.0024,,,
,CHECKPOINT BATCH 34380,8.9607,,,
,CHECKPOINT BATCH 34385,10.6507,,,
10:45:18,34388,8.5613,17.7520,5000,0.0805
,CHECKPOINT BATCH 34390,15.1576,,,
,CHECKPOINT BATCH 34395,8.5533,,,
,CHECKPOINT BATCH 34400,8.1296,,,
,CHECKPOINT BATCH 34405,11.8393,,,
10:45:20,34407,10.6467,16.4095,5000,0.0804
,CHECKPOINT BATCH 34410,10.8126,,,
,CHECKPOINT BATCH 34415,14.0263,,,
,CHECKPOINT BATCH 34420,7.1516,,,
,CHECKPOINT BATCH 34425,8.3844,,,
10:45:22,34426,11.0697,12.5525,5000,0.0804
,CHECKPOINT BATCH 34430,9.7648,,,
,CHECKPOINT BATCH 34435,11.6010,,,
,CHECKPOINT BATCH 34440,10.8944,,,
10:45:24,34445,11.0058,11.6705,5000,0.0803
,CHECKPOINT BATCH 34445,11.0058,,,
,CHECKPOINT BATCH 34450,9.9209,,,
,CHECKPOINT BATCH 34455,14.4038,,,
10:45:28,34458,20.7342,12.3590,5000,0.0803
,CHECKPOINT BATCH 34460,16.4745,,,
,CHECKPOINT BATCH 34465,11.9917,,,
,CHECKPOINT BATCH 34470,17.1858,,,
,CHECKPOINT BATCH 34475,13.1391,,,
10:45:30,34477,18.1243,13.0885,5000,0.0802
,CHECKPOINT BATCH 34480,9.0188,,,
,CHECKPOINT BATCH 34485,8.9053,,,
,CHECKPOINT BATCH 34490,12.6484,,,
,CHECKPOINT BATCH 34495,11.3647,,,
10:45:32,34496,15.4810,14.6050,5000,0.0802
,CHECKPOINT BATCH 34500,9.5818,,,
,CHECKPOINT BATCH 34505,10.8386,,,
,CHECKPOINT BATCH 34510,11.3523,,,
10:45:36,34513,9.0774,15.6345,5000,0.0801
,CHECKPOINT BATCH 34515,11.8410,,,
,CHECKPOINT BATCH 34520,10.8089,,,
,CHECKPOINT BATCH 34525,11.1773,,,
,CHECKPOINT BATCH 34530,17.6155,,,
10:45:39,34532,10.3235,14.6920,5000,0.0801
,CHECKPOINT BATCH 34535,16.9441,,,
,CHECKPOINT BATCH 34540,11.7401,,,
,CHECKPOINT BATCH 34545,11.8599,,,
,CHECKPOINT BATCH 34550,9.0910,,,
10:45:41,34551,10.1755,16.0215,5000,0.0800
,CHECKPOINT BATCH 34555,13.4042,,,
,CHECKPOINT BATCH 34560,17.3078,,,
,CHECKPOINT BATCH 34565,10.7073,,,
10:45:43,34570,11.2317,16.1050,5000,0.0799
,CHECKPOINT BATCH 34570,11.2317,,,
,CHECKPOINT BATCH 34575,15.2620,,,
,CHECKPOINT BATCH 34580,11.3398,,,
,CHECKPOINT BATCH 34585,8.0479,,,
10:45:45,34589,14.4292,15.9590,5000,0.0799
,CHECKPOINT BATCH 34590,9.9087,,,
,CHECKPOINT BATCH 34595,12.6705,,,
,CHECKPOINT BATCH 34600,14.4301,,,
,CHECKPOINT BATCH 34605,10.3654,,,
10:45:47,34608,12.8153,15.8095,5000,0.0798
,CHECKPOINT BATCH 34610,17.1805,,,
,CHECKPOINT BATCH 34615,15.3770,,,
,CHECKPOINT BATCH 34620,13.6711,,,
,CHECKPOINT BATCH 34625,11.4072,,,
10:45:49,34626,16.8986,17.5060,5000,0.0798
,CHECKPOINT BATCH 34630,12.1184,,,
,CHECKPOINT BATCH 34635,10.4637,,,
,CHECKPOINT BATCH 34640,9.9398,,,
10:45:53,34645,11.4633,17.5500,5000,0.0797
,CHECKPOINT BATCH 34645,11.4633,,,
,CHECKPOINT BATCH 34650,9.8161,,,
,CHECKPOINT BATCH 34655,15.8961,,,
,CHECKPOINT BATCH 34660,14.3392,,,
10:45:55,34664,10.5081,16.3645,5000,0.0797
,CHECKPOINT BATCH 34665,9.0639,,,
,CHECKPOINT BATCH 34670,12.9397,,,
,CHECKPOINT BATCH 34675,11.9214,,,
,CHECKPOINT BATCH 34680,12.5397,,,
10:45:57,34683,9.2966,16.6355,5000,0.0796
,CHECKPOINT BATCH 34685,17.2532,,,
,CHECKPOINT BATCH 34690,19.7058,,,
,CHECKPOINT BATCH 34695,10.0649,,,
,CHECKPOINT BATCH 34700,9.2000,,,
10:45:59,34702,13.1408,15.1140,5000,0.0796
,CHECKPOINT BATCH 34705,12.1354,,,
,CHECKPOINT BATCH 34710,10.6914,,,
,CHECKPOINT BATCH 34715,14.8839,,,
,CHECKPOINT BATCH 34720,14.7082,,,
10:46:02,34721,21.4054,15.5955,5000,0.0795
,CHECKPOINT BATCH 34725,11.7383,,,
,CHECKPOINT BATCH 34730,9.9096,,,
,CHECKPOINT BATCH 34735,13.9868,,,
10:46:04,34740,9.0095,16.8495,5000,0.0794
,CHECKPOINT BATCH 34740,9.0095,,,
,CHECKPOINT BATCH 34745,12.6930,,,
,CHECKPOINT BATCH 34750,9.4120,,,
,CHECKPOINT BATCH 34755,11.7138,,,
10:46:06,34759,18.3407,17.1075,5000,0.0794
,CHECKPOINT BATCH 34760,12.1626,,,
10:46:08,34763,10.0683,18.2505,5000,0.0794
,CHECKPOINT BATCH 34765,10.9518,,,
,CHECKPOINT BATCH 34770,11.6912,,,
,CHECKPOINT BATCH 34775,14.9319,,,
,CHECKPOINT BATCH 34780,12.9694,,,
10:46:10,34781,9.6756,17.8145,5000,0.0793
,CHECKPOINT BATCH 34785,9.2294,,,
,CHECKPOINT BATCH 34790,9.9356,,,
,CHECKPOINT BATCH 34795,16.2763,,,
10:46:13,34800,14.4567,18.2650,5000,0.0793
,CHECKPOINT BATCH 34800,14.4567,,,
,CHECKPOINT BATCH 34805,11.3789,,,
,CHECKPOINT BATCH 34810,20.4495,,,
,CHECKPOINT BATCH 34815,11.5626,,,
10:46:15,34819,9.6897,17.1430,5000,0.0792
,CHECKPOINT BATCH 34820,7.3375,,,
,CHECKPOINT BATCH 34825,10.4678,,,
,CHECKPOINT BATCH 34830,16.0032,,,
,CHECKPOINT BATCH 34835,12.8705,,,
10:46:17,34838,8.8768,15.7510,5000,0.0792
,CHECKPOINT BATCH 34840,13.5075,,,
,CHECKPOINT BATCH 34845,10.9692,,,
,CHECKPOINT BATCH 34850,14.5202,,,
,CHECKPOINT BATCH 34855,13.9218,,,
10:46:19,34857,13.7608,15.2470,5000,0.0791
,CHECKPOINT BATCH 34860,12.3924,,,
,CHECKPOINT BATCH 34865,9.9859,,,
,CHECKPOINT BATCH 34870,13.2242,,,
,CHECKPOINT BATCH 34875,9.3049,,,
10:46:21,34876,12.5735,13.0175,5000,0.0790
,CHECKPOINT BATCH 34880,12.2333,,,
,CHECKPOINT BATCH 34885,9.0883,,,
,CHECKPOINT BATCH 34890,11.4065,,,
10:46:25,34892,8.2669,14.2015,5000,0.0790
,CHECKPOINT BATCH 34895,12.1704,,,
,CHECKPOINT BATCH 34900,14.2053,,,
,CHECKPOINT BATCH 34905,10.2946,,,
,CHECKPOINT BATCH 34910,12.9473,,,
10:46:27,34911,11.6942,16.3500,5000,0.0789
,CHECKPOINT BATCH 34915,9.5354,,,
,CHECKPOINT BATCH 34920,10.0281,,,
,CHECKPOINT BATCH 34925,16.6239,,,
10:46:29,34929,13.7902,18.8635,5000,0.0789
,CHECKPOINT BATCH 34930,18.7746,,,
,CHECKPOINT BATCH 34935,12.4978,,,
,CHECKPOINT BATCH 34940,11.4884,,,
,CHECKPOINT BATCH 34945,11.3910,,,
10:46:31,34948,13.4293,20.7030,5000,0.0788
,CHECKPOINT BATCH 34950,10.5728,,,
,CHECKPOINT BATCH 34955,17.6631,,,
,CHECKPOINT BATCH 34960,10.8473,,,
,CHECKPOINT BATCH 34965,10.9340,,,
10:46:33,34967,11.1703,20.7130,5000,0.0788
,CHECKPOINT BATCH 34970,11.5659,,,
,CHECKPOINT BATCH 34975,13.4131,,,
,CHECKPOINT BATCH 34980,10.2611,,,
,CHECKPOINT BATCH 34985,13.4758,,,
10:46:35,34986,8.8753,19.4660,5000,0.0787
,CHECKPOINT BATCH 34990,14.3031,,,
,CHECKPOINT BATCH 34995,8.9901,,,
,CHECKPOINT BATCH 35000,10.4657,,,
10:46:40,35004,9.7101,17.1430,5000,0.0787
,CHECKPOINT BATCH 35005,9.1609,,,
,CHECKPOINT BATCH 35010,10.3184,,,
,CHECKPOINT BATCH 35015,11.1488,,,
,CHECKPOINT BATCH 35020,10.9374,,,
10:46:42,35023,7.6208,17.2450,5000,0.0786
,CHECKPOINT BATCH 35025,8.7699,,,
,CHECKPOINT BATCH 35030,17.6988,,,
,CHECKPOINT BATCH 35035,11.2664,,,
,CHECKPOINT BATCH 35040,8.7247,,,
10:46:44,35042,9.6101,16.3655,5000,0.0786
,CHECKPOINT BATCH 35045,11.1838,,,
,CHECKPOINT BATCH 35050,12.6408,,,
,CHECKPOINT BATCH 35055,10.7289,,,
,CHECKPOINT BATCH 35060,10.9131,,,
10:46:46,35061,10.5922,16.0820,5000,0.0785
,CHECKPOINT BATCH 35065,12.2982,,,
,CHECKPOINT BATCH 35070,12.0580,,,
,CHECKPOINT BATCH 35075,9.2190,,,
10:46:48,35080,12.2754,16.8735,5000,0.0785
,CHECKPOINT BATCH 35080,12.2754,,,
,CHECKPOINT BATCH 35085,16.2994,,,
,CHECKPOINT BATCH 35090,14.9605,,,
,CHECKPOINT BATCH 35095,9.5194,,,
10:46:50,35099,9.9246,16.1795,5000,0.0784
,CHECKPOINT BATCH 35100,10.5390,,,
,CHECKPOINT BATCH 35105,10.2306,,,
,CHECKPOINT BATCH 35110,12.3069,,,
,CHECKPOINT BATCH 35115,8.3636,,,
10:46:52,35118,11.9449,11.1280,5000,0.0784
,CHECKPOINT BATCH 35120,11.7993,,,
,CHECKPOINT BATCH 35125,10.9109,,,
,CHECKPOINT BATCH 35130,14.5805,,,
,CHECKPOINT BATCH 35135,10.5251,,,
10:46:54,35137,9.9336,7.9425,5000,0.0783
,CHECKPOINT BATCH 35140,10.6695,,,
,CHECKPOINT BATCH 35145,12.5546,,,
,CHECKPOINT BATCH 35150,9.1035,,,
,CHECKPOINT BATCH 35155,12.7279,,,
10:46:56,35156,10.7728,5.0225,5000,0.0782
,CHECKPOINT BATCH 35160,10.6749,,,
,CHECKPOINT BATCH 35165,13.3230,,,
,CHECKPOINT BATCH 35170,10.1073,,,
10:46:58,35175,9.0722,2.2940,5000,0.0782
,CHECKPOINT BATCH 35175,9.0722,,,
,CHECKPOINT BATCH 35180,10.8979,,,
,CHECKPOINT BATCH 35185,12.0276,,,
,CHECKPOINT BATCH 35190,16.3637,,,
10:47:00,35194,8.8087,1.4960,5000,0.0781
,CHECKPOINT BATCH 35195,8.1332,,,
,CHECKPOINT BATCH 35200,10.7852,,,
,CHECKPOINT BATCH 35205,11.2793,,,
,CHECKPOINT BATCH 35210,8.6483,,,
10:47:02,35213,16.2990,2.9945,5000,0.0781
,CHECKPOINT BATCH 35215,12.8927,,,
,CHECKPOINT BATCH 35220,19.5812,,,
,CHECKPOINT BATCH 35225,10.7875,,,
,CHECKPOINT BATCH 35230,10.3176,,,
10:47:05,35232,10.6500,5.1525,5000,0.0780
10:47:07,35233,12.1731,5.9065,5000,0.0780
,CHECKPOINT BATCH 35235,10.2056,,,
,CHECKPOINT BATCH 35240,9.1312,,,
,CHECKPOINT BATCH 35245,9.9733,,,
,CHECKPOINT BATCH 35250,14.0583,,,
10:47:09,35252,11.4337,7.7040,5000,0.0780
,CHECKPOINT BATCH 35255,10.5552,,,
,CHECKPOINT BATCH 35260,10.7814,,,
,CHECKPOINT BATCH 35265,12.9064,,,
,CHECKPOINT BATCH 35270,9.1287,,,
10:47:11,35271,12.5817,10.2410,5000,0.0779
,CHECKPOINT BATCH 35275,7.2795,,,
,CHECKPOINT BATCH 35280,10.3495,,,
10:47:15,35285,10.4878,12.0475,5000,0.0779
,CHECKPOINT BATCH 35285,10.4878,,,
,CHECKPOINT BATCH 35290,6.8892,,,
,CHECKPOINT BATCH 35295,12.0759,,,
,CHECKPOINT BATCH 35300,9.1982,,,
10:47:17,35304,11.8408,14.4590,5000,0.0778
,CHECKPOINT BATCH 35305,11.0879,,,
,CHECKPOINT BATCH 35310,20.0783,,,
,CHECKPOINT BATCH 35315,11.8619,,,
,CHECKPOINT BATCH 35320,8.6140,,,
10:47:19,35323,11.2671,14.8695,5000,0.0778
,CHECKPOINT BATCH 35325,10.7463,,,
,CHECKPOINT BATCH 35330,14.8353,,,
,CHECKPOINT BATCH 35335,9.0425,,,
,CHECKPOINT BATCH 35340,8.1463,,,
10:47:21,35342,13.6351,13.1125,5000,0.0777
,CHECKPOINT BATCH 35345,11.5333,,,
,CHECKPOINT BATCH 35350,6.8291,,,
,CHECKPOINT BATCH 35355,11.0014,,,
10:47:25,35356,16.8266,12.1795,5000,0.0777
,CHECKPOINT BATCH 35360,11.2575,,,
,CHECKPOINT BATCH 35365,9.9079,,,
,CHECKPOINT BATCH 35370,7.7341,,,
10:47:27,35375,11.6586,11.7335,5000,0.0776
,CHECKPOINT BATCH 35375,11.6586,,,
,CHECKPOINT BATCH 35380,12.1964,,,
,CHECKPOINT BATCH 35385,11.3317,,,
,CHECKPOINT BATCH 35390,15.0051,,,
10:47:29,35394,14.4702,11.7110,5000,0.0776
,CHECKPOINT BATCH 35395,17.4376,,,
,CHECKPOINT BATCH 35400,8.8927,,,
,CHECKPOINT BATCH 35405,17.2265,,,
,CHECKPOINT BATCH 35410,15.6404,,,
10:47:31,35413,13.1152,10.9595,5000,0.0775
,CHECKPOINT BATCH 35415,10.7796,,,
,CHECKPOINT BATCH 35420,11.0612,,,
,CHECKPOINT BATCH 35425,11.5113,,,
,CHECKPOINT BATCH 35430,9.4242,,,
10:47:34,35432,11.2899,11.5605,5000,0.0775
,CHECKPOINT BATCH 35435,9.4051,,,
10:47:37,35439,11.7321,12.0140,5000,0.0775
,CHECKPOINT BATCH 35440,9.4718,,,
,CHECKPOINT BATCH 35445,11.4229,,,
,CHECKPOINT BATCH 35450,8.6954,,,
,CHECKPOINT BATCH 35455,13.1481,,,
10:47:39,35458,15.1853,14.5145,5000,0.0774
,CHECKPOINT BATCH 35460,10.0166,,,
,CHECKPOINT BATCH 35465,8.2368,,,
,CHECKPOINT BATCH 35470,14.6893,,,
,CHECKPOINT BATCH 35475,9.6872,,,
10:47:41,35477,12.2211,16.5730,5000,0.0774
,CHECKPOINT BATCH 35480,15.5808,,,
,CHECKPOINT BATCH 35485,13.4341,,,
,CHECKPOINT BATCH 35490,16.4585,,,
,CHECKPOINT BATCH 35495,9.3287,,,
10:47:43,35496,8.6437,17.2015,5000,0.0773
,CHECKPOINT BATCH 35500,13.0973,,,
,CHECKPOINT BATCH 35505,12.2451,,,
,CHECKPOINT BATCH 35510,18.1408,,,
10:47:45,35515,14.3653,15.9840,5000,0.0772
,CHECKPOINT BATCH 35515,14.3653,,,
,CHECKPOINT BATCH 35520,13.7349,,,
,CHECKPOINT BATCH 35525,12.6958,,,
,CHECKPOINT BATCH 35530,10.3379,,,
10:47:47,35534,11.1015,14.7705,5000,0.0772
,CHECKPOINT BATCH 35535,12.7091,,,
,CHECKPOINT BATCH 35540,18.9380,,,
,CHECKPOINT BATCH 35545,9.7504,,,
,CHECKPOINT BATCH 35550,8.5333,,,
10:47:49,35553,12.1131,13.7035,5000,0.0771
,CHECKPOINT BATCH 35555,8.5206,,,
,CHECKPOINT BATCH 35560,12.0376,,,
,CHECKPOINT BATCH 35565,13.0064,,,
,CHECKPOINT BATCH 35570,11.7323,,,
10:47:51,35572,13.3808,11.4000,5000,0.0771
,CHECKPOINT BATCH 35575,10.5537,,,
,CHECKPOINT BATCH 35580,9.2249,,,
10:47:55,35585,9.4664,10.6780,5000,0.0771
,CHECKPOINT BATCH 35585,9.4664,,,
,CHECKPOINT BATCH 35590,11.1175,,,
,CHECKPOINT BATCH 35595,10.4037,,,
,CHECKPOINT BATCH 35600,11.6860,,,
10:47:57,35604,10.8143,11.3175,5000,0.0770
,CHECKPOINT BATCH 35605,11.3159,,,
,CHECKPOINT BATCH 35610,17.7649,,,
,CHECKPOINT BATCH 35615,14.1057,,,
,CHECKPOINT BATCH 35620,18.8502,,,
10:47:59,35623,13.4691,13.3200,5000,0.0770
,CHECKPOINT BATCH 35625,12.0296,,,
,CHECKPOINT BATCH 35630,13.0441,,,
,CHECKPOINT BATCH 35635,13.1655,,,
,CHECKPOINT BATCH 35640,10.7513,,,
10:48:01,35642,12.3671,16.3590,5000,0.0769
,CHECKPOINT BATCH 35645,10.7358,,,
10:48:04,35649,11.8078,16.5020,5000,0.0769
,CHECKPOINT BATCH 35650,12.8166,,,
,CHECKPOINT BATCH 35655,11.7213,,,
,CHECKPOINT BATCH 35660,9.9078,,,
,CHECKPOINT BATCH 35665,11.4607,,,
10:48:06,35668,19.4724,14.4845,5000,0.0768
,CHECKPOINT BATCH 35670,9.7469,,,
,CHECKPOINT BATCH 35675,13.5920,,,
,CHECKPOINT BATCH 35680,13.7151,,,
,CHECKPOINT BATCH 35685,11.7914,,,
10:48:08,35686,10.8203,16.2490,5000,0.0768
,CHECKPOINT BATCH 35690,12.5804,,,
,CHECKPOINT BATCH 35695,12.0058,,,
,CHECKPOINT BATCH 35700,12.0110,,,
10:48:10,35705,9.3407,17.7885,5000,0.0767
,CHECKPOINT BATCH 35705,9.3407,,,
,CHECKPOINT BATCH 35710,7.7164,,,
,CHECKPOINT BATCH 35715,10.3846,,,
,CHECKPOINT BATCH 35720,10.1258,,,
10:48:13,35724,12.6033,17.3385,5000,0.0767
,CHECKPOINT BATCH 35725,11.5684,,,
10:48:15,35728,10.6802,16.7170,5000,0.0767
,CHECKPOINT BATCH 35730,14.7711,,,
,CHECKPOINT BATCH 35735,11.3853,,,
,CHECKPOINT BATCH 35740,10.1791,,,
,CHECKPOINT BATCH 35745,10.3555,,,
10:48:17,35747,8.3154,14.1175,5000,0.0766
,CHECKPOINT BATCH 35750,7.8391,,,
,CHECKPOINT BATCH 35755,18.0275,,,
,CHECKPOINT BATCH 35760,12.9316,,,
,CHECKPOINT BATCH 35765,10.7273,,,
10:48:20,35766,9.0915,19.0335,5000,0.0766
,CHECKPOINT BATCH 35770,10.9461,,,
10:48:23,35772,12.4956,19.7750,5000,0.0766
,CHECKPOINT BATCH 35775,12.1750,,,
,CHECKPOINT BATCH 35780,8.7089,,,
,CHECKPOINT BATCH 35785,10.4100,,,
,CHECKPOINT BATCH 35790,13.7525,,,
10:48:25,35791,8.7450,18.8505,5000,0.0765
,CHECKPOINT BATCH 35795,13.2147,,,
,CHECKPOINT BATCH 35800,13.1987,,,
,CHECKPOINT BATCH 35805,11.7034,,,
10:48:27,35810,9.3047,18.5520,5000,0.0765
,CHECKPOINT BATCH 35810,9.3047,,,
,CHECKPOINT BATCH 35815,14.3546,,,
,CHECKPOINT BATCH 35820,16.4057,,,
,CHECKPOINT BATCH 35825,15.1529,,,
10:48:29,35829,12.7600,17.9135,5000,0.0764
,CHECKPOINT BATCH 35830,10.9662,,,
,CHECKPOINT BATCH 35835,12.4927,,,
,CHECKPOINT BATCH 35840,15.0625,,,
,CHECKPOINT BATCH 35845,10.8559,,,
10:48:31,35848,16.2589,19.1545,5000,0.0764
,CHECKPOINT BATCH 35850,9.1661,,,
,CHECKPOINT BATCH 35855,10.4632,,,
,CHECKPOINT BATCH 35860,16.8944,,,
,CHECKPOINT BATCH 35865,15.0243,,,
10:48:33,35867,9.3316,16.8665,5000,0.0763
,CHECKPOINT BATCH 35870,9.2953,,,
,CHECKPOINT BATCH 35875,13.5851,,,
,CHECKPOINT BATCH 35880,12.0030,,,
,CHECKPOINT BATCH 35885,11.1728,,,
10:48:37,35886,8.6775,15.6645,5000,0.0763
,CHECKPOINT BATCH 35890,14.7331,,,
,CHECKPOINT BATCH 35895,11.2940,,,
,CHECKPOINT BATCH 35900,14.8192,,,
10:48:39,35905,12.0069,15.4480,5000,0.0762
,CHECKPOINT BATCH 35905,12.0069,,,
,CHECKPOINT BATCH 35910,13.3609,,,
,CHECKPOINT BATCH 35915,13.3476,,,
,CHECKPOINT BATCH 35920,10.5057,,,
10:48:42,35924,14.7456,16.6895,5000,0.0762
,CHECKPOINT BATCH 35925,12.6333,,,
,CHECKPOINT BATCH 35930,11.7837,,,
,CHECKPOINT BATCH 35935,13.4175,,,
,CHECKPOINT BATCH 35940,18.6319,,,
10:48:44,35943,12.8891,16.3670,5000,0.0761
,CHECKPOINT BATCH 35945,16.9437,,,
,CHECKPOINT BATCH 35950,12.0471,,,
,CHECKPOINT BATCH 35955,13.4585,,,
,CHECKPOINT BATCH 35960,11.8962,,,
10:48:46,35962,10.7593,14.8050,5000,0.0761
,CHECKPOINT BATCH 35965,13.1782,,,
,CHECKPOINT BATCH 35970,11.6639,,,
,CHECKPOINT BATCH 35975,11.9174,,,
10:48:48,35980,12.3908,14.6645,5000,0.0760
,CHECKPOINT BATCH 35980,12.3908,,,
,CHECKPOINT BATCH 35985,10.2161,,,
,CHECKPOINT BATCH 35990,13.9446,,,
,CHECKPOINT BATCH 35995,12.1918,,,
10:48:50,35999,16.7131,12.6150,5000,0.0760
,CHECKPOINT BATCH 36000,15.1865,,,
,CHECKPOINT BATCH 36005,18.5765,,,
,CHECKPOINT BATCH 36010,15.8297,,,
,CHECKPOINT BATCH 36015,10.2296,,,
10:48:52,36018,15.1636,9.7100,5000,0.0759
,CHECKPOINT BATCH 36020,10.0375,,,
,CHECKPOINT BATCH 36025,10.9053,,,
,CHECKPOINT BATCH 36030,13.8921,,,
,CHECKPOINT BATCH 36035,18.7823,,,
10:48:54,36037,8.5877,8.9930,5000,0.0759
10:48:56,36039,13.4800,10.4485,5000,0.0759
,CHECKPOINT BATCH 36040,11.3308,,,
,CHECKPOINT BATCH 36045,10.8880,,,
,CHECKPOINT BATCH 36050,13.2124,,,
,CHECKPOINT BATCH 36055,15.9558,,,
10:48:59,36058,8.6712,13.3420,5000,0.0758
,CHECKPOINT BATCH 36060,8.9067,,,
10:49:02,36064,9.9834,13.6360,5000,0.0758
,CHECKPOINT BATCH 36065,13.4898,,,
,CHECKPOINT BATCH 36070,11.2750,,,
,CHECKPOINT BATCH 36075,11.4500,,,
,CHECKPOINT BATCH 36080,11.8529,,,
10:49:04,36083,9.5982,11.9090,5000,0.0757
,CHECKPOINT BATCH 36085,11.7447,,,
,CHECKPOINT BATCH 36090,10.2365,,,
10:49:07,36092,15.4400,13.8400,5000,0.0757
,CHECKPOINT BATCH 36095,11.0692,,,
,CHECKPOINT BATCH 36100,9.5755,,,
,CHECKPOINT BATCH 36105,11.3468,,,
10:49:11,36109,15.0234,15.6185,5000,0.0757
,CHECKPOINT BATCH 36110,14.1310,,,
,CHECKPOINT BATCH 36115,12.2699,,,
,CHECKPOINT BATCH 36120,11.6674,,,
,CHECKPOINT BATCH 36125,12.8807,,,
10:49:13,36128,10.9099,15.4315,5000,0.0756
,CHECKPOINT BATCH 36130,12.5423,,,
,CHECKPOINT BATCH 36135,14.5700,,,
,CHECKPOINT BATCH 36140,14.4397,,,
,CHECKPOINT BATCH 36145,10.6464,,,
10:49:15,36147,10.8863,15.3855,5000,0.0756
,CHECKPOINT BATCH 36150,11.8116,,,
,CHECKPOINT BATCH 36155,7.4075,,,
,CHECKPOINT BATCH 36160,9.0588,,,
,CHECKPOINT BATCH 36165,13.3029,,,
10:49:17,36166,11.2814,16.1950,5000,0.0755
,CHECKPOINT BATCH 36170,10.9001,,,
,CHECKPOINT BATCH 36175,13.2079,,,
,CHECKPOINT BATCH 36180,12.3627,,,
10:49:19,36185,15.0108,19.3270,5000,0.0755
,CHECKPOINT BATCH 36185,15.0108,,,
10:49:22,36189,14.2915,18.5675,5000,0.0755
,CHECKPOINT BATCH 36190,8.3267,,,
,CHECKPOINT BATCH 36195,10.6546,,,
,CHECKPOINT BATCH 36200,13.2754,,,
,CHECKPOINT BATCH 36205,11.1782,,,
10:49:24,36208,13.9106,15.5360,5000,0.0754
,CHECKPOINT BATCH 36210,12.7175,,,
,CHECKPOINT BATCH 36215,11.1556,,,
,CHECKPOINT BATCH 36220,9.7781,,,
,CHECKPOINT BATCH 36225,12.4624,,,
10:49:26,36227,11.7626,18.5890,5000,0.0754
,CHECKPOINT BATCH 36230,8.7564,,,
,CHECKPOINT BATCH 36235,18.2421,,,
,CHECKPOINT BATCH 36240,8.7278,,,
,CHECKPOINT BATCH 36245,12.4917,,,
10:49:28,36246,15.7316,17.5110,5000,0.0753
,CHECKPOINT BATCH 36250,13.7382,,,
,CHECKPOINT BATCH 36255,7.4186,,,
,CHECKPOINT BATCH 36260,11.2677,,,
10:49:31,36265,15.5355,14.9290,5000,0.0753
,CHECKPOINT BATCH 36265,15.5355,,,
,CHECKPOINT BATCH 36270,10.6356,,,
,CHECKPOINT BATCH 36275,8.3228,,,
,CHECKPOINT BATCH 36280,11.7508,,,
10:49:33,36284,8.9353,13.5365,5000,0.0752
,CHECKPOINT BATCH 36285,14.1760,,,
,CHECKPOINT BATCH 36290,12.2536,,,
,CHECKPOINT BATCH 36295,10.9091,,,
,CHECKPOINT BATCH 36300,15.4639,,,
10:49:35,36303,16.3429,15.2875,5000,0.0752
,CHECKPOINT BATCH 36305,11.7724,,,
,CHECKPOINT BATCH 36310,12.9959,,,
,CHECKPOINT BATCH 36315,27.2036,,,
,CHECKPOINT BATCH 36320,10.0837,,,
10:49:37,36322,8.3066,13.9790,5000,0.0751
,CHECKPOINT BATCH 36325,10.8805,,,
,CHECKPOINT BATCH 36330,11.2107,,,
10:49:40,36334,10.8928,14.0840,5000,0.0751
,CHECKPOINT BATCH 36335,9.1621,,,
,CHECKPOINT BATCH 36340,12.5038,,,
,CHECKPOINT BATCH 36345,15.2005,,,
,CHECKPOINT BATCH 36350,12.4004,,,
10:49:43,36353,10.1682,16.3525,5000,0.0751
,CHECKPOINT BATCH 36355,11.6137,,,
,CHECKPOINT BATCH 36360,9.8267,,,
,CHECKPOINT BATCH 36365,14.6505,,,
,CHECKPOINT BATCH 36370,12.0640,,,
10:49:45,36372,10.9384,17.2360,5000,0.0750
,CHECKPOINT BATCH 36375,8.5702,,,
,CHECKPOINT BATCH 36380,12.0547,,,
,CHECKPOINT BATCH 36385,10.9797,,,
,CHECKPOINT BATCH 36390,12.4087,,,
10:49:47,36391,13.7219,18.1570,5000,0.0750
,CHECKPOINT BATCH 36395,11.2921,,,
,CHECKPOINT BATCH 36400,13.7219,,,
10:49:50,36402,9.1411,18.5835,5000,0.0749
,CHECKPOINT BATCH 36405,14.1902,,,
,CHECKPOINT BATCH 36410,15.2773,,,
,CHECKPOINT BATCH 36415,13.9569,,,
,CHECKPOINT BATCH 36420,10.0249,,,
10:49:52,36421,13.8961,17.9195,5000,0.0749
,CHECKPOINT BATCH 36425,12.7481,,,
,CHECKPOINT BATCH 36430,10.5700,,,
,CHECKPOINT BATCH 36435,10.0378,,,
10:49:54,36440,12.8060,17.8205,5000,0.0748
,CHECKPOINT BATCH 36440,12.8060,,,
,CHECKPOINT BATCH 36445,15.9300,,,
,CHECKPOINT BATCH 36450,11.4184,,,
,CHECKPOINT BATCH 36455,15.1697,,,
10:49:56,36459,8.7995,17.2190,5000,0.0748
,CHECKPOINT BATCH 36460,12.8364,,,
,CHECKPOINT BATCH 36465,9.1666,,,
,CHECKPOINT BATCH 36470,14.6389,,,
,CHECKPOINT BATCH 36475,12.0957,,,
10:49:59,36478,10.5114,16.7825,5000,0.0747
10:50:01,36479,8.4762,17.3825,5000,0.0747
,CHECKPOINT BATCH 36480,10.3084,,,
,CHECKPOINT BATCH 36485,9.8347,,,
,CHECKPOINT BATCH 36490,9.0572,,,
,CHECKPOINT BATCH 36495,11.2538,,,
10:50:03,36498,12.7246,17.5245,5000,0.0747
,CHECKPOINT BATCH 36500,11.5583,,,
,CHECKPOINT BATCH 36505,9.0388,,,
,CHECKPOINT BATCH 36510,12.9739,,,
,CHECKPOINT BATCH 36515,8.2520,,,
10:50:05,36517,23.4158,19.8270,5000,0.0746
,CHECKPOINT BATCH 36520,10.5805,,,
,CHECKPOINT BATCH 36525,13.6911,,,
,CHECKPOINT BATCH 36530,15.9655,,,
,CHECKPOINT BATCH 36535,15.3361,,,
10:50:07,36536,10.1878,17.9755,5000,0.0746
,CHECKPOINT BATCH 36540,10.6751,,,
,CHECKPOINT BATCH 36545,13.7678,,,
,CHECKPOINT BATCH 36550,10.1365,,,
10:50:09,36555,9.2842,17.0815,5000,0.0746
,CHECKPOINT BATCH 36555,9.2842,,,
,CHECKPOINT BATCH 36560,7.2956,,,
,CHECKPOINT BATCH 36565,11.0528,,,
,CHECKPOINT BATCH 36570,14.0441,,,
10:50:11,36574,16.7418,16.4565,5000,0.0745
,CHECKPOINT BATCH 36575,11.7318,,,
,CHECKPOINT BATCH 36580,10.6482,,,
,CHECKPOINT BATCH 36585,10.9527,,,
,CHECKPOINT BATCH 36590,9.8225,,,
10:50:14,36593,11.0379,14.9965,5000,0.0745
,CHECKPOINT BATCH 36595,11.6441,,,
10:50:16,36598,9.3462,15.9885,5000,0.0745
,CHECKPOINT BATCH 36600,14.6837,,,
,CHECKPOINT BATCH 36605,14.2610,,,
,CHECKPOINT BATCH 36610,12.6106,,,
,CHECKPOINT BATCH 36615,14.0158,,,
10:50:18,36617,10.8689,16.3820,5000,0.0744
,CHECKPOINT BATCH 36620,12.4040,,,
10:50:21,36621,9.4023,16.2290,5000,0.0744
,CHECKPOINT BATCH 36625,10.8044,,,
,CHECKPOINT BATCH 36630,11.0468,,,
,CHECKPOINT BATCH 36635,12.4061,,,
10:50:23,36640,17.7208,14.5430,5000,0.0743
,CHECKPOINT BATCH 36640,17.7208,,,
,CHECKPOINT BATCH 36645,11.1991,,,
,CHECKPOINT BATCH 36650,12.7005,,,
10:50:27,36654,16.1984,15.4250,5000,0.0743
,CHECKPOINT BATCH 36655,14.8103,,,
,CHECKPOINT BATCH 36660,12.6280,,,
,CHECKPOINT BATCH 36665,10.3358,,,
,CHECKPOINT BATCH 36670,15.6064,,,
10:50:29,36673,9.9757,13.6770,5000,0.0743
,CHECKPOINT BATCH 36675,13.1487,,,
,CHECKPOINT BATCH 36680,7.5844,,,
10:50:33,36683,11.1416,14.0760,5000,0.0742
,CHECKPOINT BATCH 36685,12.2662,,,
,CHECKPOINT BATCH 36690,12.4086,,,
,CHECKPOINT BATCH 36695,14.9086,,,
,CHECKPOINT BATCH 36700,11.0998,,,
10:50:35,36702,10.2779,10.8840,5000,0.0742
,CHECKPOINT BATCH 36705,16.1079,,,
,CHECKPOINT BATCH 36710,19.0802,,,
,CHECKPOINT BATCH 36715,18.8982,,,
,CHECKPOINT BATCH 36720,11.1558,,,
10:50:37,36721,9.3834,11.3375,5000,0.0742
,CHECKPOINT BATCH 36725,8.0107,,,
,CHECKPOINT BATCH 36730,7.9145,,,
,CHECKPOINT BATCH 36735,8.4066,,,
10:50:39,36740,10.4089,14.1095,5000,0.0741
,CHECKPOINT BATCH 36740,10.4089,,,
,CHECKPOINT BATCH 36745,9.3624,,,
,CHECKPOINT BATCH 36750,11.6833,,,
,CHECKPOINT BATCH 36755,13.3432,,,
10:50:41,36759,10.2071,13.9590,5000,0.0741
,CHECKPOINT BATCH 36760,16.7758,,,
,CHECKPOINT BATCH 36765,13.8729,,,
,CHECKPOINT BATCH 36770,21.7844,,,
,CHECKPOINT BATCH 36775,10.7538,,,
10:50:43,36778,13.6788,14.3065,5000,0.0740
,CHECKPOINT BATCH 36780,10.2831,,,
,CHECKPOINT BATCH 36785,9.8451,,,
,CHECKPOINT BATCH 36790,16.3574,,,
,CHECKPOINT BATCH 36795,11.1943,,,
10:50:45,36797,9.3695,16.3520,5000,0.0740
,CHECKPOINT BATCH 36800,7.0073,,,
,CHECKPOINT BATCH 36805,16.5524,,,
,CHECKPOINT BATCH 36810,11.3324,,,
,CHECKPOINT BATCH 36815,15.5147,,,
10:50:47,36816,9.8201,13.7810,5000,0.0739
,CHECKPOINT BATCH 36820,9.3734,,,
,CHECKPOINT BATCH 36825,9.7541,,,
,CHECKPOINT BATCH 36830,18.6161,,,
10:50:49,36835,9.9885,9.6355,5000,0.0739
,CHECKPOINT BATCH 36835,9.9885,,,
,CHECKPOINT BATCH 36840,9.7773,,,
,CHECKPOINT BATCH 36845,15.0516,,,
,CHECKPOINT BATCH 36850,7.6904,,,
10:50:51,36854,9.3284,6.7205,5000,0.0738
,CHECKPOINT BATCH 36855,9.8030,,,
,CHECKPOINT BATCH 36860,12.9127,,,
,CHECKPOINT BATCH 36865,10.1376,,,
,CHECKPOINT BATCH 36870,11.2269,,,
10:50:53,36872,8.7349,4.5595,5000,0.0738
,CHECKPOINT BATCH 36875,13.6077,,,
,CHECKPOINT BATCH 36880,13.2579,,,
,CHECKPOINT BATCH 36885,8.5107,,,
,CHECKPOINT BATCH 36890,7.6963,,,
10:50:56,36891,9.5724,2.0435,5000,0.0737
,CHECKPOINT BATCH 36895,12.0683,,,
,CHECKPOINT BATCH 36900,9.6593,,,
,CHECKPOINT BATCH 36905,15.3880,,,
10:50:58,36910,16.1964,0.5120,5000,0.0737
,CHECKPOINT BATCH 36910,16.1964,,,
10:51:00,36914,14.8154,0.9650,5000,0.0737
,CHECKPOINT BATCH 36915,12.9160,,,
,CHECKPOINT BATCH 36920,8.1166,,,
,CHECKPOINT BATCH 36925,21.3529,,,
,CHECKPOINT BATCH 36930,7.3553,,,
10:51:02,36933,15.9148,4.6340,5000,0.0736
,CHECKPOINT BATCH 36935,6.8160,,,
,CHECKPOINT BATCH 36940,14.4611,,,
,CHECKPOINT BATCH 36945,11.6150,,,
,CHECKPOINT BATCH 36950,13.2447,,,
10:51:05,36952,13.8708,8.6465,5000,0.0736
10:51:07,36953,12.4685,8.6515,5000,0.0736
,CHECKPOINT BATCH 36955,9.9375,,,
,CHECKPOINT BATCH 36960,10.8218,,,
,CHECKPOINT BATCH 36965,10.6650,,,
,CHECKPOINT BATCH 36970,14.5844,,,
10:51:09,36972,8.6557,12.0390,5000,0.0736
,CHECKPOINT BATCH 36975,10.4742,,,
,CHECKPOINT BATCH 36980,10.3801,,,
,CHECKPOINT BATCH 36985,8.4892,,,
,CHECKPOINT BATCH 36990,11.4221,,,
10:51:11,36991,11.9315,16.2085,5000,0.0735
,CHECKPOINT BATCH 36995,10.1537,,,
,CHECKPOINT BATCH 37000,10.4452,,,
,CHECKPOINT BATCH 37005,19.1769,,,
10:51:13,37010,7.6698,18.8210,5000,0.0735
,CHECKPOINT BATCH 37010,7.6698,,,
,CHECKPOINT BATCH 37015,11.9651,,,
,CHECKPOINT BATCH 37020,10.9612,,,
,CHECKPOINT BATCH 37025,9.8576,,,
10:51:15,37028,8.1560,17.3035,5000,0.0734
,CHECKPOINT BATCH 37030,6.8673,,,
,CHECKPOINT BATCH 37035,11.2150,,,
,CHECKPOINT BATCH 37040,15.0925,,,
,CHECKPOINT BATCH 37045,16.5832,,,
10:51:17,37047,8.8364,14.9915,5000,0.0734
,CHECKPOINT BATCH 37050,13.6120,,,
10:51:20,37054,10.8403,15.4410,5000,0.0734
,CHECKPOINT BATCH 37055,13.7074,,,
,CHECKPOINT BATCH 37060,12.0926,,,
,CHECKPOINT BATCH 37065,8.1782,,,
,CHECKPOINT BATCH 37070,7.6618,,,
10:51:23,37073,7.1402,16.2165,5000,0.0733
,CHECKPOINT BATCH 37075,11.5356,,,
,CHECKPOINT BATCH 37080,14.0665,,,
,CHECKPOINT BATCH 37085,13.5512,,,
,CHECKPOINT BATCH 37090,8.1415,,,
10:51:25,37092,13.6766,15.9185,5000,0.0733
,CHECKPOINT BATCH 37095,10.0559,,,
,CHECKPOINT BATCH 37100,12.6467,,,
,CHECKPOINT BATCH 37105,11.6900,,,
,CHECKPOINT BATCH 37110,11.9094,,,
10:51:27,37111,11.5394,16.0825,5000,0.0732
,CHECKPOINT BATCH 37115,12.4575,,,
10:51:30,37120,15.5732,16.3975,5000,0.0732
,CHECKPOINT BATCH 37120,15.5732,,,
,CHECKPOINT BATCH 37125,12.5924,,,
,CHECKPOINT BATCH 37130,11.6553,,,
,CHECKPOINT BATCH 37135,8.4485,,,
10:51:32,37139,8.9558,17.6410,5000,0.0732
,CHECKPOINT BATCH 37140,11.8726,,,
,CHECKPOINT BATCH 37145,8.7633,,,
,CHECKPOINT BATCH 37150,9.3844,,,
,CHECKPOINT BATCH 37155,12.7551,,,
10:51:34,37158,8.0461,19.6765,5000,0.0731
,CHECKPOINT BATCH 37160,10.2514,,,
10:51:37,37161,13.8634,19.0745,5000,0.0731
,CHECKPOINT BATCH 37165,13.3612,,,
,CHECKPOINT BATCH 37170,13.2386,,,
,CHECKPOINT BATCH 37175,9.5682,,,
10:51:39,37180,9.7541,17.8300,5000,0.0731
,CHECKPOINT BATCH 37180,9.7541,,,
,CHECKPOINT BATCH 37185,14.5949,,,
,CHECKPOINT BATCH 37190,24.6603,,,
,CHECKPOINT BATCH 37195,13.0870,,,
10:51:41,37199,17.1470,18.1590,5000,0.0730
,CHECKPOINT BATCH 37200,8.4105,,,
,CHECKPOINT BATCH 37205,11.1201,,,
,CHECKPOINT BATCH 37210,12.2533,,,
,CHECKPOINT BATCH 37215,15.2832,,,
10:51:43,37218,6.5776,19.8790,5000,0.0730
,CHECKPOINT BATCH 37220,10.9429,,,
,CHECKPOINT BATCH 37225,10.5837,,,
10:51:46,37226,9.9840,20.6235,5000,0.0730
,CHECKPOINT BATCH 37230,13.2995,,,
,CHECKPOINT BATCH 37235,13.4851,,,
,CHECKPOINT BATCH 37240,8.7515,,,
10:51:48,37245,11.0893,19.2615,5000,0.0729
,CHECKPOINT BATCH 37245,11.0893,,,
,CHECKPOINT BATCH 37250,11.1105,,,
,CHECKPOINT BATCH 37255,8.9929,,,
,CHECKPOINT BATCH 37260,9.9061,,,
10:51:50,37264,12.2406,19.8545,5000,0.0729
10:51:53,37265,9.1626,19.7035,5000,0.0729
,CHECKPOINT BATCH 37265,9.1626,,,
,CHECKPOINT BATCH 37270,10.5480,,,
,CHECKPOINT BATCH 37275,11.4621,,,
,CHECKPOINT BATCH 37280,9.5505,,,
10:51:55,37284,9.1938,18.6660,5000,0.0728
,CHECKPOINT BATCH 37285,9.8031,,,
,CHECKPOINT BATCH 37290,9.7553,,,
,CHECKPOINT BATCH 37295,11.0089,,,
,CHECKPOINT BATCH 37300,13.9942,,,
10:51:57,37303,12.0275,18.0115,5000,0.0728
,CHECKPOINT BATCH 37305,10.8698,,,
,CHECKPOINT BATCH 37310,11.4552,,,
,CHECKPOINT BATCH 37315,15.4969,,,
,CHECKPOINT BATCH 37320,18.6342,,,
10:51:59,37321,16.4021,15.8140,5000,0.0727
,CHECKPOINT BATCH 37325,16.9012,,,
,CHECKPOINT BATCH 37330,15.5947,,,
,CHECKPOINT BATCH 37335,10.9528,,,
10:52:01,37340,9.3596,15.6055,5000,0.0727
,CHECKPOINT BATCH 37340,9.3596,,,
,CHECKPOINT BATCH 37345,16.0036,,,
,CHECKPOINT BATCH 37350,12.9229,,,
,CHECKPOINT BATCH 37355,11.9066,,,
10:52:05,37356,11.9460,14.3835,5000,0.0727
,CHECKPOINT BATCH 37360,10.5407,,,
,CHECKPOINT BATCH 37365,10.7659,,,
,CHECKPOINT BATCH 37370,13.0974,,,
10:52:07,37375,13.9566,14.6840,5000,0.0726
,CHECKPOINT BATCH 37375,13.9566,,,
,CHECKPOINT BATCH 37380,10.9969,,,
10:52:11,37385,9.1829,14.6595,5000,0.0726
,CHECKPOINT BATCH 37385,9.1829,,,
,CHECKPOINT BATCH 37390,9.1388,,,
,CHECKPOINT BATCH 37395,9.8614,,,
,CHECKPOINT BATCH 37400,10.1086,,,
10:52:13,37404,9.3239,12.2035,5000,0.0726
,CHECKPOINT BATCH 37405,14.1557,,,
,CHECKPOINT BATCH 37410,10.1704,,,
,CHECKPOINT BATCH 37415,9.0192,,,
,CHECKPOINT BATCH 37420,11.0134,,,
10:52:15,37423,9.0058,14.4895,5000,0.0725
,CHECKPOINT BATCH 37425,14.0148,,,
,CHECKPOINT BATCH 37430,10.5568,,,
,CHECKPOINT BATCH 37435,10.9823,,,
,CHECKPOINT BATCH 37440,16.0279,,,
10:52:17,37442,8.5016,16.0725,5000,0.0725
,CHECKPOINT BATCH 37445,12.3124,,,
10:52:20,37446,8.5210,15.6155,5000,0.0725
,CHECKPOINT BATCH 37450,11.4475,,,
,CHECKPOINT BATCH 37455,17.1099,,,
,CHECKPOINT BATCH 37460,11.2155,,,
10:52:22,37465,14.7378,17.1465,5000,0.0724
,CHECKPOINT BATCH 37465,14.7378,,,
,CHECKPOINT BATCH 37470,9.1896,,,
,CHECKPOINT BATCH 37475,9.1636,,,
,CHECKPOINT BATCH 37480,9.9058,,,
10:52:24,37484,9.7409,17.3705,5000,0.0724
,CHECKPOINT BATCH 37485,13.9521,,,
,CHECKPOINT BATCH 37490,21.4443,,,
,CHECKPOINT BATCH 37495,10.8658,,,
,CHECKPOINT BATCH 37500,10.7066,,,
10:52:26,37503,9.7492,20.4665,5000,0.0723
,CHECKPOINT BATCH 37505,12.6060,,,
,CHECKPOINT BATCH 37510,10.0575,,,
,CHECKPOINT BATCH 37515,9.4742,,,
,CHECKPOINT BATCH 37520,13.6758,,,
10:52:28,37522,11.8551,20.2560,5000,0.0723
,CHECKPOINT BATCH 37525,7.8412,,,
,CHECKPOINT BATCH 37530,7.9375,,,
,CHECKPOINT BATCH 37535,13.7663,,,
,CHECKPOINT BATCH 37540,14.3966,,,
10:52:30,37541,6.7231,17.7405,5000,0.0723
,CHECKPOINT BATCH 37545,9.4566,,,
,CHECKPOINT BATCH 37550,7.7771,,,
,CHECKPOINT BATCH 37555,7.7996,,,
10:52:32,37560,10.8486,15.7315,5000,0.0722
,CHECKPOINT BATCH 37560,10.8486,,,
,CHECKPOINT BATCH 37565,9.6693,,,
,CHECKPOINT BATCH 37570,12.0544,,,
,CHECKPOINT BATCH 37575,9.1285,,,
10:52:34,37579,9.5076,11.2595,5000,0.0722
,CHECKPOINT BATCH 37580,10.0618,,,
,CHECKPOINT BATCH 37585,14.1464,,,
,CHECKPOINT BATCH 37590,9.3672,,,
,CHECKPOINT BATCH 37595,10.7620,,,
10:52:36,37598,9.2028,7.6125,5000,0.0721
,CHECKPOINT BATCH 37600,9.6015,,,
,CHECKPOINT BATCH 37605,11.2084,,,
,CHECKPOINT BATCH 37610,10.5217,,,
,CHECKPOINT BATCH 37615,13.0287,,,
10:52:39,37617,8.3109,4.0595,5000,0.0721
,CHECKPOINT BATCH 37620,10.2051,,,
10:52:42,37625,8.4277,4.5915,5000,0.0721
,CHECKPOINT BATCH 37625,8.4277,,,
,CHECKPOINT BATCH 37630,18.9244,,,
,CHECKPOINT BATCH 37635,17.8305,,,
,CHECKPOINT BATCH 37640,12.9846,,,
10:52:44,37644,14.1646,7.2190,5000,0.0720
,CHECKPOINT BATCH 37645,11.1726,,,
,CHECKPOINT BATCH 37650,8.5262,,,
,CHECKPOINT BATCH 37655,12.9591,,,
,CHECKPOINT BATCH 37660,10.5886,,,
10:52:46,37663,16.6261,11.0650,5000,0.0720
,CHECKPOINT BATCH 37665,8.0546,,,
,CHECKPOINT BATCH 37670,10.4181,,,
,CHECKPOINT BATCH 37675,12.9414,,,
,CHECKPOINT BATCH 37680,10.9674,,,
10:52:48,37682,12.6125,13.8480,5000,0.0719
,CHECKPOINT BATCH 37685,14.0790,,,
,CHECKPOINT BATCH 37690,12.7597,,,
10:52:51,37692,10.9944,14.8930,5000,0.0719
,CHECKPOINT BATCH 37695,10.4553,,,
,CHECKPOINT BATCH 37700,13.9116,,,
,CHECKPOINT BATCH 37705,8.0167,,,
,CHECKPOINT BATCH 37710,11.6715,,,
10:52:54,37711,10.4344,17.9405,5000,0.0719
,CHECKPOINT BATCH 37715,9.7839,,,
,CHECKPOINT BATCH 37720,13.2173,,,
,CHECKPOINT BATCH 37725,16.9672,,,
10:52:56,37730,13.2597,19.2785,5000,0.0718
,CHECKPOINT BATCH 37730,13.2597,,,
,CHECKPOINT BATCH 37735,17.6830,,,
10:52:59,37738,8.1114,18.8255,5000,0.0718
,CHECKPOINT BATCH 37740,9.7385,,,
,CHECKPOINT BATCH 37745,10.8528,,,
,CHECKPOINT BATCH 37750,14.0207,,,
,CHECKPOINT BATCH 37755,7.1468,,,
10:53:01,37757,8.0623,18.8845,5000,0.0718
,CHECKPOINT BATCH 37760,10.2890,,,
,CHECKPOINT BATCH 37765,9.5784,,,
,CHECKPOINT BATCH 37770,13.0962,,,
10:53:03,37775,9.5092,19.9185,5000,0.0717
,CHECKPOINT BATCH 37775,9.5092,,,
,CHECKPOINT BATCH 37780,16.7870,,,
,CHECKPOINT BATCH 37785,11.4656,,,
,CHECKPOINT BATCH 37790,12.2452,,,
10:53:05,37794,11.6707,19.8780,5000,0.0717
,CHECKPOINT BATCH 37795,12.2608,,,
,CHECKPOINT BATCH 37800,9.3782,,,
,CHECKPOINT BATCH 37805,9.4929,,,
,CHECKPOINT BATCH 37810,9.2624,,,
10:53:07,37813,17.9172,18.9710,5000,0.0717
,CHECKPOINT BATCH 37815,10.1665,,,
,CHECKPOINT BATCH 37820,12.8185,,,
,CHECKPOINT BATCH 37825,12.9656,,,
,CHECKPOINT BATCH 37830,11.9000,,,
10:53:09,37832,8.7255,18.2050,5000,0.0716
,CHECKPOINT BATCH 37835,9.7376,,,
,CHECKPOINT BATCH 37840,21.3657,,,
10:53:13,37841,8.8033,19.3840,5000,0.0716
,CHECKPOINT BATCH 37845,12.3855,,,
,CHECKPOINT BATCH 37850,14.5196,,,
,CHECKPOINT BATCH 37855,13.4918,,,
10:53:15,37860,11.8876,17.4180,5000,0.0716
,CHECKPOINT BATCH 37860,11.8876,,,
,CHECKPOINT BATCH 37865,15.9090,,,
,CHECKPOINT BATCH 37870,12.1202,,,
,CHECKPOINT BATCH 37875,9.9834,,,
10:53:17,37879,13.6156,17.1150,5000,0.0715
,CHECKPOINT BATCH 37880,11.9449,,,
,CHECKPOINT BATCH 37885,12.1254,,,
,CHECKPOINT BATCH 37890,8.3910,,,
,CHECKPOINT BATCH 37895,10.6249,,,
10:53:19,37898,11.9795,19.3105,5000,0.0715
,CHECKPOINT BATCH 37900,19.6255,,,
,CHECKPOINT BATCH 37905,10.1217,,,
,CHECKPOINT BATCH 37910,11.5726,,,
,CHECKPOINT BATCH 37915,7.6497,,,
10:53:21,37917,9.1708,18.7955,5000,0.0714
,CHECKPOINT BATCH 37920,9.8670,,,
,CHECKPOINT BATCH 37925,12.9349,,,
,CHECKPOINT BATCH 37930,12.0033,,,
,CHECKPOINT BATCH 37935,7.2402,,,
10:53:23,37936,10.5275,16.9630,5000,0.0714
,CHECKPOINT BATCH 37940,17.7334,,,
,CHECKPOINT BATCH 37945,6.4451,,,
,CHECKPOINT BATCH 37950,8.8872,,,
10:53:25,37955,11.7795,14.4030,5000,0.0713
,CHECKPOINT BATCH 37955,11.7795,,,
,CHECKPOINT BATCH 37960,13.6540,,,
,CHECKPOINT BATCH 37965,15.6630,,,
,CHECKPOINT BATCH 37970,10.8155,,,
10:53:27,37974,11.8443,11.8170,5000,0.0713
,CHECKPOINT BATCH 37975,8.1329,,,
,CHECKPOINT BATCH 37980,22.7667,,,
,CHECKPOINT BATCH 37985,10.7234,,,
,CHECKPOINT BATCH 37990,10.5316,,,
10:53:29,37993,12.4645,8.0150,5000,0.0713
,CHECKPOINT BATCH 37995,8.9716,,,
,CHECKPOINT BATCH 38000,13.7057,,,
,CHECKPOINT BATCH 38005,8.6540,,,
,CHECKPOINT BATCH 38010,7.5328,,,
10:53:31,38012,16.7346,5.3085,5000,0.0712
,CHECKPOINT BATCH 38015,12.1019,,,
10:53:34,38018,9.5359,6.0045,5000,0.0712
,CHECKPOINT BATCH 38020,11.0170,,,
,CHECKPOINT BATCH 38025,9.1881,,,
,CHECKPOINT BATCH 38030,10.4274,,,
,CHECKPOINT BATCH 38035,16.8242,,,
10:53:36,38037,11.2726,7.2455,5000,0.0712
,CHECKPOINT BATCH 38040,6.9300,,,
,CHECKPOINT BATCH 38045,10.9368,,,
,CHECKPOINT BATCH 38050,9.3666,,,
,CHECKPOINT BATCH 38055,9.7576,,,
10:53:38,38056,9.2057,10.0670,5000,0.0711
,CHECKPOINT BATCH 38060,11.6346,,,
,CHECKPOINT BATCH 38065,7.6951,,,
,CHECKPOINT BATCH 38070,10.3791,,,
10:53:40,38075,13.0827,12.0740,5000,0.0711
,CHECKPOINT BATCH 38075,13.0827,,,
,CHECKPOINT BATCH 38080,9.6056,,,
,CHECKPOINT BATCH 38085,8.1087,,,
,CHECKPOINT BATCH 38090,11.9800,,,
10:53:43,38094,15.4080,14.6350,5000,0.0711
,CHECKPOINT BATCH 38095,15.3577,,,
,CHECKPOINT BATCH 38100,16.8220,,,
,CHECKPOINT BATCH 38105,9.2730,,,
,CHECKPOINT BATCH 38110,11.0495,,,
10:53:45,38113,11.9675,16.2905,5000,0.0710
,CHECKPOINT BATCH 38115,10.7640,,,
,CHECKPOINT BATCH 38120,12.1395,,,
,CHECKPOINT BATCH 38125,12.0948,,,
,CHECKPOINT BATCH 38130,11.0348,,,
10:53:47,38132,9.3551,15.4460,5000,0.0710
,CHECKPOINT BATCH 38135,6.3684,,,
,CHECKPOINT BATCH 38140,13.7355,,,
,CHECKPOINT BATCH 38145,8.9290,,,
10:53:51,38150,9.3005,15.3680,5000,0.0709
,CHECKPOINT BATCH 38150,9.3005,,,
,CHECKPOINT BATCH 38155,15.9348,,,
,CHECKPOINT BATCH 38160,11.5426,,,
,CHECKPOINT BATCH 38165,15.9461,,,
10:53:53,38169,10.6976,15.3535,5000,0.0709
,CHECKPOINT BATCH 38170,12.2730,,,
,CHECKPOINT BATCH 38175,9.6026,,,
,CHECKPOINT BATCH 38180,10.4362,,,
,CHECKPOINT BATCH 38185,8.6802,,,
10:53:55,38188,10.0683,16.4350,5000,0.0709
,CHECKPOINT BATCH 38190,8.8994,,,
,CHECKPOINT BATCH 38195,13.0257,,,
,CHECKPOINT BATCH 38200,16.8751,,,
,CHECKPOINT BATCH 38205,11.4274,,,
10:53:57,38207,7.9619,16.7035,5000,0.0708
,CHECKPOINT BATCH 38210,10.8365,,,
,CHECKPOINT BATCH 38215,10.2255,,,
,CHECKPOINT BATCH 38220,11.5662,,,
,CHECKPOINT BATCH 38225,9.4021,,,
10:53:59,38226,8.1624,16.8340,5000,0.0708
,CHECKPOINT BATCH 38230,10.0963,,,
,CHECKPOINT BATCH 38235,11.8199,,,
,CHECKPOINT BATCH 38240,9.8775,,,
10:54:02,38245,11.5404,15.2145,5000,0.0707
,CHECKPOINT BATCH 38245,11.5404,,,
,CHECKPOINT BATCH 38250,9.8484,,,
,CHECKPOINT BATCH 38255,7.5198,,,
,CHECKPOINT BATCH 38260,11.3531,,,
10:54:04,38264,7.2671,12.2595,5000,0.0707
,CHECKPOINT BATCH 38265,16.2606,,,
,CHECKPOINT BATCH 38270,9.2607,,,
,CHECKPOINT BATCH 38275,11.7786,,,
,CHECKPOINT BATCH 38280,9.9864,,,
10:54:06,38283,10.5161,9.9660,5000,0.0707
,CHECKPOINT BATCH 38285,10.5549,,,
,CHECKPOINT BATCH 38290,12.0651,,,
,CHECKPOINT BATCH 38295,12.6073,,,
,CHECKPOINT BATCH 38300,9.0889,,,
10:54:08,38302,10.2208,8.6230,5000,0.0706
10:54:10,38305,10.2426,9.1735,5000,0.0706
,CHECKPOINT BATCH 38305,10.2426,,,
,CHECKPOINT BATCH 38310,8.1786,,,
,CHECKPOINT BATCH 38315,10.2106,,,
,CHECKPOINT BATCH 38320,8.0565,,,
10:54:13,38324,8.9759,7.6650,5000,0.0706
,CHECKPOINT BATCH 38325,7.9222,,,
,CHECKPOINT BATCH 38330,8.5262,,,
,CHECKPOINT BATCH 38335,16.4919,,,
,CHECKPOINT BATCH 38340,13.0856,,,
10:54:15,38343,10.9027,11.8245,5000,0.0705
,CHECKPOINT BATCH 38345,10.1234,,,
,CHECKPOINT BATCH 38350,13.4095,,,
,CHECKPOINT BATCH 38355,9.3247,,,
,CHECKPOINT BATCH 38360,11.7058,,,
10:54:17,38362,8.3210,14.2345,5000,0.0705
,CHECKPOINT BATCH 38365,10.8975,,,
,CHECKPOINT BATCH 38370,16.3317,,,
,CHECKPOINT BATCH 38375,15.6390,,,
,CHECKPOINT BATCH 38380,10.9935,,,
10:54:19,38381,10.2430,14.8035,5000,0.0705
,CHECKPOINT BATCH 38385,9.8613,,,
,CHECKPOINT BATCH 38390,14.5731,,,
,CHECKPOINT BATCH 38395,13.0411,,,
10:54:21,38400,10.4750,16.1740,5000,0.0704
,CHECKPOINT BATCH 38400,10.4750,,,
,CHECKPOINT BATCH 38405,12.6527,,,
,CHECKPOINT BATCH 38410,10.0875,,,
,CHECKPOINT BATCH 38415,10.5893,,,
10:54:23,38419,8.7125,17.6215,5000,0.0704
,CHECKPOINT BATCH 38420,10.8387,,,
,CHECKPOINT BATCH 38425,14.7874,,,
,CHECKPOINT BATCH 38430,10.2731,,,
10:54:27,38433,10.3214,17.6855,5000,0.0704
,CHECKPOINT BATCH 38435,17.1656,,,
,CHECKPOINT BATCH 38440,12.9483,,,
,CHECKPOINT BATCH 38445,14.0752,,,
,CHECKPOINT BATCH 38450,7.6914,,,
10:54:29,38452,14.8480,17.5485,5000,0.0703
,CHECKPOINT BATCH 38455,11.7165,,,
,CHECKPOINT BATCH 38460,12.3048,,,
,CHECKPOINT BATCH 38465,13.5179,,,
,CHECKPOINT BATCH 38470,9.6242,,,
10:54:31,38471,9.7916,18.4925,5000,0.0703
,CHECKPOINT BATCH 38475,6.2379,,,
,CHECKPOINT BATCH 38480,9.1884,,,
,CHECKPOINT BATCH 38485,12.8609,,,
10:54:33,38490,9.3116,17.1355,5000,0.0702
,CHECKPOINT BATCH 38490,9.3116,,,
,CHECKPOINT BATCH 38495,8.4623,,,
,CHECKPOINT BATCH 38500,13.3281,,,
,CHECKPOINT BATCH 38505,7.3385,,,
10:54:35,38509,15.0152,14.3945,5000,0.0702
,CHECKPOINT BATCH 38510,11.5146,,,
,CHECKPOINT BATCH 38515,11.7612,,,
,CHECKPOINT BATCH 38520,11.6252,,,
,CHECKPOINT BATCH 38525,9.1306,,,
10:54:37,38528,13.5049,11.9555,5000,0.0702
,CHECKPOINT BATCH 38530,10.1173,,,
,CHECKPOINT BATCH 38535,11.6679,,,
,CHECKPOINT BATCH 38540,16.8045,,,
,CHECKPOINT BATCH 38545,14.4215,,,
10:54:39,38547,7.3008,6.8290,5000,0.0701
,CHECKPOINT BATCH 38550,11.7489,,,
,CHECKPOINT BATCH 38555,10.7968,,,
,CHECKPOINT BATCH 38560,14.0596,,,
,CHECKPOINT BATCH 38565,11.5271,,,
10:54:41,38566,10.9981,3.4555,5000,0.0701
,CHECKPOINT BATCH 38570,11.2400,,,
,CHECKPOINT BATCH 38575,9.2767,,,
,CHECKPOINT BATCH 38580,16.5982,,,
10:54:43,38585,10.4639,2.5320,5000,0.0700
,CHECKPOINT BATCH 38585,10.4639,,,
,CHECKPOINT BATCH 38590,9.9893,,,
10:54:47,38595,11.2056,2.6725,5000,0.0700
,CHECKPOINT BATCH 38595,11.2056,,,
,CHECKPOINT BATCH 38600,14.1063,,,
,CHECKPOINT BATCH 38605,9.2370,,,
,CHECKPOINT BATCH 38610,11.1664,,,
10:54:49,38614,10.3218,3.7480,5000,0.0700
,CHECKPOINT BATCH 38615,9.7214,,,
,CHECKPOINT BATCH 38620,9.1511,,,
,CHECKPOINT BATCH 38625,15.8404,,,
,CHECKPOINT BATCH 38630,11.2889,,,
10:54:51,38633,20.3160,8.1445,5000,0.0699
,CHECKPOINT BATCH 38635,13.3448,,,
,CHECKPOINT BATCH 38640,16.0101,,,
,CHECKPOINT BATCH 38645,6.3498,,,
,CHECKPOINT BATCH 38650,9.0175,,,
10:54:53,38652,10.1870,9.0245,5000,0.0699
,CHECKPOINT BATCH 38655,14.0083,,,
,CHECKPOINT BATCH 38660,12.9818,,,
,CHECKPOINT BATCH 38665,13.2176,,,
10:54:55,38670,10.7302,8.4055,5000,0.0699
,CHECKPOINT BATCH 38670,10.7302,,,
,CHECKPOINT BATCH 38675,9.6302,,,
,CHECKPOINT BATCH 38680,9.2593,,,
,CHECKPOINT BATCH 38685,8.0201,,,
10:54:57,38689,17.0235,9.2850,5000,0.0698
,CHECKPOINT BATCH 38690,14.1088,,,
,CHECKPOINT BATCH 38695,8.0630,,,
,CHECKPOINT BATCH 38700,17.9040,,,
,CHECKPOINT BATCH 38705,8.5082,,,
10:54:59,38708,10.3653,11.2810,5000,0.0698
,CHECKPOINT BATCH 38710,18.4486,,,
,CHECKPOINT BATCH 38715,8.2956,,,
,CHECKPOINT BATCH 38720,10.9270,,,
,CHECKPOINT BATCH 38725,16.2711,,,
10:55:01,38727,9.0665,9.6495,5000,0.0698
,CHECKPOINT BATCH 38730,12.7725,,,
,CHECKPOINT BATCH 38735,7.1693,,,
,CHECKPOINT BATCH 38740,12.1317,,,
,CHECKPOINT BATCH 38745,7.7884,,,
10:55:03,38746,9.5671,10.1560,5000,0.0697
,CHECKPOINT BATCH 38750,12.0916,,,
10:55:07,38753,10.2355,10.7795,5000,0.0697
,CHECKPOINT BATCH 38755,15.3108,,,
,CHECKPOINT BATCH 38760,12.7630,,,
,CHECKPOINT BATCH 38765,9.5102,,,
,CHECKPOINT BATCH 38770,6.9920,,,
10:55:09,38772,6.0702,13.2600,5000,0.0697
,CHECKPOINT BATCH 38775,12.6812,,,
,CHECKPOINT BATCH 38780,13.3003,,,
,CHECKPOINT BATCH 38785,8.7340,,,
,CHECKPOINT BATCH 38790,10.1299,,,
10:55:11,38791,14.0887,15.7350,5000,0.0696
,CHECKPOINT BATCH 38795,11.8570,,,
10:55:14,38799,9.8013,16.0380,5000,0.0696
,CHECKPOINT BATCH 38800,11.0252,,,
,CHECKPOINT BATCH 38805,8.5120,,,
,CHECKPOINT BATCH 38810,9.0256,,,
,CHECKPOINT BATCH 38815,15.2232,,,
10:55:16,38818,10.8690,13.8735,5000,0.0696
,CHECKPOINT BATCH 38820,10.6414,,,
,CHECKPOINT BATCH 38825,14.2904,,,
,CHECKPOINT BATCH 38830,10.6978,,,
,CHECKPOINT BATCH 38835,11.1371,,,
10:55:18,38837,7.7517,15.3410,5000,0.0695
,CHECKPOINT BATCH 38840,10.4341,,,
,CHECKPOINT BATCH 38845,11.5722,,,
,CHECKPOINT BATCH 38850,11.6255,,,
,CHECKPOINT BATCH 38855,11.6536,,,
10:55:20,38856,8.4355,16.4105,5000,0.0695
,CHECKPOINT BATCH 38860,9.8812,,,
,CHECKPOINT BATCH 38865,10.6062,,,
,CHECKPOINT BATCH 38870,11.1752,,,
10:55:22,38875,11.2782,15.9400,5000,0.0695
,CHECKPOINT BATCH 38875,11.2782,,,
,CHECKPOINT BATCH 38880,10.3568,,,
,CHECKPOINT BATCH 38885,11.1538,,,
,CHECKPOINT BATCH 38890,12.5047,,,
10:55:24,38894,8.6832,14.7625,5000,0.0694
,CHECKPOINT BATCH 38895,7.7116,,,
,CHECKPOINT BATCH 38900,14.3361,,,
,CHECKPOINT BATCH 38905,8.6077,,,
,CHECKPOINT BATCH 38910,11.7685,,,
10:55:26,38913,14.4096,16.3145,5000,0.0694
,CHECKPOINT BATCH 38915,10.3488,,,
,CHECKPOINT BATCH 38920,14.3477,,,
,CHECKPOINT BATCH 38925,10.1461,,,
,CHECKPOINT BATCH 38930,12.7052,,,
10:55:28,38932,11.2507,14.3445,5000,0.0694
,CHECKPOINT BATCH 38935,10.1839,,,
10:55:32,38940,9.3165,15.3470,5000,0.0693
,CHECKPOINT BATCH 38940,9.3165,,,
,CHECKPOINT BATCH 38945,9.6566,,,
,CHECKPOINT BATCH 38950,14.8788,,,
,CHECKPOINT BATCH 38955,9.1640,,,
10:55:34,38959,14.2819,16.0845,5000,0.0693
,CHECKPOINT BATCH 38960,8.2143,,,
,CHECKPOINT BATCH 38965,10.9372,,,
,CHECKPOINT BATCH 38970,14.0659,,,
,CHECKPOINT BATCH 38975,14.0967,,,
10:55:36,38978,11.8037,15.7875,5000,0.0693
,CHECKPOINT BATCH 38980,12.4564,,,
,CHECKPOINT BATCH 38985,13.6154,,,
,CHECKPOINT BATCH 38990,14.9666,,,
,CHECKPOINT BATCH 38995,15.6467,,,
10:55:38,38997,11.1181,15.5980,5000,0.0692
,CHECKPOINT BATCH 39000,12.9887,,,
,CHECKPOINT BATCH 39005,12.4122,,,
,CHECKPOINT BATCH 39010,9.0168,,,
,CHECKPOINT BATCH 39015,17.3821,,,
10:55:40,39016,10.7253,16.5710,5000,0.0692
,CHECKPOINT BATCH 39020,10.6547,,,
,CHECKPOINT BATCH 39025,10.8829,,,
,CHECKPOINT BATCH 39030,8.7060,,,
10:55:44,39035,12.5814,17.6205,5000,0.0692
,CHECKPOINT BATCH 39035,12.5814,,,
,CHECKPOINT BATCH 39040,9.3812,,,
,CHECKPOINT BATCH 39045,13.5806,,,
,CHECKPOINT BATCH 39050,9.6465,,,
10:55:47,39054,9.6561,16.6005,5000,0.0691
,CHECKPOINT BATCH 39055,10.5275,,,
,CHECKPOINT BATCH 39060,12.4260,,,
,CHECKPOINT BATCH 39065,10.9162,,,
,CHECKPOINT BATCH 39070,15.3283,,,
10:55:51,39073,14.5236,16.7425,5000,0.0691
,CHECKPOINT BATCH 39075,13.9432,,,
,CHECKPOINT BATCH 39080,10.2524,,,
,CHECKPOINT BATCH 39085,9.3824,,,
,CHECKPOINT BATCH 39090,8.1474,,,
10:55:53,39092,12.0771,17.9175,5000,0.0691
,CHECKPOINT BATCH 39095,10.0627,,,
,CHECKPOINT BATCH 39100,13.1361,,,
,CHECKPOINT BATCH 39105,11.0610,,,
,CHECKPOINT BATCH 39110,12.5168,,,
10:55:55,39111,11.3941,18.3395,5000,0.0690
,CHECKPOINT BATCH 39115,9.1041,,,
,CHECKPOINT BATCH 39120,7.0406,,,
,CHECKPOINT BATCH 39125,11.3883,,,
10:55:57,39130,11.5376,18.5210,5000,0.0690
,CHECKPOINT BATCH 39130,11.5376,,,
,CHECKPOINT BATCH 39135,8.8401,,,
,CHECKPOINT BATCH 39140,8.8543,,,
,CHECKPOINT BATCH 39145,13.7463,,,
10:55:59,39149,11.8090,17.3510,5000,0.0689
,CHECKPOINT BATCH 39150,12.8185,,,
,CHECKPOINT BATCH 39155,11.9916,,,
,CHECKPOINT BATCH 39160,16.5478,,,
,CHECKPOINT BATCH 39165,8.4622,,,
10:56:01,39168,17.7309,16.6430,5000,0.0689
,CHECKPOINT BATCH 39170,11.6988,,,
,CHECKPOINT BATCH 39175,11.4320,,,
,CHECKPOINT BATCH 39180,10.5605,,,
,CHECKPOINT BATCH 39185,11.7960,,,
10:56:04,39187,9.8082,15.9700,5000,0.0689
10:56:06,39190,11.6603,16.9770,5000,0.0689
,CHECKPOINT BATCH 39190,11.6603,,,
,CHECKPOINT BATCH 39195,7.2401,,,
,CHECKPOINT BATCH 39200,11.2542,,,
,CHECKPOINT BATCH 39205,10.6766,,,
10:56:08,39209,11.2760,17.0955,5000,0.0688
,CHECKPOINT BATCH 39210,12.8616,,,
,CHECKPOINT BATCH 39215,11.8596,,,
,CHECKPOINT BATCH 39220,9.3765,,,
,CHECKPOINT BATCH 39225,11.8732,,,
10:56:10,39228,11.0654,17.8195,5000,0.0688
,CHECKPOINT BATCH 39230,14.2450,,,
,CHECKPOINT BATCH 39235,12.3454,,,
,CHECKPOINT BATCH 39240,14.7570,,,
,CHECKPOINT BATCH 39245,12.9594,,,
10:56:12,39247,10.3857,18.2940,5000,0.0688
,CHECKPOINT BATCH 39250,10.3838,,,
,CHECKPOINT BATCH 39255,9.5010,,,
10:56:16,39259,9.8815,18.4330,5000,0.0687
,CHECKPOINT BATCH 39260,15.3948,,,
,CHECKPOINT BATCH 39265,9.7015,,,
,CHECKPOINT BATCH 39270,12.6618,,,
,CHECKPOINT BATCH 39275,10.2399,,,
10:56:18,39277,8.1832,17.3210,5000,0.0687
,CHECKPOINT BATCH 39280,7.6701,,,
,CHECKPOINT BATCH 39285,17.8460,,,
,CHECKPOINT BATCH 39290,11.1975,,,
,CHECKPOINT BATCH 39295,9.3388,,,
10:56:20,39296,14.4357,18.2900,5000,0.0687
,CHECKPOINT BATCH 39300,11.4794,,,
,CHECKPOINT BATCH 39305,8.9748,,,
,CHECKPOINT BATCH 39310,10.5641,,,
10:56:22,39315,8.9260,18.1960,5000,0.0686
,CHECKPOINT BATCH 39315,8.9260,,,
,CHECKPOINT BATCH 39320,9.7031,,,
,CHECKPOINT BATCH 39325,12.0883,,,
10:56:26,39327,8.2589,17.9080,5000,0.0686
,CHECKPOINT BATCH 39330,8.2744,,,
,CHECKPOINT BATCH 39335,9.2265,,,
,CHECKPOINT BATCH 39340,8.5611,,,
,CHECKPOINT BATCH 39345,9.7043,,,
10:56:28,39346,10.2138,17.5885,5000,0.0686
,CHECKPOINT BATCH 39350,14.5213,,,
,CHECKPOINT BATCH 39355,8.9527,,,
,CHECKPOINT BATCH 39360,13.1855,,,
10:56:30,39365,6.4928,20.3300,5000,0.0685
,CHECKPOINT BATCH 39365,6.4928,,,
,CHECKPOINT BATCH 39370,12.0680,,,
,CHECKPOINT BATCH 39375,12.3039,,,
,CHECKPOINT BATCH 39380,10.2631,,,
10:56:32,39384,11.4549,19.4025,5000,0.0685
,CHECKPOINT BATCH 39385,10.4121,,,
,CHECKPOINT BATCH 39390,7.6168,,,
,CHECKPOINT BATCH 39395,10.5121,,,
,CHECKPOINT BATCH 39400,11.5994,,,
10:56:34,39403,5.1261,18.3425,5000,0.0685
,CHECKPOINT BATCH 39405,9.4725,,,
,CHECKPOINT BATCH 39410,14.4268,,,
,CHECKPOINT BATCH 39415,13.0464,,,
,CHECKPOINT BATCH 39420,15.2418,,,
10:56:36,39422,9.2528,16.2875,5000,0.0684
,CHECKPOINT BATCH 39425,15.7551,,,
,CHECKPOINT BATCH 39430,13.2597,,,
,CHECKPOINT BATCH 39435,11.7979,,,
,CHECKPOINT BATCH 39440,12.5668,,,
10:56:38,39441,18.2869,15.8325,5000,0.0684
,CHECKPOINT BATCH 39445,10.5046,,,
,CHECKPOINT BATCH 39450,11.7245,,,
10:56:42,39453,15.6454,13.8395,5000,0.0684
,CHECKPOINT BATCH 39455,13.0492,,,
,CHECKPOINT BATCH 39460,9.3151,,,
,CHECKPOINT BATCH 39465,17.2949,,,
,CHECKPOINT BATCH 39470,17.9275,,,
10:56:44,39472,10.3373,12.3300,5000,0.0683
,CHECKPOINT BATCH 39475,13.1545,,,
,CHECKPOINT BATCH 39480,9.2085,,,
,CHECKPOINT BATCH 39485,12.1295,,,
,CHECKPOINT BATCH 39490,11.5442,,,
10:56:46,39491,10.4203,14.0495,5000,0.0683
,CHECKPOINT BATCH 39495,8.1909,,,
,CHECKPOINT BATCH 39500,10.1585,,,
,CHECKPOINT BATCH 39505,8.6272,,,
10:56:48,39510,13.5411,15.0840,5000,0.0683
,CHECKPOINT BATCH 39510,13.5411,,,
,CHECKPOINT BATCH 39515,14.9662,,,
,CHECKPOINT BATCH 39520,17.8323,,,
10:56:52,39521,16.2534,15.5465,5000,0.0683
,CHECKPOINT BATCH 39525,11.4323,,,
,CHECKPOINT BATCH 39530,10.1487,,,
,CHECKPOINT BATCH 39535,10.4294,,,
10:56:54,39540,10.9388,14.1450,5000,0.0682
,CHECKPOINT BATCH 39540,10.9388,,,
,CHECKPOINT BATCH 39545,12.6747,,,
,CHECKPOINT BATCH 39550,10.1194,,,
,CHECKPOINT BATCH 39555,9.5315,,,
10:56:56,39559,10.0983,17.8345,5000,0.0682
,CHECKPOINT BATCH 39560,12.3996,,,
,CHECKPOINT BATCH 39565,14.6617,,,
10:56:59,39569,8.1333,18.1170,5000,0.0682
,CHECKPOINT BATCH 39570,9.5218,,,
,CHECKPOINT BATCH 39575,8.9719,,,
,CHECKPOINT BATCH 39580,9.8267,,,
,CHECKPOINT BATCH 39585,15.4386,,,
10:57:01,39587,8.8898,18.7020,5000,0.0681
,CHECKPOINT BATCH 39590,10.7694,,,
,CHECKPOINT BATCH 39595,10.8279,,,
,CHECKPOINT BATCH 39600,9.3279,,,
,CHECKPOINT BATCH 39605,10.5423,,,
10:57:04,39606,14.4337,18.8810,5000,0.0681
,CHECKPOINT BATCH 39610,12.8407,,,
,CHECKPOINT BATCH 39615,10.2370,,,
,CHECKPOINT BATCH 39620,12.8911,,,
10:57:08,39622,15.5837,19.6325,5000,0.0681
,CHECKPOINT BATCH 39625,15.0060,,,
,CHECKPOINT BATCH 39630,11.2590,,,
,CHECKPOINT BATCH 39635,9.4086,,,
,CHECKPOINT BATCH 39640,9.9191,,,
10:57:10,39641,12.4748,23.1555,5000,0.0680
,CHECKPOINT BATCH 39645,14.9916,,,
,CHECKPOINT BATCH 39650,15.3146,,,
,CHECKPOINT BATCH 39655,11.7333,,,
10:57:12,39660,15.2471,22.2165,5000,0.0680
,CHECKPOINT BATCH 39660,15.2471,,,
10:57:14,39661,9.0657,22.0610,5000,0.0680
,CHECKPOINT BATCH 39665,14.0263,,,
,CHECKPOINT BATCH 39670,12.1944,,,
,CHECKPOINT BATCH 39675,14.4555,,,
10:57:16,39680,10.9563,18.7065,5000,0.0680
,CHECKPOINT BATCH 39680,10.9563,,,
,CHECKPOINT BATCH 39685,11.1680,,,
,CHECKPOINT BATCH 39690,10.9776,,,
,CHECKPOINT BATCH 39695,15.8035,,,
10:57:18,39699,8.2545,18.6785,5000,0.0679
,CHECKPOINT BATCH 39700,9.7201,,,
,CHECKPOINT BATCH 39705,12.8789,,,
,CHECKPOINT BATCH 39710,14.6767,,,
,CHECKPOINT BATCH 39715,6.3070,,,
10:57:20,39718,13.5152,18.5455,5000,0.0679
,CHECKPOINT BATCH 39720,19.2660,,,
,CHECKPOINT BATCH 39725,10.5999,,,
,CHECKPOINT BATCH 39730,11.3670,,,
,CHECKPOINT BATCH 39735,13.6038,,,
10:57:23,39737,11.4434,16.7025,5000,0.0679
,CHECKPOINT BATCH 39740,9.3037,,,
,CHECKPOINT BATCH 39745,10.3685,,,
,CHECKPOINT BATCH 39750,8.4055,,,
,CHECKPOINT BATCH 39755,9.3112,,,
10:57:25,39756,15.0342,15.2000,5000,0.0678
,CHECKPOINT BATCH 39760,9.6910,,,
,CHECKPOINT BATCH 39765,12.5904,,,
,CHECKPOINT BATCH 39770,12.9153,,,
10:57:27,39775,8.2306,16.9350,5000,0.0678
,CHECKPOINT BATCH 39775,8.2306,,,
,CHECKPOINT BATCH 39780,9.7685,,,
,CHECKPOINT BATCH 39785,17.0794,,,
,CHECKPOINT BATCH 39790,9.2018,,,
10:57:29,39794,11.5339,14.1995,5000,0.0678
,CHECKPOINT BATCH 39795,14.3756,,,
10:57:32,39800,20.0848,14.8850,5000,0.0678
,CHECKPOINT BATCH 39800,20.0848,,,
,CHECKPOINT BATCH 39805,11.3695,,,
,CHECKPOINT BATCH 39810,11.8829,,,
,CHECKPOINT BATCH 39815,12.2056,,,
10:57:34,39819,10.9824,15.6115,5000,0.0677
,CHECKPOINT BATCH 39820,8.5030,,,
,CHECKPOINT BATCH 39825,9.8573,,,
,CHECKPOINT BATCH 39830,10.0222,,,
,CHECKPOINT BATCH 39835,10.9836,,,
10:57:38,39838,10.3886,17.1470,5000,0.0677
,CHECKPOINT BATCH 39840,13.8480,,,
,CHECKPOINT BATCH 39845,13.6035,,,
,CHECKPOINT BATCH 39850,13.7882,,,
,CHECKPOINT BATCH 39855,9.5434,,,
10:57:40,39857,8.0380,14.1830,5000,0.0677
,CHECKPOINT BATCH 39860,10.4522,,,
,CHECKPOINT BATCH 39865,11.8882,,,
,CHECKPOINT BATCH 39870,13.8009,,,
,CHECKPOINT BATCH 39875,11.6018,,,
10:57:43,39876,12.0388,14.7080,5000,0.0676
,CHECKPOINT BATCH 39880,8.2463,,,
,CHECKPOINT BATCH 39885,14.6619,,,
,CHECKPOINT BATCH 39890,18.2452,,,
10:57:45,39895,14.2816,17.1530,5000,0.0676
,CHECKPOINT BATCH 39895,14.2816,,,
,CHECKPOINT BATCH 39900,6.6338,,,
,CHECKPOINT BATCH 39905,10.1344,,,
,CHECKPOINT BATCH 39910,8.4595,,,
10:57:47,39914,7.0885,16.2270,5000,0.0676
,CHECKPOINT BATCH 39915,14.0503,,,
,CHECKPOINT BATCH 39920,7.2753,,,
,CHECKPOINT BATCH 39925,6.8928,,,
,CHECKPOINT BATCH 39930,12.5992,,,
10:57:49,39933,8.8110,15.7860,5000,0.0675
,CHECKPOINT BATCH 39935,10.6399,,,
,CHECKPOINT BATCH 39940,10.3567,,,
,CHECKPOINT BATCH 39945,16.3044,,,
,CHECKPOINT BATCH 39950,11.1660,,,
10:57:51,39952,7.1779,18.1235,5000,0.0675
10:57:53,39954,13.3271,18.7245,5000,0.0675
,CHECKPOINT BATCH 39955,7.1419,,,
,CHECKPOINT BATCH 39960,9.4830,,,
,CHECKPOINT BATCH 39965,9.4951,,,
,CHECKPOINT BATCH 39970,10.6914,,,
10:57:56,39973,8.9558,19.1685,5000,0.0674
,CHECKPOINT BATCH 39975,15.1598,,,
,CHECKPOINT BATCH 39980,9.2985,,,
,CHECKPOINT BATCH 39985,14.5554,,,
,CHECKPOINT BATCH 39990,7.3097,,,
10:57:58,39992,11.4979,19.0405,5000,0.0674
,CHECKPOINT BATCH 39995,8.7675,,,
,CHECKPOINT BATCH 40000,9.4508,,,
,CHECKPOINT BATCH 40005,12.9814,,,
,CHECKPOINT BATCH 40010,8.1060,,,
10:58:00,40011,7.5598,18.8795,5000,0.0674
,CHECKPOINT BATCH 40015,10.4498,,,
,CHECKPOINT BATCH 40020,12.6525,,,
,CHECKPOINT BATCH 40025,13.1125,,,
10:58:02,40029,8.2146,17.3305,5000,0.0673
,CHECKPOINT BATCH 40030,11.1209,,,
,CHECKPOINT BATCH 40035,15.7109,,,
,CHECKPOINT BATCH 40040,12.8551,,,
,CHECKPOINT BATCH 40045,11.5439,,,
10:58:04,40048,14.2525,16.5575,5000,0.0673
,CHECKPOINT BATCH 40050,17.2408,,,
,CHECKPOINT BATCH 40055,12.5519,,,
,CHECKPOINT BATCH 40060,8.9838,,,
,CHECKPOINT BATCH 40065,9.3582,,,
10:58:06,40067,12.2514,15.5455,5000,0.0673
,CHECKPOINT BATCH 40070,9.3434,,,
,CHECKPOINT BATCH 40075,10.9032,,,
10:58:09,40077,10.7912,16.1090,5000,0.0673
,CHECKPOINT BATCH 40080,10.1927,,,
,CHECKPOINT BATCH 40085,12.5255,,,
,CHECKPOINT BATCH 40090,12.7513,,,
,CHECKPOINT BATCH 40095,15.7105,,,
10:58:11,40096,11.8306,16.6810,5000,0.0672
,CHECKPOINT BATCH 40100,13.0327,,,
,CHECKPOINT BATCH 40105,8.1930,,,
,CHECKPOINT BATCH 40110,9.2874,,,
10:58:13,40115,8.1236,16.9320,5000,0.0672
,CHECKPOINT BATCH 40115,8.1236,,,
,CHECKPOINT BATCH 40120,17.8128,,,
,CHECKPOINT BATCH 40125,12.7324,,,
,CHECKPOINT BATCH 40130,14.1157,,,
10:58:15,40134,14.2543,17.9720,5000,0.0672
,CHECKPOINT BATCH 40135,10.1459,,,
,CHECKPOINT BATCH 40140,17.3656,,,
,CHECKPOINT BATCH 40145,13.4151,,,
10:58:19,40147,12.0180,18.7460,5000,0.0671
,CHECKPOINT BATCH 40150,14.4728,,,
,CHECKPOINT BATCH 40155,17.3154,,,
,CHECKPOINT BATCH 40160,7.4854,,,
,CHECKPOINT BATCH 40165,10.7739,,,
10:58:21,40166,14.1194,20.1595,5000,0.0671
,CHECKPOINT BATCH 40170,9.5674,,,
,CHECKPOINT BATCH 40175,7.7747,,,
,CHECKPOINT BATCH 40180,10.7878,,,
10:58:23,40184,9.6758,21.0170,5000,0.0671
,CHECKPOINT BATCH 40185,10.0278,,,
10:58:26,40186,10.8356,20.5550,5000,0.0671
,CHECKPOINT BATCH 40190,14.2015,,,
,CHECKPOINT BATCH 40195,15.4746,,,
,CHECKPOINT BATCH 40200,8.5085,,,
10:58:28,40205,14.8656,19.1990,5000,0.0670
,CHECKPOINT BATCH 40205,14.8656,,,
,CHECKPOINT BATCH 40210,14.5463,,,
,CHECKPOINT BATCH 40215,17.3643,,,
,CHECKPOINT BATCH 40220,20.3267,,,
10:58:30,40224,13.4207,20.1150,5000,0.0670
,CHECKPOINT BATCH 40225,16.5984,,,
,CHECKPOINT BATCH 40230,12.5947,,,
,CHECKPOINT BATCH 40235,10.3285,,,
,CHECKPOINT BATCH 40240,6.7546,,,
10:58:32,40243,10.1708,20.9010,5000,0.0670
,CHECKPOINT BATCH 40245,13.5920,,,
10:58:35,40248,11.8785,20.8995,5000,0.0670
,CHECKPOINT BATCH 40250,7.5632,,,
,CHECKPOINT BATCH 40255,14.6327,,,
,CHECKPOINT BATCH 40260,6.7754,,,
,CHECKPOINT BATCH 40265,15.4576,,,
10:58:37,40267,7.0254,19.8170,5000,0.0669
,CHECKPOINT BATCH 40270,8.3523,,,
,CHECKPOINT BATCH 40275,10.2755,,,
,CHECKPOINT BATCH 40280,9.5240,,,
,CHECKPOINT BATCH 40285,8.9283,,,
10:58:39,40286,8.4811,20.1390,5000,0.0669
,CHECKPOINT BATCH 40290,9.5861,,,
,CHECKPOINT BATCH 40295,9.3670,,,
,CHECKPOINT BATCH 40300,11.2151,,,
10:58:41,40305,9.1003,21.3960,5000,0.0669
,CHECKPOINT BATCH 40305,9.1003,,,
,CHECKPOINT BATCH 40310,9.8879,,,
,CHECKPOINT BATCH 40315,11.4147,,,
,CHECKPOINT BATCH 40320,9.1316,,,
10:58:43,40323,11.4289,20.8070,5000,0.0668
,CHECKPOINT BATCH 40325,8.6984,,,
,CHECKPOINT BATCH 40330,10.6329,,,
,CHECKPOINT BATCH 40335,6.9783,,,
,CHECKPOINT BATCH 40340,8.7880,,,
10:58:45,40342,11.2372,19.7220,5000,0.0668
10:58:48,40344,10.9593,20.8690,5000,0.0668
,CHECKPOINT BATCH 40345,8.3625,,,
,CHECKPOINT BATCH 40350,8.7695,,,
,CHECKPOINT BATCH 40355,9.4383,,,
,CHECKPOINT BATCH 40360,13.2191,,,
10:58:50,40363,9.3952,23.2655,5000,0.0668
,CHECKPOINT BATCH 40365,12.7982,,,
,CHECKPOINT BATCH 40370,10.2261,,,
,CHECKPOINT BATCH 40375,8.5674,,,
,CHECKPOINT BATCH 40380,7.4128,,,
10:58:54,40381,11.1260,22.7955,5000,0.0667
,CHECKPOINT BATCH 40385,10.2613,,,
,CHECKPOINT BATCH 40390,8.8084,,,
,CHECKPOINT BATCH 40395,14.1145,,,
10:58:56,40400,14.7422,20.9515,5000,0.0667
,CHECKPOINT BATCH 40400,14.7422,,,
,CHECKPOINT BATCH 40405,14.4116,,,
,CHECKPOINT BATCH 40410,10.0728,,,
,CHECKPOINT BATCH 40415,14.2128,,,
10:58:58,40419,11.4540,21.8705,5000,0.0667
,CHECKPOINT BATCH 40420,9.3077,,,
,CHECKPOINT BATCH 40425,13.0627,,,
10:59:02,40427,14.4714,21.5470,5000,0.0667
,CHECKPOINT BATCH 40430,7.9224,,,
,CHECKPOINT BATCH 40435,9.9197,,,
,CHECKPOINT BATCH 40440,10.1011,,,
,CHECKPOINT BATCH 40445,8.9259,,,
10:59:04,40446,13.5103,17.7875,5000,0.0666
,CHECKPOINT BATCH 40450,13.6019,,,
,CHECKPOINT BATCH 40455,10.2553,,,
,CHECKPOINT BATCH 40460,13.3441,,,
10:59:06,40465,11.2135,18.4285,5000,0.0666
,CHECKPOINT BATCH 40465,11.2135,,,
,CHECKPOINT BATCH 40470,6.4652,,,
,CHECKPOINT BATCH 40475,13.0427,,,
,CHECKPOINT BATCH 40480,10.4318,,,
10:59:08,40483,12.7195,19.6425,5000,0.0666
,CHECKPOINT BATCH 40485,7.7683,,,
,CHECKPOINT BATCH 40490,14.6249,,,
10:59:11,40493,12.0064,19.9315,5000,0.0666
,CHECKPOINT BATCH 40495,13.4794,,,
,CHECKPOINT BATCH 40500,9.1495,,,
,CHECKPOINT BATCH 40505,10.3536,,,
,CHECKPOINT BATCH 40510,14.6231,,,
10:59:13,40512,6.6491,17.8160,5000,0.0665
,CHECKPOINT BATCH 40515,12.2426,,,
,CHECKPOINT BATCH 40520,12.0254,,,
,CHECKPOINT BATCH 40525,12.7959,,,
,CHECKPOINT BATCH 40530,12.6301,,,
10:59:16,40531,9.6312,19.6975,5000,0.0665
,CHECKPOINT BATCH 40535,13.9358,,,
,CHECKPOINT BATCH 40540,13.0981,,,
,CHECKPOINT BATCH 40545,9.2298,,,
10:59:18,40550,18.4651,20.1380,5000,0.0665
,CHECKPOINT BATCH 40550,18.4651,,,
,CHECKPOINT BATCH 40555,14.9880,,,
,CHECKPOINT BATCH 40560,8.4846,,,
,CHECKPOINT BATCH 40565,9.4874,,,
10:59:20,40569,10.6462,15.3425,5000,0.0664
,CHECKPOINT BATCH 40570,9.0308,,,
,CHECKPOINT BATCH 40575,7.5835,,,
,CHECKPOINT BATCH 40580,12.9654,,,
,CHECKPOINT BATCH 40585,14.1425,,,
10:59:22,40588,9.6037,13.1920,5000,0.0664
,CHECKPOINT BATCH 40590,10.6483,,,
10:59:25,40592,12.4423,13.0400,5000,0.0664
,CHECKPOINT BATCH 40595,9.7080,,,
,CHECKPOINT BATCH 40600,7.4218,,,
,CHECKPOINT BATCH 40605,11.9391,,,
,CHECKPOINT BATCH 40610,11.9044,,,
10:59:27,40611,7.8425,13.1820,5000,0.0664
,CHECKPOINT BATCH 40615,12.5109,,,
,CHECKPOINT BATCH 40620,13.7333,,,
,CHECKPOINT BATCH 40625,9.0288,,,
10:59:29,40630,10.8047,13.1550,5000,0.0663
,CHECKPOINT BATCH 40630,10.8047,,,
,CHECKPOINT BATCH 40635,9.4480,,,
,CHECKPOINT BATCH 40640,10.9920,,,
,CHECKPOINT BATCH 40645,15.1241,,,
10:59:31,40649,8.2034,15.0365,5000,0.0663
,CHECKPOINT BATCH 40650,6.2646,,,
10:59:34,40653,16.7045,15.6480,5000,0.0663
,CHECKPOINT BATCH 40655,9.2187,,,
,CHECKPOINT BATCH 40660,7.5194,,,
,CHECKPOINT BATCH 40665,12.8737,,,
,CHECKPOINT BATCH 40670,17.8961,,,
10:59:36,40672,10.3271,19.3385,5000,0.0663
,CHECKPOINT BATCH 40675,12.4455,,,
,CHECKPOINT BATCH 40680,8.9318,,,
,CHECKPOINT BATCH 40685,8.1238,,,
,CHECKPOINT BATCH 40690,13.8508,,,
10:59:38,40691,9.3770,21.5140,5000,0.0662
,CHECKPOINT BATCH 40695,6.8947,,,
,CHECKPOINT BATCH 40700,6.4997,,,
,CHECKPOINT BATCH 40705,8.7066,,,
10:59:42,40708,10.3573,22.8415,5000,0.0662
,CHECKPOINT BATCH 40710,13.0096,,,
,CHECKPOINT BATCH 40715,8.1061,,,
,CHECKPOINT BATCH 40720,13.7168,,,
,CHECKPOINT BATCH 40725,12.4955,,,
10:59:44,40727,9.0279,21.6540,5000,0.0662
,CHECKPOINT BATCH 40730,10.7220,,,
,CHECKPOINT BATCH 40735,11.3038,,,
,CHECKPOINT BATCH 40740,9.6031,,,
,CHECKPOINT BATCH 40745,8.6815,,,
10:59:46,40746,9.2446,21.5070,5000,0.0661
,CHECKPOINT BATCH 40750,13.6960,,,
,CHECKPOINT BATCH 40755,10.7089,,,
,CHECKPOINT BATCH 40760,7.6470,,,
10:59:48,40765,10.4252,21.8475,5000,0.0661
,CHECKPOINT BATCH 40765,10.4252,,,
,CHECKPOINT BATCH 40770,9.9021,,,
,CHECKPOINT BATCH 40775,7.3429,,,
,CHECKPOINT BATCH 40780,12.5569,,,
10:59:50,40784,12.0360,20.7675,5000,0.0661
,CHECKPOINT BATCH 40785,10.0385,,,
,CHECKPOINT BATCH 40790,16.7019,,,
,CHECKPOINT BATCH 40795,9.1318,,,
,CHECKPOINT BATCH 40800,14.6290,,,
10:59:52,40803,7.2901,19.4345,5000,0.0661
,CHECKPOINT BATCH 40805,11.1001,,,
10:59:55,40806,9.1933,20.7335,5000,0.0661
,CHECKPOINT BATCH 40810,5.6826,,,
,CHECKPOINT BATCH 40815,6.7951,,,
,CHECKPOINT BATCH 40820,11.8029,,,
10:59:57,40825,14.2761,21.9420,5000,0.0660
,CHECKPOINT BATCH 40825,14.2761,,,
,CHECKPOINT BATCH 40830,10.2277,,,
,CHECKPOINT BATCH 40835,9.4477,,,
,CHECKPOINT BATCH 40840,9.0596,,,
10:59:59,40844,9.5489,21.4500,5000,0.0660
,CHECKPOINT BATCH 40845,14.9175,,,
11:00:02,40847,13.3591,20.9890,5000,0.0660
,CHECKPOINT BATCH 40850,8.2653,,,
,CHECKPOINT BATCH 40855,17.2362,,,
,CHECKPOINT BATCH 40860,7.8886,,,
,CHECKPOINT BATCH 40865,15.2539,,,
11:00:04,40866,15.7478,20.4155,5000,0.0660
,CHECKPOINT BATCH 40870,16.0049,,,
,CHECKPOINT BATCH 40875,10.5668,,,
,CHECKPOINT BATCH 40880,10.0952,,,
11:00:08,40883,9.4057,21.3070,5000,0.0659
,CHECKPOINT BATCH 40885,6.7877,,,
,CHECKPOINT BATCH 40890,14.1625,,,
,CHECKPOINT BATCH 40895,14.6302,,,
,CHECKPOINT BATCH 40900,7.1091,,,
11:00:10,40902,17.7510,19.9130,5000,0.0659
,CHECKPOINT BATCH 40905,10.4190,,,
,CHECKPOINT BATCH 40910,10.1020,,,
,CHECKPOINT BATCH 40915,10.9514,,,
,CHECKPOINT BATCH 40920,16.1063,,,
11:00:12,40921,11.3877,19.5280,5000,0.0659
,CHECKPOINT BATCH 40925,12.4724,,,
,CHECKPOINT BATCH 40930,8.4579,,,
,CHECKPOINT BATCH 40935,13.2329,,,
11:00:14,40940,12.3682,19.6740,5000,0.0658
,CHECKPOINT BATCH 40940,12.3682,,,
,CHECKPOINT BATCH 40945,9.2112,,,
11:00:18,40948,9.0725,19.9820,5000,0.0658
,CHECKPOINT BATCH 40950,10.4281,,,
,CHECKPOINT BATCH 40955,5.7669,,,
,CHECKPOINT BATCH 40960,13.7210,,,
,CHECKPOINT BATCH 40965,14.9931,,,
11:00:20,40967,14.0153,19.1975,5000,0.0658
,CHECKPOINT BATCH 40970,9.7067,,,
,CHECKPOINT BATCH 40975,9.8085,,,
,CHECKPOINT BATCH 40980,8.0221,,,
,CHECKPOINT BATCH 40985,13.1672,,,
11:00:22,40986,7.4266,20.0940,5000,0.0658
,CHECKPOINT BATCH 40990,8.4251,,,
,CHECKPOINT BATCH 40995,11.5187,,,
,CHECKPOINT BATCH 41000,10.8269,,,
11:00:24,41005,8.0763,20.1880,5000,0.0657
,CHECKPOINT BATCH 41005,8.0763,,,
,CHECKPOINT BATCH 41010,8.2217,,,
,CHECKPOINT BATCH 41015,11.6153,,,
,CHECKPOINT BATCH 41020,8.9165,,,
11:00:26,41024,8.9137,18.5570,5000,0.0657
,CHECKPOINT BATCH 41025,12.2891,,,
,CHECKPOINT BATCH 41030,11.7647,,,
,CHECKPOINT BATCH 41035,9.5037,,,
,CHECKPOINT BATCH 41040,9.5113,,,
11:00:28,41043,10.4217,16.9355,5000,0.0657
,CHECKPOINT BATCH 41045,16.0184,,,
,CHECKPOINT BATCH 41050,14.6385,,,
,CHECKPOINT BATCH 41055,9.3555,,,
,CHECKPOINT BATCH 41060,10.1896,,,
11:00:30,41062,7.1627,16.9485,5000,0.0656
11:00:33,41065,9.3970,16.9410,5000,0.0656
,CHECKPOINT BATCH 41065,9.3970,,,
,CHECKPOINT BATCH 41070,12.3186,,,
,CHECKPOINT BATCH 41075,9.0392,,,
,CHECKPOINT BATCH 41080,17.8886,,,
11:00:35,41083,17.6508,16.2975,5000,0.0656
,CHECKPOINT BATCH 41085,7.2884,,,
,CHECKPOINT BATCH 41090,14.4504,,,
,CHECKPOINT BATCH 41095,9.9103,,,
11:00:39,41098,9.6909,17.5520,5000,0.0656
,CHECKPOINT BATCH 41100,12.1380,,,
,CHECKPOINT BATCH 41105,15.2057,,,
,CHECKPOINT BATCH 41110,7.9112,,,
,CHECKPOINT BATCH 41115,13.8071,,,
11:00:41,41117,10.6829,19.1995,5000,0.0656
,CHECKPOINT BATCH 41120,8.9313,,,
,CHECKPOINT BATCH 41125,11.2322,,,
,CHECKPOINT BATCH 41130,12.5379,,,
,CHECKPOINT BATCH 41135,8.7411,,,
11:00:43,41136,9.0454,19.6005,5000,0.0655
,CHECKPOINT BATCH 41140,8.2050,,,
,CHECKPOINT BATCH 41145,14.3493,,,
,CHECKPOINT BATCH 41150,16.3986,,,
11:00:45,41155,8.2402,20.1925,5000,0.0655
,CHECKPOINT BATCH 41155,8.2402,,,
,CHECKPOINT BATCH 41160,10.3991,,,
,CHECKPOINT BATCH 41165,11.0267,,,
,CHECKPOINT BATCH 41170,8.7243,,,
11:00:49,41173,9.4180,19.6485,5000,0.0655
,CHECKPOINT BATCH 41175,11.8392,,,
,CHECKPOINT BATCH 41180,8.9110,,,
,CHECKPOINT BATCH 41185,19.1211,,,
,CHECKPOINT BATCH 41190,12.5383,,,
11:00:51,41192,11.0481,18.2850,5000,0.0654
,CHECKPOINT BATCH 41195,11.9734,,,
,CHECKPOINT BATCH 41200,11.8666,,,
,CHECKPOINT BATCH 41205,11.7118,,,
,CHECKPOINT BATCH 41210,12.5856,,,
11:00:53,41211,10.2746,17.5670,5000,0.0654
,CHECKPOINT BATCH 41215,11.3747,,,
11:00:56,41216,8.0581,17.7130,5000,0.0654
,CHECKPOINT BATCH 41220,13.7532,,,
,CHECKPOINT BATCH 41225,13.1645,,,
,CHECKPOINT BATCH 41230,7.5774,,,
11:00:58,41234,14.1070,18.6505,5000,0.0654
,CHECKPOINT BATCH 41235,16.2562,,,
,CHECKPOINT BATCH 41240,16.6591,,,
,CHECKPOINT BATCH 41245,8.9994,,,
,CHECKPOINT BATCH 41250,12.9724,,,
11:01:00,41253,10.1172,20.1655,5000,0.0654
,CHECKPOINT BATCH 41255,10.8451,,,
,CHECKPOINT BATCH 41260,12.5137,,,
,CHECKPOINT BATCH 41265,11.6065,,,
,CHECKPOINT BATCH 41270,13.2639,,,
11:01:03,41272,9.0544,19.4860,5000,0.0653
,CHECKPOINT BATCH 41275,8.5671,,,
,CHECKPOINT BATCH 41280,10.7170,,,
,CHECKPOINT BATCH 41285,6.8603,,,
,CHECKPOINT BATCH 41290,9.1733,,,
11:01:05,41291,8.0643,18.7190,5000,0.0653
,CHECKPOINT BATCH 41295,9.9134,,,
,CHECKPOINT BATCH 41300,11.2474,,,
,CHECKPOINT BATCH 41305,10.7567,,,
11:01:07,41310,7.8566,16.2620,5000,0.0653
,CHECKPOINT BATCH 41310,7.8566,,,
,CHECKPOINT BATCH 41315,10.4463,,,
,CHECKPOINT BATCH 41320,11.3831,,,
,CHECKPOINT BATCH 41325,13.8547,,,
11:01:09,41329,14.0335,13.1760,5000,0.0652
,CHECKPOINT BATCH 41330,25.0523,,,
11:01:11,41331,10.4722,12.5585,5000,0.0652
,CHECKPOINT BATCH 41335,9.9706,,,
,CHECKPOINT BATCH 41340,14.1431,,,
,CHECKPOINT BATCH 41345,13.2388,,,
11:01:13,41350,10.6822,7.7855,5000,0.0652
,CHECKPOINT BATCH 41350,10.6822,,,
,CHECKPOINT BATCH 41355,15.0660,,,
,CHECKPOINT BATCH 41360,12.9242,,,
,CHECKPOINT BATCH 41365,12.5359,,,
11:01:15,41369,13.9104,9.2125,5000,0.0652
,CHECKPOINT BATCH 41370,9.9770,,,
,CHECKPOINT BATCH 41375,13.7134,,,
,CHECKPOINT BATCH 41380,14.8452,,,
,CHECKPOINT BATCH 41385,10.0402,,,
11:01:18,41388,10.4446,11.0225,5000,0.0651
,CHECKPOINT BATCH 41390,10.6154,,,
,CHECKPOINT BATCH 41395,7.5250,,,
,CHECKPOINT BATCH 41400,10.9588,,,
,CHECKPOINT BATCH 41405,10.7566,,,
11:01:20,41407,11.1072,11.3235,5000,0.0651
,CHECKPOINT BATCH 41410,11.6895,,,
,CHECKPOINT BATCH 41415,9.8992,,,
,CHECKPOINT BATCH 41420,11.3204,,,
,CHECKPOINT BATCH 41425,10.1213,,,
11:01:22,41426,6.2397,12.6185,5000,0.0651
,CHECKPOINT BATCH 41430,10.6006,,,
,CHECKPOINT BATCH 41435,8.2955,,,
,CHECKPOINT BATCH 41440,12.4807,,,
11:01:24,41445,9.8111,15.4320,5000,0.0651
,CHECKPOINT BATCH 41445,9.8111,,,
,CHECKPOINT BATCH 41450,8.2959,,,
,CHECKPOINT BATCH 41455,17.0202,,,
,CHECKPOINT BATCH 41460,10.1328,,,
11:01:26,41464,11.0468,15.1360,5000,0.0650
,CHECKPOINT BATCH 41465,9.9445,,,
,CHECKPOINT BATCH 41470,16.6543,,,
,CHECKPOINT BATCH 41475,9.1256,,,
11:01:29,41476,7.2695,14.9085,5000,0.0650
,CHECKPOINT BATCH 41480,7.6996,,,
,CHECKPOINT BATCH 41485,13.9492,,,
,CHECKPOINT BATCH 41490,11.4538,,,
11:01:32,41495,8.3500,15.1805,5000,0.0650
,CHECKPOINT BATCH 41495,8.3500,,,
,CHECKPOINT BATCH 41500,11.7209,,,
,CHECKPOINT BATCH 41505,12.3975,,,
,CHECKPOINT BATCH 41510,8.6156,,,
11:01:34,41514,11.4529,16.2265,5000,0.0650
,CHECKPOINT BATCH 41515,7.3283,,,
,CHECKPOINT BATCH 41520,11.9577,,,
,CHECKPOINT BATCH 41525,11.5521,,,
,CHECKPOINT BATCH 41530,12.7790,,,
11:01:36,41533,8.2905,14.8510,5000,0.0649
,CHECKPOINT BATCH 41535,8.2726,,,
,CHECKPOINT BATCH 41540,8.1777,,,
,CHECKPOINT BATCH 41545,12.6950,,,
,CHECKPOINT BATCH 41550,12.5880,,,
11:01:38,41552,15.6538,14.3290,5000,0.0649
,CHECKPOINT BATCH 41555,10.0579,,,
,CHECKPOINT BATCH 41560,13.7895,,,
,CHECKPOINT BATCH 41565,11.0156,,,
,CHECKPOINT BATCH 41570,15.1262,,,
11:01:40,41571,12.3496,13.5405,5000,0.0649
,CHECKPOINT BATCH 41575,14.3217,,,
,CHECKPOINT BATCH 41580,10.3410,,,
,CHECKPOINT BATCH 41585,13.6133,,,
11:01:42,41590,11.4523,12.3045,5000,0.0648
,CHECKPOINT BATCH 41590,11.4523,,,
,CHECKPOINT BATCH 41595,9.2098,,,
,CHECKPOINT BATCH 41600,13.6216,,,
,CHECKPOINT BATCH 41605,11.7467,,,
11:01:44,41609,12.7150,11.4045,5000,0.0648
,CHECKPOINT BATCH 41610,12.1602,,,
,CHECKPOINT BATCH 41615,9.8307,,,
11:01:48,41619,11.6542,12.5685,5000,0.0648
,CHECKPOINT BATCH 41620,13.0173,,,
,CHECKPOINT BATCH 41625,15.6340,,,
11:01:51,41627,19.7160,12.5415,5000,0.0648
,CHECKPOINT BATCH 41630,12.9759,,,
,CHECKPOINT BATCH 41635,11.4656,,,
,CHECKPOINT BATCH 41640,9.8930,,,
,CHECKPOINT BATCH 41645,7.8750,,,
11:01:53,41646,12.2375,14.9635,5000,0.0648
,CHECKPOINT BATCH 41650,11.1668,,,
,CHECKPOINT BATCH 41655,10.9338,,,
,CHECKPOINT BATCH 41660,11.2627,,,
11:01:57,41662,12.9304,16.3570,5000,0.0647
,CHECKPOINT BATCH 41665,9.8839,,,
,CHECKPOINT BATCH 41670,10.7612,,,
,CHECKPOINT BATCH 41675,9.3069,,,
,CHECKPOINT BATCH 41680,7.9513,,,
11:01:59,41681,12.9223,15.2440,5000,0.0647
,CHECKPOINT BATCH 41685,10.5191,,,
,CHECKPOINT BATCH 41690,9.1862,,,
,CHECKPOINT BATCH 41695,10.9531,,,
11:02:01,41700,10.2971,17.5185,5000,0.0647
,CHECKPOINT BATCH 41700,10.2971,,,
,CHECKPOINT BATCH 41705,12.3302,,,
,CHECKPOINT BATCH 41710,10.7527,,,
,CHECKPOINT BATCH 41715,10.6493,,,
11:02:03,41719,10.7884,18.2580,5000,0.0647
,CHECKPOINT BATCH 41720,12.3528,,,
,CHECKPOINT BATCH 41725,8.1881,,,
11:02:07,41730,13.6752,19.8045,5000,0.0646
,CHECKPOINT BATCH 41730,13.6752,,,
,CHECKPOINT BATCH 41735,10.9157,,,
,CHECKPOINT BATCH 41740,7.8372,,,
,CHECKPOINT BATCH 41745,13.0347,,,
11:02:09,41749,6.6705,19.0060,5000,0.0646
,CHECKPOINT BATCH 41750,10.6558,,,
,CHECKPOINT BATCH 41755,15.0362,,,
,CHECKPOINT BATCH 41760,8.5286,,,
,CHECKPOINT BATCH 41765,12.8650,,,
11:02:11,41768,6.5777,20.8785,5000,0.0646
,CHECKPOINT BATCH 41770,16.7081,,,
,CHECKPOINT BATCH 41775,9.4056,,,
,CHECKPOINT BATCH 41780,9.9256,,,
,CHECKPOINT BATCH 41785,10.6828,,,
11:02:15,41787,9.9361,22.6810,5000,0.0646
,CHECKPOINT BATCH 41790,11.3011,,,
,CHECKPOINT BATCH 41795,7.5945,,,
,CHECKPOINT BATCH 41800,7.6809,,,
,CHECKPOINT BATCH 41805,12.0201,,,
11:02:17,41806,9.0634,22.0545,5000,0.0645
,CHECKPOINT BATCH 41810,9.6912,,,
,CHECKPOINT BATCH 41815,8.9325,,,
11:02:21,41819,12.2110,21.6860,5000,0.0645
,CHECKPOINT BATCH 41820,10.1826,,,
,CHECKPOINT BATCH 41825,10.4846,,,
,CHECKPOINT BATCH 41830,7.4903,,,
,CHECKPOINT BATCH 41835,10.8929,,,
11:02:23,41837,9.5051,18.9600,5000,0.0645
,CHECKPOINT BATCH 41840,9.1993,,,
,CHECKPOINT BATCH 41845,9.7104,,,
,CHECKPOINT BATCH 41850,8.9107,,,
,CHECKPOINT BATCH 41855,7.9619,,,
11:02:25,41856,8.9322,19.0220,5000,0.0645
,CHECKPOINT BATCH 41860,11.5282,,,
,CHECKPOINT BATCH 41865,9.2240,,,
11:02:29,41868,8.1054,18.1065,5000,0.0644
,CHECKPOINT BATCH 41870,8.7545,,,
,CHECKPOINT BATCH 41875,12.9386,,,
,CHECKPOINT BATCH 41880,11.5142,,,
,CHECKPOINT BATCH 41885,15.2959,,,
11:02:31,41887,11.3009,16.6250,5000,0.0644
,CHECKPOINT BATCH 41890,9.5537,,,
,CHECKPOINT BATCH 41895,9.2239,,,
,CHECKPOINT BATCH 41900,7.3110,,,
,CHECKPOINT BATCH 41905,7.4986,,,
11:02:33,41906,8.7911,16.4875,5000,0.0644
,CHECKPOINT BATCH 41910,13.7534,,,
,CHECKPOINT BATCH 41915,16.6037,,,
,CHECKPOINT BATCH 41920,9.6208,,,
11:02:35,41925,11.6973,17.7890,5000,0.0644
,CHECKPOINT BATCH 41925,11.6973,,,
,CHECKPOINT BATCH 41930,8.7228,,,
,CHECKPOINT BATCH 41935,13.2868,,,
,CHECKPOINT BATCH 41940,8.9863,,,
11:02:37,41944,8.3404,18.4025,5000,0.0643
,CHECKPOINT BATCH 41945,11.1538,,,
,CHECKPOINT BATCH 41950,8.8067,,,
,CHECKPOINT BATCH 41955,10.9675,,,
,CHECKPOINT BATCH 41960,7.2114,,,
11:02:39,41963,8.0580,16.5345,5000,0.0643
,CHECKPOINT BATCH 41965,10.0486,,,
,CHECKPOINT BATCH 41970,15.8021,,,
,CHECKPOINT BATCH 41975,8.3396,,,
,CHECKPOINT BATCH 41980,14.7309,,,
11:02:41,41981,9.1923,17.1200,5000,0.0643
,CHECKPOINT BATCH 41985,10.1046,,,
,CHECKPOINT BATCH 41990,11.7929,,,
11:02:45,41991,10.7440,17.0235,5000,0.0643
,CHECKPOINT BATCH 41995,12.1707,,,
,CHECKPOINT BATCH 42000,12.7203,,,
,CHECKPOINT BATCH 42005,11.5726,,,
11:02:47,42010,11.0507,17.3525,5000,0.0642
,CHECKPOINT BATCH 42010,11.0507,,,
,CHECKPOINT BATCH 42015,11.0148,,,
,CHECKPOINT BATCH 42020,15.2303,,,
,CHECKPOINT BATCH 42025,7.9966,,,
11:02:49,42029,11.9321,17.5825,5000,0.0642
,CHECKPOINT BATCH 42030,10.8332,,,
,CHECKPOINT BATCH 42035,10.3934,,,
,CHECKPOINT BATCH 42040,12.1893,,,
,CHECKPOINT BATCH 42045,8.5618,,,
11:02:51,42048,7.5841,18.1955,5000,0.0642
,CHECKPOINT BATCH 42050,16.1810,,,
,CHECKPOINT BATCH 42055,6.0767,,,
,CHECKPOINT BATCH 42060,9.2471,,,
,CHECKPOINT BATCH 42065,8.8156,,,
11:02:53,42067,14.5247,18.7970,5000,0.0642
,CHECKPOINT BATCH 42070,12.3576,,,
,CHECKPOINT BATCH 42075,10.4987,,,
,CHECKPOINT BATCH 42080,11.6211,,,
,CHECKPOINT BATCH 42085,11.8020,,,
11:02:55,42086,8.6344,18.9830,5000,0.0641
,CHECKPOINT BATCH 42090,11.0065,,,
,CHECKPOINT BATCH 42095,14.3447,,,
11:02:59,42100,8.9654,17.9265,5000,0.0641
,CHECKPOINT BATCH 42100,8.9654,,,
,CHECKPOINT BATCH 42105,9.6792,,,
,CHECKPOINT BATCH 42110,14.6869,,,
,CHECKPOINT BATCH 42115,13.5815,,,
11:03:01,42119,8.1782,18.2495,5000,0.0641
,CHECKPOINT BATCH 42120,10.9917,,,
,CHECKPOINT BATCH 42125,9.3959,,,
,CHECKPOINT BATCH 42130,10.8147,,,
,CHECKPOINT BATCH 42135,12.0077,,,
11:03:03,42138,11.1513,17.6245,5000,0.0641
,CHECKPOINT BATCH 42140,11.3318,,,
,CHECKPOINT BATCH 42145,8.3484,,,
,CHECKPOINT BATCH 42150,9.4019,,,
,CHECKPOINT BATCH 42155,8.8989,,,
11:03:05,42157,9.4297,16.5240,5000,0.0640
,CHECKPOINT BATCH 42160,9.6819,,,
,CHECKPOINT BATCH 42165,12.6749,,,
,CHECKPOINT BATCH 42170,8.7197,,,
,CHECKPOINT BATCH 42175,8.9746,,,
11:03:07,42176,7.9500,15.8990,5000,0.0640
,CHECKPOINT BATCH 42180,7.6324,,,
,CHECKPOINT BATCH 42185,7.9838,,,
,CHECKPOINT BATCH 42190,9.3310,,,
11:03:09,42195,9.6507,13.7915,5000,0.0640
,CHECKPOINT BATCH 42195,9.6507,,,
,CHECKPOINT BATCH 42200,9.9134,,,
,CHECKPOINT BATCH 42205,7.6017,,,
,CHECKPOINT BATCH 42210,7.8089,,,
11:03:14,42212,9.7164,9.0080,5000,0.0639
,CHECKPOINT BATCH 42215,10.2739,,,
,CHECKPOINT BATCH 42220,7.0213,,,
,CHECKPOINT BATCH 42225,9.5065,,,
,CHECKPOINT BATCH 42230,9.6118,,,
11:03:16,42231,7.2788,7.4705,5000,0.0639
,CHECKPOINT BATCH 42235,7.3036,,,
,CHECKPOINT BATCH 42240,8.8723,,,
,CHECKPOINT BATCH 42245,11.3848,,,
11:03:18,42250,9.0375,9.5440,5000,0.0639
,CHECKPOINT BATCH 42250,9.0375,,,
,CHECKPOINT BATCH 42255,12.5336,,,
,CHECKPOINT BATCH 42260,9.7161,,,
,CHECKPOINT BATCH 42265,8.1906,,,
11:03:20,42269,12.6834,10.9000,5000,0.0639
,CHECKPOINT BATCH 42270,10.0108,,,
,CHECKPOINT BATCH 42275,12.1563,,,
,CHECKPOINT BATCH 42280,7.1919,,,
,CHECKPOINT BATCH 42285,12.5029,,,
11:03:22,42288,8.0882,14.0725,5000,0.0638
,CHECKPOINT BATCH 42290,11.0564,,,
,CHECKPOINT BATCH 42295,9.9067,,,
,CHECKPOINT BATCH 42300,10.8219,,,
,CHECKPOINT BATCH 42305,13.2657,,,
11:03:24,42307,7.5731,17.3965,5000,0.0638
,CHECKPOINT BATCH 42310,11.5696,,,
,CHECKPOINT BATCH 42315,10.2649,,,
11:03:28,42319,13.8235,20.2010,5000,0.0638
,CHECKPOINT BATCH 42320,19.6044,,,
,CHECKPOINT BATCH 42325,13.0502,,,
,CHECKPOINT BATCH 42330,14.5969,,,
,CHECKPOINT BATCH 42335,17.1498,,,
11:03:30,42338,14.7333,20.1955,5000,0.0638
,CHECKPOINT BATCH 42340,14.9349,,,
,CHECKPOINT BATCH 42345,10.8629,,,
,CHECKPOINT BATCH 42350,9.3543,,,
,CHECKPOINT BATCH 42355,17.7529,,,
11:03:32,42357,11.2044,19.7585,5000,0.0637
,CHECKPOINT BATCH 42360,14.3878,,,
,CHECKPOINT BATCH 42365,13.2888,,,
,CHECKPOINT BATCH 42370,11.5895,,,
,CHECKPOINT BATCH 42375,9.5681,,,
11:03:34,42376,11.5980,20.5800,5000,0.0637
,CHECKPOINT BATCH 42380,8.4207,,,
,CHECKPOINT BATCH 42385,11.3288,,,
,CHECKPOINT BATCH 42390,7.0989,,,
11:03:36,42395,7.7560,21.3250,5000,0.0637
,CHECKPOINT BATCH 42395,7.7560,,,
,CHECKPOINT BATCH 42400,10.7334,,,
,CHECKPOINT BATCH 42405,14.2553,,,
,CHECKPOINT BATCH 42410,11.4808,,,
11:03:40,42413,9.2851,22.1355,5000,0.0637
,CHECKPOINT BATCH 42415,10.7036,,,
,CHECKPOINT BATCH 42420,14.1980,,,
,CHECKPOINT BATCH 42425,9.3786,,,
,CHECKPOINT BATCH 42430,10.2533,,,
11:03:42,42432,6.7626,21.9265,5000,0.0636
,CHECKPOINT BATCH 42435,12.4414,,,
,CHECKPOINT BATCH 42440,17.5176,,,
,CHECKPOINT BATCH 42445,12.1531,,,
,CHECKPOINT BATCH 42450,11.8717,,,
11:03:44,42451,7.5903,21.8945,5000,0.0636
,CHECKPOINT BATCH 42455,11.5897,,,
,CHECKPOINT BATCH 42460,11.7992,,,
,CHECKPOINT BATCH 42465,8.3282,,,
11:03:47,42470,13.0934,21.1050,5000,0.0636
,CHECKPOINT BATCH 42470,13.0934,,,
,CHECKPOINT BATCH 42475,10.2377,,,
,CHECKPOINT BATCH 42480,10.3642,,,
11:03:50,42484,7.4232,19.2505,5000,0.0636
,CHECKPOINT BATCH 42485,13.4040,,,
,CHECKPOINT BATCH 42490,11.4127,,,
,CHECKPOINT BATCH 42495,10.8243,,,
,CHECKPOINT BATCH 42500,10.7651,,,
11:03:52,42503,8.2102,20.1955,5000,0.0635
,CHECKPOINT BATCH 42505,12.6780,,,
,CHECKPOINT BATCH 42510,12.6896,,,
,CHECKPOINT BATCH 42515,11.4104,,,
,CHECKPOINT BATCH 42520,12.9392,,,
11:03:55,42522,10.5090,18.7330,5000,0.0635
,CHECKPOINT BATCH 42525,12.3744,,,
,CHECKPOINT BATCH 42530,10.3781,,,
,CHECKPOINT BATCH 42535,16.6400,,,
,CHECKPOINT BATCH 42540,15.2313,,,
11:03:57,42541,9.2403,16.5300,5000,0.0635
,CHECKPOINT BATCH 42545,12.8384,,,
,CHECKPOINT BATCH 42550,16.1082,,,
,CHECKPOINT BATCH 42555,9.9080,,,
11:03:59,42560,14.2363,14.3470,5000,0.0635
,CHECKPOINT BATCH 42560,14.2363,,,
,CHECKPOINT BATCH 42565,15.3701,,,
,CHECKPOINT BATCH 42570,10.2965,,,
,CHECKPOINT BATCH 42575,17.3003,,,
11:04:01,42579,13.2723,12.0435,5000,0.0634
,CHECKPOINT BATCH 42580,14.2303,,,
,CHECKPOINT BATCH 42585,16.6800,,,
,CHECKPOINT BATCH 42590,10.2868,,,
,CHECKPOINT BATCH 42595,17.0195,,,
11:04:03,42598,14.0287,7.7300,5000,0.0634
,CHECKPOINT BATCH 42600,10.8647,,,
,CHECKPOINT BATCH 42605,13.6514,,,
,CHECKPOINT BATCH 42610,10.4445,,,
,CHECKPOINT BATCH 42615,10.9377,,,
11:04:05,42617,10.5062,4.0120,5000,0.0634
,CHECKPOINT BATCH 42620,11.0482,,,
,CHECKPOINT BATCH 42625,12.2265,,,
,CHECKPOINT BATCH 42630,8.3607,,,
,CHECKPOINT BATCH 42635,14.2424,,,
11:04:07,42636,11.7108,1.5825,5000,0.0634
,CHECKPOINT BATCH 42640,21.6256,,,
,CHECKPOINT BATCH 42645,11.5779,,,
,CHECKPOINT BATCH 42650,11.3143,,,
11:04:09,42655,6.6937,0.2245,5000,0.0633
,CHECKPOINT BATCH 42655,6.6937,,,
,CHECKPOINT BATCH 42660,9.2336,,,
,CHECKPOINT BATCH 42665,13.3169,,,
,CHECKPOINT BATCH 42670,10.5487,,,
11:04:11,42674,10.5569,-0.0375,5000,0.0633
,CHECKPOINT BATCH 42675,10.4964,,,
,CHECKPOINT BATCH 42680,17.4930,,,
,CHECKPOINT BATCH 42685,21.1866,,,
,CHECKPOINT BATCH 42690,9.9251,,,
11:04:13,42693,8.1034,0.1455,5000,0.0633
,CHECKPOINT BATCH 42695,10.7344,,,
,CHECKPOINT BATCH 42700,13.0678,,,
,CHECKPOINT BATCH 42705,9.4151,,,
,CHECKPOINT BATCH 42710,9.0307,,,
11:04:15,42712,12.3455,0.5965,5000,0.0633
,CHECKPOINT BATCH 42715,7.9071,,,
,CHECKPOINT BATCH 42720,9.5258,,,
,CHECKPOINT BATCH 42725,12.2427,,,
11:04:17,42730,11.3812,0.6015,5000,0.0632
,CHECKPOINT BATCH 42730,11.3812,,,
,CHECKPOINT BATCH 42735,12.1032,,,
,CHECKPOINT BATCH 42740,10.7607,,,
,CHECKPOINT BATCH 42745,7.9123,,,
11:04:20,42749,8.4786,2.4390,5000,0.0632
,CHECKPOINT BATCH 42750,10.8779,,,
,CHECKPOINT BATCH 42755,8.8995,,,
,CHECKPOINT BATCH 42760,10.6962,,,
,CHECKPOINT BATCH 42765,8.9337,,,
11:04:22,42768,12.7182,5.3540,5000,0.0632
,CHECKPOINT BATCH 42770,15.9684,,,
,CHECKPOINT BATCH 42775,14.4363,,,
,CHECKPOINT BATCH 42780,10.7086,,,
11:04:25,42781,16.0563,8.6740,5000,0.0632
,CHECKPOINT BATCH 42785,7.4958,,,
,CHECKPOINT BATCH 42790,10.7027,,,
,CHECKPOINT BATCH 42795,10.0533,,,
11:04:27,42800,13.2623,12.0285,5000,0.0632
,CHECKPOINT BATCH 42800,13.2623,,,
,CHECKPOINT BATCH 42805,10.6391,,,
,CHECKPOINT BATCH 42810,12.8995,,,
,CHECKPOINT BATCH 42815,11.3815,,,
11:04:30,42819,17.3854,14.9650,5000,0.0631
,CHECKPOINT BATCH 42820,11.8516,,,
,CHECKPOINT BATCH 42825,10.8632,,,
,CHECKPOINT BATCH 42830,13.3966,,,
,CHECKPOINT BATCH 42835,10.1452,,,
11:04:32,42838,7.6753,17.6045,5000,0.0631
,CHECKPOINT BATCH 42840,10.0513,,,
,CHECKPOINT BATCH 42845,11.4831,,,
,CHECKPOINT BATCH 42850,10.0912,,,
,CHECKPOINT BATCH 42855,12.9926,,,
11:04:34,42857,8.8151,18.0535,5000,0.0631
,CHECKPOINT BATCH 42860,11.5373,,,
,CHECKPOINT BATCH 42865,11.5631,,,
,CHECKPOINT BATCH 42870,9.9633,,,
,CHECKPOINT BATCH 42875,8.3536,,,
11:04:36,42876,7.8948,17.5990,5000,0.0631
,CHECKPOINT BATCH 42880,10.3870,,,
,CHECKPOINT BATCH 42885,11.0508,,,
,CHECKPOINT BATCH 42890,12.4796,,,
11:04:38,42895,9.0371,15.4015,5000,0.0630
,CHECKPOINT BATCH 42895,9.0371,,,
11:04:41,42898,7.8272,15.8040,5000,0.0630
,CHECKPOINT BATCH 42900,9.8877,,,
,CHECKPOINT BATCH 42905,16.4327,,,
,CHECKPOINT BATCH 42910,12.6101,,,
,CHECKPOINT BATCH 42915,9.5602,,,
11:04:43,42917,7.9193,16.3005,5000,0.0630
,CHECKPOINT BATCH 42920,17.4527,,,
,CHECKPOINT BATCH 42925,12.4263,,,
,CHECKPOINT BATCH 42930,9.1668,,,
,CHECKPOINT BATCH 42935,14.6031,,,
11:04:45,42936,7.2047,17.7145,5000,0.0630
,CHECKPOINT BATCH 42940,7.6709,,,
,CHECKPOINT BATCH 42945,10.4615,,,
,CHECKPOINT BATCH 42950,16.1345,,,
11:04:47,42955,11.7357,18.9490,5000,0.0629
,CHECKPOINT BATCH 42955,11.7357,,,
,CHECKPOINT BATCH 42960,9.8424,,,
,CHECKPOINT BATCH 42965,15.3262,,,
,CHECKPOINT BATCH 42970,13.4399,,,
11:04:49,42974,9.6043,18.6080,5000,0.0629
,CHECKPOINT BATCH 42975,11.9797,,,
,CHECKPOINT BATCH 42980,7.6389,,,
,CHECKPOINT BATCH 42985,8.0438,,,
11:04:53,42989,16.7142,17.9780,5000,0.0629
,CHECKPOINT BATCH 42990,8.4531,,,
,CHECKPOINT BATCH 42995,10.8263,,,
,CHECKPOINT BATCH 43000,11.3276,,,
,CHECKPOINT BATCH 43005,8.5000,,,
11:04:55,43008,11.7075,18.6500,5000,0.0629
,CHECKPOINT BATCH 43010,10.5781,,,
,CHECKPOINT BATCH 43015,8.2776,,,
,CHECKPOINT BATCH 43020,8.9739,,,
,CHECKPOINT BATCH 43025,10.3424,,,
11:04:57,43027,10.7722,18.3090,5000,0.0629
,CHECKPOINT BATCH 43030,9.6366,,,
,CHECKPOINT BATCH 43035,13.4460,,,
,CHECKPOINT BATCH 43040,8.4164,,,
,CHECKPOINT BATCH 43045,10.6896,,,
11:04:59,43046,13.0789,17.8550,5000,0.0628
,CHECKPOINT BATCH 43050,7.9102,,,
11:05:02,43052,12.8662,17.2440,5000,0.0628
,CHECKPOINT BATCH 43055,8.7061,,,
,CHECKPOINT BATCH 43060,11.1794,,,
,CHECKPOINT BATCH 43065,7.2761,,,
,CHECKPOINT BATCH 43070,17.9044,,,
11:05:04,43071,12.5552,18.1865,5000,0.0628
,CHECKPOINT BATCH 43075,6.7976,,,
,CHECKPOINT BATCH 43080,8.1142,,,
,CHECKPOINT BATCH 43085,11.8598,,,
11:05:06,43090,13.9892,20.9285,5000,0.0628
,CHECKPOINT BATCH 43090,13.9892,,,
,CHECKPOINT BATCH 43095,13.2088,,,
,CHECKPOINT BATCH 43100,9.4717,,,
,CHECKPOINT BATCH 43105,9.7779,,,
11:05:08,43109,14.7903,19.9740,5000,0.0628
,CHECKPOINT BATCH 43110,8.7098,,,
,CHECKPOINT BATCH 43115,7.7615,,,
,CHECKPOINT BATCH 43120,11.0411,,,
,CHECKPOINT BATCH 43125,12.7352,,,
11:05:10,43128,9.2466,18.5060,5000,0.0627
,CHECKPOINT BATCH 43130,12.8241,,,
,CHECKPOINT BATCH 43135,9.6721,,,
,CHECKPOINT BATCH 43140,8.2179,,,
,CHECKPOINT BATCH 43145,8.4830,,,
11:05:13,43147,10.7292,17.1180,5000,0.0627
,CHECKPOINT BATCH 43150,8.4543,,,
11:05:16,43153,10.5520,17.5680,5000,0.0627
,CHECKPOINT BATCH 43155,8.8022,,,
,CHECKPOINT BATCH 43160,8.2795,,,
,CHECKPOINT BATCH 43165,13.9708,,,
,CHECKPOINT BATCH 43170,6.5493,,,
11:05:20,43171,9.0071,17.6470,5000,0.0627
,CHECKPOINT BATCH 43175,10.4230,,,
,CHECKPOINT BATCH 43180,9.2143,,,
,CHECKPOINT BATCH 43185,10.0738,,,
11:05:22,43190,18.5664,16.2820,5000,0.0626
,CHECKPOINT BATCH 43190,18.5664,,,
,CHECKPOINT BATCH 43195,11.9399,,,
,CHECKPOINT BATCH 43200,6.5045,,,
,CHECKPOINT BATCH 43205,13.0358,,,
11:05:24,43209,7.7818,17.0600,5000,0.0626
11:05:26,43210,14.2493,16.9060,5000,0.0626
,CHECKPOINT BATCH 43210,14.2493,,,
,CHECKPOINT BATCH 43215,8.0266,,,
,CHECKPOINT BATCH 43220,14.9100,,,
,CHECKPOINT BATCH 43225,9.8063,,,
11:05:29,43229,12.0871,17.1730,5000,0.0626
,CHECKPOINT BATCH 43230,10.8611,,,
,CHECKPOINT BATCH 43235,11.7263,,,
,CHECKPOINT BATCH 43240,15.1792,,,
,CHECKPOINT BATCH 43245,8.7020,,,
11:05:31,43248,10.1677,18.5480,5000,0.0626
,CHECKPOINT BATCH 43250,11.4844,,,
,CHECKPOINT BATCH 43255,7.1431,,,
,CHECKPOINT BATCH 43260,10.8566,,,
,CHECKPOINT BATCH 43265,8.6833,,,
11:05:33,43267,7.6772,16.7600,5000,0.0626
,CHECKPOINT BATCH 43270,10.4084,,,
,CHECKPOINT BATCH 43275,8.9620,,,
,CHECKPOINT BATCH 43280,8.4474,,,
,CHECKPOINT BATCH 43285,9.6423,,,
11:05:35,43286,13.4813,16.7415,5000,0.0625
,CHECKPOINT BATCH 43290,9.6895,,,
,CHECKPOINT BATCH 43295,10.8113,,,
,CHECKPOINT BATCH 43300,11.8829,,,
11:05:37,43305,9.0340,14.8840,5000,0.0625
,CHECKPOINT BATCH 43305,9.0340,,,
,CHECKPOINT BATCH 43310,10.5770,,,
,CHECKPOINT BATCH 43315,9.1517,,,
,CHECKPOINT BATCH 43320,9.1988,,,
11:05:39,43324,10.6996,14.7370,5000,0.0625
,CHECKPOINT BATCH 43325,12.3454,,,
,CHECKPOINT BATCH 43330,9.7358,,,
,CHECKPOINT BATCH 43335,9.3772,,,
,CHECKPOINT BATCH 43340,8.7114,,,
11:05:41,43343,9.3818,12.6005,5000,0.0625
,CHECKPOINT BATCH 43345,10.9583,,,
11:05:44,43346,12.7784,13.1485,5000,0.0625
,CHECKPOINT BATCH 43350,11.8984,,,
,CHECKPOINT BATCH 43355,11.0416,,,
,CHECKPOINT BATCH 43360,10.6519,,,
11:05:46,43365,13.1386,13.4640,5000,0.0624
,CHECKPOINT BATCH 43365,13.1386,,,
,CHECKPOINT BATCH 43370,11.4267,,,
,CHECKPOINT BATCH 43375,11.3082,,,
,CHECKPOINT BATCH 43380,10.7358,,,
11:05:48,43384,9.2796,15.7845,5000,0.0624
,CHECKPOINT BATCH 43385,10.1215,,,
,CHECKPOINT BATCH 43390,10.8054,,,
,CHECKPOINT BATCH 43395,17.5617,,,
,CHECKPOINT BATCH 43400,6.6208,,,
11:05:50,43403,11.7363,17.8095,5000,0.0624
,CHECKPOINT BATCH 43405,11.2933,,,
,CHECKPOINT BATCH 43410,7.0399,,,
,CHECKPOINT BATCH 43415,15.5992,,,
,CHECKPOINT BATCH 43420,10.3540,,,
11:05:52,43422,10.8947,19.3205,5000,0.0624
,CHECKPOINT BATCH 43425,8.7571,,,
,CHECKPOINT BATCH 43430,18.0778,,,
11:05:55,43431,9.3083,19.0020,5000,0.0623
,CHECKPOINT BATCH 43435,12.0061,,,
,CHECKPOINT BATCH 43440,13.2435,,,
,CHECKPOINT BATCH 43445,11.2298,,,
11:05:58,43450,11.1397,16.9035,5000,0.0623
,CHECKPOINT BATCH 43450,11.1397,,,
,CHECKPOINT BATCH 43455,12.7463,,,
,CHECKPOINT BATCH 43460,14.7362,,,
,CHECKPOINT BATCH 43465,15.7081,,,
11:06:00,43469,10.7225,18.1135,5000,0.0623
,CHECKPOINT BATCH 43470,12.3632,,,
,CHECKPOINT BATCH 43475,10.9023,,,
,CHECKPOINT BATCH 43480,11.5642,,,
,CHECKPOINT BATCH 43485,14.5396,,,
11:06:02,43487,11.9885,17.6665,5000,0.0623
,CHECKPOINT BATCH 43490,15.2276,,,
,CHECKPOINT BATCH 43495,11.4615,,,
,CHECKPOINT BATCH 43500,12.0370,,,
,CHECKPOINT BATCH 43505,14.2847,,,
11:06:04,43506,10.7937,16.9235,5000,0.0623
,CHECKPOINT BATCH 43510,13.7642,,,
,CHECKPOINT BATCH 43515,10.2774,,,
,CHECKPOINT BATCH 43520,8.1009,,,
11:06:06,43525,13.9516,16.4710,5000,0.0622
,CHECKPOINT BATCH 43525,13.9516,,,
,CHECKPOINT BATCH 43530,9.1874,,,
,CHECKPOINT BATCH 43535,10.7752,,,
,CHECKPOINT BATCH 43540,12.0243,,,
11:06:08,43544,9.3349,18.6810,5000,0.0622
,CHECKPOINT BATCH 43545,10.3953,,,
11:06:11,43550,9.5962,20.2770,5000,0.0622
,CHECKPOINT BATCH 43550,9.5962,,,
,CHECKPOINT BATCH 43555,10.0936,,,
,CHECKPOINT BATCH 43560,8.9067,,,
,CHECKPOINT BATCH 43565,7.2582,,,
11:06:13,43569,12.3389,19.8540,5000,0.0622
,CHECKPOINT BATCH 43570,8.4776,,,
,CHECKPOINT BATCH 43575,10.7899,,,
,CHECKPOINT BATCH 43580,17.8675,,,
,CHECKPOINT BATCH 43585,10.2794,,,
11:06:15,43588,9.7818,19.6800,5000,0.0622
,CHECKPOINT BATCH 43590,8.6819,,,
,CHECKPOINT BATCH 43595,11.3584,,,
,CHECKPOINT BATCH 43600,10.6771,,,
,CHECKPOINT BATCH 43605,6.4721,,,
11:06:17,43607,10.8492,19.6760,5000,0.0621
,CHECKPOINT BATCH 43610,13.8087,,,
,CHECKPOINT BATCH 43615,8.1903,,,
,CHECKPOINT BATCH 43620,9.7681,,,
,CHECKPOINT BATCH 43625,15.7204,,,
11:06:19,43626,9.4572,20.1645,5000,0.0621
,CHECKPOINT BATCH 43630,11.1476,,,
,CHECKPOINT BATCH 43635,7.7638,,,
,CHECKPOINT BATCH 43640,7.1046,,,
11:06:21,43645,10.4331,20.1520,5000,0.0621
,CHECKPOINT BATCH 43645,10.4331,,,
11:06:24,43650,9.5844,20.0080,5000,0.0621
,CHECKPOINT BATCH 43650,9.5844,,,
,CHECKPOINT BATCH 43655,13.4545,,,
,CHECKPOINT BATCH 43660,8.1064,,,
,CHECKPOINT BATCH 43665,12.0703,,,
11:06:26,43669,8.9125,19.3255,5000,0.0621
,CHECKPOINT BATCH 43670,10.5846,,,
,CHECKPOINT BATCH 43675,7.1646,,,
,CHECKPOINT BATCH 43680,10.3211,,,
,CHECKPOINT BATCH 43685,9.2401,,,
11:06:28,43688,9.9337,19.2835,5000,0.0620
,CHECKPOINT BATCH 43690,9.0332,,,
,CHECKPOINT BATCH 43695,8.8610,,,
,CHECKPOINT BATCH 43700,12.4800,,,
,CHECKPOINT BATCH 43705,9.9743,,,
11:06:30,43707,7.9062,19.7495,5000,0.0620
,CHECKPOINT BATCH 43710,9.1050,,,
,CHECKPOINT BATCH 43715,14.2234,,,
,CHECKPOINT BATCH 43720,10.1853,,,
,CHECKPOINT BATCH 43725,8.6497,,,
11:06:33,43726,8.8580,19.8570,5000,0.0620
,CHECKPOINT BATCH 43730,6.9143,,,
,CHECKPOINT BATCH 43735,15.0018,,,
11:06:36,43739,10.5749,20.1280,5000,0.0620
,CHECKPOINT BATCH 43740,7.6649,,,
,CHECKPOINT BATCH 43745,7.0097,,,
,CHECKPOINT BATCH 43750,9.4505,,,
,CHECKPOINT BATCH 43755,6.3102,,,
11:06:38,43758,11.9687,20.3260,5000,0.0619
,CHECKPOINT BATCH 43760,13.7417,,,
,CHECKPOINT BATCH 43765,10.6500,,,
,CHECKPOINT BATCH 43770,10.1955,,,
,CHECKPOINT BATCH 43775,12.2214,,,
11:06:40,43777,9.1797,20.8430,5000,0.0619
,CHECKPOINT BATCH 43780,8.3453,,,
,CHECKPOINT BATCH 43785,13.0133,,,
,CHECKPOINT BATCH 43790,10.6852,,,
,CHECKPOINT BATCH 43795,10.0627,,,
11:06:43,43796,8.8822,20.9970,5000,0.0619
,CHECKPOINT BATCH 43800,12.8789,,,
,CHECKPOINT BATCH 43805,8.7828,,,
,CHECKPOINT BATCH 43810,13.0045,,,
11:06:45,43815,7.9086,20.5380,5000,0.0619
,CHECKPOINT BATCH 43815,7.9086,,,
,CHECKPOINT BATCH 43820,9.6705,,,
,CHECKPOINT BATCH 43825,12.9097,,,
11:06:48,43826,13.6412,21.6900,5000,0.0619
,CHECKPOINT BATCH 43830,9.4320,,,
,CHECKPOINT BATCH 43835,13.7154,,,
,CHECKPOINT BATCH 43840,11.4243,,,
11:06:50,43845,13.0005,21.8705,5000,0.0618
,CHECKPOINT BATCH 43845,13.0005,,,
,CHECKPOINT BATCH 43850,13.4960,,,
,CHECKPOINT BATCH 43855,9.3209,,,
,CHECKPOINT BATCH 43860,7.0329,,,
11:06:52,43864,9.7550,22.3595,5000,0.0618
,CHECKPOINT BATCH 43865,9.3717,,,
,CHECKPOINT BATCH 43870,9.2307,,,
,CHECKPOINT BATCH 43875,10.0001,,,
,CHECKPOINT BATCH 43880,13.6296,,,
11:06:57,43881,11.8356,21.7385,5000,0.0618
,CHECKPOINT BATCH 43885,15.7706,,,
,CHECKPOINT BATCH 43890,12.3427,,,
,CHECKPOINT BATCH 43895,10.0641,,,
11:06:59,43900,11.6736,21.1540,5000,0.0618
,CHECKPOINT BATCH 43900,11.6736,,,
,CHECKPOINT BATCH 43905,10.6611,,,
,CHECKPOINT BATCH 43910,11.9147,,,
,CHECKPOINT BATCH 43915,9.5419,,,
11:07:01,43919,9.9384,22.6990,5000,0.0618
,CHECKPOINT BATCH 43920,9.9105,,,
,CHECKPOINT BATCH 43925,11.1560,,,
,CHECKPOINT BATCH 43930,10.3676,,,
,CHECKPOINT BATCH 43935,10.5965,,,
11:07:05,43938,8.7295,23.0700,5000,0.0617
,CHECKPOINT BATCH 43940,10.0253,,,
,CHECKPOINT BATCH 43945,8.7476,,,
,CHECKPOINT BATCH 43950,8.3353,,,
,CHECKPOINT BATCH 43955,6.6982,,,
11:07:07,43957,9.5900,19.0725,5000,0.0617
,CHECKPOINT BATCH 43960,10.2303,,,
,CHECKPOINT BATCH 43965,9.1381,,,
,CHECKPOINT BATCH 43970,9.2228,,,
,CHECKPOINT BATCH 43975,16.8976,,,
11:07:09,43976,7.9586,18.8775,5000,0.0617
,CHECKPOINT BATCH 43980,12.0200,,,
,CHECKPOINT BATCH 43985,10.6552,,,
,CHECKPOINT BATCH 43990,9.0555,,,
11:07:11,43995,11.7877,20.2490,5000,0.0617
,CHECKPOINT BATCH 43995,11.7877,,,
,CHECKPOINT BATCH 44000,7.7042,,,
,CHECKPOINT BATCH 44005,9.4610,,,
,CHECKPOINT BATCH 44010,10.6421,,,
11:07:16,44012,11.7749,18.0775,5000,0.0616
,CHECKPOINT BATCH 44015,9.7698,,,
,CHECKPOINT BATCH 44020,13.2676,,,
,CHECKPOINT BATCH 44025,7.8318,,,
,CHECKPOINT BATCH 44030,10.3340,,,
11:07:18,44031,9.5489,14.2190,5000,0.0616
,CHECKPOINT BATCH 44035,10.3812,,,
,CHECKPOINT BATCH 44040,10.7255,,,
,CHECKPOINT BATCH 44045,12.8752,,,
11:07:20,44050,13.3878,18.3125,5000,0.0616
,CHECKPOINT BATCH 44050,13.3878,,,
,CHECKPOINT BATCH 44055,14.9161,,,
,CHECKPOINT BATCH 44060,6.8186,,,
,CHECKPOINT BATCH 44065,7.9712,,,
11:07:22,44069,15.4414,18.5020,5000,0.0616
,CHECKPOINT BATCH 44070,12.6922,,,
,CHECKPOINT BATCH 44075,10.3198,,,
,CHECKPOINT BATCH 44080,17.2631,,,
,CHECKPOINT BATCH 44085,10.7961,,,
11:07:24,44088,9.7618,16.7970,5000,0.0616
,CHECKPOINT BATCH 44090,10.2415,,,
11:07:27,44092,12.2884,16.1750,5000,0.0616
,CHECKPOINT BATCH 44095,8.8486,,,
,CHECKPOINT BATCH 44100,10.7049,,,
,CHECKPOINT BATCH 44105,13.3132,,,
,CHECKPOINT BATCH 44110,11.3456,,,
11:07:29,44111,10.6835,14.0320,5000,0.0615
,CHECKPOINT BATCH 44115,10.7153,,,
,CHECKPOINT BATCH 44120,11.3766,,,
,CHECKPOINT BATCH 44125,17.3336,,,
11:07:31,44130,12.9065,18.3140,5000,0.0615
,CHECKPOINT BATCH 44130,12.9065,,,
,CHECKPOINT BATCH 44135,10.9951,,,
,CHECKPOINT BATCH 44140,17.6302,,,
,CHECKPOINT BATCH 44145,10.6121,,,
11:07:33,44149,8.7523,17.1650,5000,0.0615
,CHECKPOINT BATCH 44150,7.8348,,,
,CHECKPOINT BATCH 44155,10.5689,,,
,CHECKPOINT BATCH 44160,9.2144,,,
,CHECKPOINT BATCH 44165,13.4896,,,
11:07:35,44168,8.5043,15.3015,5000,0.0615
,CHECKPOINT BATCH 44170,8.8035,,,
,CHECKPOINT BATCH 44175,8.7528,,,
,CHECKPOINT BATCH 44180,11.4571,,,
11:07:39,44184,11.9450,14.8015,5000,0.0615
,CHECKPOINT BATCH 44185,10.2303,,,
,CHECKPOINT BATCH 44190,12.1983,,,
,CHECKPOINT BATCH 44195,13.4250,,,
,CHECKPOINT BATCH 44200,10.4493,,,
11:07:41,44203,12.9388,18.0335,5000,0.0614
,CHECKPOINT BATCH 44205,9.7611,,,
,CHECKPOINT BATCH 44210,12.0397,,,
,CHECKPOINT BATCH 44215,10.5681,,,
,CHECKPOINT BATCH 44220,12.1362,,,
11:07:43,44221,15.7228,17.1460,5000,0.0614
,CHECKPOINT BATCH 44225,8.8487,,,
,CHECKPOINT BATCH 44230,8.3128,,,
,CHECKPOINT BATCH 44235,8.3096,,,
11:07:45,44240,10.0809,15.5890,5000,0.0614
,CHECKPOINT BATCH 44240,10.0809,,,
,CHECKPOINT BATCH 44245,12.6423,,,
,CHECKPOINT BATCH 44250,10.6042,,,
,CHECKPOINT BATCH 44255,10.9956,,,
11:07:47,44259,16.3003,15.1415,5000,0.0614
,CHECKPOINT BATCH 44260,7.2419,,,
,CHECKPOINT BATCH 44265,7.9030,,,
,CHECKPOINT BATCH 44270,9.2532,,,
,CHECKPOINT BATCH 44275,6.3188,,,
11:07:49,44278,18.0428,16.3110,5000,0.0613
,CHECKPOINT BATCH 44280,16.1025,,,
,CHECKPOINT BATCH 44285,7.1998,,,
,CHECKPOINT BATCH 44290,10.4321,,,
,CHECKPOINT BATCH 44295,13.0898,,,
11:07:52,44297,8.9184,15.1550,5000,0.0613
,CHECKPOINT BATCH 44300,9.5652,,,
11:07:54,44302,10.4353,15.5575,5000,0.0613
,CHECKPOINT BATCH 44305,13.9750,,,
,CHECKPOINT BATCH 44310,10.1572,,,
,CHECKPOINT BATCH 44315,11.3874,,,
,CHECKPOINT BATCH 44320,10.2767,,,
11:07:56,44321,8.6355,13.6885,5000,0.0613
,CHECKPOINT BATCH 44325,13.1386,,,
,CHECKPOINT BATCH 44330,7.9195,,,
,CHECKPOINT BATCH 44335,9.5999,,,
11:07:59,44340,10.2615,15.5335,5000,0.0613
,CHECKPOINT BATCH 44340,10.2615,,,
,CHECKPOINT BATCH 44345,12.2427,,,
,CHECKPOINT BATCH 44350,13.5744,,,
,CHECKPOINT BATCH 44355,7.4102,,,
11:08:01,44359,9.0813,17.9745,5000,0.0613
,CHECKPOINT BATCH 44360,13.3128,,,
,CHECKPOINT BATCH 44365,9.2075,,,
,CHECKPOINT BATCH 44370,10.9676,,,
,CHECKPOINT BATCH 44375,10.4602,,,
11:08:03,44377,15.3655,17.6085,5000,0.0612
,CHECKPOINT BATCH 44380,12.9501,,,
,CHECKPOINT BATCH 44385,12.8035,,,
,CHECKPOINT BATCH 44390,11.5172,,,
,CHECKPOINT BATCH 44395,10.3875,,,
11:08:05,44396,11.0991,15.1175,5000,0.0612
,CHECKPOINT BATCH 44400,11.1391,,,
,CHECKPOINT BATCH 44405,11.2381,,,
11:08:08,44408,14.2375,13.6930,5000,0.0612
,CHECKPOINT BATCH 44410,15.2417,,,
,CHECKPOINT BATCH 44415,11.1133,,,
,CHECKPOINT BATCH 44420,6.2764,,,
,CHECKPOINT BATCH 44425,7.1832,,,
11:08:10,44427,7.6533,12.5335,5000,0.0612
,CHECKPOINT BATCH 44430,7.6220,,,
,CHECKPOINT BATCH 44435,10.3002,,,
,CHECKPOINT BATCH 44440,8.0170,,,
,CHECKPOINT BATCH 44445,11.7500,,,
11:08:13,44446,17.1770,10.7780,5000,0.0612
,CHECKPOINT BATCH 44450,11.8697,,,
,CHECKPOINT BATCH 44455,11.7058,,,
,CHECKPOINT BATCH 44460,7.6982,,,
11:08:15,44465,15.1507,9.6990,5000,0.0611
,CHECKPOINT BATCH 44465,15.1507,,,
,CHECKPOINT BATCH 44470,15.3982,,,
,CHECKPOINT BATCH 44475,9.6947,,,
,CHECKPOINT BATCH 44480,10.9101,,,
11:08:17,44484,16.6383,11.5440,5000,0.0611
,CHECKPOINT BATCH 44485,10.6009,,,
,CHECKPOINT BATCH 44490,7.4270,,,
,CHECKPOINT BATCH 44495,9.8031,,,
,CHECKPOINT BATCH 44500,13.0090,,,
11:08:19,44503,10.5951,14.3020,5000,0.0611
,CHECKPOINT BATCH 44505,8.5305,,,
,CHECKPOINT BATCH 44510,14.8880,,,
,CHECKPOINT BATCH 44515,9.8041,,,
,CHECKPOINT BATCH 44520,9.1150,,,
11:08:21,44521,10.6159,15.6400,5000,0.0611
,CHECKPOINT BATCH 44525,13.1414,,,
,CHECKPOINT BATCH 44530,11.4691,,,
,CHECKPOINT BATCH 44535,14.5738,,,
11:08:25,44539,13.9558,16.8600,5000,0.0611
,CHECKPOINT BATCH 44540,8.9105,,,
,CHECKPOINT BATCH 44545,16.2834,,,
,CHECKPOINT BATCH 44550,11.7439,,,
,CHECKPOINT BATCH 44555,9.9378,,,
11:08:27,44558,8.8884,14.5595,5000,0.0610
,CHECKPOINT BATCH 44560,16.1638,,,
,CHECKPOINT BATCH 44565,11.1689,,,
,CHECKPOINT BATCH 44570,13.2259,,,
,CHECKPOINT BATCH 44575,6.6318,,,
11:08:29,44577,10.0946,16.4225,5000,0.0610
,CHECKPOINT BATCH 44580,10.6141,,,
,CHECKPOINT BATCH 44585,9.4484,,,
,CHECKPOINT BATCH 44590,7.1468,,,
,CHECKPOINT BATCH 44595,10.3091,,,
11:08:31,44596,10.9840,17.7725,5000,0.0610
,CHECKPOINT BATCH 44600,9.4893,,,
,CHECKPOINT BATCH 44605,9.8714,,,
,CHECKPOINT BATCH 44610,11.3385,,,
11:08:34,44615,11.5115,17.9060,5000,0.0610
,CHECKPOINT BATCH 44615,11.5115,,,
,CHECKPOINT BATCH 44620,6.3379,,,
,CHECKPOINT BATCH 44625,8.8372,,,
,CHECKPOINT BATCH 44630,7.5675,,,
11:08:36,44634,12.5552,16.6495,5000,0.0609
,CHECKPOINT BATCH 44635,12.2285,,,
,CHECKPOINT BATCH 44640,11.8337,,,
,CHECKPOINT BATCH 44645,8.7722,,,
,CHECKPOINT BATCH 44650,10.9084,,,
11:08:38,44653,17.8837,17.3730,5000,0.0609
,CHECKPOINT BATCH 44655,12.5118,,,
,CHECKPOINT BATCH 44660,9.2214,,,
,CHECKPOINT BATCH 44665,12.9249,,,
11:08:41,44666,16.3331,16.8650,5000,0.0609
,CHECKPOINT BATCH 44670,9.6730,,,
,CHECKPOINT BATCH 44675,8.7702,,,
,CHECKPOINT BATCH 44680,10.7419,,,
11:08:43,44684,13.0076,14.7995,5000,0.0609
,CHECKPOINT BATCH 44685,9.6208,,,
,CHECKPOINT BATCH 44690,12.3825,,,
,CHECKPOINT BATCH 44695,9.0096,,,
,CHECKPOINT BATCH 44700,10.3891,,,
11:08:46,44703,15.8675,15.2360,5000,0.0609
,CHECKPOINT BATCH 44705,13.6743,,,
,CHECKPOINT BATCH 44710,7.5081,,,
,CHECKPOINT BATCH 44715,10.8360,,,
,CHECKPOINT BATCH 44720,10.7769,,,
11:08:48,44722,10.3885,17.1000,5000,0.0609
,CHECKPOINT BATCH 44725,14.0738,,,
,CHECKPOINT BATCH 44730,10.3181,,,
,CHECKPOINT BATCH 44735,11.4646,,,
,CHECKPOINT BATCH 44740,9.9490,,,
11:08:50,44741,10.6976,17.6670,5000,0.0608
,CHECKPOINT BATCH 44745,8.1529,,,
,CHECKPOINT BATCH 44750,10.3425,,,
,CHECKPOINT BATCH 44755,11.7073,,,
11:08:52,44760,6.0214,15.4995,5000,0.0608
,CHECKPOINT BATCH 44760,6.0214,,,
,CHECKPOINT BATCH 44765,7.5210,,,
,CHECKPOINT BATCH 44770,13.8131,,,
,CHECKPOINT BATCH 44775,11.8804,,,
11:08:54,44779,9.8785,12.1165,5000,0.0608
,CHECKPOINT BATCH 44780,9.1655,,,
,CHECKPOINT BATCH 44785,8.0823,,,
,CHECKPOINT BATCH 44790,13.5355,,,
,CHECKPOINT BATCH 44795,9.0448,,,
11:08:56,44798,12.3186,9.7610,5000,0.0608
,CHECKPOINT BATCH 44800,10.5062,,,
,CHECKPOINT BATCH 44805,10.6989,,,
,CHECKPOINT BATCH 44810,9.5875,,,
,CHECKPOINT BATCH 44815,11.0364,,,
11:08:58,44817,9.0583,6.9640,5000,0.0607
,CHECKPOINT BATCH 44820,6.5477,,,
,CHECKPOINT BATCH 44825,11.9990,,,
,CHECKPOINT BATCH 44830,10.0657,,,
,CHECKPOINT BATCH 44835,6.8313,,,
11:09:00,44836,9.6468,5.5850,5000,0.0607
,CHECKPOINT BATCH 44840,8.7767,,,
11:09:03,44841,9.4216,5.2855,5000,0.0607
,CHECKPOINT BATCH 44845,9.7343,,,
,CHECKPOINT BATCH 44850,16.5844,,,
,CHECKPOINT BATCH 44855,8.5173,,,
11:09:05,44860,12.6034,7.9075,5000,0.0607
,CHECKPOINT BATCH 44860,12.6034,,,
,CHECKPOINT BATCH 44865,8.9575,,,
,CHECKPOINT BATCH 44870,9.2238,,,
,CHECKPOINT BATCH 44875,10.1385,,,
11:09:07,44879,7.8413,12.0135,5000,0.0607
,CHECKPOINT BATCH 44880,13.5861,,,
,CHECKPOINT BATCH 44885,9.9065,,,
,CHECKPOINT BATCH 44890,9.7697,,,
,CHECKPOINT BATCH 44895,9.3519,,,
11:09:09,44898,10.4599,14.4335,5000,0.0607
,CHECKPOINT BATCH 44900,10.8639,,,
,CHECKPOINT BATCH 44905,10.4953,,,
,CHECKPOINT BATCH 44910,6.6121,,,
,CHECKPOINT BATCH 44915,8.3227,,,
11:09:11,44917,10.0699,16.3115,5000,0.0606
,CHECKPOINT BATCH 44920,12.8148,,,
,CHECKPOINT BATCH 44925,8.6932,,,
,CHECKPOINT BATCH 44930,10.6082,,,
,CHECKPOINT BATCH 44935,12.0770,,,
11:09:13,44936,16.3316,17.2630,5000,0.0606
,CHECKPOINT BATCH 44940,12.3955,,,
,CHECKPOINT BATCH 44945,9.0209,,,
,CHECKPOINT BATCH 44950,10.0649,,,
11:09:18,44952,11.8437,19.3250,5000,0.0606
,CHECKPOINT BATCH 44955,9.8552,,,
,CHECKPOINT BATCH 44960,10.8504,,,
,CHECKPOINT BATCH 44965,11.4034,,,
,CHECKPOINT BATCH 44970,13.1596,,,
11:09:20,44971,10.4833,18.6445,5000,0.0606
,CHECKPOINT BATCH 44975,7.8198,,,
,CHECKPOINT BATCH 44980,8.6790,,,
,CHECKPOINT BATCH 44985,11.3663,,,
11:09:22,44990,10.9301,19.2870,5000,0.0606
,CHECKPOINT BATCH 44990,10.9301,,,
,CHECKPOINT BATCH 44995,10.0713,,,
,CHECKPOINT BATCH 45000,10.5811,,,
,CHECKPOINT BATCH 45005,9.7650,,,
11:09:26,45008,15.0231,19.8765,5000,0.0605
,CHECKPOINT BATCH 45010,7.3780,,,
,CHECKPOINT BATCH 45015,11.6747,,,
,CHECKPOINT BATCH 45020,10.6085,,,
,CHECKPOINT BATCH 45025,11.3680,,,
11:09:28,45027,9.6078,21.4145,5000,0.0605
,CHECKPOINT BATCH 45030,11.8742,,,
,CHECKPOINT BATCH 45035,9.4912,,,
,CHECKPOINT BATCH 45040,12.1667,,,
,CHECKPOINT BATCH 45045,11.7093,,,
11:09:30,45046,12.6721,23.5485,5000,0.0605
,CHECKPOINT BATCH 45050,10.6019,,,
,CHECKPOINT BATCH 45055,9.7432,,,
,CHECKPOINT BATCH 45060,12.9093,,,
11:09:32,45065,10.3927,22.4135,5000,0.0605
,CHECKPOINT BATCH 45065,10.3927,,,
,CHECKPOINT BATCH 45070,15.1115,,,
,CHECKPOINT BATCH 45075,12.6747,,,
,CHECKPOINT BATCH 45080,9.5500,,,
11:09:34,45084,13.4894,20.1260,5000,0.0605
,CHECKPOINT BATCH 45085,10.9509,,,
,CHECKPOINT BATCH 45090,11.5575,,,
,CHECKPOINT BATCH 45095,8.5946,,,
,CHECKPOINT BATCH 45100,22.6706,,,
11:09:36,45103,9.2365,18.4505,5000,0.0604
,CHECKPOINT BATCH 45105,9.0273,,,
,CHECKPOINT BATCH 45110,10.5429,,,
,CHECKPOINT BATCH 45115,8.3207,,,
11:09:40,45116,9.3260,17.2235,5000,0.0604
,CHECKPOINT BATCH 45120,10.6922,,,
,CHECKPOINT BATCH 45125,8.5382,,,
,CHECKPOINT BATCH 45130,13.6863,,,
11:09:42,45135,11.2369,15.7915,5000,0.0604
,CHECKPOINT BATCH 45135,11.2369,,,
,CHECKPOINT BATCH 45140,13.5316,,,
,CHECKPOINT BATCH 45145,8.3776,,,
,CHECKPOINT BATCH 45150,11.7179,,,
11:09:44,45154,9.3398,15.8315,5000,0.0604
,CHECKPOINT BATCH 45155,12.4126,,,
,CHECKPOINT BATCH 45160,8.6912,,,
,CHECKPOINT BATCH 45165,13.9314,,,
,CHECKPOINT BATCH 45170,10.1439,,,
11:09:47,45173,10.2603,16.4210,5000,0.0604
,CHECKPOINT BATCH 45175,9.7270,,,
,CHECKPOINT BATCH 45180,10.0156,,,
,CHECKPOINT BATCH 45185,9.5478,,,
,CHECKPOINT BATCH 45190,13.9083,,,
11:09:49,45192,7.7093,16.7520,5000,0.0604
,CHECKPOINT BATCH 45195,7.0470,,,
11:09:52,45198,9.5485,16.1430,5000,0.0603
,CHECKPOINT BATCH 45200,10.6496,,,
,CHECKPOINT BATCH 45205,7.6222,,,
,CHECKPOINT BATCH 45210,7.4543,,,
,CHECKPOINT BATCH 45215,8.3221,,,
11:09:54,45217,12.5522,16.7750,5000,0.0603
,CHECKPOINT BATCH 45220,8.6613,,,
,CHECKPOINT BATCH 45225,9.4651,,,
,CHECKPOINT BATCH 45230,9.6661,,,
,CHECKPOINT BATCH 45235,10.0197,,,
11:09:56,45236,10.3729,17.6960,5000,0.0603
,CHECKPOINT BATCH 45240,8.3800,,,
,CHECKPOINT BATCH 45245,14.8036,,,
,CHECKPOINT BATCH 45250,18.3592,,,
11:09:58,45255,7.9767,16.6220,5000,0.0603
,CHECKPOINT BATCH 45255,7.9767,,,
,CHECKPOINT BATCH 45260,10.3073,,,
,CHECKPOINT BATCH 45265,10.4123,,,
,CHECKPOINT BATCH 45270,13.6012,,,
11:10:00,45274,9.7876,16.6265,5000,0.0603
,CHECKPOINT BATCH 45275,11.6288,,,
,CHECKPOINT BATCH 45280,8.7560,,,
,CHECKPOINT BATCH 45285,10.9259,,,
,CHECKPOINT BATCH 45290,7.4239,,,
11:10:02,45293,9.2500,16.3005,5000,0.0602
,CHECKPOINT BATCH 45295,14.3166,,,
,CHECKPOINT BATCH 45300,12.9548,,,
,CHECKPOINT BATCH 45305,11.6512,,,
,CHECKPOINT BATCH 45310,8.4783,,,
11:10:04,45312,8.1719,16.6060,5000,0.0602
,CHECKPOINT BATCH 45315,8.0070,,,
,CHECKPOINT BATCH 45320,12.1075,,,
11:10:08,45322,8.9653,16.6905,5000,0.0602
,CHECKPOINT BATCH 45325,9.1989,,,
,CHECKPOINT BATCH 45330,13.2206,,,
,CHECKPOINT BATCH 45335,9.4351,,,
,CHECKPOINT BATCH 45340,9.1104,,,
11:10:10,45341,6.6228,17.0355,5000,0.0602
,CHECKPOINT BATCH 45345,9.8189,,,
,CHECKPOINT BATCH 45350,9.2512,,,
,CHECKPOINT BATCH 45355,7.6267,,,
11:10:12,45360,10.7086,17.4680,5000,0.0602
,CHECKPOINT BATCH 45360,10.7086,,,
,CHECKPOINT BATCH 45365,13.7466,,,
,CHECKPOINT BATCH 45370,9.2678,,,
,CHECKPOINT BATCH 45375,12.6690,,,
11:10:14,45379,11.8257,17.7690,5000,0.0602
,CHECKPOINT BATCH 45380,9.9715,,,
,CHECKPOINT BATCH 45385,9.8247,,,
11:10:17,45387,11.8409,17.1410,5000,0.0602
,CHECKPOINT BATCH 45390,9.3673,,,
,CHECKPOINT BATCH 45395,11.4673,,,
,CHECKPOINT BATCH 45400,11.6475,,,
,CHECKPOINT BATCH 45405,7.1114,,,
11:10:19,45406,9.9363,17.7235,5000,0.0601
,CHECKPOINT BATCH 45410,9.0702,,,
,CHECKPOINT BATCH 45415,12.6975,,,
,CHECKPOINT BATCH 45420,6.2398,,,
11:10:21,45425,8.9793,18.8735,5000,0.0601
,CHECKPOINT BATCH 45425,8.9793,,,
,CHECKPOINT BATCH 45430,10.6315,,,
11:10:24,45434,11.8709,18.3875,5000,0.0601
,CHECKPOINT BATCH 45435,10.7702,,,
,CHECKPOINT BATCH 45440,12.8545,,,
,CHECKPOINT BATCH 45445,8.3880,,,
,CHECKPOINT BATCH 45450,9.6064,,,
11:10:27,45453,10.8408,18.8290,5000,0.0601
,CHECKPOINT BATCH 45455,6.9685,,,
,CHECKPOINT BATCH 45460,10.8644,,,
,CHECKPOINT BATCH 45465,12.9612,,,
,CHECKPOINT BATCH 45470,11.8993,,,
11:10:29,45472,12.6058,19.4635,5000,0.0601
,CHECKPOINT BATCH 45475,12.5582,,,
,CHECKPOINT BATCH 45480,8.5556,,,
,CHECKPOINT BATCH 45485,7.0310,,,
,CHECKPOINT BATCH 45490,8.4755,,,
11:10:31,45491,9.0384,21.7645,5000,0.0600
,CHECKPOINT BATCH 45495,13.0084,,,
,CHECKPOINT BATCH 45500,15.7348,,,
,CHECKPOINT BATCH 45505,15.0680,,,
11:10:33,45510,14.1011,20.5475,5000,0.0600
,CHECKPOINT BATCH 45510,14.1011,,,
,CHECKPOINT BATCH 45515,13.6414,,,
,CHECKPOINT BATCH 45520,7.3480,,,
,CHECKPOINT BATCH 45525,5.9714,,,
11:10:35,45529,10.6651,18.4470,5000,0.0600
,CHECKPOINT BATCH 45530,9.8971,,,
,CHECKPOINT BATCH 45535,10.1824,,,
,CHECKPOINT BATCH 45540,12.2057,,,
11:10:39,45542,10.8108,17.6430,5000,0.0600
,CHECKPOINT BATCH 45545,12.7660,,,
,CHECKPOINT BATCH 45550,11.2989,,,
,CHECKPOINT BATCH 45555,11.8778,,,
,CHECKPOINT BATCH 45560,6.8990,,,
11:10:41,45561,12.4504,13.5110,5000,0.0600
,CHECKPOINT BATCH 45565,9.4774,,,
,CHECKPOINT BATCH 45570,11.4376,,,
,CHECKPOINT BATCH 45575,9.0724,,,
11:10:43,45579,11.3499,15.1645,5000,0.0600
,CHECKPOINT BATCH 45580,18.2281,,,
,CHECKPOINT BATCH 45585,12.5566,,,
,CHECKPOINT BATCH 45590,8.2618,,,
,CHECKPOINT BATCH 45595,10.1611,,,
11:10:45,45598,10.2201,15.7870,5000,0.0599
,CHECKPOINT BATCH 45600,9.0361,,,
,CHECKPOINT BATCH 45605,10.7077,,,
,CHECKPOINT BATCH 45610,14.9136,,,
,CHECKPOINT BATCH 45615,10.4694,,,
11:10:47,45617,13.4055,17.3375,5000,0.0599
,CHECKPOINT BATCH 45620,13.2197,,,
,CHECKPOINT BATCH 45625,9.5233,,,
,CHECKPOINT BATCH 45630,14.1601,,,
11:10:51,45632,9.3766,17.6180,5000,0.0599
,CHECKPOINT BATCH 45635,12.8090,,,
,CHECKPOINT BATCH 45640,10.5252,,,
,CHECKPOINT BATCH 45645,17.6305,,,
,CHECKPOINT BATCH 45650,9.6009,,,
11:10:53,45651,12.1269,15.9935,5000,0.0599
,CHECKPOINT BATCH 45655,9.1048,,,
,CHECKPOINT BATCH 45660,13.0817,,,
,CHECKPOINT BATCH 45665,12.6978,,,
11:10:55,45670,12.4787,17.9710,5000,0.0599
,CHECKPOINT BATCH 45670,12.4787,,,
,CHECKPOINT BATCH 45675,9.8492,,,
,CHECKPOINT BATCH 45680,8.4439,,,
,CHECKPOINT BATCH 45685,8.3347,,,
11:10:57,45689,13.3268,17.2070,5000,0.0599
,CHECKPOINT BATCH 45690,7.1669,,,
,CHECKPOINT BATCH 45695,15.9462,,,
,CHECKPOINT BATCH 45700,10.5187,,,
,CHECKPOINT BATCH 45705,10.4237,,,
11:10:59,45708,8.3348,15.8035,5000,0.0598
,CHECKPOINT BATCH 45710,9.9534,,,
,CHECKPOINT BATCH 45715,11.6007,,,
,CHECKPOINT BATCH 45720,12.4601,,,
,CHECKPOINT BATCH 45725,8.6115,,,
11:11:01,45727,9.2820,14.7150,5000,0.0598
,CHECKPOINT BATCH 45730,12.0766,,,
,CHECKPOINT BATCH 45735,11.2405,,,
,CHECKPOINT BATCH 45740,8.3546,,,
,CHECKPOINT BATCH 45745,7.3358,,,
11:11:03,45746,9.5050,16.7320,5000,0.0598
,CHECKPOINT BATCH 45750,5.7911,,,
,CHECKPOINT BATCH 45755,11.7541,,,
,CHECKPOINT BATCH 45760,8.8243,,,
11:11:08,45764,9.3629,15.8115,5000,0.0598
,CHECKPOINT BATCH 45765,11.2772,,,
,CHECKPOINT BATCH 45770,8.1109,,,
,CHECKPOINT BATCH 45775,12.5625,,,
,CHECKPOINT BATCH 45780,8.4601,,,
11:11:10,45783,10.6674,14.8880,5000,0.0598
,CHECKPOINT BATCH 45785,8.2609,,,
,CHECKPOINT BATCH 45790,7.5079,,,
,CHECKPOINT BATCH 45795,6.7473,,,
,CHECKPOINT BATCH 45800,7.5711,,,
11:11:12,45802,7.5323,15.9685,5000,0.0597
,CHECKPOINT BATCH 45805,9.8027,,,
,CHECKPOINT BATCH 45810,10.6847,,,
,CHECKPOINT BATCH 45815,10.3943,,,
,CHECKPOINT BATCH 45820,7.1344,,,
11:11:14,45821,9.2411,17.3470,5000,0.0597
,CHECKPOINT BATCH 45825,10.8688,,,
,CHECKPOINT BATCH 45830,7.9669,,,
,CHECKPOINT BATCH 45835,7.8741,,,
11:11:16,45840,6.5756,18.8970,5000,0.0597
,CHECKPOINT BATCH 45840,6.5756,,,
,CHECKPOINT BATCH 45845,8.8032,,,
,CHECKPOINT BATCH 45850,9.6339,,,
,CHECKPOINT BATCH 45855,7.5624,,,
11:11:20,45858,14.8208,20.9550,5000,0.0597
,CHECKPOINT BATCH 45860,9.1239,,,
,CHECKPOINT BATCH 45865,8.0137,,,
,CHECKPOINT BATCH 45870,6.9803,,,
,CHECKPOINT BATCH 45875,7.4938,,,
11:11:22,45877,7.3857,21.4110,5000,0.0597
,CHECKPOINT BATCH 45880,7.9579,,,
,CHECKPOINT BATCH 45885,8.6284,,,
,CHECKPOINT BATCH 45890,11.3096,,,
,CHECKPOINT BATCH 45895,9.9008,,,
11:11:24,45896,7.0016,21.5520,5000,0.0596
,CHECKPOINT BATCH 45900,7.0466,,,
,CHECKPOINT BATCH 45905,7.1402,,,
,CHECKPOINT BATCH 45910,11.4394,,,
11:11:27,45915,9.6748,20.1855,5000,0.0596
,CHECKPOINT BATCH 45915,9.6748,,,
,CHECKPOINT BATCH 45920,7.3132,,,
,CHECKPOINT BATCH 45925,8.7600,,,
,CHECKPOINT BATCH 45930,12.5992,,,
11:11:29,45934,8.7390,19.4605,5000,0.0596
,CHECKPOINT BATCH 45935,15.9760,,,
,CHECKPOINT BATCH 45940,9.3843,,,
,CHECKPOINT BATCH 45945,7.2870,,,
,CHECKPOINT BATCH 45950,6.6728,,,
11:11:31,45953,7.2593,19.4515,5000,0.0596
,CHECKPOINT BATCH 45955,7.9545,,,
,CHECKPOINT BATCH 45960,8.9031,,,
11:11:34,45961,6.8553,19.6105,5000,0.0596
,CHECKPOINT BATCH 45965,11.0188,,,
,CHECKPOINT BATCH 45970,9.4065,,,
,CHECKPOINT BATCH 45975,10.8578,,,
11:11:36,45980,7.1416,19.6090,5000,0.0596
,CHECKPOINT BATCH 45980,7.1416,,,
,CHECKPOINT BATCH 45985,5.0422,,,
,CHECKPOINT BATCH 45990,10.1634,,,
,CHECKPOINT BATCH 45995,7.3378,,,
11:11:38,45999,9.3130,20.8120,5000,0.0596
,CHECKPOINT BATCH 46000,10.0720,,,
,CHECKPOINT BATCH 46005,8.1994,,,
,CHECKPOINT BATCH 46010,12.3143,,,
,CHECKPOINT BATCH 46015,10.1738,,,
11:11:40,46018,9.3734,20.1655,5000,0.0595
,CHECKPOINT BATCH 46020,11.9249,,,
,CHECKPOINT BATCH 46025,8.2906,,,
,CHECKPOINT BATCH 46030,11.6835,,,
,CHECKPOINT BATCH 46035,9.6430,,,
11:11:42,46037,8.7633,17.0870,5000,0.0595
,CHECKPOINT BATCH 46040,12.7049,,,
,CHECKPOINT BATCH 46045,10.2173,,,
,CHECKPOINT BATCH 46050,6.8950,,,
,CHECKPOINT BATCH 46055,7.3383,,,
11:11:44,46056,12.7906,13.6185,5000,0.0595
,CHECKPOINT BATCH 46060,6.6774,,,
,CHECKPOINT BATCH 46065,7.0103,,,
,CHECKPOINT BATCH 46070,7.7798,,,
11:11:46,46075,8.1483,8.5775,5000,0.0595
,CHECKPOINT BATCH 46075,8.1483,,,
,CHECKPOINT BATCH 46080,10.9486,,,
,CHECKPOINT BATCH 46085,11.8996,,,
,CHECKPOINT BATCH 46090,9.1266,,,
11:11:48,46094,11.2765,4.7995,5000,0.0595
,CHECKPOINT BATCH 46095,9.6837,,,
,CHECKPOINT BATCH 46100,8.7330,,,
,CHECKPOINT BATCH 46105,11.3871,,,
,CHECKPOINT BATCH 46110,7.2607,,,
11:11:51,46113,10.7642,4.5100,5000,0.0594
,CHECKPOINT BATCH 46115,7.8387,,,
,CHECKPOINT BATCH 46120,9.7551,,,
,CHECKPOINT BATCH 46125,9.1645,,,
,CHECKPOINT BATCH 46130,7.1145,,,
11:11:53,46132,6.5444,7.9775,5000,0.0594
11:11:55,46133,8.9777,7.9780,5000,0.0594
,CHECKPOINT BATCH 46135,7.3685,,,
,CHECKPOINT BATCH 46140,7.3231,,,
,CHECKPOINT BATCH 46145,9.4236,,,
,CHECKPOINT BATCH 46150,10.7356,,,
11:11:57,46152,9.7784,9.3015,5000,0.0594
,CHECKPOINT BATCH 46155,9.0834,,,
,CHECKPOINT BATCH 46160,6.6108,,,
,CHECKPOINT BATCH 46165,11.9480,,,
,CHECKPOINT BATCH 46170,8.3399,,,
11:11:59,46171,7.8722,14.3130,5000,0.0594
,CHECKPOINT BATCH 46175,9.1597,,,
,CHECKPOINT BATCH 46180,8.9974,,,
,CHECKPOINT BATCH 46185,13.5218,,,
11:12:01,46190,9.7320,17.9655,5000,0.0594
,CHECKPOINT BATCH 46190,9.7320,,,
,CHECKPOINT BATCH 46195,13.0070,,,
,CHECKPOINT BATCH 46200,13.5576,,,
,CHECKPOINT BATCH 46205,7.6734,,,
11:12:03,46209,8.1476,18.5765,5000,0.0594
,CHECKPOINT BATCH 46210,7.5838,,,
,CHECKPOINT BATCH 46215,11.8834,,,
,CHECKPOINT BATCH 46220,10.2542,,,
,CHECKPOINT BATCH 46225,7.7078,,,
11:12:05,46228,10.8177,18.9205,5000,0.0593
,CHECKPOINT BATCH 46230,14.1821,,,
,CHECKPOINT BATCH 46235,10.1181,,,
11:12:09,46238,12.7113,19.9940,5000,0.0593
,CHECKPOINT BATCH 46240,8.5019,,,
,CHECKPOINT BATCH 46245,9.9912,,,
,CHECKPOINT BATCH 46250,11.8144,,,
,CHECKPOINT BATCH 46255,9.5679,,,
11:12:11,46257,10.6841,18.1360,5000,0.0593
,CHECKPOINT BATCH 46260,9.7504,,,
,CHECKPOINT BATCH 46265,10.8798,,,
,CHECKPOINT BATCH 46270,10.0879,,,
,CHECKPOINT BATCH 46275,8.9115,,,
11:12:13,46276,15.4085,18.4390,5000,0.0593
,CHECKPOINT BATCH 46280,7.9169,,,
,CHECKPOINT BATCH 46285,10.1927,,,
,CHECKPOINT BATCH 46290,10.0839,,,
11:12:17,46292,10.3818,18.8610,5000,0.0593
,CHECKPOINT BATCH 46295,11.1892,,,
,CHECKPOINT BATCH 46300,20.8404,,,
,CHECKPOINT BATCH 46305,8.2800,,,
,CHECKPOINT BATCH 46310,13.0926,,,
11:12:19,46311,9.1824,19.9555,5000,0.0593
,CHECKPOINT BATCH 46315,7.6539,,,
,CHECKPOINT BATCH 46320,8.4650,,,
,CHECKPOINT BATCH 46325,11.0195,,,
11:12:21,46330,10.4397,20.3305,5000,0.0592
,CHECKPOINT BATCH 46330,10.4397,,,
,CHECKPOINT BATCH 46335,7.4925,,,
,CHECKPOINT BATCH 46340,13.2573,,,
,CHECKPOINT BATCH 46345,7.9304,,,
11:12:23,46349,7.6206,20.8935,5000,0.0592
,CHECKPOINT BATCH 46350,10.7950,,,
,CHECKPOINT BATCH 46355,11.1785,,,
,CHECKPOINT BATCH 46360,11.0285,,,
,CHECKPOINT BATCH 46365,7.3937,,,
11:12:25,46368,7.4361,19.6695,5000,0.0592
,CHECKPOINT BATCH 46370,11.1690,,,
,CHECKPOINT BATCH 46375,4.8454,,,
,CHECKPOINT BATCH 46380,10.4675,,,
,CHECKPOINT BATCH 46385,8.1724,,,
11:12:28,46387,10.8530,17.0875,5000,0.0592
,CHECKPOINT BATCH 46390,8.5823,,,
,CHECKPOINT BATCH 46395,14.4410,,,
,CHECKPOINT BATCH 46400,8.4603,,,
11:12:32,46404,11.7913,16.7175,5000,0.0592
,CHECKPOINT BATCH 46405,10.1885,,,
,CHECKPOINT BATCH 46410,9.1371,,,
,CHECKPOINT BATCH 46415,10.3070,,,
,CHECKPOINT BATCH 46420,7.3862,,,
11:12:34,46423,9.9953,16.5020,5000,0.0592
,CHECKPOINT BATCH 46425,8.6999,,,
,CHECKPOINT BATCH 46430,10.0101,,,
,CHECKPOINT BATCH 46435,9.0245,,,
,CHECKPOINT BATCH 46440,7.7715,,,
11:12:36,46442,8.9570,18.6755,5000,0.0591
,CHECKPOINT BATCH 46445,8.3910,,,
,CHECKPOINT BATCH 46450,10.5066,,,
,CHECKPOINT BATCH 46455,11.6035,,,
11:12:40,46458,14.6828,19.7390,5000,0.0591
,CHECKPOINT BATCH 46460,12.1601,,,
,CHECKPOINT BATCH 46465,7.8703,,,
,CHECKPOINT BATCH 46470,8.4455,,,
,CHECKPOINT BATCH 46475,9.0339,,,
11:12:42,46477,12.2731,20.2115,5000,0.0591
,CHECKPOINT BATCH 46480,5.9630,,,
,CHECKPOINT BATCH 46485,9.4016,,,
,CHECKPOINT BATCH 46490,9.8565,,,
,CHECKPOINT BATCH 46495,10.6140,,,
11:12:44,46496,7.9825,21.7420,5000,0.0591
,CHECKPOINT BATCH 46500,7.7705,,,
,CHECKPOINT BATCH 46505,14.5164,,,
,CHECKPOINT BATCH 46510,8.5926,,,
11:12:46,46515,9.6466,21.5400,5000,0.0591
,CHECKPOINT BATCH 46515,9.6466,,,
,CHECKPOINT BATCH 46520,11.7197,,,
,CHECKPOINT BATCH 46525,11.5449,,,
,CHECKPOINT BATCH 46530,12.0190,,,
11:12:48,46534,9.8753,19.7250,5000,0.0591
,CHECKPOINT BATCH 46535,7.0658,,,
11:12:51,46539,12.7340,18.8035,5000,0.0590
,CHECKPOINT BATCH 46540,8.2184,,,
,CHECKPOINT BATCH 46545,5.4171,,,
,CHECKPOINT BATCH 46550,8.5966,,,
,CHECKPOINT BATCH 46555,7.6753,,,
11:12:53,46558,7.9531,18.0350,5000,0.0590
,CHECKPOINT BATCH 46560,13.7477,,,
,CHECKPOINT BATCH 46565,11.1497,,,
,CHECKPOINT BATCH 46570,8.9407,,,
,CHECKPOINT BATCH 46575,10.2016,,,
11:12:55,46577,8.7707,18.9650,5000,0.0590
,CHECKPOINT BATCH 46580,6.4572,,,
,CHECKPOINT BATCH 46585,8.4745,,,
,CHECKPOINT BATCH 46590,8.2576,,,
,CHECKPOINT BATCH 46595,4.7740,,,
11:12:57,46596,8.1227,18.3740,5000,0.0590
,CHECKPOINT BATCH 46600,11.0033,,,
,CHECKPOINT BATCH 46605,18.1002,,,
,CHECKPOINT BATCH 46610,13.6423,,,
11:13:00,46615,8.7511,17.0115,5000,0.0590
,CHECKPOINT BATCH 46615,8.7511,,,
11:13:02,46619,8.6309,16.6930,5000,0.0590
,CHECKPOINT BATCH 46620,11.9883,,,
,CHECKPOINT BATCH 46625,8.5244,,,
,CHECKPOINT BATCH 46630,11.5845,,,
,CHECKPOINT BATCH 46635,6.4131,,,
11:13:04,46638,10.2076,15.9130,5000,0.0590
,CHECKPOINT BATCH 46640,6.3076,,,
,CHECKPOINT BATCH 46645,10.9062,,,
,CHECKPOINT BATCH 46650,6.8703,,,
,CHECKPOINT BATCH 46655,8.0337,,,
11:13:06,46657,8.1234,17.8675,5000,0.0589
,CHECKPOINT BATCH 46660,11.2197,,,
,CHECKPOINT BATCH 46665,9.8219,,,
,CHECKPOINT BATCH 46670,11.5681,,,
,CHECKPOINT BATCH 46675,10.0241,,,
11:13:09,46676,7.6054,17.6615,5000,0.0589
,CHECKPOINT BATCH 46680,9.4780,,,
,CHECKPOINT BATCH 46685,11.7948,,,
,CHECKPOINT BATCH 46690,10.2189,,,
11:13:11,46695,10.2893,16.2215,5000,0.0589
,CHECKPOINT BATCH 46695,10.2893,,,
,CHECKPOINT BATCH 46700,11.3929,,,
,CHECKPOINT BATCH 46705,8.2906,,,
,CHECKPOINT BATCH 46710,9.8315,,,
11:13:13,46714,9.6980,15.4340,5000,0.0589
,CHECKPOINT BATCH 46715,7.8412,,,
,CHECKPOINT BATCH 46720,9.7087,,,
,CHECKPOINT BATCH 46725,11.7824,,,
,CHECKPOINT BATCH 46730,8.5077,,,
11:13:15,46733,12.9076,17.4565,5000,0.0589
,CHECKPOINT BATCH 46735,15.3261,,,
,CHECKPOINT BATCH 46740,8.0034,,,
11:13:18,46742,8.1587,17.8705,5000,0.0589
,CHECKPOINT BATCH 46745,9.8374,,,
,CHECKPOINT BATCH 46750,9.9455,,,
,CHECKPOINT BATCH 46755,9.5434,,,
,CHECKPOINT BATCH 46760,10.1971,,,
11:13:20,46761,12.5396,16.6755,5000,0.0588
,CHECKPOINT BATCH 46765,8.7589,,,
,CHECKPOINT BATCH 46770,9.5883,,,
,CHECKPOINT BATCH 46775,7.7110,,,
11:13:25,46780,9.3572,16.8400,5000,0.0588
,CHECKPOINT BATCH 46780,9.3572,,,
,CHECKPOINT BATCH 46785,14.9821,,,
,CHECKPOINT BATCH 46790,9.8874,,,
,CHECKPOINT BATCH 46795,8.8950,,,
11:13:27,46799,11.7742,17.6215,5000,0.0588
,CHECKPOINT BATCH 46800,8.2483,,,
,CHECKPOINT BATCH 46805,7.9614,,,
,CHECKPOINT BATCH 46810,9.7122,,,
,CHECKPOINT BATCH 46815,16.1143,,,
11:13:29,46818,6.7760,19.7690,5000,0.0588
,CHECKPOINT BATCH 46820,7.9754,,,
11:13:32,46825,12.0104,19.6125,5000,0.0588
,CHECKPOINT BATCH 46825,12.0104,,,
,CHECKPOINT BATCH 46830,12.5533,,,
,CHECKPOINT BATCH 46835,9.7940,,,
,CHECKPOINT BATCH 46840,9.8412,,,
11:13:34,46844,9.9088,17.8350,5000,0.0588
,CHECKPOINT BATCH 46845,8.3853,,,
,CHECKPOINT BATCH 46850,8.4954,,,
,CHECKPOINT BATCH 46855,9.2886,,,
,CHECKPOINT BATCH 46860,6.9102,,,
11:13:36,46863,11.1054,17.9515,5000,0.0588
,CHECKPOINT BATCH 46865,8.4544,,,
11:13:39,46868,8.7510,17.1840,5000,0.0588
,CHECKPOINT BATCH 46870,6.7164,,,
,CHECKPOINT BATCH 46875,7.8218,,,
,CHECKPOINT BATCH 46880,9.6910,,,
,CHECKPOINT BATCH 46885,8.5123,,,
11:13:41,46887,5.8671,15.7985,5000,0.0587
,CHECKPOINT BATCH 46890,12.2575,,,
,CHECKPOINT BATCH 46895,9.3193,,,
,CHECKPOINT BATCH 46900,8.5613,,,
,CHECKPOINT BATCH 46905,8.5410,,,
11:13:43,46906,7.7514,17.0710,5000,0.0587
,CHECKPOINT BATCH 46910,9.6417,,,
,CHECKPOINT BATCH 46915,5.1907,,,
,CHECKPOINT BATCH 46920,8.5457,,,
11:13:45,46925,9.5909,17.3770,5000,0.0587
,CHECKPOINT BATCH 46925,9.5909,,,
,CHECKPOINT BATCH 46930,8.4481,,,
,CHECKPOINT BATCH 46935,11.1894,,,
,CHECKPOINT BATCH 46940,8.0184,,,
11:13:47,46944,12.7001,17.5080,5000,0.0587
,CHECKPOINT BATCH 46945,6.3839,,,
,CHECKPOINT BATCH 46950,5.9181,,,
,CHECKPOINT BATCH 46955,10.8308,,,
,CHECKPOINT BATCH 46960,7.5317,,,
11:13:49,46963,11.5313,15.7555,5000,0.0587
,CHECKPOINT BATCH 46965,9.2726,,,
,CHECKPOINT BATCH 46970,9.0968,,,
11:13:53,46972,8.8426,15.9145,5000,0.0587
,CHECKPOINT BATCH 46975,8.0639,,,
,CHECKPOINT BATCH 46980,8.6554,,,
,CHECKPOINT BATCH 46985,7.4715,,,
,CHECKPOINT BATCH 46990,11.9277,,,
11:13:55,46991,9.6686,16.5270,5000,0.0586
,CHECKPOINT BATCH 46995,12.8057,,,
,CHECKPOINT BATCH 47000,7.6591,,,
,CHECKPOINT BATCH 47005,10.9172,,,
11:13:57,47010,5.9560,14.9590,5000,0.0586
,CHECKPOINT BATCH 47010,5.9560,,,
,CHECKPOINT BATCH 47015,10.2454,,,
,CHECKPOINT BATCH 47020,7.8980,,,
,CHECKPOINT BATCH 47025,7.8535,,,
11:13:59,47029,9.0937,15.0000,5000,0.0586
,CHECKPOINT BATCH 47030,6.8313,,,
,CHECKPOINT BATCH 47035,7.2120,,,
,CHECKPOINT BATCH 47040,9.3663,,,
,CHECKPOINT BATCH 47045,16.6690,,,
11:14:01,47048,7.9441,14.9620,5000,0.0586
,CHECKPOINT BATCH 47050,10.4057,,,
,CHECKPOINT BATCH 47055,8.3320,,,
,CHECKPOINT BATCH 47060,8.7097,,,
,CHECKPOINT BATCH 47065,8.9663,,,
11:14:03,47067,10.6250,14.3235,5000,0.0586
11:14:06,47068,9.4213,14.3255,5000,0.0586
,CHECKPOINT BATCH 47070,7.4399,,,
,CHECKPOINT BATCH 47075,11.8058,,,
,CHECKPOINT BATCH 47080,8.1858,,,
,CHECKPOINT BATCH 47085,8.4178,,,
11:14:08,47087,7.2953,13.3915,5000,0.0586
,CHECKPOINT BATCH 47090,12.8554,,,
,CHECKPOINT BATCH 47095,8.6410,,,
,CHECKPOINT BATCH 47100,11.0818,,,
,CHECKPOINT BATCH 47105,9.7967,,,
11:14:10,47106,8.3571,14.0325,5000,0.0585
,CHECKPOINT BATCH 47110,8.3471,,,
,CHECKPOINT BATCH 47115,12.3678,,,
,CHECKPOINT BATCH 47120,7.5346,,,
11:14:12,47125,8.6104,13.5425,5000,0.0585
,CHECKPOINT BATCH 47125,8.6104,,,
,CHECKPOINT BATCH 47130,8.1810,,,
,CHECKPOINT BATCH 47135,9.5484,,,
,CHECKPOINT BATCH 47140,6.3166,,,
11:14:14,47144,11.8958,12.7740,5000,0.0585
,CHECKPOINT BATCH 47145,8.2374,,,
,CHECKPOINT BATCH 47150,7.1127,,,
,CHECKPOINT BATCH 47155,8.1641,,,
,CHECKPOINT BATCH 47160,7.3692,,,
11:14:16,47163,6.7689,10.9495,5000,0.0585
,CHECKPOINT BATCH 47165,10.4866,,,
,CHECKPOINT BATCH 47170,7.0098,,,
,CHECKPOINT BATCH 47175,14.3916,,,
,CHECKPOINT BATCH 47180,7.9578,,,
11:14:18,47182,8.5604,10.5345,5000,0.0585
,CHECKPOINT BATCH 47185,15.7002,,,
,CHECKPOINT BATCH 47190,8.5743,,,
,CHECKPOINT BATCH 47195,6.6072,,,
,CHECKPOINT BATCH 47200,7.4696,,,
11:14:20,47201,5.3270,6.1690,5000,0.0585
,CHECKPOINT BATCH 47205,9.0327,,,
,CHECKPOINT BATCH 47210,10.2043,,,
,CHECKPOINT BATCH 47215,9.5046,,,
11:14:22,47220,10.7067,2.6600,5000,0.0585
,CHECKPOINT BATCH 47220,10.7067,,,
,CHECKPOINT BATCH 47225,6.6367,,,
,CHECKPOINT BATCH 47230,9.6344,,,
,CHECKPOINT BATCH 47235,6.9844,,,
11:14:24,47239,10.0343,0.9055,5000,0.0584
,CHECKPOINT BATCH 47240,8.2247,,,
,CHECKPOINT BATCH 47245,7.4668,,,
,CHECKPOINT BATCH 47250,11.8800,,,
,CHECKPOINT BATCH 47255,9.8342,,,
11:14:26,47258,7.2961,2.8230,5000,0.0584
,CHECKPOINT BATCH 47260,7.9828,,,
,CHECKPOINT BATCH 47265,8.6445,,,
,CHECKPOINT BATCH 47270,6.0307,,,
,CHECKPOINT BATCH 47275,7.4993,,,
11:14:28,47277,7.0651,4.7985,5000,0.0584
,CHECKPOINT BATCH 47280,9.1699,,,
,CHECKPOINT BATCH 47285,9.6342,,,
,CHECKPOINT BATCH 47290,8.0346,,,
,CHECKPOINT BATCH 47295,9.0960,,,
11:14:31,47296,10.0343,6.8430,5000,0.0584
,CHECKPOINT BATCH 47300,9.9936,,,
,CHECKPOINT BATCH 47305,11.3147,,,
,CHECKPOINT BATCH 47310,15.0120,,,
11:14:33,47315,10.7640,8.3040,5000,0.0584
,CHECKPOINT BATCH 47315,10.7640,,,
11:14:35,47317,9.2663,9.7570,5000,0.0584
,CHECKPOINT BATCH 47320,6.6663,,,
,CHECKPOINT BATCH 47325,7.6685,,,
,CHECKPOINT BATCH 47330,7.4655,,,
,CHECKPOINT BATCH 47335,10.8477,,,
11:14:37,47336,11.8733,13.0390,5000,0.0584
,CHECKPOINT BATCH 47340,8.7685,,,
,CHECKPOINT BATCH 47345,9.2799,,,
,CHECKPOINT BATCH 47350,5.5462,,,
11:14:39,47355,8.1300,13.9845,5000,0.0583
,CHECKPOINT BATCH 47355,8.1300,,,
,CHECKPOINT BATCH 47360,5.3691,,,
,CHECKPOINT BATCH 47365,9.8533,,,
,CHECKPOINT BATCH 47370,10.5630,,,
11:14:41,47373,10.1129,12.5625,5000,0.0583
,CHECKPOINT BATCH 47375,8.3497,,,
,CHECKPOINT BATCH 47380,12.4957,,,
,CHECKPOINT BATCH 47385,6.8018,,,
,CHECKPOINT BATCH 47390,8.7594,,,
11:14:43,47392,7.8807,11.2045,5000,0.0583
,CHECKPOINT BATCH 47395,12.3321,,,
,CHECKPOINT BATCH 47400,7.3858,,,
,CHECKPOINT BATCH 47405,8.5109,,,
,CHECKPOINT BATCH 47410,13.7087,,,
11:14:46,47411,8.4857,12.5880,5000,0.0583
,CHECKPOINT BATCH 47415,8.6033,,,
,CHECKPOINT BATCH 47420,14.1557,,,
,CHECKPOINT BATCH 47425,12.5234,,,
11:14:48,47430,11.5454,10.3695,5000,0.0583
,CHECKPOINT BATCH 47430,11.5454,,,
,CHECKPOINT BATCH 47435,7.4625,,,
,CHECKPOINT BATCH 47440,8.5777,,,
,CHECKPOINT BATCH 47445,10.5704,,,
11:14:50,47449,8.0310,9.0275,5000,0.0583
,CHECKPOINT BATCH 47450,5.1793,,,
,CHECKPOINT BATCH 47455,8.0460,,,
,CHECKPOINT BATCH 47460,10.6530,,,
,CHECKPOINT BATCH 47465,12.7245,,,
11:14:52,47468,7.4265,11.2330,5000,0.0582
,CHECKPOINT BATCH 47470,10.7704,,,
11:14:55,47474,8.4528,13.0080,5000,0.0582
,CHECKPOINT BATCH 47475,8.5932,,,
,CHECKPOINT BATCH 47480,15.8886,,,
,CHECKPOINT BATCH 47485,12.7090,,,
,CHECKPOINT BATCH 47490,7.7892,,,
11:14:57,47493,10.8422,16.1855,5000,0.0582
,CHECKPOINT BATCH 47495,8.2665,,,
,CHECKPOINT BATCH 47500,7.6413,,,
,CHECKPOINT BATCH 47505,7.9158,,,
,CHECKPOINT BATCH 47510,12.1294,,,
11:14:59,47512,10.5466,17.1525,5000,0.0582
,CHECKPOINT BATCH 47515,8.9974,,,
,CHECKPOINT BATCH 47520,9.7635,,,
,CHECKPOINT BATCH 47525,8.0455,,,
11:15:01,47530,6.8966,18.0965,5000,0.0582
,CHECKPOINT BATCH 47530,6.8966,,,
,CHECKPOINT BATCH 47535,14.6760,,,
,CHECKPOINT BATCH 47540,10.9292,,,
,CHECKPOINT BATCH 47545,10.8053,,,
11:15:03,47549,9.6265,16.9800,5000,0.0582
,CHECKPOINT BATCH 47550,9.2058,,,
,CHECKPOINT BATCH 47555,8.6738,,,
,CHECKPOINT BATCH 47560,8.1242,,,
,CHECKPOINT BATCH 47565,10.9672,,,
11:15:05,47568,8.6347,16.8195,5000,0.0582
,CHECKPOINT BATCH 47570,9.2140,,,
,CHECKPOINT BATCH 47575,9.1293,,,
,CHECKPOINT BATCH 47580,8.4994,,,
,CHECKPOINT BATCH 47585,9.8147,,,
11:15:07,47587,6.6843,14.9455,5000,0.0581
,CHECKPOINT BATCH 47590,8.2298,,,
11:15:10,47595,10.1420,14.7360,5000,0.0581
,CHECKPOINT BATCH 47595,10.1420,,,
,CHECKPOINT BATCH 47600,8.0003,,,
,CHECKPOINT BATCH 47605,9.4282,,,
,CHECKPOINT BATCH 47610,10.5726,,,
11:15:13,47614,8.9726,14.2535,5000,0.0581
,CHECKPOINT BATCH 47615,8.5334,,,
,CHECKPOINT BATCH 47620,11.0465,,,
,CHECKPOINT BATCH 47625,7.1186,,,
,CHECKPOINT BATCH 47630,9.5147,,,
11:15:15,47633,7.8058,16.1175,5000,0.0581
,CHECKPOINT BATCH 47635,9.0940,,,
,CHECKPOINT BATCH 47640,10.6464,,,
,CHECKPOINT BATCH 47645,9.2733,,,
,CHECKPOINT BATCH 47650,11.4817,,,
11:15:17,47652,8.7889,18.7065,5000,0.0581
,CHECKPOINT BATCH 47655,10.0333,,,
,CHECKPOINT BATCH 47660,11.0082,,,
,CHECKPOINT BATCH 47665,8.1714,,,
,CHECKPOINT BATCH 47670,9.2319,,,
11:15:19,47671,7.4734,18.5355,5000,0.0581
,CHECKPOINT BATCH 47675,8.1358,,,
,CHECKPOINT BATCH 47680,12.0773,,,
,CHECKPOINT BATCH 47685,9.3589,,,
11:15:21,47690,11.4089,17.5925,5000,0.0581
,CHECKPOINT BATCH 47690,11.4089,,,
,CHECKPOINT BATCH 47695,6.8489,,,
,CHECKPOINT BATCH 47700,11.5956,,,
,CHECKPOINT BATCH 47705,10.1827,,,
11:15:23,47709,12.0265,15.9355,5000,0.0580
,CHECKPOINT BATCH 47710,11.3205,,,
,CHECKPOINT BATCH 47715,13.2412,,,
11:15:26,47717,8.8287,16.6440,5000,0.0580
,CHECKPOINT BATCH 47720,9.2280,,,
,CHECKPOINT BATCH 47725,9.3295,,,
,CHECKPOINT BATCH 47730,10.6635,,,
,CHECKPOINT BATCH 47735,20.7297,,,
11:15:28,47736,8.8462,16.3065,5000,0.0580
,CHECKPOINT BATCH 47740,6.6608,,,
,CHECKPOINT BATCH 47745,13.0091,,,
,CHECKPOINT BATCH 47750,11.3800,,,
11:15:30,47755,10.5665,16.9180,5000,0.0580
,CHECKPOINT BATCH 47755,10.5665,,,
,CHECKPOINT BATCH 47760,9.5687,,,
,CHECKPOINT BATCH 47765,8.7897,,,
,CHECKPOINT BATCH 47770,11.9456,,,
11:15:32,47774,6.6335,18.5730,5000,0.0580
,CHECKPOINT BATCH 47775,9.5659,,,
,CHECKPOINT BATCH 47780,7.2884,,,
,CHECKPOINT BATCH 47785,11.6432,,,
,CHECKPOINT BATCH 47790,9.3361,,,
11:15:34,47793,7.5099,19.8740,5000,0.0580
,CHECKPOINT BATCH 47795,8.0708,,,
,CHECKPOINT BATCH 47800,8.8827,,,
,CHECKPOINT BATCH 47805,9.1114,,,
,CHECKPOINT BATCH 47810,11.8665,,,
11:15:39,47811,9.2696,21.9665,5000,0.0580
,CHECKPOINT BATCH 47815,9.9899,,,
,CHECKPOINT BATCH 47820,9.1044,,,
,CHECKPOINT BATCH 47825,7.7348,,,
11:15:41,47829,10.1271,21.1075,5000,0.0580
,CHECKPOINT BATCH 47830,8.3590,,,
11:15:44,47835,11.3181,20.0365,5000,0.0579
,CHECKPOINT BATCH 47835,11.3181,,,
,CHECKPOINT BATCH 47840,9.5720,,,
,CHECKPOINT BATCH 47845,10.5739,,,
,CHECKPOINT BATCH 47850,11.3760,,,
11:15:46,47854,7.0358,15.7495,5000,0.0579
,CHECKPOINT BATCH 47855,9.8809,,,
,CHECKPOINT BATCH 47860,6.9987,,,
,CHECKPOINT BATCH 47865,6.2027,,,
,CHECKPOINT BATCH 47870,10.2152,,,
11:15:48,47873,12.8956,14.6680,5000,0.0579
,CHECKPOINT BATCH 47875,8.4393,,,
,CHECKPOINT BATCH 47880,5.7638,,,
,CHECKPOINT BATCH 47885,9.0113,,,
,CHECKPOINT BATCH 47890,8.3393,,,
11:15:50,47892,9.0144,15.7075,5000,0.0579
,CHECKPOINT BATCH 47895,10.9934,,,
,CHECKPOINT BATCH 47900,9.1860,,,
,CHECKPOINT BATCH 47905,9.9842,,,
,CHECKPOINT BATCH 47910,6.7551,,,
11:15:52,47911,7.1950,14.2295,5000,0.0579
,CHECKPOINT BATCH 47915,12.5056,,,
,CHECKPOINT BATCH 47920,11.9448,,,
,CHECKPOINT BATCH 47925,7.9613,,,
11:15:54,47930,13.1358,12.9985,5000,0.0579
,CHECKPOINT BATCH 47930,13.1358,,,
,CHECKPOINT BATCH 47935,9.1338,,,
,CHECKPOINT BATCH 47940,8.0332,,,
,CHECKPOINT BATCH 47945,9.8050,,,
11:15:56,47949,12.6201,15.5055,5000,0.0579
,CHECKPOINT BATCH 47950,9.7298,,,
,CHECKPOINT BATCH 47955,9.0433,,,
,CHECKPOINT BATCH 47960,10.1064,,,
,CHECKPOINT BATCH 47965,13.0209,,,
11:15:58,47968,11.3038,16.1860,5000,0.0578
,CHECKPOINT BATCH 47970,15.5892,,,
,CHECKPOINT BATCH 47975,12.1760,,,
,CHECKPOINT BATCH 47980,10.9245,,,
11:16:02,47981,7.7275,15.9335,5000,0.0578
,CHECKPOINT BATCH 47985,8.6785,,,
,CHECKPOINT BATCH 47990,7.3485,,,
,CHECKPOINT BATCH 47995,8.8996,,,
11:16:04,48000,8.6396,15.9215,5000,0.0578
,CHECKPOINT BATCH 48000,8.6396,,,
,CHECKPOINT BATCH 48005,12.5499,,,
,CHECKPOINT BATCH 48010,11.9043,,,
,CHECKPOINT BATCH 48015,7.1202,,,
11:16:06,48019,10.3862,16.2790,5000,0.0578
,CHECKPOINT BATCH 48020,6.6572,,,
,CHECKPOINT BATCH 48025,11.6155,,,
,CHECKPOINT BATCH 48030,9.2377,,,
,CHECKPOINT BATCH 48035,9.8150,,,
11:16:08,48038,8.7759,16.9205,5000,0.0578
,CHECKPOINT BATCH 48040,6.6621,,,
,CHECKPOINT BATCH 48045,9.1028,,,
,CHECKPOINT BATCH 48050,8.9622,,,
11:16:13,48055,10.2582,17.6720,5000,0.0578
,CHECKPOINT BATCH 48055,10.2582,,,
,CHECKPOINT BATCH 48060,8.9590,,,
,CHECKPOINT BATCH 48065,8.4450,,,
,CHECKPOINT BATCH 48070,7.7621,,,
11:16:15,48074,11.7027,18.8660,5000,0.0578
,CHECKPOINT BATCH 48075,8.2974,,,
,CHECKPOINT BATCH 48080,12.3558,,,
,CHECKPOINT BATCH 48085,11.6050,,,
,CHECKPOINT BATCH 48090,9.0796,,,
11:16:17,48093,9.8421,18.5410,5000,0.0577
,CHECKPOINT BATCH 48095,12.7076,,,
,CHECKPOINT BATCH 48100,7.7873,,,
,CHECKPOINT BATCH 48105,8.3978,,,
,CHECKPOINT BATCH 48110,10.0944,,,
11:16:19,48112,8.7083,18.3770,5000,0.0577
,CHECKPOINT BATCH 48115,7.8817,,,
,CHECKPOINT BATCH 48120,11.5425,,,
,CHECKPOINT BATCH 48125,10.4714,,,
,CHECKPOINT BATCH 48130,7.5581,,,
11:16:21,48131,7.1831,18.8370,5000,0.0577
,CHECKPOINT BATCH 48135,7.9585,,,
,CHECKPOINT BATCH 48140,8.1022,,,
,CHECKPOINT BATCH 48145,9.7796,,,
11:16:23,48150,9.4181,17.1455,5000,0.0577
,CHECKPOINT BATCH 48150,9.4181,,,
,CHECKPOINT BATCH 48155,9.3370,,,
,CHECKPOINT BATCH 48160,6.8775,,,
,CHECKPOINT BATCH 48165,13.6831,,,
11:16:25,48169,7.4011,16.9950,5000,0.0577
,CHECKPOINT BATCH 48170,13.2244,,,
11:16:28,48171,7.1502,18.1400,5000,0.0577
,CHECKPOINT BATCH 48175,7.8971,,,
,CHECKPOINT BATCH 48180,7.3503,,,
,CHECKPOINT BATCH 48185,10.1640,,,
11:16:30,48190,11.1406,18.5600,5000,0.0577
,CHECKPOINT BATCH 48190,11.1406,,,
,CHECKPOINT BATCH 48195,11.7484,,,
,CHECKPOINT BATCH 48200,9.3603,,,
,CHECKPOINT BATCH 48205,8.8760,,,
11:16:32,48209,9.0537,18.7175,5000,0.0577
,CHECKPOINT BATCH 48210,11.6268,,,
,CHECKPOINT BATCH 48215,7.4464,,,
,CHECKPOINT BATCH 48220,10.0422,,,
,CHECKPOINT BATCH 48225,11.3588,,,
11:16:34,48228,6.6552,17.7650,5000,0.0576
,CHECKPOINT BATCH 48230,8.7428,,,
,CHECKPOINT BATCH 48235,4.8370,,,
,CHECKPOINT BATCH 48240,6.2710,,,
,CHECKPOINT BATCH 48245,9.3522,,,
11:16:36,48247,5.4157,19.2960,5000,0.0576
,CHECKPOINT BATCH 48250,8.1039,,,
,CHECKPOINT BATCH 48255,12.1731,,,
,CHECKPOINT BATCH 48260,7.9907,,,
,CHECKPOINT BATCH 48265,7.7989,,,
11:16:38,48266,5.7250,18.8515,5000,0.0576
,CHECKPOINT BATCH 48270,7.0715,,,
,CHECKPOINT BATCH 48275,9.2059,,,
11:16:42,48278,12.2124,18.2585,5000,0.0576
,CHECKPOINT BATCH 48280,7.8891,,,
,CHECKPOINT BATCH 48285,5.8270,,,
,CHECKPOINT BATCH 48290,7.3269,,,
,CHECKPOINT BATCH 48295,8.0875,,,
11:16:44,48297,7.5059,17.4725,5000,0.0576
,CHECKPOINT BATCH 48300,9.6388,,,
,CHECKPOINT BATCH 48305,11.0232,,,
11:16:47,48309,10.6713,17.4590,5000,0.0576
,CHECKPOINT BATCH 48310,18.8287,,,
,CHECKPOINT BATCH 48315,7.8286,,,
,CHECKPOINT BATCH 48320,7.5799,,,
,CHECKPOINT BATCH 48325,9.1068,,,
11:16:50,48328,11.0004,17.9515,5000,0.0576
,CHECKPOINT BATCH 48330,9.8177,,,
,CHECKPOINT BATCH 48335,9.3885,,,
,CHECKPOINT BATCH 48340,10.1862,,,
,CHECKPOINT BATCH 48345,8.6206,,,
11:16:52,48347,8.2174,18.8395,5000,0.0576
,CHECKPOINT BATCH 48350,5.8105,,,
,CHECKPOINT BATCH 48355,14.4271,,,
,CHECKPOINT BATCH 48360,7.3309,,,
,CHECKPOINT BATCH 48365,8.5816,,,
11:16:54,48366,6.8972,20.5165,5000,0.0575
,CHECKPOINT BATCH 48370,7.1169,,,
,CHECKPOINT BATCH 48375,12.5274,,,
,CHECKPOINT BATCH 48380,7.1488,,,
11:16:56,48385,9.4792,19.2245,5000,0.0575
,CHECKPOINT BATCH 48385,9.4792,,,
,CHECKPOINT BATCH 48390,10.5879,,,
,CHECKPOINT BATCH 48395,13.0178,,,
,CHECKPOINT BATCH 48400,7.7179,,,
11:16:58,48404,8.3613,17.7000,5000,0.0575
,CHECKPOINT BATCH 48405,11.4159,,,
,CHECKPOINT BATCH 48410,6.2585,,,
,CHECKPOINT BATCH 48415,5.0741,,,
,CHECKPOINT BATCH 48420,7.2756,,,
11:17:02,48421,8.3715,17.6815,5000,0.0575
,CHECKPOINT BATCH 48425,6.5666,,,
,CHECKPOINT BATCH 48430,8.8613,,,
,CHECKPOINT BATCH 48435,11.4248,,,
11:17:04,48440,6.6937,17.4985,5000,0.0575
,CHECKPOINT BATCH 48440,6.6937,,,
,CHECKPOINT BATCH 48445,9.2033,,,
,CHECKPOINT BATCH 48450,7.4369,,,
,CHECKPOINT BATCH 48455,5.9104,,,
11:17:06,48459,6.6125,17.6135,5000,0.0575
,CHECKPOINT BATCH 48460,6.6933,,,
,CHECKPOINT BATCH 48465,7.9674,,,
,CHECKPOINT BATCH 48470,8.9344,,,
,CHECKPOINT BATCH 48475,10.6980,,,
11:17:08,48478,8.9832,18.3645,5000,0.0575
,CHECKPOINT BATCH 48480,9.2082,,,
,CHECKPOINT BATCH 48485,11.0892,,,
,CHECKPOINT BATCH 48490,9.8314,,,
,CHECKPOINT BATCH 48495,7.5157,,,
11:17:10,48497,8.1847,19.2805,5000,0.0574
,CHECKPOINT BATCH 48500,8.1663,,,
,CHECKPOINT BATCH 48505,10.7080,,,
11:17:14,48509,11.5797,21.5190,5000,0.0574
,CHECKPOINT BATCH 48510,7.1947,,,
,CHECKPOINT BATCH 48515,8.9443,,,
,CHECKPOINT BATCH 48520,10.9292,,,
,CHECKPOINT BATCH 48525,7.3578,,,
11:17:16,48528,10.5636,23.1695,5000,0.0574
,CHECKPOINT BATCH 48530,8.5188,,,
,CHECKPOINT BATCH 48535,9.1850,,,
,CHECKPOINT BATCH 48540,8.8536,,,
,CHECKPOINT BATCH 48545,9.5430,,,
11:17:18,48547,12.4402,23.0535,5000,0.0574
,CHECKPOINT BATCH 48550,9.4640,,,
,CHECKPOINT BATCH 48555,8.0119,,,
,CHECKPOINT BATCH 48560,11.0054,,,
,CHECKPOINT BATCH 48565,11.0737,,,
11:17:23,48566,12.9213,22.6265,5000,0.0574
,CHECKPOINT BATCH 48570,7.1666,,,
,CHECKPOINT BATCH 48575,7.4909,,,
,CHECKPOINT BATCH 48580,11.1199,,,
11:17:25,48584,9.3710,21.7320,5000,0.0574
,CHECKPOINT BATCH 48585,9.0932,,,
,CHECKPOINT BATCH 48590,9.4005,,,
,CHECKPOINT BATCH 48595,7.3758,,,
,CHECKPOINT BATCH 48600,12.0820,,,
11:17:27,48603,12.7331,22.4600,5000,0.0574
,CHECKPOINT BATCH 48605,10.0389,,,
,CHECKPOINT BATCH 48610,10.1037,,,
,CHECKPOINT BATCH 48615,11.9429,,,
,CHECKPOINT BATCH 48620,10.8079,,,
11:17:29,48622,12.6590,19.6970,5000,0.0573
,CHECKPOINT BATCH 48625,8.4039,,,
,CHECKPOINT BATCH 48630,9.2469,,,
,CHECKPOINT BATCH 48635,6.8943,,,
,CHECKPOINT BATCH 48640,8.7330,,,
11:17:31,48641,9.4505,18.0300,5000,0.0573
,CHECKPOINT BATCH 48645,9.9956,,,
,CHECKPOINT BATCH 48650,9.1905,,,
,CHECKPOINT BATCH 48655,6.6849,,,
11:17:33,48660,10.6736,16.3345,5000,0.0573
,CHECKPOINT BATCH 48660,10.6736,,,
,CHECKPOINT BATCH 48665,8.2700,,,
,CHECKPOINT BATCH 48670,9.4753,,,
,CHECKPOINT BATCH 48675,10.2543,,,
11:17:35,48679,6.3698,16.0695,5000,0.0573
,CHECKPOINT BATCH 48680,8.5146,,,
,CHECKPOINT BATCH 48685,9.7086,,,
11:17:38,48689,5.5745,15.5260,5000,0.0573
,CHECKPOINT BATCH 48690,6.3060,,,
,CHECKPOINT BATCH 48695,8.8755,,,
,CHECKPOINT BATCH 48700,11.9751,,,
,CHECKPOINT BATCH 48705,8.2308,,,
11:17:40,48708,6.2056,15.2700,5000,0.0573
,CHECKPOINT BATCH 48710,6.9765,,,
,CHECKPOINT BATCH 48715,6.6000,,,
,CHECKPOINT BATCH 48720,8.8042,,,
,CHECKPOINT BATCH 48725,11.7956,,,
11:17:43,48727,9.9344,17.6745,5000,0.0573
,CHECKPOINT BATCH 48730,7.1774,,,
,CHECKPOINT BATCH 48735,11.0898,,,
,CHECKPOINT BATCH 48740,12.2152,,,
,CHECKPOINT BATCH 48745,9.6147,,,
11:17:45,48746,8.7388,17.4840,5000,0.0573
,CHECKPOINT BATCH 48750,9.0868,,,
,CHECKPOINT BATCH 48755,9.3509,,,
,CHECKPOINT BATCH 48760,15.5513,,,
11:17:47,48765,10.7186,15.9855,5000,0.0572
,CHECKPOINT BATCH 48765,10.7186,,,
,CHECKPOINT BATCH 48770,13.7963,,,
11:17:50,48773,9.8437,14.9040,5000,0.0572
,CHECKPOINT BATCH 48775,7.6591,,,
,CHECKPOINT BATCH 48780,8.0167,,,
,CHECKPOINT BATCH 48785,11.9778,,,
,CHECKPOINT BATCH 48790,6.1436,,,
11:17:54,48792,9.5037,15.0790,5000,0.0572
,CHECKPOINT BATCH 48795,9.9698,,,
,CHECKPOINT BATCH 48800,7.7075,,,
,CHECKPOINT BATCH 48805,10.6707,,,
,CHECKPOINT BATCH 48810,10.6447,,,
11:17:56,48811,9.3791,15.4705,5000,0.0572
,CHECKPOINT BATCH 48815,10.3682,,,
,CHECKPOINT BATCH 48820,6.5999,,,
,CHECKPOINT BATCH 48825,8.3543,,,
11:17:59,48830,13.8709,14.5755,5000,0.0572
,CHECKPOINT BATCH 48830,13.8709,,,
,CHECKPOINT BATCH 48835,6.4734,,,
,CHECKPOINT BATCH 48840,7.0976,,,
,CHECKPOINT BATCH 48845,12.5026,,,
11:18:01,48849,12.7714,14.7600,5000,0.0572
,CHECKPOINT BATCH 48850,7.3414,,,
,CHECKPOINT BATCH 48855,8.8265,,,
,CHECKPOINT BATCH 48860,6.9621,,,
,CHECKPOINT BATCH 48865,9.4407,,,
11:18:03,48868,9.0482,17.0040,5000,0.0572
,CHECKPOINT BATCH 48870,9.5430,,,
,CHECKPOINT BATCH 48875,12.4086,,,
,CHECKPOINT BATCH 48880,6.8785,,,
,CHECKPOINT BATCH 48885,9.8410,,,
11:18:05,48887,7.2895,17.9360,5000,0.0572
,CHECKPOINT BATCH 48890,10.3505,,,
,CHECKPOINT BATCH 48895,8.1100,,,
,CHECKPOINT BATCH 48900,5.9690,,,
11:18:09,48902,9.7100,17.6010,5000,0.0571
,CHECKPOINT BATCH 48905,9.6597,,,
,CHECKPOINT BATCH 48910,8.3661,,,
,CHECKPOINT BATCH 48915,7.9393,,,
,CHECKPOINT BATCH 48920,7.3974,,,
11:18:11,48921,6.4835,16.2785,5000,0.0571
,CHECKPOINT BATCH 48925,7.7508,,,
,CHECKPOINT BATCH 48930,8.1097,,,
,CHECKPOINT BATCH 48935,6.6475,,,
11:18:13,48940,10.8422,17.6465,5000,0.0571
,CHECKPOINT BATCH 48940,10.8422,,,
11:18:15,48941,9.3438,17.5005,5000,0.0571
,CHECKPOINT BATCH 48945,7.7900,,,
,CHECKPOINT BATCH 48950,8.1771,,,
,CHECKPOINT BATCH 48955,9.2562,,,
11:18:17,48960,7.1132,18.4360,5000,0.0571
,CHECKPOINT BATCH 48960,7.1132,,,
,CHECKPOINT BATCH 48965,12.5155,,,
,CHECKPOINT BATCH 48970,7.8465,,,
,CHECKPOINT BATCH 48975,10.2268,,,
11:18:20,48979,7.7759,20.1015,5000,0.0571
,CHECKPOINT BATCH 48980,8.3998,,,
,CHECKPOINT BATCH 48985,5.0036,,,
11:18:23,48986,6.8920,20.2390,5000,0.0571
,CHECKPOINT BATCH 48990,8.8742,,,
,CHECKPOINT BATCH 48995,7.8034,,,
,CHECKPOINT BATCH 49000,9.3859,,,
11:18:25,49005,8.4935,20.7855,5000,0.0571
,CHECKPOINT BATCH 49005,8.4935,,,
,CHECKPOINT BATCH 49010,10.0429,,,
,CHECKPOINT BATCH 49015,9.3774,,,
,CHECKPOINT BATCH 49020,10.5443,,,
11:18:27,49024,12.4389,21.2070,5000,0.0571
,CHECKPOINT BATCH 49025,8.1510,,,
,CHECKPOINT BATCH 49030,13.0501,,,
,CHECKPOINT BATCH 49035,8.3769,,,
,CHECKPOINT BATCH 49040,12.1400,,,
11:18:29,49043,13.4331,20.7305,5000,0.0570
,CHECKPOINT BATCH 49045,9.1016,,,
,CHECKPOINT BATCH 49050,11.1442,,,
11:18:32,49052,8.7770,20.7050,5000,0.0570
,CHECKPOINT BATCH 49055,7.2483,,,
,CHECKPOINT BATCH 49060,8.9590,,,
,CHECKPOINT BATCH 49065,6.4436,,,
,CHECKPOINT BATCH 49070,6.7060,,,
11:18:34,49071,8.5549,20.2460,5000,0.0570
,CHECKPOINT BATCH 49075,7.7834,,,
,CHECKPOINT BATCH 49080,8.0011,,,
,CHECKPOINT BATCH 49085,8.0249,,,
11:18:36,49090,10.3237,19.9240,5000,0.0570
,CHECKPOINT BATCH 49090,10.3237,,,
,CHECKPOINT BATCH 49095,7.0518,,,
,CHECKPOINT BATCH 49100,6.0638,,,
,CHECKPOINT BATCH 49105,6.8501,,,
11:18:39,49109,11.5806,17.7470,5000,0.0570
,CHECKPOINT BATCH 49110,9.0524,,,
,CHECKPOINT BATCH 49115,8.5996,,,
,CHECKPOINT BATCH 49120,11.6019,,,
,CHECKPOINT BATCH 49125,9.0262,,,
11:18:41,49128,11.4076,15.8910,5000,0.0570
,CHECKPOINT BATCH 49130,8.7614,,,
,CHECKPOINT BATCH 49135,9.6401,,,
,CHECKPOINT BATCH 49140,16.5525,,,
,CHECKPOINT BATCH 49145,10.7301,,,
11:18:43,49147,12.8568,15.0005,5000,0.0570
,CHECKPOINT BATCH 49150,8.0042,,,
,CHECKPOINT BATCH 49155,7.8000,,,
,CHECKPOINT BATCH 49160,9.4014,,,
,CHECKPOINT BATCH 49165,10.9276,,,
11:18:45,49166,12.5965,13.0540,5000,0.0570
,CHECKPOINT BATCH 49170,15.5414,,,
,CHECKPOINT BATCH 49175,9.4430,,,
,CHECKPOINT BATCH 49180,12.9153,,,
11:18:47,49185,8.2540,11.2170,5000,0.0569
,CHECKPOINT BATCH 49185,8.2540,,,
11:18:49,49186,6.9785,11.0710,5000,0.0569
,CHECKPOINT BATCH 49190,8.2991,,,
,CHECKPOINT BATCH 49195,5.3133,,,
,CHECKPOINT BATCH 49200,11.3385,,,
11:18:51,49205,7.7402,12.3425,5000,0.0569
,CHECKPOINT BATCH 49205,7.7402,,,
,CHECKPOINT BATCH 49210,10.2352,,,
,CHECKPOINT BATCH 49215,10.3923,,,
,CHECKPOINT BATCH 49220,12.9887,,,
11:18:53,49224,8.1567,14.6595,5000,0.0569
,CHECKPOINT BATCH 49225,16.1535,,,
,CHECKPOINT BATCH 49230,9.9036,,,
,CHECKPOINT BATCH 49235,8.5585,,,
,CHECKPOINT BATCH 49240,4.7108,,,
11:18:56,49243,9.2457,16.3395,5000,0.0569
,CHECKPOINT BATCH 49245,8.0167,,,
,CHECKPOINT BATCH 49250,11.1904,,,
,CHECKPOINT BATCH 49255,8.9996,,,
,CHECKPOINT BATCH 49260,6.2626,,,
11:18:58,49262,8.7375,14.8880,5000,0.0569
,CHECKPOINT BATCH 49265,7.1140,,,
,CHECKPOINT BATCH 49270,9.0727,,,
,CHECKPOINT BATCH 49275,6.0946,,,
11:19:02,49277,7.9527,13.1780,5000,0.0569
,CHECKPOINT BATCH 49280,6.3517,,,
,CHECKPOINT BATCH 49285,8.5230,,,
,CHECKPOINT BATCH 49290,11.5004,,,
,CHECKPOINT BATCH 49295,6.9040,,,
11:19:04,49296,8.0426,14.8585,5000,0.0569
,CHECKPOINT BATCH 49300,8.0011,,,
,CHECKPOINT BATCH 49305,8.8330,,,
,CHECKPOINT BATCH 49310,4.4949,,,
11:19:06,49315,9.6657,14.9975,5000,0.0569
,CHECKPOINT BATCH 49315,9.6657,,,
,CHECKPOINT BATCH 49320,8.3008,,,
,CHECKPOINT BATCH 49325,5.9329,,,
,CHECKPOINT BATCH 49330,8.7145,,,
11:19:08,49334,9.7758,13.1425,5000,0.0568
,CHECKPOINT BATCH 49335,9.8722,,,
,CHECKPOINT BATCH 49340,9.7056,,,
,CHECKPOINT BATCH 49345,8.6100,,,
,CHECKPOINT BATCH 49350,7.8059,,,
11:19:10,49353,7.4035,11.8155,5000,0.0568
,CHECKPOINT BATCH 49355,8.6772,,,
,CHECKPOINT BATCH 49360,7.6060,,,
,CHECKPOINT BATCH 49365,7.3744,,,
,CHECKPOINT BATCH 49370,6.4517,,,
11:19:12,49372,9.2152,12.7990,5000,0.0568
,CHECKPOINT BATCH 49375,8.5066,,,
,CHECKPOINT BATCH 49380,11.2381,,,
,CHECKPOINT BATCH 49385,9.0789,,,
,CHECKPOINT BATCH 49390,12.7927,,,
11:19:14,49391,9.3698,13.4490,5000,0.0568
,CHECKPOINT BATCH 49395,5.2473,,,
,CHECKPOINT BATCH 49400,6.5471,,,
,CHECKPOINT BATCH 49405,10.9634,,,
11:19:16,49410,6.6857,12.0940,5000,0.0568
,CHECKPOINT BATCH 49410,6.6857,,,
11:19:19,49413,7.3573,13.0930,5000,0.0568
,CHECKPOINT BATCH 49415,7.5756,,,
,CHECKPOINT BATCH 49420,9.3029,,,
,CHECKPOINT BATCH 49425,6.6779,,,
,CHECKPOINT BATCH 49430,8.9886,,,
11:19:21,49432,8.4932,14.5850,5000,0.0568
,CHECKPOINT BATCH 49435,7.9678,,,
,CHECKPOINT BATCH 49440,4.8839,,,
,CHECKPOINT BATCH 49445,7.7194,,,
,CHECKPOINT BATCH 49450,6.3811,,,
11:19:23,49451,5.8328,16.5445,5000,0.0568
11:19:26,49455,9.3413,16.6850,5000,0.0568
,CHECKPOINT BATCH 49455,9.3413,,,
,CHECKPOINT BATCH 49460,11.6968,,,
,CHECKPOINT BATCH 49465,10.8291,,,
,CHECKPOINT BATCH 49470,7.8643,,,
11:19:28,49473,8.1695,18.2055,5000,0.0567
,CHECKPOINT BATCH 49475,10.8709,,,
,CHECKPOINT BATCH 49480,10.8207,,,
,CHECKPOINT BATCH 49485,6.7986,,,
,CHECKPOINT BATCH 49490,8.2706,,,
11:19:30,49492,6.9393,20.1415,5000,0.0567
,CHECKPOINT BATCH 49495,8.5425,,,
,CHECKPOINT BATCH 49500,8.7998,,,
,CHECKPOINT BATCH 49505,11.5260,,,
,CHECKPOINT BATCH 49510,12.2479,,,
11:19:32,49511,9.3942,20.3990,5000,0.0567
,CHECKPOINT BATCH 49515,5.9839,,,
,CHECKPOINT BATCH 49520,6.2055,,,
,CHECKPOINT BATCH 49525,6.8128,,,
11:19:34,49530,11.1547,17.7885,5000,0.0567
,CHECKPOINT BATCH 49530,11.1547,,,
,CHECKPOINT BATCH 49535,19.7251,,,
,CHECKPOINT BATCH 49540,9.6241,,,
,CHECKPOINT BATCH 49545,6.5623,,,
11:19:36,49549,14.0727,17.8120,5000,0.0567
,CHECKPOINT BATCH 49550,9.3665,,,
,CHECKPOINT BATCH 49555,8.9616,,,
11:19:40,49559,5.9156,19.7145,5000,0.0567
,CHECKPOINT BATCH 49560,6.4846,,,
,CHECKPOINT BATCH 49565,16.8622,,,
,CHECKPOINT BATCH 49570,6.7083,,,
,CHECKPOINT BATCH 49575,10.8284,,,
11:19:42,49578,7.8623,19.7230,5000,0.0567
,CHECKPOINT BATCH 49580,7.9197,,,
,CHECKPOINT BATCH 49585,10.4193,,,
,CHECKPOINT BATCH 49590,9.0561,,,
,CHECKPOINT BATCH 49595,10.5588,,,
11:19:44,49597,9.0658,19.6790,5000,0.0567
,CHECKPOINT BATCH 49600,5.7668,,,
11:19:47,49601,7.3604,19.3695,5000,0.0567
,CHECKPOINT BATCH 49605,6.7175,,,
,CHECKPOINT BATCH 49610,11.5654,,,
,CHECKPOINT BATCH 49615,7.0994,,,
11:19:49,49620,11.0339,18.1695,5000,0.0566
,CHECKPOINT BATCH 49620,11.0339,,,
,CHECKPOINT BATCH 49625,9.1475,,,
,CHECKPOINT BATCH 49630,9.5730,,,
,CHECKPOINT BATCH 49635,14.1314,,,
11:19:51,49639,10.9333,19.8225,5000,0.0566
,CHECKPOINT BATCH 49640,7.9935,,,
,CHECKPOINT BATCH 49645,8.3389,,,
,CHECKPOINT BATCH 49650,7.4244,,,
,CHECKPOINT BATCH 49655,9.3075,,,
11:19:53,49658,10.4268,19.3345,5000,0.0566
,CHECKPOINT BATCH 49660,7.3598,,,
,CHECKPOINT BATCH 49665,9.5512,,,
,CHECKPOINT BATCH 49670,11.8544,,,
,CHECKPOINT BATCH 49675,9.1956,,,
11:19:55,49677,9.8238,19.9710,5000,0.0566
,CHECKPOINT BATCH 49680,7.1198,,,
,CHECKPOINT BATCH 49685,8.8634,,,
,CHECKPOINT BATCH 49690,8.3904,,,
,CHECKPOINT BATCH 49695,15.6872,,,
11:19:57,49696,12.1008,19.2930,5000,0.0566
11:20:00,49700,8.5993,20.4480,5000,0.0566
,CHECKPOINT BATCH 49700,8.5993,,,
,CHECKPOINT BATCH 49705,7.5432,,,
,CHECKPOINT BATCH 49710,8.3451,,,
,CHECKPOINT BATCH 49715,7.1034,,,
11:20:02,49719,8.9025,23.4855,5000,0.0566
,CHECKPOINT BATCH 49720,9.3115,,,
,CHECKPOINT BATCH 49725,7.7787,,,
,CHECKPOINT BATCH 49730,13.6671,,,
,CHECKPOINT BATCH 49735,10.4630,,,
11:20:04,49738,7.9335,23.1915,5000,0.0566
,CHECKPOINT BATCH 49740,7.8773,,,
,CHECKPOINT BATCH 49745,10.6913,,,
,CHECKPOINT BATCH 49750,6.4190,,,
,CHECKPOINT BATCH 49755,8.1880,,,
11:20:06,49757,6.2004,21.8955,5000,0.0566
,CHECKPOINT BATCH 49760,7.2754,,,
,CHECKPOINT BATCH 49765,9.9449,,,
,CHECKPOINT BATCH 49770,8.8064,,,
,CHECKPOINT BATCH 49775,7.9896,,,
11:20:08,49776,9.6342,20.7825,5000,0.0565
,CHECKPOINT BATCH 49780,9.4987,,,
,CHECKPOINT BATCH 49785,8.4239,,,
,CHECKPOINT BATCH 49790,13.4287,,,
11:20:10,49795,5.6659,19.1165,5000,0.0565
,CHECKPOINT BATCH 49795,5.6659,,,
,CHECKPOINT BATCH 49800,9.5459,,,
,CHECKPOINT BATCH 49805,6.0968,,,
11:20:14,49806,11.5558,19.2900,5000,0.0565
,CHECKPOINT BATCH 49810,8.9432,,,
,CHECKPOINT BATCH 49815,6.0552,,,
,CHECKPOINT BATCH 49820,8.4266,,,
11:20:16,49825,6.6062,19.1820,5000,0.0565
,CHECKPOINT BATCH 49825,6.6062,,,
,CHECKPOINT BATCH 49830,10.8775,,,
,CHECKPOINT BATCH 49835,9.2623,,,
,CHECKPOINT BATCH 49840,8.8455,,,
11:20:18,49844,7.5306,17.1830,5000,0.0565
,CHECKPOINT BATCH 49845,6.0896,,,
,CHECKPOINT BATCH 49850,7.5485,,,
,CHECKPOINT BATCH 49855,9.4334,,,
,CHECKPOINT BATCH 49860,8.8070,,,
11:20:20,49863,12.5005,17.3280,5000,0.0565
,CHECKPOINT BATCH 49865,14.2909,,,
,CHECKPOINT BATCH 49870,8.2819,,,
,CHECKPOINT BATCH 49875,11.1144,,,
,CHECKPOINT BATCH 49880,5.7850,,,
11:20:22,49882,9.1889,17.4675,5000,0.0565
,CHECKPOINT BATCH 49885,9.8570,,,
,CHECKPOINT BATCH 49890,13.0865,,,
,CHECKPOINT BATCH 49895,7.3553,,,
,CHECKPOINT BATCH 49900,5.8354,,,
11:20:24,49901,11.6463,17.3110,5000,0.0565
,CHECKPOINT BATCH 49905,13.7446,,,
,CHECKPOINT BATCH 49910,8.5592,,,
,CHECKPOINT BATCH 49915,8.9110,,,
11:20:26,49920,5.1977,14.7915,5000,0.0565
,CHECKPOINT BATCH 49920,5.1977,,,
11:20:29,49924,10.7513,15.0195,5000,0.0564
,CHECKPOINT BATCH 49925,7.1686,,,
,CHECKPOINT BATCH 49930,11.9359,,,
,CHECKPOINT BATCH 49935,7.8564,,,
,CHECKPOINT BATCH 49940,8.4531,,,
11:20:31,49943,7.7800,15.7875,5000,0.0564
,CHECKPOINT BATCH 49945,7.5362,,,
,CHECKPOINT BATCH 49950,7.8557,,,
,CHECKPOINT BATCH 49955,8.7114,,,
,CHECKPOINT BATCH 49960,10.0210,,,
11:20:33,49962,8.9347,17.8065,5000,0.0564
,CHECKPOINT BATCH 49965,8.3905,,,
,CHECKPOINT BATCH 49970,7.5951,,,
,CHECKPOINT BATCH 49975,7.6286,,,
,CHECKPOINT BATCH 49980,7.3552,,,
11:20:35,49981,7.4358,19.0235,5000,0.0564
11:20:38,49983,4.6979,19.3155,5000,0.0564
,CHECKPOINT BATCH 49985,7.5411,,,
,CHECKPOINT BATCH 49990,8.3690,,,
,CHECKPOINT BATCH 49995,10.1146,,,
,CHECKPOINT BATCH 50000,9.2107,,,
11:20:40,50002,8.3365,20.7860,5000,0.0564
,CHECKPOINT BATCH 50005,7.3746,,,
,CHECKPOINT BATCH 50010,9.3862,,,
,CHECKPOINT BATCH 50015,10.2316,,,
,CHECKPOINT BATCH 50020,7.9145,,,
11:20:42,50021,8.8482,20.4205,5000,0.0564
,CHECKPOINT BATCH 50025,9.7541,,,
,CHECKPOINT BATCH 50030,7.2326,,,
,CHECKPOINT BATCH 50035,8.5771,,,
11:20:44,50040,8.2222,18.4605,5000,0.0564
,CHECKPOINT BATCH 50040,8.2222,,,
,CHECKPOINT BATCH 50045,9.7056,,,
,CHECKPOINT BATCH 50050,6.9860,,,
,CHECKPOINT BATCH 50055,8.4357,,,
11:20:46,50059,7.1818,16.1360,5000,0.0564
,CHECKPOINT BATCH 50060,11.2696,,,
,CHECKPOINT BATCH 50065,4.5527,,,
,CHECKPOINT BATCH 50070,7.8445,,,
,CHECKPOINT BATCH 50075,9.7259,,,
11:20:48,50078,7.0273,14.6240,5000,0.0564
,CHECKPOINT BATCH 50080,9.8265,,,
,CHECKPOINT BATCH 50085,9.2504,,,
,CHECKPOINT BATCH 50090,7.7741,,,
,CHECKPOINT BATCH 50095,6.4449,,,
11:20:50,50097,9.4721,13.0100,5000,0.0563
,CHECKPOINT BATCH 50100,8.3966,,,
,CHECKPOINT BATCH 50105,9.7599,,,
,CHECKPOINT BATCH 50110,14.1048,,,
11:20:54,50113,7.6426,12.9545,5000,0.0563
,CHECKPOINT BATCH 50115,7.4188,,,
,CHECKPOINT BATCH 50120,6.6723,,,
,CHECKPOINT BATCH 50125,6.1839,,,
,CHECKPOINT BATCH 50130,8.1788,,,
11:20:56,50132,8.9943,14.6945,5000,0.0563
,CHECKPOINT BATCH 50135,7.2091,,,
,CHECKPOINT BATCH 50140,9.8480,,,
,CHECKPOINT BATCH 50145,6.3411,,,
,CHECKPOINT BATCH 50150,15.1634,,,
11:20:59,50151,8.4060,16.7460,5000,0.0563
,CHECKPOINT BATCH 50155,7.2933,,,
,CHECKPOINT BATCH 50160,7.2303,,,
,CHECKPOINT BATCH 50165,7.5146,,,
11:21:01,50170,10.5240,17.8055,5000,0.0563
,CHECKPOINT BATCH 50170,10.5240,,,
,CHECKPOINT BATCH 50175,11.3509,,,
,CHECKPOINT BATCH 50180,6.5284,,,
,CHECKPOINT BATCH 50185,10.7369,,,
11:21:03,50189,7.7551,18.4160,5000,0.0563
,CHECKPOINT BATCH 50190,8.3345,,,
,CHECKPOINT BATCH 50195,7.8129,,,
,CHECKPOINT BATCH 50200,7.1956,,,
,CHECKPOINT BATCH 50205,8.3293,,,
11:21:05,50208,10.3598,19.0190,5000,0.0563
,CHECKPOINT BATCH 50210,8.4304,,,
11:21:08,50215,10.3181,18.9110,5000,0.0563
,CHECKPOINT BATCH 50215,10.3181,,,
,CHECKPOINT BATCH 50220,9.5652,,,
,CHECKPOINT BATCH 50225,9.9180,,,
,CHECKPOINT BATCH 50230,9.7682,,,
11:21:10,50233,9.8172,19.5995,5000,0.0563
,CHECKPOINT BATCH 50235,6.6246,,,
,CHECKPOINT BATCH 50240,7.7348,,,
,CHECKPOINT BATCH 50245,7.6953,,,
,CHECKPOINT BATCH 50250,8.2634,,,
11:21:12,50252,9.3651,18.6655,5000,0.0562
,CHECKPOINT BATCH 50255,5.0807,,,
,CHECKPOINT BATCH 50260,8.3222,,,
,CHECKPOINT BATCH 50265,11.8846,,,
,CHECKPOINT BATCH 50270,8.6123,,,
11:21:14,50271,8.1735,18.0870,5000,0.0562
,CHECKPOINT BATCH 50275,10.8728,,,
,CHECKPOINT BATCH 50280,8.5408,,,
,CHECKPOINT BATCH 50285,8.7456,,,
11:21:16,50290,8.3458,17.0070,5000,0.0562
,CHECKPOINT BATCH 50290,8.3458,,,
,CHECKPOINT BATCH 50295,6.9571,,,
,CHECKPOINT BATCH 50300,8.9544,,,
,CHECKPOINT BATCH 50305,11.0427,,,
11:21:18,50309,8.3356,16.7035,5000,0.0562
,CHECKPOINT BATCH 50310,6.6165,,,
,CHECKPOINT BATCH 50315,8.9408,,,
,CHECKPOINT BATCH 50320,7.1622,,,
,CHECKPOINT BATCH 50325,8.2149,,,
11:21:23,50328,6.9425,16.5575,5000,0.0562
,CHECKPOINT BATCH 50330,8.8094,,,
,CHECKPOINT BATCH 50335,9.2357,,,
,CHECKPOINT BATCH 50340,11.6283,,,
,CHECKPOINT BATCH 50345,7.2067,,,
11:21:25,50347,9.8252,16.4640,5000,0.0562
,CHECKPOINT BATCH 50350,8.3599,,,
,CHECKPOINT BATCH 50355,5.7173,,,
,CHECKPOINT BATCH 50360,10.7929,,,
,CHECKPOINT BATCH 50365,7.1714,,,
11:21:27,50366,8.1239,17.8120,5000,0.0562
,CHECKPOINT BATCH 50370,10.0272,,,
,CHECKPOINT BATCH 50375,9.7116,,,
,CHECKPOINT BATCH 50380,9.0570,,,
11:21:29,50385,8.0240,19.4870,5000,0.0562
,CHECKPOINT BATCH 50385,8.0240,,,
,CHECKPOINT BATCH 50390,7.3822,,,
,CHECKPOINT BATCH 50395,7.0824,,,
,CHECKPOINT BATCH 50400,7.8099,,,
11:21:31,50404,8.1839,19.8195,5000,0.0561
,CHECKPOINT BATCH 50405,11.0223,,,
,CHECKPOINT BATCH 50410,7.6441,,,
,CHECKPOINT BATCH 50415,7.6747,,,
,CHECKPOINT BATCH 50420,11.7216,,,
11:21:33,50423,5.6357,19.9785,5000,0.0561
,CHECKPOINT BATCH 50425,10.6260,,,
11:21:36,50428,9.9253,20.1345,5000,0.0561
,CHECKPOINT BATCH 50430,8.1249,,,
,CHECKPOINT BATCH 50435,9.8562,,,
,CHECKPOINT BATCH 50440,6.8650,,,
,CHECKPOINT BATCH 50445,10.4952,,,
11:21:38,50447,9.0544,19.6630,5000,0.0561
,CHECKPOINT BATCH 50450,10.3117,,,
,CHECKPOINT BATCH 50455,8.8410,,,
,CHECKPOINT BATCH 50460,11.7132,,,
,CHECKPOINT BATCH 50465,6.0594,,,
11:21:40,50466,5.4132,19.8160,5000,0.0561
,CHECKPOINT BATCH 50470,8.6473,,,
,CHECKPOINT BATCH 50475,9.8978,,,
,CHECKPOINT BATCH 50480,12.2400,,,
11:21:42,50485,9.4144,19.1065,5000,0.0561
,CHECKPOINT BATCH 50485,9.4144,,,
,CHECKPOINT BATCH 50490,8.2258,,,
,CHECKPOINT BATCH 50495,6.8520,,,
,CHECKPOINT BATCH 50500,8.9766,,,
11:21:44,50504,8.7896,19.5325,5000,0.0561
,CHECKPOINT BATCH 50505,10.6772,,,
,CHECKPOINT BATCH 50510,7.1367,,,
,CHECKPOINT BATCH 50515,7.5096,,,
,CHECKPOINT BATCH 50520,7.5523,,,
11:21:46,50523,5.9034,18.1470,5000,0.0561
,CHECKPOINT BATCH 50525,13.4283,,,
,CHECKPOINT BATCH 50530,9.6376,,,
,CHECKPOINT BATCH 50535,5.4559,,,
,CHECKPOINT BATCH 50540,9.2140,,,
11:21:51,50541,6.9385,18.5940,5000,0.0561
,CHECKPOINT BATCH 50545,6.8041,,,
,CHECKPOINT BATCH 50550,7.9502,,,
,CHECKPOINT BATCH 50555,6.5747,,,
11:21:53,50560,8.3431,17.3905,5000,0.0561
,CHECKPOINT BATCH 50560,8.3431,,,
,CHECKPOINT BATCH 50565,7.8289,,,
,CHECKPOINT BATCH 50570,8.5870,,,
,CHECKPOINT BATCH 50575,8.0898,,,
11:21:55,50579,9.1059,18.1145,5000,0.0560
,CHECKPOINT BATCH 50580,6.5494,,,
,CHECKPOINT BATCH 50585,6.0947,,,
,CHECKPOINT BATCH 50590,6.4460,,,
,CHECKPOINT BATCH 50595,7.5018,,,
11:21:57,50598,9.1453,17.5170,5000,0.0560
,CHECKPOINT BATCH 50600,7.4667,,,
,CHECKPOINT BATCH 50605,6.9146,,,
,CHECKPOINT BATCH 50610,6.4329,,,
,CHECKPOINT BATCH 50615,11.1838,,,
11:21:59,50617,5.6156,17.8265,5000,0.0560
,CHECKPOINT BATCH 50620,8.3786,,,
,CHECKPOINT BATCH 50625,9.9949,,,
,CHECKPOINT BATCH 50630,8.4318,,,
,CHECKPOINT BATCH 50635,4.6067,,,
11:22:01,50636,6.8863,17.6830,5000,0.0560
,CHECKPOINT BATCH 50640,7.4314,,,
,CHECKPOINT BATCH 50645,7.4689,,,
,CHECKPOINT BATCH 50650,8.4834,,,
11:22:03,50655,7.3132,16.6705,5000,0.0560
,CHECKPOINT BATCH 50655,7.3132,,,
11:22:06,50658,10.7926,17.5095,5000,0.0560
,CHECKPOINT BATCH 50660,6.5367,,,
,CHECKPOINT BATCH 50665,7.7833,,,
,CHECKPOINT BATCH 50670,7.0423,,,
,CHECKPOINT BATCH 50675,8.0408,,,
11:22:08,50676,6.3389,16.8815,5000,0.0560
,CHECKPOINT BATCH 50680,9.3760,,,
,CHECKPOINT BATCH 50685,12.1802,,,
,CHECKPOINT BATCH 50690,9.0832,,,
11:22:10,50695,7.3542,18.6935,5000,0.0560
,CHECKPOINT BATCH 50695,7.3542,,,
,CHECKPOINT BATCH 50700,7.5129,,,
,CHECKPOINT BATCH 50705,11.0947,,,
,CHECKPOINT BATCH 50710,7.6136,,,
11:22:12,50714,6.7802,19.1280,5000,0.0560
,CHECKPOINT BATCH 50715,9.4358,,,
,CHECKPOINT BATCH 50720,7.2369,,,
,CHECKPOINT BATCH 50725,7.3134,,,
,CHECKPOINT BATCH 50730,6.9509,,,
11:22:14,50733,7.5379,19.2665,5000,0.0559
,CHECKPOINT BATCH 50735,9.2196,,,
,CHECKPOINT BATCH 50740,15.4364,,,
,CHECKPOINT BATCH 50745,9.6577,,,
,CHECKPOINT BATCH 50750,8.2432,,,
11:22:16,50752,10.9039,19.1440,5000,0.0559
,CHECKPOINT BATCH 50755,16.7213,,,
,CHECKPOINT BATCH 50760,9.2999,,,
,CHECKPOINT BATCH 50765,7.2503,,,
11:22:20,50767,8.7124,18.1095,5000,0.0559
,CHECKPOINT BATCH 50770,8.0100,,,
,CHECKPOINT BATCH 50775,10.1511,,,
,CHECKPOINT BATCH 50780,15.1477,,,
,CHECKPOINT BATCH 50785,10.0978,,,
11:22:22,50786,7.9676,16.6190,5000,0.0559
,CHECKPOINT BATCH 50790,10.2540,,,
,CHECKPOINT BATCH 50795,7.7125,,,
,CHECKPOINT BATCH 50800,11.5710,,,
11:22:24,50804,8.3404,16.7230,5000,0.0559
,CHECKPOINT BATCH 50805,6.5427,,,
,CHECKPOINT BATCH 50810,9.2599,,,
,CHECKPOINT BATCH 50815,10.1935,,,
,CHECKPOINT BATCH 50820,8.9659,,,
11:22:26,50823,10.6428,18.3915,5000,0.0559
,CHECKPOINT BATCH 50825,6.6192,,,
,CHECKPOINT BATCH 50830,8.1491,,,
,CHECKPOINT BATCH 50835,11.4845,,,
,CHECKPOINT BATCH 50840,10.3386,,,
11:22:28,50842,8.3195,18.2470,5000,0.0559
,CHECKPOINT BATCH 50845,7.8719,,,
,CHECKPOINT BATCH 50850,11.5087,,,
,CHECKPOINT BATCH 50855,8.7317,,,
,CHECKPOINT BATCH 50860,5.5990,,,
11:22:33,50861,10.4536,18.5465,5000,0.0559
,CHECKPOINT BATCH 50865,9.3315,,,
,CHECKPOINT BATCH 50870,8.9590,,,
,CHECKPOINT BATCH 50875,8.1719,,,
11:22:35,50880,11.3069,19.6305,5000,0.0559
,CHECKPOINT BATCH 50880,11.3069,,,
,CHECKPOINT BATCH 50885,10.5999,,,
,CHECKPOINT BATCH 50890,9.3878,,,
,CHECKPOINT BATCH 50895,9.2897,,,
11:22:37,50899,6.5135,19.3535,5000,0.0559
,CHECKPOINT BATCH 50900,7.1550,,,
,CHECKPOINT BATCH 50905,9.0760,,,
,CHECKPOINT BATCH 50910,9.1182,,,
,CHECKPOINT BATCH 50915,9.2592,,,
11:22:39,50918,11.1343,18.9125,5000,0.0558
,CHECKPOINT BATCH 50920,8.8408,,,
,CHECKPOINT BATCH 50925,6.1551,,,
,CHECKPOINT BATCH 50930,6.8416,,,
,CHECKPOINT BATCH 50935,5.7182,,,
11:22:41,50937,7.7148,18.7630,5000,0.0558
,CHECKPOINT BATCH 50940,10.2745,,,
11:22:44,50945,7.1348,18.8685,5000,0.0558
,CHECKPOINT BATCH 50945,7.1348,,,
,CHECKPOINT BATCH 50950,11.8134,,,
,CHECKPOINT BATCH 50955,13.6926,,,
,CHECKPOINT BATCH 50960,8.1031,,,
11:22:46,50964,8.1373,20.5805,5000,0.0558
,CHECKPOINT BATCH 50965,8.3707,,,
,CHECKPOINT BATCH 50970,7.8218,,,
,CHECKPOINT BATCH 50975,8.8625,,,
,CHECKPOINT BATCH 50980,8.9025,,,
11:22:49,50983,8.6263,19.8480,5000,0.0558
,CHECKPOINT BATCH 50985,8.2278,,,
,CHECKPOINT BATCH 50990,7.9343,,,
,CHECKPOINT BATCH 50995,7.5026,,,
,CHECKPOINT BATCH 51000,8.0098,,,
11:22:51,51002,9.4356,17.1480,5000,0.0558
,CHECKPOINT BATCH 51005,5.5647,,,
,CHECKPOINT BATCH 51010,6.3147,,,
,CHECKPOINT BATCH 51015,9.4486,,,
,CHECKPOINT BATCH 51020,9.5234,,,
11:22:53,51021,9.0091,15.2770,5000,0.0558
,CHECKPOINT BATCH 51025,5.0132,,,
,CHECKPOINT BATCH 51030,8.1436,,,
,CHECKPOINT BATCH 51035,6.9925,,,
11:22:55,51040,6.1861,15.2815,5000,0.0558
,CHECKPOINT BATCH 51040,6.1861,,,
,CHECKPOINT BATCH 51045,8.2639,,,
,CHECKPOINT BATCH 51050,8.0108,,,
,CHECKPOINT BATCH 51055,7.3209,,,
11:22:57,51059,10.9378,13.6320,5000,0.0558
,CHECKPOINT BATCH 51060,6.5588,,,
,CHECKPOINT BATCH 51065,6.5212,,,
,CHECKPOINT BATCH 51070,10.3219,,,
,CHECKPOINT BATCH 51075,7.8418,,,
11:23:01,51076,6.7950,12.7690,5000,0.0557
,CHECKPOINT BATCH 51080,4.3495,,,
,CHECKPOINT BATCH 51085,7.1746,,,
,CHECKPOINT BATCH 51090,7.4049,,,
11:23:03,51095,9.0498,15.4315,5000,0.0557
,CHECKPOINT BATCH 51095,9.0498,,,
,CHECKPOINT BATCH 51100,5.1431,,,
,CHECKPOINT BATCH 51105,9.2795,,,
,CHECKPOINT BATCH 51110,7.1292,,,
11:23:05,51114,8.4706,18.0530,5000,0.0557
,CHECKPOINT BATCH 51115,5.9374,,,
,CHECKPOINT BATCH 51120,7.7163,,,
,CHECKPOINT BATCH 51125,7.9173,,,
,CHECKPOINT BATCH 51130,5.2816,,,
11:23:07,51132,6.7098,18.0095,5000,0.0557
,CHECKPOINT BATCH 51135,6.0432,,,
,CHECKPOINT BATCH 51140,7.9329,,,
,CHECKPOINT BATCH 51145,7.3134,,,
,CHECKPOINT BATCH 51150,7.1524,,,
11:23:09,51151,6.3597,17.7225,5000,0.0557
,CHECKPOINT BATCH 51155,5.8307,,,
,CHECKPOINT BATCH 51160,6.5925,,,
,CHECKPOINT BATCH 51165,6.3617,,,
11:23:11,51170,9.9546,17.9250,5000,0.0557
,CHECKPOINT BATCH 51170,9.9546,,,
,CHECKPOINT BATCH 51175,6.3414,,,
,CHECKPOINT BATCH 51180,11.2909,,,
,CHECKPOINT BATCH 51185,8.7735,,,
11:23:13,51189,8.8113,15.4395,5000,0.0557
,CHECKPOINT BATCH 51190,7.3437,,,
11:23:16,51192,7.6159,16.4385,5000,0.0557
,CHECKPOINT BATCH 51195,8.5641,,,
,CHECKPOINT BATCH 51200,7.6706,,,
,CHECKPOINT BATCH 51205,10.2398,,,
,CHECKPOINT BATCH 51210,4.8604,,,
11:23:18,51211,7.7186,16.5585,5000,0.0557
,CHECKPOINT BATCH 51215,7.1992,,,
,CHECKPOINT BATCH 51220,9.3469,,,
,CHECKPOINT BATCH 51225,6.2856,,,
11:23:20,51230,9.3073,18.7085,5000,0.0557
,CHECKPOINT BATCH 51230,9.3073,,,
,CHECKPOINT BATCH 51235,5.7310,,,
,CHECKPOINT BATCH 51240,12.9034,,,
,CHECKPOINT BATCH 51245,6.1892,,,
11:23:22,51249,6.2794,18.9650,5000,0.0556
,CHECKPOINT BATCH 51250,7.2323,,,
,CHECKPOINT BATCH 51255,6.1436,,,
,CHECKPOINT BATCH 51260,8.5991,,,
,CHECKPOINT BATCH 51265,9.3834,,,
11:23:24,51268,10.9490,19.3905,5000,0.0556
,CHECKPOINT BATCH 51270,6.6179,,,
,CHECKPOINT BATCH 51275,9.1640,,,
11:23:28,51278,8.3798,19.6635,5000,0.0556
,CHECKPOINT BATCH 51280,7.7617,,,
,CHECKPOINT BATCH 51285,7.4224,,,
,CHECKPOINT BATCH 51290,9.1279,,,
,CHECKPOINT BATCH 51295,7.9515,,,
11:23:30,51297,5.6868,19.7310,5000,0.0556
,CHECKPOINT BATCH 51300,5.7508,,,
,CHECKPOINT BATCH 51305,8.7760,,,
,CHECKPOINT BATCH 51310,8.6391,,,
,CHECKPOINT BATCH 51315,7.9958,,,
11:23:32,51316,8.1871,18.7120,5000,0.0556
,CHECKPOINT BATCH 51320,12.2208,,,
,CHECKPOINT BATCH 51325,6.9822,,,
,CHECKPOINT BATCH 51330,7.5482,,,
11:23:34,51335,8.7014,16.4250,5000,0.0556
,CHECKPOINT BATCH 51335,8.7014,,,
,CHECKPOINT BATCH 51340,5.3466,,,
,CHECKPOINT BATCH 51345,8.4452,,,
,CHECKPOINT BATCH 51350,7.4149,,,
11:23:36,51354,9.5648,16.2645,5000,0.0556
,CHECKPOINT BATCH 51355,6.8525,,,
,CHECKPOINT BATCH 51360,7.6534,,,
,CHECKPOINT BATCH 51365,6.8487,,,
,CHECKPOINT BATCH 51370,7.3184,,,
11:23:38,51373,6.0189,16.4610,5000,0.0556
,CHECKPOINT BATCH 51375,9.7737,,,
,CHECKPOINT BATCH 51380,9.6238,,,
,CHECKPOINT BATCH 51385,11.4388,,,
,CHECKPOINT BATCH 51390,7.1149,,,
11:23:40,51392,8.9069,15.3100,5000,0.0556
11:23:43,51395,7.6179,15.5425,5000,0.0556
,CHECKPOINT BATCH 51395,7.6179,,,
,CHECKPOINT BATCH 51400,6.9309,,,
,CHECKPOINT BATCH 51405,6.4450,,,
,CHECKPOINT BATCH 51410,10.6710,,,
11:23:45,51414,9.5867,14.9280,5000,0.0556
,CHECKPOINT BATCH 51415,7.0387,,,
,CHECKPOINT BATCH 51420,8.1300,,,
,CHECKPOINT BATCH 51425,7.1610,,,
,CHECKPOINT BATCH 51430,10.2413,,,
11:23:47,51433,11.0838,16.7550,5000,0.0555
,CHECKPOINT BATCH 51435,6.7578,,,
,CHECKPOINT BATCH 51440,6.1566,,,
,CHECKPOINT BATCH 51445,7.5415,,,
,CHECKPOINT BATCH 51450,15.1602,,,
11:23:49,51452,6.4388,18.1790,5000,0.0555
,CHECKPOINT BATCH 51455,7.2102,,,
,CHECKPOINT BATCH 51460,7.1111,,,
,CHECKPOINT BATCH 51465,8.3350,,,
,CHECKPOINT BATCH 51470,9.8440,,,
11:23:51,51471,5.1687,19.3460,5000,0.0555
,CHECKPOINT BATCH 51475,8.4517,,,
,CHECKPOINT BATCH 51480,6.8355,,,
,CHECKPOINT BATCH 51485,6.4860,,,
11:23:54,51490,10.9995,21.2410,5000,0.0555
,CHECKPOINT BATCH 51490,10.9995,,,
11:23:56,51491,6.9827,21.0920,5000,0.0555
,CHECKPOINT BATCH 51495,10.8999,,,
,CHECKPOINT BATCH 51500,7.3814,,,
,CHECKPOINT BATCH 51505,6.8022,,,
11:23:58,51510,5.1798,20.5580,5000,0.0555
,CHECKPOINT BATCH 51510,5.1798,,,
,CHECKPOINT BATCH 51515,8.6168,,,
,CHECKPOINT BATCH 51520,7.7442,,,
,CHECKPOINT BATCH 51525,7.6692,,,
11:24:00,51529,6.1969,21.1920,5000,0.0555
,CHECKPOINT BATCH 51530,7.4362,,,
,CHECKPOINT BATCH 51535,9.9466,,,
,CHECKPOINT BATCH 51540,7.2330,,,
,CHECKPOINT BATCH 51545,6.0206,,,
11:24:02,51548,8.5641,21.1735,5000,0.0555
,CHECKPOINT BATCH 51550,7.4030,,,
,CHECKPOINT BATCH 51555,6.3655,,,
,CHECKPOINT BATCH 51560,6.0644,,,
,CHECKPOINT BATCH 51565,10.7223,,,
11:24:04,51567,6.8942,20.6090,5000,0.0555
,CHECKPOINT BATCH 51570,8.1940,,,
,CHECKPOINT BATCH 51575,7.7181,,,
,CHECKPOINT BATCH 51580,5.5618,,,
,CHECKPOINT BATCH 51585,5.2516,,,
11:24:06,51586,8.0058,18.9315,5000,0.0555
,CHECKPOINT BATCH 51590,4.6633,,,
,CHECKPOINT BATCH 51595,7.7070,,,
,CHECKPOINT BATCH 51600,8.0965,,,
11:24:11,51605,7.6631,18.4205,5000,0.0555
,CHECKPOINT BATCH 51605,7.6631,,,
,CHECKPOINT BATCH 51610,8.3387,,,
,CHECKPOINT BATCH 51615,7.3765,,,
,CHECKPOINT BATCH 51620,8.3486,,,
11:24:13,51624,7.1964,14.9125,5000,0.0554
,CHECKPOINT BATCH 51625,7.5164,,,
,CHECKPOINT BATCH 51630,9.6184,,,
,CHECKPOINT BATCH 51635,8.5814,,,
,CHECKPOINT BATCH 51640,7.9340,,,
11:24:15,51643,15.1901,15.6640,5000,0.0554
,CHECKPOINT BATCH 51645,8.5281,,,
,CHECKPOINT BATCH 51650,9.9058,,,
,CHECKPOINT BATCH 51655,8.4193,,,
,CHECKPOINT BATCH 51660,5.6997,,,
11:24:17,51662,7.7886,16.5375,5000,0.0554
,CHECKPOINT BATCH 51665,6.8698,,,
,CHECKPOINT BATCH 51670,6.3360,,,
,CHECKPOINT BATCH 51675,8.6553,,,
11:24:19,51680,8.0099,18.3390,5000,0.0554
,CHECKPOINT BATCH 51680,8.0099,,,
,CHECKPOINT BATCH 51685,9.3804,,,
,CHECKPOINT BATCH 51690,6.0849,,,
,CHECKPOINT BATCH 51695,6.5496,,,
11:24:21,51699,12.4167,19.2835,5000,0.0554
,CHECKPOINT BATCH 51700,6.4166,,,
,CHECKPOINT BATCH 51705,6.7213,,,
11:24:25,51708,9.3904,20.0515,5000,0.0554
,CHECKPOINT BATCH 51710,7.7800,,,
,CHECKPOINT BATCH 51715,10.6447,,,
,CHECKPOINT BATCH 51720,6.9974,,,
,CHECKPOINT BATCH 51725,7.4491,,,
11:24:27,51726,5.9233,19.1215,5000,0.0554
,CHECKPOINT BATCH 51730,7.1371,,,
,CHECKPOINT BATCH 51735,7.7251,,,
,CHECKPOINT BATCH 51740,9.0908,,,
11:24:29,51745,7.8208,19.4535,5000,0.0554
,CHECKPOINT BATCH 51745,7.8208,,,
,CHECKPOINT BATCH 51750,6.5285,,,
,CHECKPOINT BATCH 51755,6.9756,,,
,CHECKPOINT BATCH 51760,4.9675,,,
11:24:31,51764,8.6871,19.4285,5000,0.0554
,CHECKPOINT BATCH 51765,6.9670,,,
,CHECKPOINT BATCH 51770,6.8735,,,
,CHECKPOINT BATCH 51775,6.5610,,,
,CHECKPOINT BATCH 51780,7.8728,,,
11:24:33,51783,7.2507,17.7790,5000,0.0554
,CHECKPOINT BATCH 51785,6.8323,,,
,CHECKPOINT BATCH 51790,7.1394,,,
,CHECKPOINT BATCH 51795,10.6409,,,
,CHECKPOINT BATCH 51800,10.6923,,,
11:24:35,51802,6.5039,17.3315,5000,0.0553
,CHECKPOINT BATCH 51805,9.7956,,,
,CHECKPOINT BATCH 51810,9.1156,,,
,CHECKPOINT BATCH 51815,9.8528,,,
,CHECKPOINT BATCH 51820,8.4708,,,
11:24:37,51821,8.0685,18.3425,5000,0.0553
,CHECKPOINT BATCH 51825,6.4641,,,
11:24:40,51827,8.8063,18.8805,5000,0.0553
,CHECKPOINT BATCH 51830,8.3794,,,
,CHECKPOINT BATCH 51835,5.8722,,,
,CHECKPOINT BATCH 51840,8.6480,,,
,CHECKPOINT BATCH 51845,7.1411,,,
11:24:42,51846,8.6789,17.1760,5000,0.0553
,CHECKPOINT BATCH 51850,6.5108,,,
,CHECKPOINT BATCH 51855,6.7969,,,
,CHECKPOINT BATCH 51860,8.3924,,,
11:24:44,51865,7.1206,17.1760,5000,0.0553
,CHECKPOINT BATCH 51865,7.1206,,,
,CHECKPOINT BATCH 51870,8.7129,,,
,CHECKPOINT BATCH 51875,7.6239,,,
,CHECKPOINT BATCH 51880,6.5366,,,
11:24:46,51884,10.3741,18.2165,5000,0.0553
,CHECKPOINT BATCH 51885,9.6384,,,
11:24:49,51889,7.2627,18.5190,5000,0.0553
,CHECKPOINT BATCH 51890,6.2692,,,
,CHECKPOINT BATCH 51895,6.4074,,,
,CHECKPOINT BATCH 51900,6.6536,,,
,CHECKPOINT BATCH 51905,6.1887,,,
11:24:51,51908,6.7974,20.7270,5000,0.0553
,CHECKPOINT BATCH 51910,9.0404,,,
,CHECKPOINT BATCH 51915,6.7948,,,
,CHECKPOINT BATCH 51920,7.4512,,,
,CHECKPOINT BATCH 51925,9.6251,,,
11:24:55,51926,6.1713,21.4095,5000,0.0553
,CHECKPOINT BATCH 51930,7.6830,,,
,CHECKPOINT BATCH 51935,7.0522,,,
,CHECKPOINT BATCH 51940,8.2651,,,
11:24:58,51945,7.7384,21.5440,5000,0.0553
,CHECKPOINT BATCH 51945,7.7384,,,
,CHECKPOINT BATCH 51950,15.8957,,,
,CHECKPOINT BATCH 51955,9.3907,,,
,CHECKPOINT BATCH 51960,5.6480,,,
11:25:00,51964,5.3777,21.8600,5000,0.0553
,CHECKPOINT BATCH 51965,11.6926,,,
,CHECKPOINT BATCH 51970,6.0392,,,
,CHECKPOINT BATCH 51975,7.9496,,,
,CHECKPOINT BATCH 51980,8.2809,,,
11:25:02,51983,9.1434,21.5770,5000,0.0552
,CHECKPOINT BATCH 51985,8.7737,,,
,CHECKPOINT BATCH 51990,10.5460,,,
,CHECKPOINT BATCH 51995,6.7053,,,
,CHECKPOINT BATCH 52000,4.7302,,,
11:25:04,52002,6.1956,20.0980,5000,0.0552
,CHECKPOINT BATCH 52005,6.6810,,,
,CHECKPOINT BATCH 52010,9.0220,,,
,CHECKPOINT BATCH 52015,6.9783,,,
,CHECKPOINT BATCH 52020,8.9448,,,
11:25:06,52021,5.2625,17.9850,5000,0.0552
11:25:08,52023,7.0379,18.1310,5000,0.0552
,CHECKPOINT BATCH 52025,9.9259,,,
,CHECKPOINT BATCH 52030,7.8546,,,
,CHECKPOINT BATCH 52035,7.0016,,,
,CHECKPOINT BATCH 52040,8.4657,,,
11:25:11,52042,6.7589,19.6115,5000,0.0552
,CHECKPOINT BATCH 52045,8.3726,,,
,CHECKPOINT BATCH 52050,6.0195,,,
,CHECKPOINT BATCH 52055,8.9632,,,
,CHECKPOINT BATCH 52060,6.0292,,,
11:25:13,52061,8.9085,18.3905,5000,0.0552
,CHECKPOINT BATCH 52065,6.6806,,,
,CHECKPOINT BATCH 52070,7.0003,,,
,CHECKPOINT BATCH 52075,5.3000,,,
11:25:15,52080,8.5055,19.2875,5000,0.0552
,CHECKPOINT BATCH 52080,8.5055,,,
,CHECKPOINT BATCH 52085,11.1170,,,
,CHECKPOINT BATCH 52090,6.9632,,,
,CHECKPOINT BATCH 52095,7.3089,,,
11:25:17,52099,12.9144,18.9990,5000,0.0552
,CHECKPOINT BATCH 52100,7.0618,,,
,CHECKPOINT BATCH 52105,7.1323,,,
,CHECKPOINT BATCH 52110,10.2666,,,
,CHECKPOINT BATCH 52115,11.5347,,,
11:25:21,52118,5.9406,20.4380,5000,0.0552
,CHECKPOINT BATCH 52120,9.4027,,,
,CHECKPOINT BATCH 52125,6.5550,,,
,CHECKPOINT BATCH 52130,14.5936,,,
,CHECKPOINT BATCH 52135,8.0915,,,
11:25:23,52137,6.8010,19.5810,5000,0.0552
,CHECKPOINT BATCH 52140,8.1623,,,
,CHECKPOINT BATCH 52145,7.5112,,,
,CHECKPOINT BATCH 52150,7.8134,,,
,CHECKPOINT BATCH 52155,13.1820,,,
11:25:25,52156,8.2004,20.5360,5000,0.0552
,CHECKPOINT BATCH 52160,7.0188,,,
,CHECKPOINT BATCH 52165,9.2855,,,
,CHECKPOINT BATCH 52170,6.6621,,,
11:25:27,52175,7.5453,18.8250,5000,0.0551
,CHECKPOINT BATCH 52175,7.5453,,,
,CHECKPOINT BATCH 52180,7.4376,,,
,CHECKPOINT BATCH 52185,7.2073,,,
,CHECKPOINT BATCH 52190,6.6879,,,
11:25:30,52194,6.7529,16.9835,5000,0.0551
,CHECKPOINT BATCH 52195,7.4128,,,
,CHECKPOINT BATCH 52200,6.9198,,,
,CHECKPOINT BATCH 52205,6.0263,,,
,CHECKPOINT BATCH 52210,7.6354,,,
11:25:32,52213,7.9788,16.4025,5000,0.0551
,CHECKPOINT BATCH 52215,10.1905,,,
,CHECKPOINT BATCH 52220,8.3303,,,
,CHECKPOINT BATCH 52225,6.9249,,,
,CHECKPOINT BATCH 52230,8.3339,,,
11:25:34,52232,9.6070,15.5595,5000,0.0551
,CHECKPOINT BATCH 52235,7.4919,,,
,CHECKPOINT BATCH 52240,7.8397,,,
,CHECKPOINT BATCH 52245,7.8542,,,
11:25:38,52247,6.8705,14.1140,5000,0.0551
,CHECKPOINT BATCH 52250,8.2628,,,
,CHECKPOINT BATCH 52255,6.0367,,,
,CHECKPOINT BATCH 52260,6.3970,,,
,CHECKPOINT BATCH 52265,10.8729,,,
11:25:40,52266,12.6333,12.9250,5000,0.0551
,CHECKPOINT BATCH 52270,9.0830,,,
,CHECKPOINT BATCH 52275,9.6871,,,
,CHECKPOINT BATCH 52280,6.0749,,,
11:25:42,52285,8.7442,15.6900,5000,0.0551
,CHECKPOINT BATCH 52285,8.7442,,,
,CHECKPOINT BATCH 52290,6.9307,,,
,CHECKPOINT BATCH 52295,7.2930,,,
,CHECKPOINT BATCH 52300,7.6352,,,
11:25:44,52304,10.5638,15.3405,5000,0.0551
,CHECKPOINT BATCH 52305,8.0409,,,
,CHECKPOINT BATCH 52310,6.9372,,,
11:25:47,52315,7.4888,14.2375,5000,0.0551
,CHECKPOINT BATCH 52315,7.4888,,,
,CHECKPOINT BATCH 52320,12.0214,,,
,CHECKPOINT BATCH 52325,6.3198,,,
,CHECKPOINT BATCH 52330,6.4120,,,
11:25:50,52334,6.1894,14.6945,5000,0.0551
,CHECKPOINT BATCH 52335,6.4594,,,
,CHECKPOINT BATCH 52340,11.1780,,,
,CHECKPOINT BATCH 52345,8.0969,,,
,CHECKPOINT BATCH 52350,6.1233,,,
11:25:52,52353,7.2437,16.4295,5000,0.0551
,CHECKPOINT BATCH 52355,5.8405,,,
,CHECKPOINT BATCH 52360,7.7616,,,
,CHECKPOINT BATCH 52365,6.6864,,,
,CHECKPOINT BATCH 52370,6.9902,,,
11:25:54,52372,7.9453,15.9400,5000,0.0550
,CHECKPOINT BATCH 52375,7.6998,,,
,CHECKPOINT BATCH 52380,7.9080,,,
,CHECKPOINT BATCH 52385,5.5811,,,
,CHECKPOINT BATCH 52390,9.6869,,,
11:25:56,52391,8.9700,14.6880,5000,0.0550
,CHECKPOINT BATCH 52395,6.5364,,,
,CHECKPOINT BATCH 52400,5.6972,,,
,CHECKPOINT BATCH 52405,9.7239,,,
11:25:58,52410,7.9364,16.0870,5000,0.0550
,CHECKPOINT BATCH 52410,7.9364,,,
,CHECKPOINT BATCH 52415,13.9521,,,
,CHECKPOINT BATCH 52420,10.6702,,,
,CHECKPOINT BATCH 52425,8.6173,,,
11:26:00,52429,17.7171,15.6585,5000,0.0550
,CHECKPOINT BATCH 52430,4.7603,,,
,CHECKPOINT BATCH 52435,9.9966,,,
11:26:03,52440,7.8656,15.6150,5000,0.0550
,CHECKPOINT BATCH 52440,7.8656,,,
,CHECKPOINT BATCH 52445,7.8179,,,
,CHECKPOINT BATCH 52450,8.1429,,,
,CHECKPOINT BATCH 52455,6.0653,,,
11:26:06,52459,7.6922,13.9345,5000,0.0550
,CHECKPOINT BATCH 52460,8.4683,,,
,CHECKPOINT BATCH 52465,5.6287,,,
,CHECKPOINT BATCH 52470,6.0038,,,
,CHECKPOINT BATCH 52475,10.9115,,,
11:26:08,52478,4.9680,16.4105,5000,0.0550
,CHECKPOINT BATCH 52480,8.2714,,,
,CHECKPOINT BATCH 52485,5.0358,,,
,CHECKPOINT BATCH 52490,8.2671,,,
,CHECKPOINT BATCH 52495,10.6030,,,
11:26:10,52497,7.1724,18.5790,5000,0.0550
,CHECKPOINT BATCH 52500,4.7527,,,
,CHECKPOINT BATCH 52505,10.9598,,,
,CHECKPOINT BATCH 52510,5.0614,,,
,CHECKPOINT BATCH 52515,8.0363,,,
11:26:12,52516,11.3343,20.5400,5000,0.0550
,CHECKPOINT BATCH 52520,9.0064,,,
,CHECKPOINT BATCH 52525,9.5089,,,
11:26:15,52528,6.4193,21.7215,5000,0.0550
,CHECKPOINT BATCH 52530,10.8732,,,
,CHECKPOINT BATCH 52535,7.3659,,,
,CHECKPOINT BATCH 52540,8.0396,,,
,CHECKPOINT BATCH 52545,9.7020,,,
11:26:18,52547,8.7582,23.5805,5000,0.0550
,CHECKPOINT BATCH 52550,8.4156,,,
,CHECKPOINT BATCH 52555,9.3281,,,
,CHECKPOINT BATCH 52560,8.2938,,,
,CHECKPOINT BATCH 52565,10.8263,,,
11:26:22,52566,8.4181,23.9080,5000,0.0550
,CHECKPOINT BATCH 52570,4.7144,,,
,CHECKPOINT BATCH 52575,5.7309,,,
,CHECKPOINT BATCH 52580,7.3871,,,
11:26:24,52585,6.8256,23.1160,5000,0.0549
,CHECKPOINT BATCH 52585,6.8256,,,
,CHECKPOINT BATCH 52590,10.7052,,,
,CHECKPOINT BATCH 52595,8.2717,,,
,CHECKPOINT BATCH 52600,9.8573,,,
11:26:26,52604,5.1763,22.8060,5000,0.0549
,CHECKPOINT BATCH 52605,8.7759,,,
,CHECKPOINT BATCH 52610,9.5396,,,
,CHECKPOINT BATCH 52615,8.7935,,,
,CHECKPOINT BATCH 52620,7.9866,,,
11:26:28,52623,9.5687,23.1330,5000,0.0549
,CHECKPOINT BATCH 52625,6.4962,,,
,CHECKPOINT BATCH 52630,7.7603,,,
,CHECKPOINT BATCH 52635,7.0630,,,
,CHECKPOINT BATCH 52640,8.4490,,,
11:26:30,52642,14.7453,21.4840,5000,0.0549
,CHECKPOINT BATCH 52645,11.2397,,,
,CHECKPOINT BATCH 52650,5.3983,,,
,CHECKPOINT BATCH 52655,7.5855,,,
11:26:34,52657,6.4590,22.0050,5000,0.0549
,CHECKPOINT BATCH 52660,7.4359,,,
,CHECKPOINT BATCH 52665,18.2915,,,
,CHECKPOINT BATCH 52670,12.8629,,,
,CHECKPOINT BATCH 52675,5.7891,,,
11:26:36,52676,11.9861,22.9900,5000,0.0549
,CHECKPOINT BATCH 52680,7.2239,,,
,CHECKPOINT BATCH 52685,7.8123,,,
,CHECKPOINT BATCH 52690,9.6251,,,
11:26:38,52695,9.5448,21.7300,5000,0.0549
,CHECKPOINT BATCH 52695,9.5448,,,
,CHECKPOINT BATCH 52700,9.7722,,,
,CHECKPOINT BATCH 52705,7.9407,,,
,CHECKPOINT BATCH 52710,10.6100,,,
11:26:41,52714,11.0283,19.8890,5000,0.0549
,CHECKPOINT BATCH 52715,14.2192,,,
,CHECKPOINT BATCH 52720,9.1029,,,
,CHECKPOINT BATCH 52725,11.6934,,,
,CHECKPOINT BATCH 52730,6.9843,,,
11:26:43,52733,8.1408,20.5000,5000,0.0549
,CHECKPOINT BATCH 52735,6.4427,,,
,CHECKPOINT BATCH 52740,10.6976,,,
,CHECKPOINT BATCH 52745,8.9748,,,
,CHECKPOINT BATCH 52750,11.3137,,,
11:26:45,52752,6.4040,20.6350,5000,0.0549
11:26:47,52754,7.2641,21.6340,5000,0.0549
,CHECKPOINT BATCH 52755,6.0864,,,
,CHECKPOINT BATCH 52760,8.1172,,,
,CHECKPOINT BATCH 52765,7.4572,,,
,CHECKPOINT BATCH 52770,5.4526,,,
11:26:49,52772,17.2618,19.8515,5000,0.0549
,CHECKPOINT BATCH 52775,6.8374,,,
,CHECKPOINT BATCH 52780,6.8330,,,
,CHECKPOINT BATCH 52785,5.3398,,,
,CHECKPOINT BATCH 52790,5.6463,,,
11:26:51,52791,6.7204,20.3175,5000,0.0548
11:26:54,52794,10.0605,20.1695,5000,0.0548
,CHECKPOINT BATCH 52795,6.4250,,,
,CHECKPOINT BATCH 52800,7.3953,,,
,CHECKPOINT BATCH 52805,9.0044,,,
,CHECKPOINT BATCH 52810,7.1405,,,
11:26:56,52813,8.2080,18.0670,5000,0.0548
,CHECKPOINT BATCH 52815,7.8434,,,
,CHECKPOINT BATCH 52820,9.3413,,,
,CHECKPOINT BATCH 52825,11.1467,,,
,CHECKPOINT BATCH 52830,8.2335,,,
11:26:58,52832,7.6791,19.7120,5000,0.0548
,CHECKPOINT BATCH 52835,11.2620,,,
,CHECKPOINT BATCH 52840,8.2918,,,
,CHECKPOINT BATCH 52845,12.8896,,,
,CHECKPOINT BATCH 52850,8.2858,,,
11:27:00,52851,5.8165,20.7690,5000,0.0548
,CHECKPOINT BATCH 52855,7.0882,,,
,CHECKPOINT BATCH 52860,8.9788,,,
,CHECKPOINT BATCH 52865,8.6078,,,
11:27:02,52870,12.6951,19.1915,5000,0.0548
,CHECKPOINT BATCH 52870,12.6951,,,
,CHECKPOINT BATCH 52875,7.7870,,,
,CHECKPOINT BATCH 52880,5.7780,,,
,CHECKPOINT BATCH 52885,10.0667,,,
11:27:04,52889,10.2731,17.7965,5000,0.0548
,CHECKPOINT BATCH 52890,10.2503,,,
,CHECKPOINT BATCH 52895,6.7297,,,
11:27:08,52899,6.8821,20.4885,5000,0.0548
,CHECKPOINT BATCH 52900,7.4349,,,
,CHECKPOINT BATCH 52905,6.2441,,,
,CHECKPOINT BATCH 52910,7.5357,,,
,CHECKPOINT BATCH 52915,7.0014,,,
11:27:10,52918,9.3029,22.7805,5000,0.0548
,CHECKPOINT BATCH 52920,10.6232,,,
,CHECKPOINT BATCH 52925,6.9691,,,
,CHECKPOINT BATCH 52930,6.8413,,,
,CHECKPOINT BATCH 52935,6.3809,,,
11:27:12,52937,8.0288,21.5660,5000,0.0548
,CHECKPOINT BATCH 52940,11.3258,,,
,CHECKPOINT BATCH 52945,5.8818,,,
,CHECKPOINT BATCH 52950,8.1117,,,
,CHECKPOINT BATCH 52955,10.1288,,,
11:27:14,52956,9.7740,19.2395,5000,0.0548
,CHECKPOINT BATCH 52960,6.9761,,,
,CHECKPOINT BATCH 52965,8.5714,,,
,CHECKPOINT BATCH 52970,8.2186,,,
11:27:16,52975,8.5375,17.6640,5000,0.0548
,CHECKPOINT BATCH 52975,8.5375,,,
,CHECKPOINT BATCH 52980,13.6183,,,
11:27:19,52982,8.9345,17.3290,5000,0.0548
,CHECKPOINT BATCH 52985,5.9827,,,
,CHECKPOINT BATCH 52990,7.7877,,,
,CHECKPOINT BATCH 52995,8.7639,,,
,CHECKPOINT BATCH 53000,10.7784,,,
11:27:21,53001,11.1977,17.3485,5000,0.0547
,CHECKPOINT BATCH 53005,9.4925,,,
,CHECKPOINT BATCH 53010,7.2525,,,
,CHECKPOINT BATCH 53015,6.1636,,,
11:27:23,53020,8.9282,16.4135,5000,0.0547
,CHECKPOINT BATCH 53020,8.9282,,,
,CHECKPOINT BATCH 53025,9.7268,,,
,CHECKPOINT BATCH 53030,10.0151,,,
,CHECKPOINT BATCH 53035,9.8232,,,
11:27:26,53039,7.3494,17.1480,5000,0.0547
,CHECKPOINT BATCH 53040,5.7568,,,
,CHECKPOINT BATCH 53045,6.1752,,,
,CHECKPOINT BATCH 53050,9.8157,,,
,CHECKPOINT BATCH 53055,8.3999,,,
11:27:28,53058,8.2355,17.7920,5000,0.0547
,CHECKPOINT BATCH 53060,7.4972,,,
,CHECKPOINT BATCH 53065,10.8717,,,
,CHECKPOINT BATCH 53070,7.6904,,,
,CHECKPOINT BATCH 53075,11.9128,,,
11:27:30,53077,8.4946,17.8090,5000,0.0547
11:27:32,53080,9.9288,17.9610,5000,0.0547
,CHECKPOINT BATCH 53080,9.9288,,,
,CHECKPOINT BATCH 53085,8.1329,,,
,CHECKPOINT BATCH 53090,7.8892,,,
,CHECKPOINT BATCH 53095,7.3090,,,
11:27:34,53099,9.5090,17.2190,5000,0.0547
,CHECKPOINT BATCH 53100,6.7498,,,
,CHECKPOINT BATCH 53105,9.8544,,,
,CHECKPOINT BATCH 53110,10.2751,,,
,CHECKPOINT BATCH 53115,8.8220,,,
11:27:37,53118,8.5876,17.4290,5000,0.0547
,CHECKPOINT BATCH 53120,10.0675,,,
,CHECKPOINT BATCH 53125,7.8052,,,
,CHECKPOINT BATCH 53130,6.9002,,,
,CHECKPOINT BATCH 53135,9.7780,,,
11:27:39,53137,5.8931,17.4660,5000,0.0547
,CHECKPOINT BATCH 53140,6.6924,,,
,CHECKPOINT BATCH 53145,6.7935,,,
,CHECKPOINT BATCH 53150,6.5130,,,
,CHECKPOINT BATCH 53155,9.7065,,,
11:27:41,53156,7.3853,18.7110,5000,0.0547
,CHECKPOINT BATCH 53160,7.0122,,,
,CHECKPOINT BATCH 53165,5.7647,,,
11:27:44,53169,7.6133,21.2720,5000,0.0547
,CHECKPOINT BATCH 53170,7.0072,,,
,CHECKPOINT BATCH 53175,6.0869,,,
,CHECKPOINT BATCH 53180,8.1432,,,
,CHECKPOINT BATCH 53185,10.5290,,,
11:27:47,53188,6.6723,22.9930,5000,0.0547
,CHECKPOINT BATCH 53190,6.2049,,,
,CHECKPOINT BATCH 53195,6.3055,,,
,CHECKPOINT BATCH 53200,4.4108,,,
,CHECKPOINT BATCH 53205,5.8774,,,
11:27:49,53207,8.2994,22.7230,5000,0.0546
,CHECKPOINT BATCH 53210,8.7410,,,
,CHECKPOINT BATCH 53215,6.4104,,,
,CHECKPOINT BATCH 53220,8.8923,,,
11:27:51,53225,8.3555,22.0645,5000,0.0546
,CHECKPOINT BATCH 53225,8.3555,,,
,CHECKPOINT BATCH 53230,10.0799,,,
,CHECKPOINT BATCH 53235,7.9915,,,
,CHECKPOINT BATCH 53240,6.2707,,,
11:27:53,53244,6.8893,20.2470,5000,0.0546
,CHECKPOINT BATCH 53245,6.6314,,,
,CHECKPOINT BATCH 53250,6.2168,,,
,CHECKPOINT BATCH 53255,8.0572,,,
,CHECKPOINT BATCH 53260,6.9851,,,
11:27:55,53263,8.2968,18.7210,5000,0.0546
,CHECKPOINT BATCH 53265,10.4614,,,
,CHECKPOINT BATCH 53270,8.0820,,,
,CHECKPOINT BATCH 53275,6.4444,,,
,CHECKPOINT BATCH 53280,11.0528,,,
11:27:59,53282,5.7540,16.8980,5000,0.0546
,CHECKPOINT BATCH 53285,8.2404,,,
,CHECKPOINT BATCH 53290,7.7288,,,
,CHECKPOINT BATCH 53295,5.5838,,,
,CHECKPOINT BATCH 53300,6.6314,,,
11:28:01,53301,10.0355,16.5345,5000,0.0546
,CHECKPOINT BATCH 53305,8.0894,,,
,CHECKPOINT BATCH 53310,5.4315,,,
,CHECKPOINT BATCH 53315,6.4966,,,
11:28:03,53320,6.3832,17.3320,5000,0.0546
,CHECKPOINT BATCH 53320,6.3832,,,
,CHECKPOINT BATCH 53325,7.6810,,,
,CHECKPOINT BATCH 53330,8.7597,,,
,CHECKPOINT BATCH 53335,7.7494,,,
11:28:05,53339,9.9613,17.1365,5000,0.0546
,CHECKPOINT BATCH 53340,5.5634,,,
,CHECKPOINT BATCH 53345,9.9867,,,
,CHECKPOINT BATCH 53350,6.1634,,,
,CHECKPOINT BATCH 53355,12.1451,,,
11:28:08,53358,10.2330,17.5795,5000,0.0546
,CHECKPOINT BATCH 53360,6.4867,,,
,CHECKPOINT BATCH 53365,8.6697,,,
,CHECKPOINT BATCH 53370,5.3813,,,
,CHECKPOINT BATCH 53375,4.3143,,,
11:28:10,53376,9.7744,18.1760,5000,0.0546
,CHECKPOINT BATCH 53380,7.7163,,,
,CHECKPOINT BATCH 53385,7.3059,,,
11:28:13,53388,8.7320,17.0185,5000,0.0546
,CHECKPOINT BATCH 53390,5.8972,,,
,CHECKPOINT BATCH 53395,4.4497,,,
,CHECKPOINT BATCH 53400,6.9376,,,
,CHECKPOINT BATCH 53405,6.4789,,,
11:28:15,53407,7.8387,17.1450,5000,0.0546
,CHECKPOINT BATCH 53410,15.8513,,,
,CHECKPOINT BATCH 53415,9.0574,,,
,CHECKPOINT BATCH 53420,8.2986,,,
,CHECKPOINT BATCH 53425,10.0347,,,
11:28:17,53426,5.4365,17.0000,5000,0.0545
11:28:20,53427,7.4619,16.8485,5000,0.0545
,CHECKPOINT BATCH 53430,5.3913,,,
,CHECKPOINT BATCH 53435,6.5942,,,
,CHECKPOINT BATCH 53440,6.8191,,,
,CHECKPOINT BATCH 53445,9.9663,,,
11:28:22,53446,9.3476,15.8015,5000,0.0545
,CHECKPOINT BATCH 53450,7.4107,,,
,CHECKPOINT BATCH 53455,5.8742,,,
,CHECKPOINT BATCH 53460,6.8021,,,
11:28:24,53465,8.7736,18.2350,5000,0.0545
,CHECKPOINT BATCH 53465,8.7736,,,
,CHECKPOINT BATCH 53470,6.4870,,,
,CHECKPOINT BATCH 53475,9.0787,,,
11:28:28,53478,10.2292,18.8365,5000,0.0545
,CHECKPOINT BATCH 53480,9.4326,,,
,CHECKPOINT BATCH 53485,7.8526,,,
,CHECKPOINT BATCH 53490,6.4018,,,
,CHECKPOINT BATCH 53495,7.7428,,,
11:28:30,53497,7.9117,16.2720,5000,0.0545
,CHECKPOINT BATCH 53500,9.0528,,,
,CHECKPOINT BATCH 53505,9.2424,,,
,CHECKPOINT BATCH 53510,9.3186,,,
,CHECKPOINT BATCH 53515,9.9174,,,
11:28:32,53516,7.6543,16.8460,5000,0.0545
,CHECKPOINT BATCH 53520,8.4199,,,
,CHECKPOINT BATCH 53525,6.4730,,,
,CHECKPOINT BATCH 53530,8.3127,,,
11:28:34,53535,7.6740,19.1640,5000,0.0545
,CHECKPOINT BATCH 53535,7.6740,,,
,CHECKPOINT BATCH 53540,8.8038,,,
,CHECKPOINT BATCH 53545,6.8956,,,
,CHECKPOINT BATCH 53550,6.2615,,,
11:28:36,53554,10.2015,18.8465,5000,0.0545
,CHECKPOINT BATCH 53555,16.6796,,,
,CHECKPOINT BATCH 53560,4.2364,,,
,CHECKPOINT BATCH 53565,8.1153,,,
,CHECKPOINT BATCH 53570,5.1982,,,
11:28:38,53573,7.2341,16.0930,5000,0.0545
,CHECKPOINT BATCH 53575,9.3313,,,
,CHECKPOINT BATCH 53580,5.7346,,,
,CHECKPOINT BATCH 53585,12.2006,,,
,CHECKPOINT BATCH 53590,8.2681,,,
11:28:40,53592,7.4594,17.8205,5000,0.0545
,CHECKPOINT BATCH 53595,6.8920,,,
,CHECKPOINT BATCH 53600,7.2213,,,
11:28:44,53603,7.0263,16.3045,5000,0.0545
,CHECKPOINT BATCH 53605,13.1963,,,
,CHECKPOINT BATCH 53610,10.8847,,,
,CHECKPOINT BATCH 53615,9.5227,,,
,CHECKPOINT BATCH 53620,6.2853,,,
11:28:46,53622,8.4615,12.6340,5000,0.0545
,CHECKPOINT BATCH 53625,8.3295,,,
,CHECKPOINT BATCH 53630,9.1110,,,
,CHECKPOINT BATCH 53635,9.5214,,,
,CHECKPOINT BATCH 53640,14.0517,,,
11:28:48,53641,7.3860,14.1780,5000,0.0544
,CHECKPOINT BATCH 53645,13.1191,,,
,CHECKPOINT BATCH 53650,8.3825,,,
,CHECKPOINT BATCH 53655,8.5165,,,
11:28:50,53660,5.8641,15.0740,5000,0.0544
,CHECKPOINT BATCH 53660,5.8641,,,
,CHECKPOINT BATCH 53665,9.6874,,,
,CHECKPOINT BATCH 53670,9.5256,,,
,CHECKPOINT BATCH 53675,8.2877,,,
11:28:52,53679,11.3882,16.3480,5000,0.0544
,CHECKPOINT BATCH 53680,8.6618,,,
,CHECKPOINT BATCH 53685,7.9008,,,
,CHECKPOINT BATCH 53690,10.1680,,,
,CHECKPOINT BATCH 53695,8.2534,,,
11:28:54,53698,7.8528,17.1940,5000,0.0544
,CHECKPOINT BATCH 53700,7.0256,,,
,CHECKPOINT BATCH 53705,6.8656,,,
,CHECKPOINT BATCH 53710,6.8762,,,
11:28:58,53711,6.3743,20.5090,5000,0.0544
,CHECKPOINT BATCH 53715,12.0454,,,
,CHECKPOINT BATCH 53720,10.1499,,,
,CHECKPOINT BATCH 53725,7.5712,,,
11:29:00,53730,6.1311,21.4040,5000,0.0544
,CHECKPOINT BATCH 53730,6.1311,,,
,CHECKPOINT BATCH 53735,10.2420,,,
,CHECKPOINT BATCH 53740,6.6106,,,
,CHECKPOINT BATCH 53745,5.6654,,,
11:29:02,53749,7.4964,20.5030,5000,0.0544
,CHECKPOINT BATCH 53750,8.6727,,,
,CHECKPOINT BATCH 53755,7.8301,,,
,CHECKPOINT BATCH 53760,8.7129,,,
,CHECKPOINT BATCH 53765,8.3811,,,
11:29:04,53768,11.0620,21.1145,5000,0.0544
,CHECKPOINT BATCH 53770,5.8775,,,
,CHECKPOINT BATCH 53775,4.5250,,,
,CHECKPOINT BATCH 53780,6.5720,,,
,CHECKPOINT BATCH 53785,7.5495,,,
11:29:06,53787,6.5778,21.2385,5000,0.0544
,CHECKPOINT BATCH 53790,7.3172,,,
11:29:09,53791,7.0064,21.0835,5000,0.0544
,CHECKPOINT BATCH 53795,7.6958,,,
,CHECKPOINT BATCH 53800,6.4129,,,
,CHECKPOINT BATCH 53805,7.5326,,,
11:29:11,53810,9.0913,19.9450,5000,0.0544
,CHECKPOINT BATCH 53810,9.0913,,,
,CHECKPOINT BATCH 53815,8.7403,,,
,CHECKPOINT BATCH 53820,8.5807,,,
,CHECKPOINT BATCH 53825,10.5433,,,
11:29:13,53829,10.8012,19.3425,5000,0.0544
,CHECKPOINT BATCH 53830,9.0222,,,
,CHECKPOINT BATCH 53835,6.5459,,,
,CHECKPOINT BATCH 53840,6.7723,,,
11:29:17,53841,9.9138,18.1250,5000,0.0544
,CHECKPOINT BATCH 53845,9.4499,,,
,CHECKPOINT BATCH 53850,8.5821,,,
,CHECKPOINT BATCH 53855,6.7447,,,
11:29:19,53860,6.5661,17.8145,5000,0.0544
,CHECKPOINT BATCH 53860,6.5661,,,
,CHECKPOINT BATCH 53865,5.7511,,,
,CHECKPOINT BATCH 53870,6.7919,,,
,CHECKPOINT BATCH 53875,8.8532,,,
11:29:21,53879,8.8621,18.1045,5000,0.0543
,CHECKPOINT BATCH 53880,5.7967,,,
,CHECKPOINT BATCH 53885,8.6574,,,
11:29:24,53887,6.3747,17.8055,5000,0.0543
,CHECKPOINT BATCH 53890,7.8542,,,
,CHECKPOINT BATCH 53895,8.2531,,,
,CHECKPOINT BATCH 53900,6.5522,,,
,CHECKPOINT BATCH 53905,6.9870,,,
11:29:26,53906,9.8742,16.8485,5000,0.0543
,CHECKPOINT BATCH 53910,4.9083,,,
,CHECKPOINT BATCH 53915,7.5949,,,
,CHECKPOINT BATCH 53920,11.1443,,,
11:29:28,53925,10.6567,17.7225,5000,0.0543
,CHECKPOINT BATCH 53925,10.6567,,,
,CHECKPOINT BATCH 53930,7.7187,,,
,CHECKPOINT BATCH 53935,6.6127,,,
11:29:32,53939,10.3928,18.7690,5000,0.0543
,CHECKPOINT BATCH 53940,11.4087,,,
,CHECKPOINT BATCH 53945,8.2688,,,
,CHECKPOINT BATCH 53950,11.2385,,,
,CHECKPOINT BATCH 53955,9.1405,,,
11:29:34,53958,7.5670,20.4395,5000,0.0543
,CHECKPOINT BATCH 53960,7.7687,,,
,CHECKPOINT BATCH 53965,6.5250,,,
,CHECKPOINT BATCH 53970,7.1797,,,
,CHECKPOINT BATCH 53975,7.7190,,,
11:29:36,53977,7.4701,20.1845,5000,0.0543
,CHECKPOINT BATCH 53980,17.5309,,,
,CHECKPOINT BATCH 53985,7.6218,,,
,CHECKPOINT BATCH 53990,7.7015,,,
,CHECKPOINT BATCH 53995,9.5119,,,
11:29:39,53996,5.4552,20.4755,5000,0.0543
,CHECKPOINT BATCH 54000,9.2871,,,
,CHECKPOINT BATCH 54005,8.7464,,,
,CHECKPOINT BATCH 54010,4.8011,,,
11:29:41,54015,10.8992,18.5360,5000,0.0543
,CHECKPOINT BATCH 54015,10.8992,,,
,CHECKPOINT BATCH 54020,9.3376,,,
,CHECKPOINT BATCH 54025,6.6391,,,
,CHECKPOINT BATCH 54030,9.2161,,,
11:29:45,54033,6.2474,16.5710,5000,0.0543
,CHECKPOINT BATCH 54035,7.0607,,,
,CHECKPOINT BATCH 54040,11.2922,,,
,CHECKPOINT BATCH 54045,10.2426,,,
,CHECKPOINT BATCH 54050,7.8175,,,
11:29:47,54052,9.2070,13.0515,5000,0.0543
,CHECKPOINT BATCH 54055,12.0717,,,
,CHECKPOINT BATCH 54060,6.5444,,,
11:29:51,54064,8.8010,12.2575,5000,0.0543
,CHECKPOINT BATCH 54065,8.7688,,,
,CHECKPOINT BATCH 54070,8.9032,,,
,CHECKPOINT BATCH 54075,5.8387,,,
,CHECKPOINT BATCH 54080,6.8392,,,
11:29:53,54083,9.3890,11.6355,5000,0.0543
,CHECKPOINT BATCH 54085,5.8850,,,
,CHECKPOINT BATCH 54090,6.1271,,,
,CHECKPOINT BATCH 54095,5.5139,,,
,CHECKPOINT BATCH 54100,11.2615,,,
11:29:55,54102,6.1241,14.9895,5000,0.0542
,CHECKPOINT BATCH 54105,11.5829,,,
,CHECKPOINT BATCH 54110,8.3136,,,
,CHECKPOINT BATCH 54115,10.2986,,,
11:29:57,54120,10.2099,15.9110,5000,0.0542
,CHECKPOINT BATCH 54120,10.2099,,,
,CHECKPOINT BATCH 54125,7.4557,,,
,CHECKPOINT BATCH 54130,8.0586,,,
,CHECKPOINT BATCH 54135,8.8037,,,
11:29:59,54139,8.9967,17.0005,5000,0.0542
,CHECKPOINT BATCH 54140,8.7547,,,
,CHECKPOINT BATCH 54145,10.3688,,,
,CHECKPOINT BATCH 54150,8.4301,,,
,CHECKPOINT BATCH 54155,6.4659,,,
11:30:01,54158,7.4982,18.4010,5000,0.0542
,CHECKPOINT BATCH 54160,13.0632,,,
,CHECKPOINT BATCH 54165,7.3214,,,
11:30:04,54166,7.4796,20.3260,5000,0.0542
,CHECKPOINT BATCH 54170,6.0552,,,
,CHECKPOINT BATCH 54175,6.6912,,,
,CHECKPOINT BATCH 54180,7.2737,,,
11:30:06,54185,7.2730,20.6345,5000,0.0542
,CHECKPOINT BATCH 54185,7.2730,,,
,CHECKPOINT BATCH 54190,7.5951,,,
,CHECKPOINT BATCH 54195,6.5922,,,
,CHECKPOINT BATCH 54200,11.6765,,,
11:30:08,54204,8.1126,20.8155,5000,0.0542
,CHECKPOINT BATCH 54205,7.1372,,,
,CHECKPOINT BATCH 54210,8.4864,,,
,CHECKPOINT BATCH 54215,4.2565,,,
11:30:12,54217,6.8296,20.7975,5000,0.0542
,CHECKPOINT BATCH 54220,5.4388,,,
,CHECKPOINT BATCH 54225,7.4006,,,
,CHECKPOINT BATCH 54230,9.9156,,,
,CHECKPOINT BATCH 54235,6.2367,,,
11:30:14,54236,9.0953,21.4190,5000,0.0542
,CHECKPOINT BATCH 54240,7.9161,,,
,CHECKPOINT BATCH 54245,8.2417,,,
,CHECKPOINT BATCH 54250,8.5951,,,
11:30:16,54255,6.6614,21.7650,5000,0.0542
,CHECKPOINT BATCH 54255,6.6614,,,
,CHECKPOINT BATCH 54260,16.4377,,,
,CHECKPOINT BATCH 54265,6.3174,,,
,CHECKPOINT BATCH 54270,6.5808,,,
11:30:18,54274,7.0685,19.8795,5000,0.0542
,CHECKPOINT BATCH 54275,6.6309,,,
,CHECKPOINT BATCH 54280,7.6122,,,
,CHECKPOINT BATCH 54285,9.6513,,,
,CHECKPOINT BATCH 54290,6.2310,,,
11:30:20,54293,8.9620,19.8655,5000,0.0542
,CHECKPOINT BATCH 54295,9.6369,,,
,CHECKPOINT BATCH 54300,9.1052,,,
11:30:24,54303,12.1430,19.3835,5000,0.0542
,CHECKPOINT BATCH 54305,6.9838,,,
,CHECKPOINT BATCH 54310,9.9099,,,
,CHECKPOINT BATCH 54315,7.6436,,,
,CHECKPOINT BATCH 54320,5.7418,,,
11:30:26,54322,8.7216,20.6995,5000,0.0542
,CHECKPOINT BATCH 54325,6.5430,,,
,CHECKPOINT BATCH 54330,6.4828,,,
,CHECKPOINT BATCH 54335,7.2862,,,
,CHECKPOINT BATCH 54340,8.0923,,,
11:30:28,54341,11.2170,21.1425,5000,0.0541
,CHECKPOINT BATCH 54345,8.0100,,,
,CHECKPOINT BATCH 54350,8.2358,,,
,CHECKPOINT BATCH 54355,6.3630,,,
11:30:30,54360,7.0472,22.6365,5000,0.0541
,CHECKPOINT BATCH 54360,7.0472,,,
,CHECKPOINT BATCH 54365,6.2266,,,
,CHECKPOINT BATCH 54370,9.2331,,,
,CHECKPOINT BATCH 54375,9.9588,,,
11:30:34,54377,9.1960,24.7025,5000,0.0541
,CHECKPOINT BATCH 54380,6.9448,,,
,CHECKPOINT BATCH 54385,5.6862,,,
,CHECKPOINT BATCH 54390,11.8451,,,
,CHECKPOINT BATCH 54395,5.9402,,,
11:30:36,54396,8.5798,24.8775,5000,0.0541
,CHECKPOINT BATCH 54400,9.1828,,,
,CHECKPOINT BATCH 54405,7.9862,,,
,CHECKPOINT BATCH 54410,8.1890,,,
11:30:39,54415,8.3626,25.8830,5000,0.0541
,CHECKPOINT BATCH 54415,8.3626,,,
,CHECKPOINT BATCH 54420,8.3318,,,
,CHECKPOINT BATCH 54425,6.4844,,,
11:30:42,54429,14.9047,25.7180,5000,0.0541
,CHECKPOINT BATCH 54430,10.6003,,,
,CHECKPOINT BATCH 54435,5.4442,,,
,CHECKPOINT BATCH 54440,8.6554,,,
,CHECKPOINT BATCH 54445,6.3209,,,
11:30:45,54448,11.8611,24.2280,5000,0.0541
,CHECKPOINT BATCH 54450,8.9637,,,
,CHECKPOINT BATCH 54455,23.0073,,,
,CHECKPOINT BATCH 54460,7.5150,,,
,CHECKPOINT BATCH 54465,7.1325,,,
11:30:47,54467,12.6807,23.6290,5000,0.0541
,CHECKPOINT BATCH 54470,9.6507,,,
,CHECKPOINT BATCH 54475,7.7931,,,
,CHECKPOINT BATCH 54480,5.6774,,,
,CHECKPOINT BATCH 54485,7.3639,,,
11:30:49,54486,7.4324,22.6100,5000,0.0541
,CHECKPOINT BATCH 54490,12.2382,,,
,CHECKPOINT BATCH 54495,11.8743,,,
,CHECKPOINT BATCH 54500,17.3777,,,
11:30:51,54505,8.0477,20.7490,5000,0.0541
,CHECKPOINT BATCH 54505,8.0477,,,
,CHECKPOINT BATCH 54510,11.9648,,,
,CHECKPOINT BATCH 54515,5.5563,,,
,CHECKPOINT BATCH 54520,10.7782,,,
11:30:53,54524,7.1822,18.6380,5000,0.0541
,CHECKPOINT BATCH 54525,6.3313,,,
11:30:56,54529,7.8235,18.4880,5000,0.0541
,CHECKPOINT BATCH 54530,7.8553,,,
,CHECKPOINT BATCH 54535,9.7367,,,
,CHECKPOINT BATCH 54540,4.6057,,,
,CHECKPOINT BATCH 54545,5.6287,,,
11:30:58,54548,8.5330,18.3320,5000,0.0541
,CHECKPOINT BATCH 54550,11.4749,,,
,CHECKPOINT BATCH 54555,4.3533,,,
,CHECKPOINT BATCH 54560,9.3315,,,
,CHECKPOINT BATCH 54565,6.8710,,,
11:31:00,54567,5.0100,18.1710,5000,0.0541
,CHECKPOINT BATCH 54570,7.7718,,,
,CHECKPOINT BATCH 54575,10.1799,,,
,CHECKPOINT BATCH 54580,6.7357,,,
,CHECKPOINT BATCH 54585,9.0387,,,
11:31:02,54586,9.1080,19.1170,5000,0.0540
,CHECKPOINT BATCH 54590,6.5376,,,
,CHECKPOINT BATCH 54595,8.2032,,,
,CHECKPOINT BATCH 54600,6.1474,,,
11:31:04,54605,5.6080,19.6005,5000,0.0540
,CHECKPOINT BATCH 54605,5.6080,,,
,CHECKPOINT BATCH 54610,6.8873,,,
,CHECKPOINT BATCH 54615,9.8746,,,
,CHECKPOINT BATCH 54620,7.2908,,,
11:31:06,54624,7.8756,19.1575,5000,0.0540
,CHECKPOINT BATCH 54625,7.7956,,,
11:31:09,54630,7.1422,20.1630,5000,0.0540
,CHECKPOINT BATCH 54630,7.1422,,,
,CHECKPOINT BATCH 54635,6.6127,,,
,CHECKPOINT BATCH 54640,7.0444,,,
,CHECKPOINT BATCH 54645,9.9163,,,
11:31:11,54649,6.4566,16.9065,5000,0.0540
,CHECKPOINT BATCH 54650,12.9804,,,
,CHECKPOINT BATCH 54655,9.3135,,,
,CHECKPOINT BATCH 54660,7.2932,,,
,CHECKPOINT BATCH 54665,7.5652,,,
11:31:13,54668,8.0510,17.0120,5000,0.0540
,CHECKPOINT BATCH 54670,7.5669,,,
,CHECKPOINT BATCH 54675,6.4314,,,
,CHECKPOINT BATCH 54680,8.8715,,,
,CHECKPOINT BATCH 54685,13.1106,,,
11:31:15,54687,9.1039,16.8150,5000,0.0540
11:31:18,54688,6.8434,16.5115,5000,0.0540
,CHECKPOINT BATCH 54690,8.3033,,,
,CHECKPOINT BATCH 54695,8.3362,,,
,CHECKPOINT BATCH 54700,7.5173,,,
,CHECKPOINT BATCH 54705,7.8372,,,
11:31:20,54707,5.6083,14.3405,5000,0.0540
,CHECKPOINT BATCH 54710,9.1067,,,
,CHECKPOINT BATCH 54715,6.8956,,,
,CHECKPOINT BATCH 54720,8.7958,,,
,CHECKPOINT BATCH 54725,7.8492,,,
11:31:22,54726,16.2949,16.4265,5000,0.0540
,CHECKPOINT BATCH 54730,9.3547,,,
,CHECKPOINT BATCH 54735,7.7587,,,
,CHECKPOINT BATCH 54740,6.1449,,,
11:31:24,54745,15.9486,19.2635,5000,0.0540
,CHECKPOINT BATCH 54745,15.9486,,,
,CHECKPOINT BATCH 54750,4.0866,,,
,CHECKPOINT BATCH 54755,6.1544,,,
,CHECKPOINT BATCH 54760,7.0396,,,
11:31:26,54764,7.3904,20.6570,5000,0.0540
,CHECKPOINT BATCH 54765,7.5683,,,
,CHECKPOINT BATCH 54770,7.3767,,,
,CHECKPOINT BATCH 54775,9.6768,,,
,CHECKPOINT BATCH 54780,10.6429,,,
11:31:28,54783,8.2834,19.1920,5000,0.0540
,CHECKPOINT BATCH 54785,9.6204,,,
11:31:31,54786,9.5650,20.4930,5000,0.0540
,CHECKPOINT BATCH 54790,12.9030,,,
,CHECKPOINT BATCH 54795,10.2769,,,
,CHECKPOINT BATCH 54800,7.2228,,,
11:31:33,54805,9.7044,24.1515,5000,0.0540
,CHECKPOINT BATCH 54805,9.7044,,,
,CHECKPOINT BATCH 54810,9.2927,,,
,CHECKPOINT BATCH 54815,8.9582,,,
,CHECKPOINT BATCH 54820,8.7132,,,
11:31:35,54824,7.6664,22.7845,5000,0.0540
,CHECKPOINT BATCH 54825,7.1849,,,
,CHECKPOINT BATCH 54830,8.9784,,,
,CHECKPOINT BATCH 54835,6.8823,,,
,CHECKPOINT BATCH 54840,8.6352,,,
11:31:37,54843,7.0957,21.8685,5000,0.0539
,CHECKPOINT BATCH 54845,10.3866,,,
,CHECKPOINT BATCH 54850,8.7786,,,
,CHECKPOINT BATCH 54855,8.6027,,,
,CHECKPOINT BATCH 54860,6.1890,,,
11:31:39,54862,8.8874,20.5320,5000,0.0539
,CHECKPOINT BATCH 54865,12.1025,,,
,CHECKPOINT BATCH 54870,9.6185,,,
,CHECKPOINT BATCH 54875,8.8441,,,
11:31:41,54880,9.4358,19.2780,5000,0.0539
,CHECKPOINT BATCH 54880,9.4358,,,
,CHECKPOINT BATCH 54885,7.1907,,,
,CHECKPOINT BATCH 54890,5.3432,,,
11:31:45,54895,9.1370,17.6055,5000,0.0539
,CHECKPOINT BATCH 54895,9.1370,,,
,CHECKPOINT BATCH 54900,7.9659,,,
,CHECKPOINT BATCH 54905,6.5100,,,
,CHECKPOINT BATCH 54910,7.4932,,,
11:31:47,54914,12.5839,13.7775,5000,0.0539
,CHECKPOINT BATCH 54915,7.8500,,,
,CHECKPOINT BATCH 54920,7.2784,,,
,CHECKPOINT BATCH 54925,7.1958,,,
,CHECKPOINT BATCH 54930,7.7667,,,
11:31:49,54933,9.2780,16.3695,5000,0.0539
,CHECKPOINT BATCH 54935,8.9696,,,
,CHECKPOINT BATCH 54940,9.0090,,,
,CHECKPOINT BATCH 54945,8.4918,,,
11:31:54,54950,9.0944,15.7365,5000,0.0539
,CHECKPOINT BATCH 54950,9.0944,,,
,CHECKPOINT BATCH 54955,6.8048,,,
,CHECKPOINT BATCH 54960,8.3993,,,
,CHECKPOINT BATCH 54965,6.3725,,,
11:31:56,54969,9.0241,14.0375,5000,0.0539
,CHECKPOINT BATCH 54970,8.2831,,,
,CHECKPOINT BATCH 54975,8.4614,,,
,CHECKPOINT BATCH 54980,9.3776,,,
,CHECKPOINT BATCH 54985,9.1691,,,
11:31:58,54988,6.6207,16.7645,5000,0.0539
,CHECKPOINT BATCH 54990,8.4545,,,
,CHECKPOINT BATCH 54995,14.7714,,,
,CHECKPOINT BATCH 55000,8.8650,,,
,CHECKPOINT BATCH 55005,6.4359,,,
11:32:00,55007,5.5949,19.3345,5000,0.0539
,CHECKPOINT BATCH 55010,9.2845,,,
,CHECKPOINT BATCH 55015,7.6179,,,
,CHECKPOINT BATCH 55020,7.0071,,,
11:32:02,55025,9.4112,19.0295,5000,0.0539
,CHECKPOINT BATCH 55025,9.4112,,,
,CHECKPOINT BATCH 55030,5.1141,,,
,CHECKPOINT BATCH 55035,6.7989,,,
11:32:06,55036,9.4157,18.2590,5000,0.0539
,CHECKPOINT BATCH 55040,7.3137,,,
,CHECKPOINT BATCH 55045,9.3496,,,
,CHECKPOINT BATCH 55050,10.5381,,,
11:32:08,55055,10.7845,20.2175,5000,0.0539
,CHECKPOINT BATCH 55055,10.7845,,,
,CHECKPOINT BATCH 55060,4.3154,,,
,CHECKPOINT BATCH 55065,12.6369,,,
,CHECKPOINT BATCH 55070,9.8775,,,
11:32:10,55074,4.9310,21.6215,5000,0.0539
,CHECKPOINT BATCH 55075,9.9444,,,
,CHECKPOINT BATCH 55080,12.4635,,,
,CHECKPOINT BATCH 55085,11.4979,,,
,CHECKPOINT BATCH 55090,7.1528,,,
11:32:12,55093,8.1241,19.2875,5000,0.0538
,CHECKPOINT BATCH 55095,8.8681,,,
,CHECKPOINT BATCH 55100,7.1804,,,
,CHECKPOINT BATCH 55105,8.3681,,,
,CHECKPOINT BATCH 55110,6.3920,,,
11:32:14,55112,7.2380,18.0000,5000,0.0538
11:32:16,55113,8.9757,17.6990,5000,0.0538
,CHECKPOINT BATCH 55115,7.1604,,,
,CHECKPOINT BATCH 55120,8.5096,,,
,CHECKPOINT BATCH 55125,6.8059,,,
,CHECKPOINT BATCH 55130,7.3729,,,
11:32:18,55132,6.9313,17.6915,5000,0.0538
,CHECKPOINT BATCH 55135,6.2730,,,
,CHECKPOINT BATCH 55140,9.1286,,,
,CHECKPOINT BATCH 55145,14.0927,,,
,CHECKPOINT BATCH 55150,6.9564,,,
11:32:20,55151,5.9086,18.6560,5000,0.0538
,CHECKPOINT BATCH 55155,9.7229,,,
,CHECKPOINT BATCH 55160,9.0786,,,
,CHECKPOINT BATCH 55165,8.1864,,,
11:32:23,55170,9.5166,17.7155,5000,0.0538
,CHECKPOINT BATCH 55170,9.5166,,,
,CHECKPOINT BATCH 55175,8.2707,,,
,CHECKPOINT BATCH 55180,11.0532,,,
,CHECKPOINT BATCH 55185,7.3044,,,
11:32:25,55189,7.0079,17.7820,5000,0.0538
,CHECKPOINT BATCH 55190,10.4298,,,
,CHECKPOINT BATCH 55195,6.9648,,,
,CHECKPOINT BATCH 55200,9.5445,,,
,CHECKPOINT BATCH 55205,6.6589,,,
11:32:27,55208,6.5210,18.3045,5000,0.0538
,CHECKPOINT BATCH 55210,11.0935,,,
11:32:30,55215,9.1817,18.6020,5000,0.0538
,CHECKPOINT BATCH 55215,9.1817,,,
,CHECKPOINT BATCH 55220,5.0584,,,
,CHECKPOINT BATCH 55225,6.5333,,,
,CHECKPOINT BATCH 55230,7.2227,,,
11:32:32,55234,10.2292,17.3915,5000,0.0538
,CHECKPOINT BATCH 55235,6.8042,,,
,CHECKPOINT BATCH 55240,6.9087,,,
,CHECKPOINT BATCH 55245,8.5922,,,
,CHECKPOINT BATCH 55250,9.3075,,,
11:32:34,55253,8.4249,16.9345,5000,0.0538
,CHECKPOINT BATCH 55255,11.4521,,,
,CHECKPOINT BATCH 55260,7.6028,,,
,CHECKPOINT BATCH 55265,5.6345,,,
,CHECKPOINT BATCH 55270,6.4786,,,
11:32:36,55272,8.6344,18.1210,5000,0.0538
,CHECKPOINT BATCH 55275,15.8031,,,
,CHECKPOINT BATCH 55280,5.8887,,,
,CHECKPOINT BATCH 55285,10.8378,,,
,CHECKPOINT BATCH 55290,7.4299,,,
11:32:38,55291,7.0799,18.8860,5000,0.0538
,CHECKPOINT BATCH 55295,8.7758,,,
,CHECKPOINT BATCH 55300,7.5437,,,
,CHECKPOINT BATCH 55305,8.6700,,,
11:32:40,55310,7.0890,17.1710,5000,0.0538
,CHECKPOINT BATCH 55310,7.0890,,,
,CHECKPOINT BATCH 55315,7.6805,,,
,CHECKPOINT BATCH 55320,8.2412,,,
,CHECKPOINT BATCH 55325,6.9236,,,
11:32:42,55329,7.3570,16.3545,5000,0.0538
,CHECKPOINT BATCH 55330,12.3040,,,
,CHECKPOINT BATCH 55335,7.2142,,,
,CHECKPOINT BATCH 55340,11.5122,,,
11:32:46,55343,13.1522,13.1365,5000,0.0538
,CHECKPOINT BATCH 55345,8.6764,,,
,CHECKPOINT BATCH 55350,10.3295,,,
,CHECKPOINT BATCH 55355,7.6794,,,
,CHECKPOINT BATCH 55360,6.8128,,,
11:32:48,55362,6.7609,11.9225,5000,0.0537
11:32:51,55365,7.6333,11.4610,5000,0.0537
,CHECKPOINT BATCH 55365,7.6333,,,
,CHECKPOINT BATCH 55370,7.3939,,,
,CHECKPOINT BATCH 55375,6.1623,,,
,CHECKPOINT BATCH 55380,6.2561,,,
11:32:53,55384,12.1410,7.6410,5000,0.0537
,CHECKPOINT BATCH 55385,11.9923,,,
,CHECKPOINT BATCH 55390,7.2488,,,
,CHECKPOINT BATCH 55395,8.9214,,,
,CHECKPOINT BATCH 55400,8.2132,,,
11:32:55,55403,8.7013,9.7120,5000,0.0537
,CHECKPOINT BATCH 55405,7.9110,,,
11:32:58,55409,10.0770,10.0220,5000,0.0537
,CHECKPOINT BATCH 55410,9.0272,,,
,CHECKPOINT BATCH 55415,5.8014,,,
,CHECKPOINT BATCH 55420,7.4024,,,
,CHECKPOINT BATCH 55425,18.2591,,,
11:33:00,55428,12.2991,9.5905,5000,0.0537
,CHECKPOINT BATCH 55430,5.8423,,,
,CHECKPOINT BATCH 55435,9.5854,,,
,CHECKPOINT BATCH 55440,13.1029,,,
,CHECKPOINT BATCH 55445,14.7681,,,
11:33:02,55447,7.0103,14.3325,5000,0.0537
,CHECKPOINT BATCH 55450,7.3949,,,
,CHECKPOINT BATCH 55455,7.0146,,,
,CHECKPOINT BATCH 55460,7.8591,,,
,CHECKPOINT BATCH 55465,9.9937,,,
11:33:04,55466,6.1595,14.3655,5000,0.0537
,CHECKPOINT BATCH 55470,6.8724,,,
,CHECKPOINT BATCH 55475,5.1679,,,
,CHECKPOINT BATCH 55480,7.5100,,,
11:33:06,55485,6.2307,15.7290,5000,0.0537
,CHECKPOINT BATCH 55485,6.2307,,,
,CHECKPOINT BATCH 55490,6.8662,,,
,CHECKPOINT BATCH 55495,9.5373,,,
,CHECKPOINT BATCH 55500,7.0517,,,
11:33:08,55504,11.5545,13.7455,5000,0.0537
,CHECKPOINT BATCH 55505,7.0765,,,
,CHECKPOINT BATCH 55510,5.6976,,,
,CHECKPOINT BATCH 55515,6.7502,,,
,CHECKPOINT BATCH 55520,17.3620,,,
11:33:11,55523,11.7873,15.7470,5000,0.0537
,CHECKPOINT BATCH 55525,7.9502,,,
,CHECKPOINT BATCH 55530,14.9696,,,
,CHECKPOINT BATCH 55535,7.8832,,,
11:33:15,55540,7.7491,16.2950,5000,0.0537
,CHECKPOINT BATCH 55540,7.7491,,,
,CHECKPOINT BATCH 55545,8.6598,,,
,CHECKPOINT BATCH 55550,7.3923,,,
,CHECKPOINT BATCH 55555,6.7643,,,
11:33:17,55559,7.4004,16.6320,5000,0.0537
,CHECKPOINT BATCH 55560,6.2262,,,
,CHECKPOINT BATCH 55565,6.6719,,,
,CHECKPOINT BATCH 55570,8.4111,,,
,CHECKPOINT BATCH 55575,6.9368,,,
11:33:19,55578,8.0462,18.2995,5000,0.0537
,CHECKPOINT BATCH 55580,6.5875,,,
,CHECKPOINT BATCH 55585,8.2586,,,
,CHECKPOINT BATCH 55590,7.1336,,,
,CHECKPOINT BATCH 55595,14.0597,,,
11:33:21,55597,6.8896,17.8595,5000,0.0537
,CHECKPOINT BATCH 55600,6.7375,,,
,CHECKPOINT BATCH 55605,5.6649,,,
,CHECKPOINT BATCH 55610,10.6696,,,
,CHECKPOINT BATCH 55615,8.2884,,,
11:33:23,55616,4.8928,17.6820,5000,0.0537
,CHECKPOINT BATCH 55620,10.2158,,,
11:33:26,55622,14.1183,17.9570,5000,0.0536
,CHECKPOINT BATCH 55625,11.0496,,,
,CHECKPOINT BATCH 55630,7.4464,,,
,CHECKPOINT BATCH 55635,11.0420,,,
,CHECKPOINT BATCH 55640,11.5474,,,
11:33:28,55641,8.9120,17.0355,5000,0.0536
,CHECKPOINT BATCH 55645,6.8250,,,
,CHECKPOINT BATCH 55650,7.1010,,,
,CHECKPOINT BATCH 55655,10.6389,,,
11:33:30,55660,13.3552,16.8605,5000,0.0536
,CHECKPOINT BATCH 55660,13.3552,,,
,CHECKPOINT BATCH 55665,6.8468,,,
,CHECKPOINT BATCH 55670,6.7725,,,
,CHECKPOINT BATCH 55675,7.3306,,,
11:33:32,55679,11.2359,17.6025,5000,0.0536
,CHECKPOINT BATCH 55680,14.9619,,,
,CHECKPOINT BATCH 55685,15.0913,,,
,CHECKPOINT BATCH 55690,7.4066,,,
,CHECKPOINT BATCH 55695,13.2139,,,
11:33:34,55698,8.1434,18.7335,5000,0.0536
,CHECKPOINT BATCH 55700,8.5508,,,
,CHECKPOINT BATCH 55705,8.4884,,,
,CHECKPOINT BATCH 55710,9.8572,,,
,CHECKPOINT BATCH 55715,7.3461,,,
11:33:39,55717,8.9544,20.8645,5000,0.0536
,CHECKPOINT BATCH 55720,9.3193,,,
,CHECKPOINT BATCH 55725,16.0097,,,
,CHECKPOINT BATCH 55730,8.6064,,,
,CHECKPOINT BATCH 55735,9.7605,,,
11:33:41,55736,9.5497,21.6580,5000,0.0536
,CHECKPOINT BATCH 55740,9.1890,,,
,CHECKPOINT BATCH 55745,15.0396,,,
,CHECKPOINT BATCH 55750,10.4668,,,
11:33:43,55755,8.7552,22.1390,5000,0.0536
,CHECKPOINT BATCH 55755,8.7552,,,
,CHECKPOINT BATCH 55760,8.2189,,,
,CHECKPOINT BATCH 55765,20.0031,,,
,CHECKPOINT BATCH 55770,8.2559,,,
11:33:45,55774,13.1097,22.5840,5000,0.0536
11:33:48,55775,13.8687,22.2850,5000,0.0536
,CHECKPOINT BATCH 55775,13.8687,,,
,CHECKPOINT BATCH 55780,9.1403,,,
,CHECKPOINT BATCH 55785,11.3674,,,
,CHECKPOINT BATCH 55790,9.8823,,,
11:33:50,55794,6.6931,23.0300,5000,0.0536
,CHECKPOINT BATCH 55795,7.6226,,,
,CHECKPOINT BATCH 55800,10.6819,,,
,CHECKPOINT BATCH 55805,7.5728,,,
,CHECKPOINT BATCH 55810,8.2800,,,
11:33:52,55813,7.3588,24.8375,5000,0.0536
,CHECKPOINT BATCH 55815,7.9155,,,
,CHECKPOINT BATCH 55820,8.7935,,,
,CHECKPOINT BATCH 55825,14.6292,,,
,CHECKPOINT BATCH 55830,6.9291,,,
11:33:54,55832,8.8073,22.3355,5000,0.0536
,CHECKPOINT BATCH 55835,9.6267,,,
,CHECKPOINT BATCH 55840,7.8269,,,
,CHECKPOINT BATCH 55845,7.6629,,,
,CHECKPOINT BATCH 55850,6.2862,,,
11:33:56,55851,7.2021,20.0450,5000,0.0536
,CHECKPOINT BATCH 55855,9.8135,,,
,CHECKPOINT BATCH 55860,7.7620,,,
,CHECKPOINT BATCH 55865,8.3015,,,
11:33:58,55870,6.4861,17.0325,5000,0.0536
,CHECKPOINT BATCH 55870,6.4861,,,
,CHECKPOINT BATCH 55875,8.3250,,,
,CHECKPOINT BATCH 55880,8.3463,,,
,CHECKPOINT BATCH 55885,9.2492,,,
11:34:00,55889,8.0563,16.1140,5000,0.0536
11:34:02,55890,9.1661,16.4170,5000,0.0536
,CHECKPOINT BATCH 55890,9.1661,,,
,CHECKPOINT BATCH 55895,10.7943,,,
,CHECKPOINT BATCH 55900,9.0965,,,
11:34:07,55905,6.2402,15.3290,5000,0.0535
,CHECKPOINT BATCH 55905,6.2402,,,
,CHECKPOINT BATCH 55910,7.9184,,,
,CHECKPOINT BATCH 55915,8.9586,,,
,CHECKPOINT BATCH 55920,6.3071,,,
11:34:09,55924,7.9666,15.0185,5000,0.0535
,CHECKPOINT BATCH 55925,8.3941,,,
,CHECKPOINT BATCH 55930,8.0414,,,
,CHECKPOINT BATCH 55935,7.3044,,,
,CHECKPOINT BATCH 55940,9.5554,,,
11:34:11,55943,10.2252,16.8695,5000,0.0535
,CHECKPOINT BATCH 55945,8.6613,,,
,CHECKPOINT BATCH 55950,9.3171,,,
,CHECKPOINT BATCH 55955,18.3949,,,
,CHECKPOINT BATCH 55960,6.3771,,,
11:34:13,55962,8.2331,17.4290,5000,0.0535
,CHECKPOINT BATCH 55965,9.1117,,,
,CHECKPOINT BATCH 55970,7.7399,,,
11:34:16,55973,6.5764,17.8570,5000,0.0535
,CHECKPOINT BATCH 55975,11.2412,,,
,CHECKPOINT BATCH 55980,8.4450,,,
,CHECKPOINT BATCH 55985,5.8707,,,
,CHECKPOINT BATCH 55990,7.4280,,,
11:34:18,55992,7.1576,19.5170,5000,0.0535
,CHECKPOINT BATCH 55995,9.7431,,,
,CHECKPOINT BATCH 56000,7.2318,,,
,CHECKPOINT BATCH 56005,8.7320,,,
11:34:23,56010,6.2804,21.0465,5000,0.0535
,CHECKPOINT BATCH 56010,6.2804,,,
,CHECKPOINT BATCH 56015,8.5629,,,
,CHECKPOINT BATCH 56020,9.9200,,,
,CHECKPOINT BATCH 56025,6.3256,,,
11:34:25,56029,8.5053,21.1880,5000,0.0535
,CHECKPOINT BATCH 56030,8.8393,,,
,CHECKPOINT BATCH 56035,7.7980,,,
,CHECKPOINT BATCH 56040,8.9080,,,
,CHECKPOINT BATCH 56045,7.4084,,,
11:34:27,56048,10.1634,21.6450,5000,0.0535
,CHECKPOINT BATCH 56050,8.8133,,,
,CHECKPOINT BATCH 56055,7.2055,,,
,CHECKPOINT BATCH 56060,9.7769,,,
,CHECKPOINT BATCH 56065,9.3529,,,
11:34:29,56067,6.8375,21.6865,5000,0.0535
,CHECKPOINT BATCH 56070,9.2079,,,
,CHECKPOINT BATCH 56075,10.8241,,,
,CHECKPOINT BATCH 56080,7.2978,,,
,CHECKPOINT BATCH 56085,9.6109,,,
11:34:31,56086,13.0894,20.9695,5000,0.0535
,CHECKPOINT BATCH 56090,10.6556,,,
,CHECKPOINT BATCH 56095,10.6147,,,
,CHECKPOINT BATCH 56100,9.1706,,,
11:34:35,56103,8.9999,20.7795,5000,0.0535
,CHECKPOINT BATCH 56105,5.9962,,,
,CHECKPOINT BATCH 56110,6.4408,,,
,CHECKPOINT BATCH 56115,7.0713,,,
,CHECKPOINT BATCH 56120,11.9941,,,
11:34:37,56122,9.1072,20.2375,5000,0.0535
,CHECKPOINT BATCH 56125,6.5887,,,
,CHECKPOINT BATCH 56130,10.5015,,,
,CHECKPOINT BATCH 56135,7.9971,,,
,CHECKPOINT BATCH 56140,9.5740,,,
11:34:39,56141,9.7837,19.9465,5000,0.0535
,CHECKPOINT BATCH 56145,7.8716,,,
,CHECKPOINT BATCH 56150,8.7800,,,
,CHECKPOINT BATCH 56155,6.6170,,,
11:34:41,56160,6.9759,19.0465,5000,0.0535
,CHECKPOINT BATCH 56160,6.9759,,,
,CHECKPOINT BATCH 56165,10.5044,,,
,CHECKPOINT BATCH 56170,13.8810,,,
,CHECKPOINT BATCH 56175,10.5887,,,
11:34:44,56179,9.0469,19.7695,5000,0.0535
,CHECKPOINT BATCH 56180,9.6741,,,
,CHECKPOINT BATCH 56185,5.3267,,,
,CHECKPOINT BATCH 56190,11.2667,,,
,CHECKPOINT BATCH 56195,11.7217,,,
11:34:46,56198,9.4985,19.6115,5000,0.0534
,CHECKPOINT BATCH 56200,10.4234,,,
11:34:48,56202,13.4086,19.0485,5000,0.0534
,CHECKPOINT BATCH 56205,10.1626,,,
,CHECKPOINT BATCH 56210,7.8656,,,
,CHECKPOINT BATCH 56215,9.0979,,,
,CHECKPOINT BATCH 56220,7.5425,,,
11:34:51,56221,7.0678,20.4200,5000,0.0534
,CHECKPOINT BATCH 56225,8.6553,,,
,CHECKPOINT BATCH 56230,9.1566,,,
,CHECKPOINT BATCH 56235,13.0246,,,
11:34:53,56240,7.1489,20.1120,5000,0.0534
,CHECKPOINT BATCH 56240,7.1489,,,
,CHECKPOINT BATCH 56245,8.2180,,,
,CHECKPOINT BATCH 56250,10.3838,,,
,CHECKPOINT BATCH 56255,6.5644,,,
11:34:55,56259,18.8660,21.3240,5000,0.0534
,CHECKPOINT BATCH 56260,7.6929,,,
,CHECKPOINT BATCH 56265,12.3355,,,
,CHECKPOINT BATCH 56270,13.1021,,,
,CHECKPOINT BATCH 56275,8.2946,,,
11:34:57,56278,8.3699,20.1515,5000,0.0534
,CHECKPOINT BATCH 56280,10.5522,,,
,CHECKPOINT BATCH 56285,10.9777,,,
,CHECKPOINT BATCH 56290,7.0773,,,
,CHECKPOINT BATCH 56295,8.4396,,,
11:34:59,56297,8.2689,20.4245,5000,0.0534
11:35:01,56298,12.2657,20.2710,5000,0.0534
,CHECKPOINT BATCH 56300,9.2012,,,
,CHECKPOINT BATCH 56305,11.1968,,,
,CHECKPOINT BATCH 56310,8.6604,,,
,CHECKPOINT BATCH 56315,10.2237,,,
11:35:03,56317,7.7512,17.0635,5000,0.0534
,CHECKPOINT BATCH 56320,11.7493,,,
,CHECKPOINT BATCH 56325,15.8578,,,
,CHECKPOINT BATCH 56330,8.1347,,,
,CHECKPOINT BATCH 56335,9.4014,,,
11:35:05,56336,7.4029,18.1545,5000,0.0534
,CHECKPOINT BATCH 56340,7.1081,,,
,CHECKPOINT BATCH 56345,7.8012,,,
,CHECKPOINT BATCH 56350,9.2013,,,
11:35:08,56355,10.4418,18.4365,5000,0.0534
,CHECKPOINT BATCH 56355,10.4418,,,
,CHECKPOINT BATCH 56360,18.9269,,,
11:35:11,56361,8.1270,18.2635,5000,0.0534
,CHECKPOINT BATCH 56365,6.4968,,,
,CHECKPOINT BATCH 56370,9.1403,,,
,CHECKPOINT BATCH 56375,10.7322,,,
11:35:13,56380,12.1407,20.5265,5000,0.0534
,CHECKPOINT BATCH 56380,12.1407,,,
,CHECKPOINT BATCH 56385,15.9328,,,
,CHECKPOINT BATCH 56390,8.1437,,,
,CHECKPOINT BATCH 56395,14.6499,,,
11:35:15,56399,6.7602,22.5560,5000,0.0534
,CHECKPOINT BATCH 56400,6.1081,,,
,CHECKPOINT BATCH 56405,7.0587,,,
,CHECKPOINT BATCH 56410,9.2254,,,
,CHECKPOINT BATCH 56415,11.7751,,,
11:35:17,56418,10.9177,25.2940,5000,0.0534
,CHECKPOINT BATCH 56420,9.2314,,,
,CHECKPOINT BATCH 56425,10.4246,,,
,CHECKPOINT BATCH 56430,10.3136,,,
,CHECKPOINT BATCH 56435,7.3060,,,
11:35:19,56437,14.5835,22.5345,5000,0.0534
,CHECKPOINT BATCH 56440,5.4287,,,
11:35:22,56444,14.7014,21.7660,5000,0.0534
,CHECKPOINT BATCH 56445,9.6228,,,
,CHECKPOINT BATCH 56450,8.9432,,,
,CHECKPOINT BATCH 56455,17.8856,,,
,CHECKPOINT BATCH 56460,11.2278,,,
11:35:24,56463,11.6366,22.5630,5000,0.0534
,CHECKPOINT BATCH 56465,7.5774,,,
,CHECKPOINT BATCH 56470,12.6137,,,
,CHECKPOINT BATCH 56475,8.9998,,,
,CHECKPOINT BATCH 56480,9.4754,,,
11:35:26,56482,9.5257,22.0950,5000,0.0533
,CHECKPOINT BATCH 56485,8.2250,,,
,CHECKPOINT BATCH 56490,8.7315,,,
,CHECKPOINT BATCH 56495,10.2073,,,
,CHECKPOINT BATCH 56500,8.3363,,,
11:35:28,56501,7.7088,21.3370,5000,0.0533
,CHECKPOINT BATCH 56505,8.9254,,,
,CHECKPOINT BATCH 56510,7.7459,,,
,CHECKPOINT BATCH 56515,9.5588,,,
11:35:30,56520,18.7081,20.1605,5000,0.0533
,CHECKPOINT BATCH 56520,18.7081,,,
,CHECKPOINT BATCH 56525,7.8174,,,
,CHECKPOINT BATCH 56530,11.3880,,,
11:35:34,56534,11.1288,20.9900,5000,0.0533
,CHECKPOINT BATCH 56535,8.0424,,,
,CHECKPOINT BATCH 56540,10.2069,,,
,CHECKPOINT BATCH 56545,8.3083,,,
,CHECKPOINT BATCH 56550,7.8045,,,
11:35:36,56553,7.1138,21.0055,5000,0.0533
,CHECKPOINT BATCH 56555,12.1839,,,
,CHECKPOINT BATCH 56560,8.3304,,,
,CHECKPOINT BATCH 56565,7.5502,,,
,CHECKPOINT BATCH 56570,10.2222,,,
11:35:38,56572,9.9601,20.0595,5000,0.0533
,CHECKPOINT BATCH 56575,6.6741,,,
,CHECKPOINT BATCH 56580,9.1158,,,
,CHECKPOINT BATCH 56585,5.7123,,,
,CHECKPOINT BATCH 56590,7.9088,,,
11:35:40,56591,9.1014,18.5315,5000,0.0533
,CHECKPOINT BATCH 56595,8.7635,,,
,CHECKPOINT BATCH 56600,13.1336,,,
,CHECKPOINT BATCH 56605,5.6130,,,
11:35:43,56610,10.1280,16.4740,5000,0.0533
,CHECKPOINT BATCH 56610,10.1280,,,
,CHECKPOINT BATCH 56615,15.2576,,,
11:35:46,56617,8.7205,16.2965,5000,0.0533
,CHECKPOINT BATCH 56620,7.2074,,,
,CHECKPOINT BATCH 56625,7.8057,,,
,CHECKPOINT BATCH 56630,8.8277,,,
,CHECKPOINT BATCH 56635,17.5722,,,
11:35:48,56636,10.9853,13.9090,5000,0.0533
,CHECKPOINT BATCH 56640,8.7521,,,
,CHECKPOINT BATCH 56645,12.0392,,,
,CHECKPOINT BATCH 56650,10.7671,,,
11:35:50,56655,5.9455,15.7900,5000,0.0533
,CHECKPOINT BATCH 56655,5.9455,,,
,CHECKPOINT BATCH 56660,9.0431,,,
,CHECKPOINT BATCH 56665,14.3208,,,
,CHECKPOINT BATCH 56670,6.4458,,,
11:35:52,56674,12.9596,16.3860,5000,0.0533
,CHECKPOINT BATCH 56675,8.6073,,,
,CHECKPOINT BATCH 56680,9.0171,,,
11:35:55,56681,7.6764,16.8260,5000,0.0533
,CHECKPOINT BATCH 56685,8.4323,,,
,CHECKPOINT BATCH 56690,8.6327,,,
,CHECKPOINT BATCH 56695,12.2421,,,
11:35:57,56700,10.3267,19.6015,5000,0.0533
,CHECKPOINT BATCH 56700,10.3267,,,
,CHECKPOINT BATCH 56705,8.0768,,,
,CHECKPOINT BATCH 56710,10.5305,,,
,CHECKPOINT BATCH 56715,9.6814,,,
11:35:59,56719,9.9679,20.7170,5000,0.0533
,CHECKPOINT BATCH 56720,9.8864,,,
,CHECKPOINT BATCH 56725,14.7167,,,
,CHECKPOINT BATCH 56730,16.4499,,,
,CHECKPOINT BATCH 56735,9.5579,,,
11:36:01,56738,12.7144,22.4375,5000,0.0533
,CHECKPOINT BATCH 56740,7.9125,,,
,CHECKPOINT BATCH 56745,6.7660,,,
,CHECKPOINT BATCH 56750,8.1827,,,
,CHECKPOINT BATCH 56755,13.2154,,,
11:36:03,56757,9.4609,21.0535,5000,0.0533
,CHECKPOINT BATCH 56760,10.7500,,,
,CHECKPOINT BATCH 56765,7.4096,,,
,CHECKPOINT BATCH 56770,9.3285,,,
,CHECKPOINT BATCH 56775,8.7454,,,
11:36:05,56776,6.3347,20.6855,5000,0.0533
11:36:08,56777,8.2329,20.5365,5000,0.0533
,CHECKPOINT BATCH 56780,8.5235,,,
,CHECKPOINT BATCH 56785,8.7829,,,
,CHECKPOINT BATCH 56790,11.0100,,,
,CHECKPOINT BATCH 56795,6.4609,,,
11:36:10,56796,10.3639,18.8540,5000,0.0532
,CHECKPOINT BATCH 56800,7.8712,,,
,CHECKPOINT BATCH 56805,7.1163,,,
,CHECKPOINT BATCH 56810,13.9810,,,
11:36:12,56815,13.7342,19.1775,5000,0.0532
,CHECKPOINT BATCH 56815,13.7342,,,
,CHECKPOINT BATCH 56820,8.4589,,,
,CHECKPOINT BATCH 56825,12.2436,,,
,CHECKPOINT BATCH 56830,9.4676,,,
11:36:14,56834,16.9179,19.8975,5000,0.0532
,CHECKPOINT BATCH 56835,10.0038,,,
,CHECKPOINT BATCH 56840,9.5288,,,
,CHECKPOINT BATCH 56845,14.3283,,,
,CHECKPOINT BATCH 56850,10.9098,,,
11:36:16,56853,11.9073,20.3120,5000,0.0532
,CHECKPOINT BATCH 56855,10.3672,,,
,CHECKPOINT BATCH 56860,8.4382,,,
,CHECKPOINT BATCH 56865,8.1719,,,
,CHECKPOINT BATCH 56870,13.1965,,,
11:36:18,56872,9.5576,18.9400,5000,0.0532
,CHECKPOINT BATCH 56875,10.5156,,,
,CHECKPOINT BATCH 56880,7.7617,,,
,CHECKPOINT BATCH 56885,6.7769,,,
11:36:22,56889,8.3162,18.4515,5000,0.0532
,CHECKPOINT BATCH 56890,9.6532,,,
,CHECKPOINT BATCH 56895,14.9634,,,
,CHECKPOINT BATCH 56900,8.9997,,,
,CHECKPOINT BATCH 56905,7.5957,,,
11:36:25,56908,16.2353,17.7100,5000,0.0532
,CHECKPOINT BATCH 56910,8.0525,,,
,CHECKPOINT BATCH 56915,9.1804,,,
,CHECKPOINT BATCH 56920,8.8529,,,
,CHECKPOINT BATCH 56925,13.8130,,,
11:36:27,56927,9.7553,17.8490,5000,0.0532
,CHECKPOINT BATCH 56930,11.7298,,,
,CHECKPOINT BATCH 56935,10.3783,,,
,CHECKPOINT BATCH 56940,9.0510,,,
,CHECKPOINT BATCH 56945,12.1853,,,
11:36:29,56946,7.3902,16.6820,5000,0.0532
,CHECKPOINT BATCH 56950,16.4953,,,
,CHECKPOINT BATCH 56955,9.6589,,,
,CHECKPOINT BATCH 56960,20.0866,,,
11:36:31,56965,10.2940,17.5845,5000,0.0532
,CHECKPOINT BATCH 56965,10.2940,,,
,CHECKPOINT BATCH 56970,5.4618,,,
,CHECKPOINT BATCH 56975,10.9702,,,
,CHECKPOINT BATCH 56980,13.6008,,,
11:36:33,56983,12.7894,17.7710,5000,0.0532
,CHECKPOINT BATCH 56985,8.7993,,,
,CHECKPOINT BATCH 56990,14.7578,,,
,CHECKPOINT BATCH 56995,6.7651,,,
,CHECKPOINT BATCH 57000,14.2466,,,
11:36:35,57002,9.2145,16.6105,5000,0.0532
,CHECKPOINT BATCH 57005,8.6779,,,
11:36:38,57010,8.7507,16.8745,5000,0.0532
,CHECKPOINT BATCH 57010,8.7507,,,
,CHECKPOINT BATCH 57015,12.6066,,,
,CHECKPOINT BATCH 57020,9.2676,,,
,CHECKPOINT BATCH 57025,7.8416,,,
11:36:40,57029,9.3516,16.5475,5000,0.0532
,CHECKPOINT BATCH 57030,9.8807,,,
,CHECKPOINT BATCH 57035,13.6874,,,
,CHECKPOINT BATCH 57040,12.6509,,,
,CHECKPOINT BATCH 57045,8.0417,,,
11:36:42,57048,8.3887,16.9485,5000,0.0532
,CHECKPOINT BATCH 57050,9.4638,,,
,CHECKPOINT BATCH 57055,9.9581,,,
,CHECKPOINT BATCH 57060,10.1261,,,
,CHECKPOINT BATCH 57065,8.9987,,,
11:36:44,57067,9.1296,16.9895,5000,0.0532
,CHECKPOINT BATCH 57070,13.6674,,,
11:36:48,57075,6.3708,17.8930,5000,0.0532
,CHECKPOINT BATCH 57075,6.3708,,,
,CHECKPOINT BATCH 57080,8.5792,,,
,CHECKPOINT BATCH 57085,12.0146,,,
,CHECKPOINT BATCH 57090,9.9627,,,
11:36:50,57094,9.1954,19.8350,5000,0.0531
,CHECKPOINT BATCH 57095,8.7781,,,
,CHECKPOINT BATCH 57100,6.7326,,,
,CHECKPOINT BATCH 57105,8.6868,,,
,CHECKPOINT BATCH 57110,6.0284,,,
11:36:52,57113,10.4560,21.1065,5000,0.0531
,CHECKPOINT BATCH 57115,11.0565,,,
,CHECKPOINT BATCH 57120,8.0722,,,
,CHECKPOINT BATCH 57125,13.4989,,,
,CHECKPOINT BATCH 57130,9.8668,,,
11:36:54,57132,12.4543,21.5720,5000,0.0531
,CHECKPOINT BATCH 57135,6.2312,,,
,CHECKPOINT BATCH 57140,8.2015,,,
,CHECKPOINT BATCH 57145,8.6510,,,
,CHECKPOINT BATCH 57150,9.9430,,,
11:36:56,57151,9.3675,19.7905,5000,0.0531
,CHECKPOINT BATCH 57155,8.8616,,,
,CHECKPOINT BATCH 57160,10.4309,,,
,CHECKPOINT BATCH 57165,8.7183,,,
11:36:58,57170,7.4292,18.3690,5000,0.0531
,CHECKPOINT BATCH 57170,7.4292,,,
,CHECKPOINT BATCH 57175,9.5576,,,
,CHECKPOINT BATCH 57180,8.9216,,,
11:37:02,57183,8.8301,17.8670,5000,0.0531
,CHECKPOINT BATCH 57185,8.1897,,,
,CHECKPOINT BATCH 57190,9.6533,,,
,CHECKPOINT BATCH 57195,6.8908,,,
,CHECKPOINT BATCH 57200,11.2817,,,
11:37:04,57202,13.1948,16.6495,5000,0.0531
,CHECKPOINT BATCH 57205,7.3661,,,
,CHECKPOINT BATCH 57210,8.7873,,,
,CHECKPOINT BATCH 57215,7.7926,,,
,CHECKPOINT BATCH 57220,6.9019,,,
11:37:06,57221,9.8285,16.2145,5000,0.0531
,CHECKPOINT BATCH 57225,8.3597,,,
,CHECKPOINT BATCH 57230,10.7994,,,
,CHECKPOINT BATCH 57235,12.2142,,,
11:37:08,57240,7.8118,16.6625,5000,0.0531
,CHECKPOINT BATCH 57240,7.8118,,,
,CHECKPOINT BATCH 57245,12.6934,,,
,CHECKPOINT BATCH 57250,10.0057,,,
,CHECKPOINT BATCH 57255,5.8827,,,
11:37:10,57259,7.8108,17.2595,5000,0.0531
,CHECKPOINT BATCH 57260,9.9406,,,
,CHECKPOINT BATCH 57265,8.1889,,,
,CHECKPOINT BATCH 57270,9.3493,,,
,CHECKPOINT BATCH 57275,9.9168,,,
11:37:12,57277,8.7220,18.0745,5000,0.0531
,CHECKPOINT BATCH 57280,15.3580,,,
,CHECKPOINT BATCH 57285,9.0951,,,
,CHECKPOINT BATCH 57290,7.2170,,,
,CHECKPOINT BATCH 57295,9.7296,,,
11:37:14,57296,7.0480,16.9190,5000,0.0531
11:37:17,57299,8.2218,16.9160,5000,0.0531
,CHECKPOINT BATCH 57300,5.7705,,,
,CHECKPOINT BATCH 57305,11.4533,,,
,CHECKPOINT BATCH 57310,13.0466,,,
,CHECKPOINT BATCH 57315,6.5889,,,
11:37:19,57318,7.2349,17.5045,5000,0.0531
,CHECKPOINT BATCH 57320,8.1122,,,
,CHECKPOINT BATCH 57325,9.1124,,,
,CHECKPOINT BATCH 57330,11.0180,,,
,CHECKPOINT BATCH 57335,6.2069,,,
11:37:21,57337,11.4795,18.1055,5000,0.0531
,CHECKPOINT BATCH 57340,6.9479,,,
,CHECKPOINT BATCH 57345,8.7425,,,
,CHECKPOINT BATCH 57350,9.1057,,,
,CHECKPOINT BATCH 57355,14.0845,,,
11:37:23,57356,10.0645,19.0550,5000,0.0531
,CHECKPOINT BATCH 57360,14.4126,,,
,CHECKPOINT BATCH 57365,7.4972,,,
,CHECKPOINT BATCH 57370,8.5683,,,
11:37:25,57375,10.6323,17.6920,5000,0.0531
,CHECKPOINT BATCH 57375,10.6323,,,
,CHECKPOINT BATCH 57380,9.0328,,,
,CHECKPOINT BATCH 57385,8.7059,,,
,CHECKPOINT BATCH 57390,10.7331,,,
11:37:27,57394,7.6880,17.2045,5000,0.0531
,CHECKPOINT BATCH 57395,8.4842,,,
11:37:30,57399,9.4547,17.0480,5000,0.0531
,CHECKPOINT BATCH 57400,15.0083,,,
,CHECKPOINT BATCH 57405,7.7171,,,
,CHECKPOINT BATCH 57410,8.7407,,,
11:37:34,57413,8.5501,16.4085,5000,0.0531
,CHECKPOINT BATCH 57415,7.9487,,,
,CHECKPOINT BATCH 57420,7.5879,,,
,CHECKPOINT BATCH 57425,7.4225,,,
,CHECKPOINT BATCH 57430,11.6350,,,
11:37:36,57432,11.7359,12.1225,5000,0.0530
,CHECKPOINT BATCH 57435,7.7123,,,
11:37:39,57440,9.8926,12.0840,5000,0.0530
,CHECKPOINT BATCH 57440,9.8926,,,
,CHECKPOINT BATCH 57445,14.0538,,,
,CHECKPOINT BATCH 57450,8.2621,,,
,CHECKPOINT BATCH 57455,14.1224,,,
11:37:41,57459,6.3074,8.8250,5000,0.0530
,CHECKPOINT BATCH 57460,7.0556,,,
,CHECKPOINT BATCH 57465,8.4043,,,
,CHECKPOINT BATCH 57470,10.8324,,,
,CHECKPOINT BATCH 57475,7.0023,,,
11:37:44,57478,8.7653,12.5930,5000,0.0530
,CHECKPOINT BATCH 57480,19.6999,,,
,CHECKPOINT BATCH 57485,8.4932,,,
,CHECKPOINT BATCH 57490,7.5750,,,
,CHECKPOINT BATCH 57495,7.2753,,,
11:37:46,57497,7.9567,15.0775,5000,0.0530
,CHECKPOINT BATCH 57500,6.5616,,,
,CHECKPOINT BATCH 57505,7.8424,,,
,CHECKPOINT BATCH 57510,9.8173,,,
,CHECKPOINT BATCH 57515,11.4668,,,
11:37:48,57516,10.7376,15.1275,5000,0.0530
11:37:50,57518,7.1326,15.7315,5000,0.0530
,CHECKPOINT BATCH 57520,9.7645,,,
,CHECKPOINT BATCH 57525,6.6025,,,
,CHECKPOINT BATCH 57530,7.9930,,,
,CHECKPOINT BATCH 57535,7.8555,,,
11:37:52,57537,9.1645,17.4070,5000,0.0530
,CHECKPOINT BATCH 57540,9.8768,,,
,CHECKPOINT BATCH 57545,7.2683,,,
,CHECKPOINT BATCH 57550,11.7565,,,
,CHECKPOINT BATCH 57555,10.6824,,,
11:37:54,57556,10.3023,21.7320,5000,0.0530
,CHECKPOINT BATCH 57560,9.2726,,,
,CHECKPOINT BATCH 57565,9.7845,,,
,CHECKPOINT BATCH 57570,9.6305,,,
11:37:56,57574,11.4960,22.5045,5000,0.0530
,CHECKPOINT BATCH 57575,10.0172,,,
,CHECKPOINT BATCH 57580,14.3907,,,
11:38:00,57582,7.2225,22.0325,5000,0.0530
,CHECKPOINT BATCH 57585,8.1312,,,
,CHECKPOINT BATCH 57590,9.2737,,,
,CHECKPOINT BATCH 57595,11.4543,,,
,CHECKPOINT BATCH 57600,8.9097,,,
11:38:02,57601,8.6315,22.4220,5000,0.0530
,CHECKPOINT BATCH 57605,13.8808,,,
,CHECKPOINT BATCH 57610,9.0110,,,
,CHECKPOINT BATCH 57615,12.3658,,,
11:38:04,57620,10.0981,23.3415,5000,0.0530
,CHECKPOINT BATCH 57620,10.0981,,,
,CHECKPOINT BATCH 57625,7.3543,,,
,CHECKPOINT BATCH 57630,11.4094,,,
,CHECKPOINT BATCH 57635,9.5418,,,
11:38:06,57639,15.2294,23.4005,5000,0.0530
,CHECKPOINT BATCH 57640,7.5070,,,
,CHECKPOINT BATCH 57645,7.7458,,,
,CHECKPOINT BATCH 57650,11.6582,,,
,CHECKPOINT BATCH 57655,7.9250,,,
11:38:08,57658,13.1941,22.7765,5000,0.0530
,CHECKPOINT BATCH 57660,7.7482,,,
,CHECKPOINT BATCH 57665,11.3461,,,
11:38:12,57670,8.0111,22.7205,5000,0.0530
,CHECKPOINT BATCH 57670,8.0111,,,
,CHECKPOINT BATCH 57675,11.5621,,,
,CHECKPOINT BATCH 57680,7.8251,,,
,CHECKPOINT BATCH 57685,11.2715,,,
11:38:14,57689,9.4443,23.2125,5000,0.0530
,CHECKPOINT BATCH 57690,7.3426,,,
,CHECKPOINT BATCH 57695,8.6395,,,
,CHECKPOINT BATCH 57700,12.2145,,,
,CHECKPOINT BATCH 57705,8.6874,,,
11:38:16,57708,8.8369,22.8075,5000,0.0530
,CHECKPOINT BATCH 57710,9.5796,,,
,CHECKPOINT BATCH 57715,7.6099,,,
,CHECKPOINT BATCH 57720,21.7380,,,
,CHECKPOINT BATCH 57725,7.2596,,,
11:38:18,57727,12.2098,22.9425,5000,0.0530
11:38:20,57729,10.0551,23.0815,5000,0.0530
,CHECKPOINT BATCH 57730,12.8822,,,
,CHECKPOINT BATCH 57735,6.5628,,,
,CHECKPOINT BATCH 57740,14.6798,,,
,CHECKPOINT BATCH 57745,8.3770,,,
11:38:23,57748,8.9791,22.2905,5000,0.0529
,CHECKPOINT BATCH 57750,10.5649,,,
,CHECKPOINT BATCH 57755,15.2801,,,
,CHECKPOINT BATCH 57760,9.3008,,,
,CHECKPOINT BATCH 57765,7.1827,,,
11:38:25,57767,10.8347,22.8825,5000,0.0529
,CHECKPOINT BATCH 57770,9.6610,,,
,CHECKPOINT BATCH 57775,8.9495,,,
,CHECKPOINT BATCH 57780,9.4131,,,
,CHECKPOINT BATCH 57785,9.3395,,,
11:38:27,57786,8.9578,21.4160,5000,0.0529
,CHECKPOINT BATCH 57790,11.3405,,,
,CHECKPOINT BATCH 57795,9.0004,,,
,CHECKPOINT BATCH 57800,14.7740,,,
11:38:31,57801,10.9453,21.0790,5000,0.0529
,CHECKPOINT BATCH 57805,9.5977,,,
,CHECKPOINT BATCH 57810,18.3173,,,
,CHECKPOINT BATCH 57815,8.2147,,,
11:38:33,57820,6.1399,22.2490,5000,0.0529
,CHECKPOINT BATCH 57820,6.1399,,,
,CHECKPOINT BATCH 57825,8.5336,,,
,CHECKPOINT BATCH 57830,5.9122,,,
,CHECKPOINT BATCH 57835,8.0144,,,
11:38:35,57839,6.6315,22.7650,5000,0.0529
,CHECKPOINT BATCH 57840,8.3168,,,
,CHECKPOINT BATCH 57845,9.3897,,,
,CHECKPOINT BATCH 57850,7.4136,,,
,CHECKPOINT BATCH 57855,10.1518,,,
11:38:39,57857,9.3512,21.9700,5000,0.0529
,CHECKPOINT BATCH 57860,12.5189,,,
,CHECKPOINT BATCH 57865,6.0335,,,
,CHECKPOINT BATCH 57870,9.2143,,,
11:38:41,57875,8.6962,22.5730,5000,0.0529
,CHECKPOINT BATCH 57875,8.6962,,,
,CHECKPOINT BATCH 57880,9.1491,,,
,CHECKPOINT BATCH 57885,10.2328,,,
,CHECKPOINT BATCH 57890,6.5312,,,
11:38:43,57894,7.3823,20.9180,5000,0.0529
,CHECKPOINT BATCH 57895,8.6212,,,
,CHECKPOINT BATCH 57900,8.0011,,,
,CHECKPOINT BATCH 57905,10.6367,,,
,CHECKPOINT BATCH 57910,7.8167,,,
11:38:45,57913,8.5804,19.7395,5000,0.0529
,CHECKPOINT BATCH 57915,6.6722,,,
,CHECKPOINT BATCH 57920,11.6269,,,
,CHECKPOINT BATCH 57925,13.0546,,,
,CHECKPOINT BATCH 57930,9.8784,,,
11:38:47,57932,9.1769,17.4130,5000,0.0529
,CHECKPOINT BATCH 57935,8.5270,,,
,CHECKPOINT BATCH 57940,8.1921,,,
,CHECKPOINT BATCH 57945,8.9352,,,
,CHECKPOINT BATCH 57950,8.3548,,,
11:38:50,57951,6.4897,17.0245,5000,0.0529
,CHECKPOINT BATCH 57955,8.2012,,,
,CHECKPOINT BATCH 57960,11.1151,,,
,CHECKPOINT BATCH 57965,11.4026,,,
11:38:52,57970,9.0854,16.8340,5000,0.0529
,CHECKPOINT BATCH 57970,9.0854,,,
11:38:54,57971,6.6858,17.1340,5000,0.0529
,CHECKPOINT BATCH 57975,16.2430,,,
,CHECKPOINT BATCH 57980,7.4929,,,
,CHECKPOINT BATCH 57985,8.1983,,,
11:38:56,57990,8.6950,17.7085,5000,0.0529
,CHECKPOINT BATCH 57990,8.6950,,,
,CHECKPOINT BATCH 57995,9.5704,,,
,CHECKPOINT BATCH 58000,10.2658,,,
,CHECKPOINT BATCH 58005,10.1001,,,
11:38:58,58009,8.6871,18.7730,5000,0.0529
,CHECKPOINT BATCH 58010,8.6079,,,
,CHECKPOINT BATCH 58015,9.5269,,,
,CHECKPOINT BATCH 58020,8.2216,,,
,CHECKPOINT BATCH 58025,11.2586,,,
11:39:03,58027,8.3975,19.7025,5000,0.0529
,CHECKPOINT BATCH 58030,14.9936,,,
,CHECKPOINT BATCH 58035,9.6001,,,
,CHECKPOINT BATCH 58040,14.1050,,,
,CHECKPOINT BATCH 58045,12.1971,,,
11:39:05,58046,8.2492,18.7640,5000,0.0529
,CHECKPOINT BATCH 58050,10.9150,,,
,CHECKPOINT BATCH 58055,9.8865,,,
,CHECKPOINT BATCH 58060,7.7103,,,
11:39:07,58065,10.7803,19.6660,5000,0.0529
,CHECKPOINT BATCH 58065,10.7803,,,
,CHECKPOINT BATCH 58070,9.1232,,,
,CHECKPOINT BATCH 58075,8.2506,,,
,CHECKPOINT BATCH 58080,7.6187,,,
11:39:09,58084,9.4489,19.5000,5000,0.0529
,CHECKPOINT BATCH 58085,13.2826,,,
,CHECKPOINT BATCH 58090,8.1962,,,
,CHECKPOINT BATCH 58095,7.0045,,,
,CHECKPOINT BATCH 58100,7.3909,,,
11:39:11,58103,10.6844,19.8030,5000,0.0528
,CHECKPOINT BATCH 58105,10.2031,,,
,CHECKPOINT BATCH 58110,10.9896,,,
,CHECKPOINT BATCH 58115,13.0356,,,
,CHECKPOINT BATCH 58120,9.1597,,,
11:39:15,58121,9.2512,20.6695,5000,0.0528
,CHECKPOINT BATCH 58125,8.5833,,,
,CHECKPOINT BATCH 58130,8.9719,,,
,CHECKPOINT BATCH 58135,9.2692,,,
11:39:17,58140,11.4673,19.7090,5000,0.0528
,CHECKPOINT BATCH 58140,11.4673,,,
,CHECKPOINT BATCH 58145,7.5956,,,
,CHECKPOINT BATCH 58150,7.5187,,,
,CHECKPOINT BATCH 58155,6.4818,,,
11:39:19,58159,9.3151,20.0020,5000,0.0528
,CHECKPOINT BATCH 58160,6.4317,,,
,CHECKPOINT BATCH 58165,8.1656,,,
,CHECKPOINT BATCH 58170,4.7788,,,
,CHECKPOINT BATCH 58175,11.0580,,,
11:39:21,58178,11.6905,19.1910,5000,0.0528
,CHECKPOINT BATCH 58180,11.1947,,,
,CHECKPOINT BATCH 58185,9.2962,,,
,CHECKPOINT BATCH 58190,14.3724,,,
,CHECKPOINT BATCH 58195,7.6051,,,
11:39:24,58197,10.9639,15.2115,5000,0.0528
,CHECKPOINT BATCH 58200,11.2185,,,
,CHECKPOINT BATCH 58205,8.4746,,,
,CHECKPOINT BATCH 58210,11.2738,,,
,CHECKPOINT BATCH 58215,8.8574,,,
11:39:26,58216,9.7014,10.8910,5000,0.0528
,CHECKPOINT BATCH 58220,8.6215,,,
,CHECKPOINT BATCH 58225,9.7776,,,
,CHECKPOINT BATCH 58230,11.1789,,,
11:39:28,58235,11.3242,9.1080,5000,0.0528
,CHECKPOINT BATCH 58235,11.3242,,,
11:39:30,58238,14.4587,8.6475,5000,0.0528
,CHECKPOINT BATCH 58240,9.6893,,,
,CHECKPOINT BATCH 58245,7.6658,,,
,CHECKPOINT BATCH 58250,16.2481,,,
,CHECKPOINT BATCH 58255,10.6455,,,
11:39:32,58257,9.2492,4.8580,5000,0.0528
,CHECKPOINT BATCH 58260,15.1405,,,
,CHECKPOINT BATCH 58265,11.0758,,,
,CHECKPOINT BATCH 58270,8.9033,,,
,CHECKPOINT BATCH 58275,9.0393,,,
11:39:34,58276,14.8220,2.6010,5000,0.0528
11:39:37,58280,6.6323,2.5920,5000,0.0528
,CHECKPOINT BATCH 58280,6.6323,,,
,CHECKPOINT BATCH 58285,10.4818,,,
,CHECKPOINT BATCH 58290,8.7211,,,
,CHECKPOINT BATCH 58295,6.3813,,,
11:39:39,58299,9.8143,3.0490,5000,0.0528
,CHECKPOINT BATCH 58300,7.3094,,,
,CHECKPOINT BATCH 58305,7.2523,,,
11:39:43,58307,8.7912,4.5580,5000,0.0528
,CHECKPOINT BATCH 58310,8.1231,,,
,CHECKPOINT BATCH 58315,9.4533,,,
,CHECKPOINT BATCH 58320,8.9441,,,
11:39:45,58325,8.8096,5.9480,5000,0.0528
,CHECKPOINT BATCH 58325,8.8096,,,
,CHECKPOINT BATCH 58330,9.1923,,,
,CHECKPOINT BATCH 58335,8.0790,,,
,CHECKPOINT BATCH 58340,8.4035,,,
11:39:47,58344,8.1853,11.3055,5000,0.0528
,CHECKPOINT BATCH 58345,8.2925,,,
,CHECKPOINT BATCH 58350,11.9494,,,
,CHECKPOINT BATCH 58355,10.5618,,,
,CHECKPOINT BATCH 58360,9.2514,,,
11:39:49,58363,8.1444,16.1695,5000,0.0528
,CHECKPOINT BATCH 58365,6.7797,,,
11:39:51,58366,8.7207,16.1605,5000,0.0528
,CHECKPOINT BATCH 58370,9.7507,,,
,CHECKPOINT BATCH 58375,7.9680,,,
,CHECKPOINT BATCH 58380,7.5179,,,
11:39:53,58385,11.6014,18.0570,5000,0.0528
,CHECKPOINT BATCH 58385,11.6014,,,
,CHECKPOINT BATCH 58390,7.4985,,,
,CHECKPOINT BATCH 58395,7.7374,,,
,CHECKPOINT BATCH 58400,6.6378,,,
11:39:56,58404,14.9082,20.9740,5000,0.0528
,CHECKPOINT BATCH 58405,9.6776,,,
,CHECKPOINT BATCH 58410,8.2156,,,
,CHECKPOINT BATCH 58415,9.3229,,,
11:40:00,58419,6.1862,24.0275,5000,0.0528
,CHECKPOINT BATCH 58420,7.9682,,,
,CHECKPOINT BATCH 58425,10.6341,,,
,CHECKPOINT BATCH 58430,15.6977,,,
,CHECKPOINT BATCH 58435,13.7617,,,
11:40:02,58438,6.0291,22.7100,5000,0.0528
,CHECKPOINT BATCH 58440,12.4148,,,
,CHECKPOINT BATCH 58445,6.2841,,,
,CHECKPOINT BATCH 58450,10.7473,,,
,CHECKPOINT BATCH 58455,7.8910,,,
11:40:04,58457,9.2574,21.1820,5000,0.0527
,CHECKPOINT BATCH 58460,8.4874,,,
,CHECKPOINT BATCH 58465,7.1933,,,
,CHECKPOINT BATCH 58470,7.6689,,,
,CHECKPOINT BATCH 58475,7.9406,,,
11:40:06,58476,14.6736,21.9245,5000,0.0527
,CHECKPOINT BATCH 58480,6.2096,,,
,CHECKPOINT BATCH 58485,9.1227,,,
,CHECKPOINT BATCH 58490,10.7983,,,
11:40:08,58495,5.4620,20.9995,5000,0.0527
,CHECKPOINT BATCH 58495,5.4620,,,
,CHECKPOINT BATCH 58500,8.9747,,,
,CHECKPOINT BATCH 58505,11.5286,,,
,CHECKPOINT BATCH 58510,11.7801,,,
11:40:10,58514,17.8242,20.6365,5000,0.0527
11:40:12,58515,6.1624,20.9365,5000,0.0527
,CHECKPOINT BATCH 58515,6.1624,,,
,CHECKPOINT BATCH 58520,7.8517,,,
,CHECKPOINT BATCH 58525,7.5647,,,
,CHECKPOINT BATCH 58530,10.3452,,,
11:40:15,58534,6.8303,21.9635,5000,0.0527
,CHECKPOINT BATCH 58535,10.4586,,,
,CHECKPOINT BATCH 58540,6.7703,,,
,CHECKPOINT BATCH 58545,6.9595,,,
,CHECKPOINT BATCH 58550,18.4151,,,
11:40:17,58553,11.3465,21.9945,5000,0.0527
,CHECKPOINT BATCH 58555,6.7402,,,
,CHECKPOINT BATCH 58560,13.1168,,,
,CHECKPOINT BATCH 58565,9.5944,,,
,CHECKPOINT BATCH 58570,9.9144,,,
11:40:19,58572,7.0815,21.2270,5000,0.0527
,CHECKPOINT BATCH 58575,10.6337,,,
,CHECKPOINT BATCH 58580,8.0430,,,
,CHECKPOINT BATCH 58585,6.5872,,,
,CHECKPOINT BATCH 58590,15.8785,,,
11:40:21,58591,9.7435,19.8890,5000,0.0527
,CHECKPOINT BATCH 58595,11.4812,,,
,CHECKPOINT BATCH 58600,11.5940,,,
,CHECKPOINT BATCH 58605,6.6581,,,
11:40:23,58610,15.4595,17.5925,5000,0.0527
,CHECKPOINT BATCH 58610,15.4595,,,
,CHECKPOINT BATCH 58615,13.1517,,,
,CHECKPOINT BATCH 58620,7.6322,,,
,CHECKPOINT BATCH 58625,10.1366,,,
11:40:25,58629,7.7124,15.1485,5000,0.0527
,CHECKPOINT BATCH 58630,10.1454,,,
,CHECKPOINT BATCH 58635,4.5914,,,
11:40:28,58636,8.9891,15.2260,5000,0.0527
,CHECKPOINT BATCH 58640,13.4159,,,
,CHECKPOINT BATCH 58645,7.8715,,,
,CHECKPOINT BATCH 58650,12.9233,,,
11:40:30,58655,9.4280,14.4450,5000,0.0527
,CHECKPOINT BATCH 58655,9.4280,,,
,CHECKPOINT BATCH 58660,8.4322,,,
,CHECKPOINT BATCH 58665,13.1446,,,
,CHECKPOINT BATCH 58670,9.2517,,,
11:40:32,58674,12.0388,16.4150,5000,0.0527
,CHECKPOINT BATCH 58675,7.6319,,,
,CHECKPOINT BATCH 58680,8.4848,,,
,CHECKPOINT BATCH 58685,8.0621,,,
,CHECKPOINT BATCH 58690,9.5967,,,
11:40:34,58693,9.4302,17.3350,5000,0.0527
,CHECKPOINT BATCH 58695,8.9117,,,
,CHECKPOINT BATCH 58700,11.2276,,,
,CHECKPOINT BATCH 58705,9.2638,,,
,CHECKPOINT BATCH 58710,8.4313,,,
11:40:36,58712,6.3174,17.6090,5000,0.0527
,CHECKPOINT BATCH 58715,8.7745,,,
,CHECKPOINT BATCH 58720,8.4233,,,
,CHECKPOINT BATCH 58725,5.3484,,,
,CHECKPOINT BATCH 58730,10.2824,,,
11:40:38,58731,15.9181,17.7795,5000,0.0527
,CHECKPOINT BATCH 58735,13.4926,,,
,CHECKPOINT BATCH 58740,14.5827,,,
,CHECKPOINT BATCH 58745,8.0763,,,
11:40:43,58749,8.6151,18.2505,5000,0.0527
,CHECKPOINT BATCH 58750,8.9728,,,
,CHECKPOINT BATCH 58755,8.9325,,,
,CHECKPOINT BATCH 58760,10.8318,,,
,CHECKPOINT BATCH 58765,10.1402,,,
11:40:45,58768,7.2310,16.4405,5000,0.0527
,CHECKPOINT BATCH 58770,9.0023,,,
,CHECKPOINT BATCH 58775,15.7267,,,
,CHECKPOINT BATCH 58780,8.8617,,,
,CHECKPOINT BATCH 58785,11.4280,,,
11:40:47,58787,8.6796,17.0265,5000,0.0527
,CHECKPOINT BATCH 58790,12.7079,,,
,CHECKPOINT BATCH 58795,9.7414,,,
,CHECKPOINT BATCH 58800,14.8798,,,
,CHECKPOINT BATCH 58805,18.8241,,,
11:40:51,58806,9.0040,18.8660,5000,0.0527
,CHECKPOINT BATCH 58810,9.3473,,,
,CHECKPOINT BATCH 58815,10.0262,,,
,CHECKPOINT BATCH 58820,8.9407,,,
11:40:53,58825,9.3267,20.6410,5000,0.0526
,CHECKPOINT BATCH 58825,9.3267,,,
,CHECKPOINT BATCH 58830,8.4723,,,
,CHECKPOINT BATCH 58835,12.9851,,,
,CHECKPOINT BATCH 58840,13.9401,,,
11:40:56,58844,9.7845,21.8080,5000,0.0526
,CHECKPOINT BATCH 58845,11.8223,,,
,CHECKPOINT BATCH 58850,11.4287,,,
,CHECKPOINT BATCH 58855,7.1421,,,
,CHECKPOINT BATCH 58860,15.7718,,,
11:40:58,58863,9.4766,23.0560,5000,0.0526
,CHECKPOINT BATCH 58865,15.5261,,,
,CHECKPOINT BATCH 58870,10.9867,,,
,CHECKPOINT BATCH 58875,9.4295,,,
,CHECKPOINT BATCH 58880,7.9748,,,
11:41:00,58882,7.9956,21.2500,5000,0.0526
11:41:02,58885,7.0670,20.7805,5000,0.0526
,CHECKPOINT BATCH 58885,7.0670,,,
,CHECKPOINT BATCH 58890,7.4582,,,
,CHECKPOINT BATCH 58895,9.6151,,,
,CHECKPOINT BATCH 58900,8.3292,,,
11:41:04,58904,8.4235,17.5730,5000,0.0526
,CHECKPOINT BATCH 58905,15.2042,,,
,CHECKPOINT BATCH 58910,8.3135,,,
,CHECKPOINT BATCH 58915,10.7776,,,
,CHECKPOINT BATCH 58920,8.0762,,,
11:41:07,58923,12.0198,17.9205,5000,0.0526
,CHECKPOINT BATCH 58925,10.7832,,,
,CHECKPOINT BATCH 58930,11.5183,,,
,CHECKPOINT BATCH 58935,8.2109,,,
11:41:10,58937,6.7771,17.3095,5000,0.0526
,CHECKPOINT BATCH 58940,9.1948,,,
,CHECKPOINT BATCH 58945,8.3592,,,
,CHECKPOINT BATCH 58950,7.7853,,,
,CHECKPOINT BATCH 58955,22.9633,,,
11:41:13,58956,5.6206,16.4165,5000,0.0526
,CHECKPOINT BATCH 58960,9.6302,,,
,CHECKPOINT BATCH 58965,7.9379,,,
,CHECKPOINT BATCH 58970,8.1972,,,
11:41:15,58975,11.6735,17.8325,5000,0.0526
,CHECKPOINT BATCH 58975,11.6735,,,
,CHECKPOINT BATCH 58980,9.7868,,,
,CHECKPOINT BATCH 58985,12.1142,,,
,CHECKPOINT BATCH 58990,5.9599,,,
11:41:17,58994,11.8241,22.0950,5000,0.0526
,CHECKPOINT BATCH 58995,7.2865,,,
,CHECKPOINT BATCH 59000,9.1807,,,
,CHECKPOINT BATCH 59005,6.3885,,,
,CHECKPOINT BATCH 59010,10.1448,,,
11:41:19,59013,11.9577,22.9975,5000,0.0526
,CHECKPOINT BATCH 59015,8.6635,,,
11:41:22,59019,9.7407,24.1305,5000,0.0526
,CHECKPOINT BATCH 59020,7.7910,,,
,CHECKPOINT BATCH 59025,12.6801,,,
,CHECKPOINT BATCH 59030,6.9361,,,
,CHECKPOINT BATCH 59035,5.7052,,,
11:41:24,59038,15.2236,25.3955,5000,0.0526
,CHECKPOINT BATCH 59040,8.9532,,,
,CHECKPOINT BATCH 59045,15.0742,,,
,CHECKPOINT BATCH 59050,10.0121,,,
,CHECKPOINT BATCH 59055,7.4461,,,
11:41:26,59057,12.4185,25.6900,5000,0.0526
,CHECKPOINT BATCH 59060,9.7600,,,
,CHECKPOINT BATCH 59065,9.5654,,,
,CHECKPOINT BATCH 59070,9.8259,,,
,CHECKPOINT BATCH 59075,17.0238,,,
11:41:28,59076,9.2962,24.7490,5000,0.0526
,CHECKPOINT BATCH 59080,9.1973,,,
,CHECKPOINT BATCH 59085,9.2448,,,
,CHECKPOINT BATCH 59090,8.4295,,,
11:41:30,59095,10.7892,22.0550,5000,0.0526
,CHECKPOINT BATCH 59095,10.7892,,,
,CHECKPOINT BATCH 59100,8.5464,,,
,CHECKPOINT BATCH 59105,8.8726,,,
,CHECKPOINT BATCH 59110,6.9184,,,
11:41:32,59114,11.4913,20.2560,5000,0.0526
,CHECKPOINT BATCH 59115,10.5486,,,
11:41:35,59120,8.9280,19.3595,5000,0.0526
,CHECKPOINT BATCH 59120,8.9280,,,
,CHECKPOINT BATCH 59125,8.4060,,,
,CHECKPOINT BATCH 59130,4.8330,,,
,CHECKPOINT BATCH 59135,5.9620,,,
11:41:37,59139,12.8876,15.3420,5000,0.0526
,CHECKPOINT BATCH 59140,7.5832,,,
,CHECKPOINT BATCH 59145,6.0130,,,
,CHECKPOINT BATCH 59150,8.1982,,,
,CHECKPOINT BATCH 59155,8.3943,,,
11:41:39,59158,10.8324,16.3890,5000,0.0526
,CHECKPOINT BATCH 59160,8.8020,,,
,CHECKPOINT BATCH 59165,12.8151,,,
,CHECKPOINT BATCH 59170,9.4508,,,
,CHECKPOINT BATCH 59175,8.9172,,,
11:41:41,59177,7.3179,15.6290,5000,0.0526
,CHECKPOINT BATCH 59180,9.8790,,,
,CHECKPOINT BATCH 59185,13.2090,,,
,CHECKPOINT BATCH 59190,10.7307,,,
,CHECKPOINT BATCH 59195,8.8517,,,
11:41:43,59196,9.3528,16.2130,5000,0.0526
,CHECKPOINT BATCH 59200,15.3409,,,
,CHECKPOINT BATCH 59205,13.9968,,,
,CHECKPOINT BATCH 59210,13.0424,,,
11:41:46,59215,8.2030,15.5440,5000,0.0525
,CHECKPOINT BATCH 59215,8.2030,,,
,CHECKPOINT BATCH 59220,6.3931,,,
,CHECKPOINT BATCH 59225,9.2959,,,
,CHECKPOINT BATCH 59230,10.6845,,,
11:41:48,59233,6.6835,15.6210,5000,0.0525
,CHECKPOINT BATCH 59235,13.7640,,,
,CHECKPOINT BATCH 59240,8.5444,,,
,CHECKPOINT BATCH 59245,10.2079,,,
,CHECKPOINT BATCH 59250,8.8617,,,
11:41:50,59252,7.0615,14.3075,5000,0.0525
,CHECKPOINT BATCH 59255,10.7971,,,
11:41:53,59257,10.1806,14.5570,5000,0.0525
,CHECKPOINT BATCH 59260,10.6965,,,
,CHECKPOINT BATCH 59265,8.1391,,,
,CHECKPOINT BATCH 59270,7.4984,,,
,CHECKPOINT BATCH 59275,6.6639,,,
11:41:55,59276,15.0804,11.7925,5000,0.0525
,CHECKPOINT BATCH 59280,7.3057,,,
,CHECKPOINT BATCH 59285,11.5926,,,
,CHECKPOINT BATCH 59290,6.0563,,,
11:41:57,59295,11.3097,13.4915,5000,0.0525
,CHECKPOINT BATCH 59295,11.3097,,,
,CHECKPOINT BATCH 59300,9.1678,,,
,CHECKPOINT BATCH 59305,7.4766,,,
,CHECKPOINT BATCH 59310,9.0035,,,
11:41:59,59314,7.7695,15.2150,5000,0.0525
,CHECKPOINT BATCH 59315,8.6904,,,
,CHECKPOINT BATCH 59320,9.8209,,,
,CHECKPOINT BATCH 59325,7.9077,,,
,CHECKPOINT BATCH 59330,11.2264,,,
11:42:01,59333,6.6732,18.2880,5000,0.0525
,CHECKPOINT BATCH 59335,10.5495,,,
,CHECKPOINT BATCH 59340,8.1712,,,
,CHECKPOINT BATCH 59345,11.2135,,,
,CHECKPOINT BATCH 59350,9.8788,,,
11:42:03,59352,7.0430,18.3015,5000,0.0525
,CHECKPOINT BATCH 59355,8.2398,,,
,CHECKPOINT BATCH 59360,6.4767,,,
,CHECKPOINT BATCH 59365,7.6396,,,
11:42:07,59370,7.5738,20.9010,5000,0.0525
,CHECKPOINT BATCH 59370,7.5738,,,
,CHECKPOINT BATCH 59375,7.6864,,,
,CHECKPOINT BATCH 59380,9.6916,,,
,CHECKPOINT BATCH 59385,8.6278,,,
11:42:09,59389,8.6631,21.6560,5000,0.0525
,CHECKPOINT BATCH 59390,9.0489,,,
,CHECKPOINT BATCH 59395,6.9355,,,
,CHECKPOINT BATCH 59400,8.3681,,,
,CHECKPOINT BATCH 59405,8.7484,,,
11:42:11,59408,9.8550,21.1965,5000,0.0525
,CHECKPOINT BATCH 59410,12.6767,,,
,CHECKPOINT BATCH 59415,6.2513,,,
,CHECKPOINT BATCH 59420,7.6128,,,
,CHECKPOINT BATCH 59425,8.2939,,,
11:42:14,59427,9.3703,21.5065,5000,0.0525
,CHECKPOINT BATCH 59430,6.4819,,,
,CHECKPOINT BATCH 59435,8.0021,,,
,CHECKPOINT BATCH 59440,10.2652,,,
,CHECKPOINT BATCH 59445,13.6177,,,
11:42:16,59446,7.9831,22.3620,5000,0.0525
,CHECKPOINT BATCH 59450,10.9133,,,
11:42:18,59451,6.6841,23.3565,5000,0.0525
,CHECKPOINT BATCH 59455,5.9013,,,
,CHECKPOINT BATCH 59460,8.0706,,,
,CHECKPOINT BATCH 59465,14.2996,,,
11:42:21,59470,6.7959,22.5475,5000,0.0525
,CHECKPOINT BATCH 59470,6.7959,,,
,CHECKPOINT BATCH 59475,8.3174,,,
,CHECKPOINT BATCH 59480,12.6718,,,
,CHECKPOINT BATCH 59485,6.3659,,,
11:42:23,59489,9.2579,22.5595,5000,0.0525
,CHECKPOINT BATCH 59490,7.8044,,,
,CHECKPOINT BATCH 59495,6.5109,,,
,CHECKPOINT BATCH 59500,8.1701,,,
,CHECKPOINT BATCH 59505,9.9017,,,
11:42:27,59506,13.3643,23.7440,5000,0.0525
,CHECKPOINT BATCH 59510,16.0020,,,
,CHECKPOINT BATCH 59515,5.8393,,,
,CHECKPOINT BATCH 59520,8.3903,,,
11:42:29,59525,8.8533,19.7530,5000,0.0525
,CHECKPOINT BATCH 59525,8.8533,,,
,CHECKPOINT BATCH 59530,7.9100,,,
,CHECKPOINT BATCH 59535,9.4321,,,
,CHECKPOINT BATCH 59540,11.2196,,,
11:42:31,59544,10.1952,19.5620,5000,0.0525
,CHECKPOINT BATCH 59545,9.0427,,,
,CHECKPOINT BATCH 59550,6.6555,,,
,CHECKPOINT BATCH 59555,9.2895,,,
,CHECKPOINT BATCH 59560,8.1395,,,
11:42:33,59563,5.6244,19.3165,5000,0.0525
,CHECKPOINT BATCH 59565,8.4610,,,
,CHECKPOINT BATCH 59570,5.7291,,,
,CHECKPOINT BATCH 59575,6.2706,,,
,CHECKPOINT BATCH 59580,7.3999,,,
11:42:35,59582,11.7654,18.6025,5000,0.0525
,CHECKPOINT BATCH 59585,7.6572,,,
,CHECKPOINT BATCH 59590,5.5958,,,
,CHECKPOINT BATCH 59595,10.8818,,,
,CHECKPOINT BATCH 59600,8.4998,,,
11:42:37,59601,6.2612,16.1485,5000,0.0525
,CHECKPOINT BATCH 59605,7.8182,,,
,CHECKPOINT BATCH 59610,9.2649,,,
,CHECKPOINT BATCH 59615,9.2579,,,
11:42:39,59620,10.9734,17.8740,5000,0.0524
,CHECKPOINT BATCH 59620,10.9734,,,
,CHECKPOINT BATCH 59625,10.3649,,,
11:42:43,59629,8.1941,18.4230,5000,0.0524
,CHECKPOINT BATCH 59630,13.7589,,,
,CHECKPOINT BATCH 59635,6.9518,,,
,CHECKPOINT BATCH 59640,5.5082,,,
,CHECKPOINT BATCH 59645,7.2123,,,
11:42:45,59648,8.8436,15.5395,5000,0.0524
,CHECKPOINT BATCH 59650,9.1510,,,
,CHECKPOINT BATCH 59655,6.6893,,,
,CHECKPOINT BATCH 59660,9.9046,,,
11:42:49,59664,7.5483,16.0940,5000,0.0524
,CHECKPOINT BATCH 59665,8.8389,,,
,CHECKPOINT BATCH 59670,7.1243,,,
,CHECKPOINT BATCH 59675,9.3514,,,
,CHECKPOINT BATCH 59680,8.1970,,,
11:42:51,59683,7.4282,13.4375,5000,0.0524
,CHECKPOINT BATCH 59685,13.1136,,,
,CHECKPOINT BATCH 59690,9.0505,,,
,CHECKPOINT BATCH 59695,8.0758,,,
,CHECKPOINT BATCH 59700,13.0926,,,
11:42:53,59702,7.3761,15.5515,5000,0.0524
,CHECKPOINT BATCH 59705,8.9634,,,
,CHECKPOINT BATCH 59710,10.4179,,,
11:42:57,59715,8.4467,16.2885,5000,0.0524
,CHECKPOINT BATCH 59715,8.4467,,,
,CHECKPOINT BATCH 59720,6.9837,,,
,CHECKPOINT BATCH 59725,7.9144,,,
,CHECKPOINT BATCH 59730,8.3443,,,
11:42:59,59734,12.2666,16.5445,5000,0.0524
,CHECKPOINT BATCH 59735,7.1708,,,
,CHECKPOINT BATCH 59740,6.5088,,,
,CHECKPOINT BATCH 59745,7.9190,,,
,CHECKPOINT BATCH 59750,14.9795,,,
11:43:01,59753,11.0458,18.7470,5000,0.0524
,CHECKPOINT BATCH 59755,10.5897,,,
,CHECKPOINT BATCH 59760,7.1873,,,
,CHECKPOINT BATCH 59765,8.7625,,,
,CHECKPOINT BATCH 59770,7.8655,,,
11:43:03,59772,10.1875,19.6890,5000,0.0524
,CHECKPOINT BATCH 59775,9.0283,,,
,CHECKPOINT BATCH 59780,5.1458,,,
,CHECKPOINT BATCH 59785,8.1209,,,
,CHECKPOINT BATCH 59790,8.5271,,,
11:43:05,59791,6.9112,18.9335,5000,0.0524
,CHECKPOINT BATCH 59795,10.5245,,,
,CHECKPOINT BATCH 59800,6.7078,,,
,CHECKPOINT BATCH 59805,7.0872,,,
11:43:07,59810,9.3427,17.4365,5000,0.0524
,CHECKPOINT BATCH 59810,9.3427,,,
,CHECKPOINT BATCH 59815,6.7706,,,
,CHECKPOINT BATCH 59820,9.2289,,,
11:43:11,59823,10.7197,20.1055,5000,0.0524
,CHECKPOINT BATCH 59825,9.4320,,,
,CHECKPOINT BATCH 59830,10.5578,,,
,CHECKPOINT BATCH 59835,11.0174,,,
,CHECKPOINT BATCH 59840,10.5611,,,
11:43:13,59842,10.8409,18.9460,5000,0.0524
,CHECKPOINT BATCH 59845,12.6793,,,
,CHECKPOINT BATCH 59850,6.5822,,,
,CHECKPOINT BATCH 59855,8.6724,,,
,CHECKPOINT BATCH 59860,7.1085,,,
11:43:15,59861,8.9844,18.7750,5000,0.0524
,CHECKPOINT BATCH 59865,8.5583,,,
,CHECKPOINT BATCH 59870,10.9403,,,
,CHECKPOINT BATCH 59875,6.3033,,,
11:43:17,59880,10.2273,19.0595,5000,0.0524
,CHECKPOINT BATCH 59880,10.2273,,,
,CHECKPOINT BATCH 59885,9.0027,,,
,CHECKPOINT BATCH 59890,6.8743,,,
,CHECKPOINT BATCH 59895,9.8654,,,
11:43:19,59899,8.1982,18.7605,5000,0.0524
,CHECKPOINT BATCH 59900,6.2580,,,
,CHECKPOINT BATCH 59905,9.8069,,,
,CHECKPOINT BATCH 59910,9.4568,,,
,CHECKPOINT BATCH 59915,6.9864,,,
11:43:21,59918,16.0236,17.5435,5000,0.0524
,CHECKPOINT BATCH 59920,8.3954,,,
,CHECKPOINT BATCH 59925,7.7233,,,
,CHECKPOINT BATCH 59930,12.2758,,,
,CHECKPOINT BATCH 59935,12.8383,,,
11:43:23,59937,7.5957,15.1085,5000,0.0524
,CHECKPOINT BATCH 59940,8.9847,,,
,CHECKPOINT BATCH 59945,6.8936,,,
11:43:27,59946,9.0873,15.5215,5000,0.0524
,CHECKPOINT BATCH 59950,7.9364,,,
,CHECKPOINT BATCH 59955,8.3297,,,
,CHECKPOINT BATCH 59960,9.3838,,,
11:43:29,59965,5.4986,15.7825,5000,0.0524
,CHECKPOINT BATCH 59965,5.4986,,,
,CHECKPOINT BATCH 59970,12.5333,,,
,CHECKPOINT BATCH 59975,6.9198,,,
,CHECKPOINT BATCH 59980,7.1783,,,
11:43:31,59984,6.8095,16.2460,5000,0.0524
,CHECKPOINT BATCH 59985,9.2212,,,
,CHECKPOINT BATCH 59990,5.8775,,,
,CHECKPOINT BATCH 59995,5.9913,,,
,CHECKPOINT BATCH 60000,6.7171,,,
11:43:33,60003,7.5706,16.9975,5000,0.0524
,CHECKPOINT BATCH 60005,9.8052,,,
,CHECKPOINT BATCH 60010,16.7398,,,
,CHECKPOINT BATCH 60015,8.9433,,,
,CHECKPOINT BATCH 60020,7.4386,,,
11:43:37,60021,9.4508,18.1780,5000,0.0523
,CHECKPOINT BATCH 60025,10.9200,,,
,CHECKPOINT BATCH 60030,8.8671,,,
,CHECKPOINT BATCH 60035,10.1392,,,
11:43:39,60040,6.4765,20.3925,5000,0.0523
,CHECKPOINT BATCH 60040,6.4765,,,
,CHECKPOINT BATCH 60045,15.5444,,,
,CHECKPOINT BATCH 60050,10.8911,,,
,CHECKPOINT BATCH 60055,9.7356,,,
11:43:42,60059,10.3151,20.3300,5000,0.0523
,CHECKPOINT BATCH 60060,8.4786,,,
,CHECKPOINT BATCH 60065,8.9410,,,
,CHECKPOINT BATCH 60070,5.9528,,,
,CHECKPOINT BATCH 60075,6.5178,,,
11:43:44,60078,8.9144,19.2635,5000,0.0523
,CHECKPOINT BATCH 60080,7.7899,,,
,CHECKPOINT BATCH 60085,8.3720,,,
,CHECKPOINT BATCH 60090,8.4580,,,
,CHECKPOINT BATCH 60095,6.1650,,,
11:43:46,60097,9.4209,19.7545,5000,0.0523
,CHECKPOINT BATCH 60100,6.9682,,,
,CHECKPOINT BATCH 60105,7.1726,,,
,CHECKPOINT BATCH 60110,9.7041,,,
11:43:50,60111,9.2370,21.8315,5000,0.0523
,CHECKPOINT BATCH 60115,10.2491,,,
,CHECKPOINT BATCH 60120,7.4128,,,
,CHECKPOINT BATCH 60125,10.1816,,,
11:43:52,60130,8.0205,22.7765,5000,0.0523
,CHECKPOINT BATCH 60130,8.0205,,,
,CHECKPOINT BATCH 60135,11.2143,,,
,CHECKPOINT BATCH 60140,11.5359,,,
,CHECKPOINT BATCH 60145,8.5445,,,
11:43:54,60149,8.1036,22.4765,5000,0.0523
,CHECKPOINT BATCH 60150,8.0825,,,
,CHECKPOINT BATCH 60155,9.6043,,,
,CHECKPOINT BATCH 60160,7.6726,,,
11:43:57,60161,8.7537,21.8635,5000,0.0523
,CHECKPOINT BATCH 60165,16.2010,,,
,CHECKPOINT BATCH 60170,7.5727,,,
,CHECKPOINT BATCH 60175,7.7716,,,
11:43:59,60180,7.6960,20.6465,5000,0.0523
,CHECKPOINT BATCH 60180,7.6960,,,
,CHECKPOINT BATCH 60185,8.9124,,,
,CHECKPOINT BATCH 60190,6.8889,,,
,CHECKPOINT BATCH 60195,10.7130,,,
11:44:02,60199,7.8498,21.8825,5000,0.0523
,CHECKPOINT BATCH 60200,10.5625,,,
,CHECKPOINT BATCH 60205,8.9789,,,
,CHECKPOINT BATCH 60210,8.0375,,,
,CHECKPOINT BATCH 60215,10.5988,,,
11:44:04,60218,6.0062,21.3375,5000,0.0523
,CHECKPOINT BATCH 60220,9.8773,,,
,CHECKPOINT BATCH 60225,9.7226,,,
,CHECKPOINT BATCH 60230,17.6219,,,
,CHECKPOINT BATCH 60235,11.6580,,,
11:44:08,60237,9.4445,19.3330,5000,0.0523
,CHECKPOINT BATCH 60240,7.4072,,,
,CHECKPOINT BATCH 60245,7.1185,,,
,CHECKPOINT BATCH 60250,5.3141,,,
,CHECKPOINT BATCH 60255,8.1226,,,
11:44:10,60256,6.6321,16.1455,5000,0.0523
,CHECKPOINT BATCH 60260,6.0317,,,
,CHECKPOINT BATCH 60265,9.8312,,,
,CHECKPOINT BATCH 60270,8.4241,,,
11:44:12,60275,8.8107,20.4350,5000,0.0523
,CHECKPOINT BATCH 60275,8.8107,,,
,CHECKPOINT BATCH 60280,5.1636,,,
,CHECKPOINT BATCH 60285,7.8996,,,
,CHECKPOINT BATCH 60290,7.7070,,,
11:44:14,60294,6.0890,19.3630,5000,0.0523
,CHECKPOINT BATCH 60295,5.4264,,,
,CHECKPOINT BATCH 60300,7.5310,,,
11:44:18,60302,9.6117,18.1255,5000,0.0523
,CHECKPOINT BATCH 60305,6.0911,,,
,CHECKPOINT BATCH 60310,6.7845,,,
,CHECKPOINT BATCH 60315,10.6344,,,
,CHECKPOINT BATCH 60320,8.4901,,,
11:44:20,60321,7.5717,14.6070,5000,0.0523
,CHECKPOINT BATCH 60325,5.6432,,,
,CHECKPOINT BATCH 60330,6.7020,,,
,CHECKPOINT BATCH 60335,8.5355,,,
11:44:22,60340,10.4375,17.5015,5000,0.0523
,CHECKPOINT BATCH 60340,10.4375,,,
,CHECKPOINT BATCH 60345,7.5474,,,
,CHECKPOINT BATCH 60350,14.4399,,,
,CHECKPOINT BATCH 60355,10.3574,,,
11:44:24,60359,7.2143,20.1000,5000,0.0523
,CHECKPOINT BATCH 60360,8.2149,,,
11:44:27,60364,7.3520,20.0710,5000,0.0523
,CHECKPOINT BATCH 60365,11.8165,,,
,CHECKPOINT BATCH 60370,7.0145,,,
,CHECKPOINT BATCH 60375,9.7950,,,
,CHECKPOINT BATCH 60380,10.0089,,,
11:44:29,60383,8.1698,20.0205,5000,0.0523
,CHECKPOINT BATCH 60385,7.4123,,,
,CHECKPOINT BATCH 60390,6.4559,,,
,CHECKPOINT BATCH 60395,13.4043,,,
,CHECKPOINT BATCH 60400,8.9765,,,
11:44:31,60402,9.4667,21.5800,5000,0.0523
,CHECKPOINT BATCH 60405,12.5840,,,
,CHECKPOINT BATCH 60410,9.3535,,,
,CHECKPOINT BATCH 60415,9.3611,,,
,CHECKPOINT BATCH 60420,7.0393,,,
11:44:33,60421,5.9075,25.1035,5000,0.0523
,CHECKPOINT BATCH 60425,18.6595,,,
,CHECKPOINT BATCH 60430,7.8052,,,
,CHECKPOINT BATCH 60435,7.7677,,,
11:44:35,60440,8.2587,24.5305,5000,0.0523
,CHECKPOINT BATCH 60440,8.2587,,,
11:44:38,60442,6.3229,25.0700,5000,0.0523
,CHECKPOINT BATCH 60445,11.5834,,,
,CHECKPOINT BATCH 60450,11.3336,,,
,CHECKPOINT BATCH 60455,8.7211,,,
,CHECKPOINT BATCH 60460,9.9479,,,
11:44:40,60461,15.6619,21.4125,5000,0.0522
,CHECKPOINT BATCH 60465,6.7616,,,
,CHECKPOINT BATCH 60470,9.1801,,,
,CHECKPOINT BATCH 60475,10.2412,,,
11:44:42,60480,6.9885,21.4460,5000,0.0522
,CHECKPOINT BATCH 60480,6.9885,,,
,CHECKPOINT BATCH 60485,8.8506,,,
,CHECKPOINT BATCH 60490,12.9201,,,
,CHECKPOINT BATCH 60495,8.2922,,,
11:44:44,60499,8.3339,20.0750,5000,0.0522
,CHECKPOINT BATCH 60500,9.4676,,,
,CHECKPOINT BATCH 60505,8.3732,,,
,CHECKPOINT BATCH 60510,7.9569,,,
,CHECKPOINT BATCH 60515,8.6973,,,
11:44:48,60517,4.8274,18.3970,5000,0.0522
,CHECKPOINT BATCH 60520,7.3333,,,
,CHECKPOINT BATCH 60525,11.4168,,,
,CHECKPOINT BATCH 60530,7.0391,,,
,CHECKPOINT BATCH 60535,12.1549,,,
11:44:50,60536,8.8261,17.1695,5000,0.0522
,CHECKPOINT BATCH 60540,9.6666,,,
,CHECKPOINT BATCH 60545,10.3449,,,
,CHECKPOINT BATCH 60550,6.4790,,,
11:44:52,60555,7.8448,19.3905,5000,0.0522
,CHECKPOINT BATCH 60555,7.8448,,,
,CHECKPOINT BATCH 60560,11.9119,,,
,CHECKPOINT BATCH 60565,7.1850,,,
,CHECKPOINT BATCH 60570,6.2292,,,
11:44:54,60574,9.0079,17.3810,5000,0.0522
,CHECKPOINT BATCH 60575,7.0091,,,
,CHECKPOINT BATCH 60580,18.8995,,,
,CHECKPOINT BATCH 60585,10.1982,,,
,CHECKPOINT BATCH 60590,7.7992,,,
11:44:57,60593,8.3521,15.9500,5000,0.0522
,CHECKPOINT BATCH 60595,10.1232,,,
,CHECKPOINT BATCH 60600,15.4807,,,
,CHECKPOINT BATCH 60605,11.0896,,,
,CHECKPOINT BATCH 60610,8.7206,,,
11:44:59,60612,8.6941,15.0285,5000,0.0522
,CHECKPOINT BATCH 60615,11.3547,,,
,CHECKPOINT BATCH 60620,8.4091,,,
,CHECKPOINT BATCH 60625,9.6390,,,
,CHECKPOINT BATCH 60630,7.6823,,,
11:45:01,60631,8.8150,15.0930,5000,0.0522
,CHECKPOINT BATCH 60635,8.8572,,,
,CHECKPOINT BATCH 60640,8.2313,,,
11:45:04,60643,8.1935,15.1880,5000,0.0522
,CHECKPOINT BATCH 60645,10.6139,,,
,CHECKPOINT BATCH 60650,9.2731,,,
,CHECKPOINT BATCH 60655,10.6530,,,
,CHECKPOINT BATCH 60660,8.2350,,,
11:45:06,60662,8.5535,16.0905,5000,0.0522
,CHECKPOINT BATCH 60665,11.2805,,,
,CHECKPOINT BATCH 60670,10.3746,,,
,CHECKPOINT BATCH 60675,9.5729,,,
,CHECKPOINT BATCH 60680,10.2260,,,
11:45:08,60681,6.2393,17.4545,5000,0.0522
,CHECKPOINT BATCH 60685,10.1997,,,
,CHECKPOINT BATCH 60690,7.1807,,,
,CHECKPOINT BATCH 60695,10.1112,,,
11:45:13,60699,18.9099,18.8525,5000,0.0522
,CHECKPOINT BATCH 60700,10.0886,,,
,CHECKPOINT BATCH 60705,10.0134,,,
,CHECKPOINT BATCH 60710,11.2305,,,
,CHECKPOINT BATCH 60715,11.1270,,,
11:45:15,60718,9.0550,17.7500,5000,0.0522
,CHECKPOINT BATCH 60720,11.3992,,,
,CHECKPOINT BATCH 60725,10.4776,,,
,CHECKPOINT BATCH 60730,7.9642,,,
,CHECKPOINT BATCH 60735,9.0990,,,
11:45:17,60737,9.1579,18.5845,5000,0.0522
,CHECKPOINT BATCH 60740,8.5171,,,
,CHECKPOINT BATCH 60745,11.3373,,,
,CHECKPOINT BATCH 60750,9.9093,,,
,CHECKPOINT BATCH 60755,7.1385,,,
11:45:19,60756,9.6787,17.7645,5000,0.0522
,CHECKPOINT BATCH 60760,7.2612,,,
,CHECKPOINT BATCH 60765,10.1909,,,
,CHECKPOINT BATCH 60770,11.5262,,,
11:45:21,60775,5.2491,16.9845,5000,0.0522
,CHECKPOINT BATCH 60775,5.2491,,,
,CHECKPOINT BATCH 60780,8.2703,,,
,CHECKPOINT BATCH 60785,10.1074,,,
,CHECKPOINT BATCH 60790,6.1331,,,
11:45:23,60794,8.4489,15.6395,5000,0.0522
,CHECKPOINT BATCH 60795,12.7137,,,
,CHECKPOINT BATCH 60800,9.0026,,,
,CHECKPOINT BATCH 60805,11.6977,,,
,CHECKPOINT BATCH 60810,10.5867,,,
11:45:25,60813,11.8993,17.6725,5000,0.0522
,CHECKPOINT BATCH 60815,8.5469,,,
,CHECKPOINT BATCH 60820,9.4611,,,
11:45:28,60821,5.9877,17.9170,5000,0.0522
,CHECKPOINT BATCH 60825,12.1683,,,
,CHECKPOINT BATCH 60830,10.1769,,,
,CHECKPOINT BATCH 60835,9.8362,,,
11:45:31,60840,13.2648,17.0625,5000,0.0522
,CHECKPOINT BATCH 60840,13.2648,,,
,CHECKPOINT BATCH 60845,7.9158,,,
,CHECKPOINT BATCH 60850,7.2327,,,
,CHECKPOINT BATCH 60855,8.6915,,,
11:45:33,60859,9.3456,17.9825,5000,0.0522
,CHECKPOINT BATCH 60860,8.0308,,,
,CHECKPOINT BATCH 60865,7.6992,,,
,CHECKPOINT BATCH 60870,9.3250,,,
,CHECKPOINT BATCH 60875,7.8173,,,
11:45:35,60877,8.1390,18.0025,5000,0.0522
,CHECKPOINT BATCH 60880,8.0992,,,
11:45:38,60882,6.2788,18.1380,5000,0.0522
,CHECKPOINT BATCH 60885,8.2996,,,
,CHECKPOINT BATCH 60890,7.5434,,,
,CHECKPOINT BATCH 60895,6.9941,,,
,CHECKPOINT BATCH 60900,8.4404,,,
11:45:40,60901,11.3344,19.9100,5000,0.0522
,CHECKPOINT BATCH 60905,7.4903,,,
,CHECKPOINT BATCH 60910,10.6216,,,
,CHECKPOINT BATCH 60915,7.5574,,,
11:45:42,60920,6.9798,21.0065,5000,0.0521
,CHECKPOINT BATCH 60920,6.9798,,,
,CHECKPOINT BATCH 60925,4.8738,,,
,CHECKPOINT BATCH 60930,7.5648,,,
11:45:45,60931,8.1822,21.5985,5000,0.0521
,CHECKPOINT BATCH 60935,7.8954,,,
,CHECKPOINT BATCH 60940,9.6556,,,
,CHECKPOINT BATCH 60945,5.4849,,,
11:45:47,60950,5.8715,18.3425,5000,0.0521
,CHECKPOINT BATCH 60950,5.8715,,,
,CHECKPOINT BATCH 60955,7.0446,,,
,CHECKPOINT BATCH 60960,8.8640,,,
,CHECKPOINT BATCH 60965,6.4451,,,
11:45:52,60968,11.2227,17.8660,5000,0.0521
,CHECKPOINT BATCH 60970,14.6323,,,
,CHECKPOINT BATCH 60975,5.2107,,,
,CHECKPOINT BATCH 60980,13.0237,,,
,CHECKPOINT BATCH 60985,6.8191,,,
11:45:54,60987,6.7395,16.1935,5000,0.0521
,CHECKPOINT BATCH 60990,8.1534,,,
,CHECKPOINT BATCH 60995,10.4419,,,
,CHECKPOINT BATCH 61000,7.2695,,,
,CHECKPOINT BATCH 61005,10.7259,,,
11:45:56,61006,6.7177,16.1935,5000,0.0521
,CHECKPOINT BATCH 61010,10.1380,,,
,CHECKPOINT BATCH 61015,8.3021,,,
,CHECKPOINT BATCH 61020,10.4284,,,
11:45:58,61025,8.4877,14.6590,5000,0.0521
,CHECKPOINT BATCH 61025,8.4877,,,
,CHECKPOINT BATCH 61030,9.9480,,,
,CHECKPOINT BATCH 61035,7.5661,,,
,CHECKPOINT BATCH 61040,8.3054,,,
11:46:00,61044,10.0773,16.9530,5000,0.0521
,CHECKPOINT BATCH 61045,14.6581,,,
,CHECKPOINT BATCH 61050,7.8762,,,
,CHECKPOINT BATCH 61055,7.8437,,,
,CHECKPOINT BATCH 61060,8.2465,,,
11:46:02,61063,10.9094,15.5145,5000,0.0521
,CHECKPOINT BATCH 61065,7.9921,,,
,CHECKPOINT BATCH 61070,6.4468,,,
,CHECKPOINT BATCH 61075,7.3636,,,
,CHECKPOINT BATCH 61080,9.1158,,,
11:46:04,61082,7.6805,17.5650,5000,0.0521
,CHECKPOINT BATCH 61085,6.9690,,,
,CHECKPOINT BATCH 61090,7.0764,,,
11:46:08,61094,12.1191,17.0580,5000,0.0521
,CHECKPOINT BATCH 61095,8.2005,,,
,CHECKPOINT BATCH 61100,7.6023,,,
,CHECKPOINT BATCH 61105,10.0335,,,
,CHECKPOINT BATCH 61110,7.2327,,,
11:46:10,61113,7.9225,14.0010,5000,0.0521
,CHECKPOINT BATCH 61115,9.1945,,,
,CHECKPOINT BATCH 61120,11.2785,,,
,CHECKPOINT BATCH 61125,6.4819,,,
,CHECKPOINT BATCH 61130,15.4493,,,
11:46:12,61132,5.2693,14.6120,5000,0.0521
,CHECKPOINT BATCH 61135,9.0766,,,
,CHECKPOINT BATCH 61140,10.9819,,,
,CHECKPOINT BATCH 61145,8.9803,,,
,CHECKPOINT BATCH 61150,6.2082,,,
11:46:14,61151,6.4784,15.8070,5000,0.0521
,CHECKPOINT BATCH 61155,7.6078,,,
,CHECKPOINT BATCH 61160,9.4658,,,
,CHECKPOINT BATCH 61165,8.5313,,,
11:46:16,61170,6.9815,16.9535,5000,0.0521
,CHECKPOINT BATCH 61170,6.9815,,,
,CHECKPOINT BATCH 61175,8.9714,,,
,CHECKPOINT BATCH 61180,7.7954,,,
,CHECKPOINT BATCH 61185,6.6179,,,
11:46:18,61189,9.1959,17.4065,5000,0.0521
,CHECKPOINT BATCH 61190,10.4931,,,
,CHECKPOINT BATCH 61195,6.9535,,,
,CHECKPOINT BATCH 61200,7.0581,,,
,CHECKPOINT BATCH 61205,5.5993,,,
11:46:20,61208,8.3238,19.8930,5000,0.0521
11:46:23,61209,9.6850,19.7450,5000,0.0521
,CHECKPOINT BATCH 61210,7.4005,,,
,CHECKPOINT BATCH 61215,11.4984,,,
,CHECKPOINT BATCH 61220,6.6110,,,
,CHECKPOINT BATCH 61225,4.8985,,,
11:46:25,61228,7.7562,19.0310,5000,0.0521
,CHECKPOINT BATCH 61230,9.6669,,,
,CHECKPOINT BATCH 61235,8.6731,,,
,CHECKPOINT BATCH 61240,7.0912,,,
,CHECKPOINT BATCH 61245,8.0352,,,
11:46:27,61247,8.4555,19.3365,5000,0.0521
,CHECKPOINT BATCH 61250,7.4301,,,
,CHECKPOINT BATCH 61255,5.2736,,,
,CHECKPOINT BATCH 61260,9.6850,,,
,CHECKPOINT BATCH 61265,13.0270,,,
11:46:29,61266,10.0437,19.0435,5000,0.0521
,CHECKPOINT BATCH 61270,6.5899,,,
,CHECKPOINT BATCH 61275,13.1513,,,
,CHECKPOINT BATCH 61280,10.5671,,,
11:46:31,61285,7.5089,18.1200,5000,0.0521
,CHECKPOINT BATCH 61285,7.5089,,,
,CHECKPOINT BATCH 61290,10.8638,,,
,CHECKPOINT BATCH 61295,8.3461,,,
,CHECKPOINT BATCH 61300,9.1949,,,
11:46:33,61304,9.8490,17.8020,5000,0.0521
,CHECKPOINT BATCH 61305,10.1570,,,
,CHECKPOINT BATCH 61310,14.4335,,,
,CHECKPOINT BATCH 61315,10.7461,,,
,CHECKPOINT BATCH 61320,13.7993,,,
11:46:37,61322,5.8666,18.8600,5000,0.0521
,CHECKPOINT BATCH 61325,9.1929,,,
,CHECKPOINT BATCH 61330,6.7221,,,
,CHECKPOINT BATCH 61335,5.4632,,,
,CHECKPOINT BATCH 61340,11.6523,,,
11:46:40,61341,8.5930,19.1960,5000,0.0521
,CHECKPOINT BATCH 61345,6.4247,,,
,CHECKPOINT BATCH 61350,15.6070,,,
,CHECKPOINT BATCH 61355,8.1488,,,
11:46:42,61360,10.5171,18.5730,5000,0.0521
,CHECKPOINT BATCH 61360,10.5171,,,
,CHECKPOINT BATCH 61365,9.8332,,,
,CHECKPOINT BATCH 61370,7.4774,,,
,CHECKPOINT BATCH 61375,6.5925,,,
11:46:44,61379,7.4827,17.9700,5000,0.0521
,CHECKPOINT BATCH 61380,7.1427,,,
,CHECKPOINT BATCH 61385,9.4812,,,
,CHECKPOINT BATCH 61390,6.7485,,,
,CHECKPOINT BATCH 61395,7.3636,,,
11:46:46,61398,11.7928,19.0725,5000,0.0520
,CHECKPOINT BATCH 61400,10.0303,,,
,CHECKPOINT BATCH 61405,6.2502,,,
,CHECKPOINT BATCH 61410,15.1102,,,
,CHECKPOINT BATCH 61415,9.2135,,,
11:46:48,61417,11.0130,19.8185,5000,0.0520
,CHECKPOINT BATCH 61420,8.0237,,,
11:46:51,61423,7.7344,19.2155,5000,0.0520
,CHECKPOINT BATCH 61425,7.2650,,,
,CHECKPOINT BATCH 61430,6.9411,,,
,CHECKPOINT BATCH 61435,9.5849,,,
,CHECKPOINT BATCH 61440,10.8887,,,
11:46:53,61442,7.9728,17.0680,5000,0.0520
,CHECKPOINT BATCH 61445,6.4550,,,
,CHECKPOINT BATCH 61450,11.1036,,,
,CHECKPOINT BATCH 61455,5.7160,,,
,CHECKPOINT BATCH 61460,7.3678,,,
11:46:55,61461,7.5405,18.4410,5000,0.0520
,CHECKPOINT BATCH 61465,13.2716,,,
,CHECKPOINT BATCH 61470,5.7637,,,
,CHECKPOINT BATCH 61475,11.5985,,,
11:46:57,61480,8.5797,19.6730,5000,0.0520
,CHECKPOINT BATCH 61480,8.5797,,,
,CHECKPOINT BATCH 61485,7.5654,,,
,CHECKPOINT BATCH 61490,14.9256,,,
11:47:01,61492,8.8939,20.5260,5000,0.0520
,CHECKPOINT BATCH 61495,6.5892,,,
,CHECKPOINT BATCH 61500,8.1396,,,
,CHECKPOINT BATCH 61505,8.5552,,,
,CHECKPOINT BATCH 61510,6.3532,,,
11:47:03,61511,17.0320,20.9395,5000,0.0520
,CHECKPOINT BATCH 61515,7.0462,,,
,CHECKPOINT BATCH 61520,6.7789,,,
,CHECKPOINT BATCH 61525,12.5196,,,
11:47:05,61530,7.0757,21.7445,5000,0.0520
,CHECKPOINT BATCH 61530,7.0757,,,
,CHECKPOINT BATCH 61535,10.7342,,,
,CHECKPOINT BATCH 61540,11.3638,,,
,CHECKPOINT BATCH 61545,11.0587,,,
11:47:07,61549,8.6974,20.4975,5000,0.0520
,CHECKPOINT BATCH 61550,6.4303,,,
,CHECKPOINT BATCH 61555,6.2884,,,
,CHECKPOINT BATCH 61560,9.3571,,,
,CHECKPOINT BATCH 61565,7.4302,,,
11:47:09,61568,10.0920,19.9275,5000,0.0520
,CHECKPOINT BATCH 61570,7.4825,,,
,CHECKPOINT BATCH 61575,6.1498,,,
,CHECKPOINT BATCH 61580,7.2840,,,
,CHECKPOINT BATCH 61585,9.5521,,,
11:47:11,61587,9.3451,17.8215,5000,0.0520
,CHECKPOINT BATCH 61590,7.5283,,,
,CHECKPOINT BATCH 61595,6.6555,,,
,CHECKPOINT BATCH 61600,7.6645,,,
11:47:15,61603,5.8770,17.1825,5000,0.0520
,CHECKPOINT BATCH 61605,5.7226,,,
,CHECKPOINT BATCH 61610,8.4013,,,
,CHECKPOINT BATCH 61615,8.7235,,,
,CHECKPOINT BATCH 61620,8.9413,,,
11:47:17,61622,6.1186,13.8400,5000,0.0520
,CHECKPOINT BATCH 61625,10.2783,,,
,CHECKPOINT BATCH 61630,7.7545,,,
,CHECKPOINT BATCH 61635,5.6167,,,
,CHECKPOINT BATCH 61640,6.2976,,,
11:47:19,61641,8.0799,14.7825,5000,0.0520
,CHECKPOINT BATCH 61645,8.4449,,,
,CHECKPOINT BATCH 61650,7.4435,,,
,CHECKPOINT BATCH 61655,9.8385,,,
11:47:22,61660,7.7850,16.8945,5000,0.0520
,CHECKPOINT BATCH 61660,7.7850,,,
,CHECKPOINT BATCH 61665,10.4119,,,
,CHECKPOINT BATCH 61670,8.7269,,,
,CHECKPOINT BATCH 61675,10.3455,,,
11:47:24,61679,6.4766,17.3180,5000,0.0520
,CHECKPOINT BATCH 61680,8.5724,,,
,CHECKPOINT BATCH 61685,12.5897,,,
,CHECKPOINT BATCH 61690,8.5067,,,
,CHECKPOINT BATCH 61695,7.5790,,,
11:47:26,61698,8.2450,17.6320,5000,0.0520
,CHECKPOINT BATCH 61700,8.2393,,,
,CHECKPOINT BATCH 61705,14.3469,,,
,CHECKPOINT BATCH 61710,8.2538,,,
,CHECKPOINT BATCH 61715,7.8169,,,
11:47:30,61717,8.9358,20.1160,5000,0.0520
,CHECKPOINT BATCH 61720,7.6316,,,
,CHECKPOINT BATCH 61725,6.4551,,,
,CHECKPOINT BATCH 61730,9.9258,,,
,CHECKPOINT BATCH 61735,6.8200,,,
11:47:32,61736,10.6505,20.0630,5000,0.0520
,CHECKPOINT BATCH 61740,6.6311,,,
11:47:35,61741,11.1089,19.5955,5000,0.0520
,CHECKPOINT BATCH 61745,8.5906,,,
,CHECKPOINT BATCH 61750,8.4281,,,
,CHECKPOINT BATCH 61755,7.8860,,,
11:47:37,61760,10.0560,15.4765,5000,0.0520
,CHECKPOINT BATCH 61760,10.0560,,,
,CHECKPOINT BATCH 61765,8.1189,,,
,CHECKPOINT BATCH 61770,7.3081,,,
,CHECKPOINT BATCH 61775,8.1783,,,
11:47:39,61778,6.8266,16.8635,5000,0.0520
,CHECKPOINT BATCH 61780,7.8174,,,
,CHECKPOINT BATCH 61785,5.9434,,,
,CHECKPOINT BATCH 61790,11.8293,,,
,CHECKPOINT BATCH 61795,11.2511,,,
11:47:41,61796,6.8677,18.1820,5000,0.0520
,CHECKPOINT BATCH 61800,7.2661,,,
,CHECKPOINT BATCH 61805,5.6412,,,
,CHECKPOINT BATCH 61810,7.5449,,,
11:47:45,61813,8.9987,19.5250,5000,0.0520
,CHECKPOINT BATCH 61815,9.1757,,,
,CHECKPOINT BATCH 61820,15.3711,,,
,CHECKPOINT BATCH 61825,8.6144,,,
,CHECKPOINT BATCH 61830,10.1498,,,
11:47:47,61832,7.0628,15.9745,5000,0.0520
,CHECKPOINT BATCH 61835,8.2146,,,
,CHECKPOINT BATCH 61840,7.8020,,,
,CHECKPOINT BATCH 61845,9.3950,,,
,CHECKPOINT BATCH 61850,8.2682,,,
11:47:49,61851,10.9215,19.6735,5000,0.0520
,CHECKPOINT BATCH 61855,17.3474,,,
,CHECKPOINT BATCH 61860,10.2403,,,
,CHECKPOINT BATCH 61865,6.8131,,,
11:47:52,61870,10.9004,21.3620,5000,0.0520
,CHECKPOINT BATCH 61870,10.9004,,,
,CHECKPOINT BATCH 61875,15.1200,,,
,CHECKPOINT BATCH 61880,8.5794,,,
,CHECKPOINT BATCH 61885,9.4380,,,
11:47:56,61887,8.1376,20.7375,5000,0.0519
,CHECKPOINT BATCH 61890,9.3830,,,
,CHECKPOINT BATCH 61895,10.0279,,,
,CHECKPOINT BATCH 61900,6.0574,,,
,CHECKPOINT BATCH 61905,8.2630,,,
11:47:58,61906,7.3087,17.8240,5000,0.0519
,CHECKPOINT BATCH 61910,7.9289,,,
,CHECKPOINT BATCH 61915,6.2187,,,
,CHECKPOINT BATCH 61920,9.7037,,,
11:48:00,61925,6.1847,21.7800,5000,0.0519
,CHECKPOINT BATCH 61925,6.1847,,,
,CHECKPOINT BATCH 61930,10.2918,,,
,CHECKPOINT BATCH 61935,11.1002,,,
,CHECKPOINT BATCH 61940,6.3812,,,
11:48:02,61944,6.7992,21.0300,5000,0.0519
,CHECKPOINT BATCH 61945,10.9216,,,
,CHECKPOINT BATCH 61950,8.4219,,,
,CHECKPOINT BATCH 61955,6.6127,,,
,CHECKPOINT BATCH 61960,4.5110,,,
11:48:04,61963,10.9012,20.5590,5000,0.0519
,CHECKPOINT BATCH 61965,14.5977,,,
,CHECKPOINT BATCH 61970,7.0902,,,
,CHECKPOINT BATCH 61975,9.6791,,,
,CHECKPOINT BATCH 61980,12.5555,,,
11:48:06,61982,9.3948,18.4305,5000,0.0519
,CHECKPOINT BATCH 61985,9.0602,,,
11:48:09,61990,6.6959,20.0520,5000,0.0519
,CHECKPOINT BATCH 61990,6.6959,,,
,CHECKPOINT BATCH 61995,6.6976,,,
,CHECKPOINT BATCH 62000,7.7745,,,
,CHECKPOINT BATCH 62005,13.9520,,,
11:48:11,62009,7.5689,19.7780,5000,0.0519
,CHECKPOINT BATCH 62010,9.8066,,,
,CHECKPOINT BATCH 62015,11.8546,,,
,CHECKPOINT BATCH 62020,7.1622,,,
,CHECKPOINT BATCH 62025,7.3472,,,
11:48:14,62028,9.9658,18.7270,5000,0.0519
,CHECKPOINT BATCH 62030,8.8742,,,
,CHECKPOINT BATCH 62035,4.8991,,,
,CHECKPOINT BATCH 62040,4.9699,,,
,CHECKPOINT BATCH 62045,7.8905,,,
11:48:16,62047,9.8136,18.5490,5000,0.0519
,CHECKPOINT BATCH 62050,5.9689,,,
,CHECKPOINT BATCH 62055,12.5115,,,
,CHECKPOINT BATCH 62060,7.4923,,,
,CHECKPOINT BATCH 62065,8.4187,,,
11:48:18,62066,7.9891,19.2810,5000,0.0519
11:48:20,62069,7.7882,19.1265,5000,0.0519
,CHECKPOINT BATCH 62070,9.6662,,,
,CHECKPOINT BATCH 62075,10.1359,,,
,CHECKPOINT BATCH 62080,10.1009,,,
,CHECKPOINT BATCH 62085,11.1012,,,
11:48:22,62088,7.9811,19.2620,5000,0.0519
,CHECKPOINT BATCH 62090,7.7840,,,
,CHECKPOINT BATCH 62095,9.2393,,,
,CHECKPOINT BATCH 62100,8.5997,,,
,CHECKPOINT BATCH 62105,11.8943,,,
11:48:25,62107,8.2487,20.9845,5000,0.0519
,CHECKPOINT BATCH 62110,6.2246,,,
,CHECKPOINT BATCH 62115,10.1307,,,
,CHECKPOINT BATCH 62120,5.6533,,,
,CHECKPOINT BATCH 62125,7.8369,,,
11:48:27,62126,6.2300,21.9055,5000,0.0519
,CHECKPOINT BATCH 62130,10.3050,,,
,CHECKPOINT BATCH 62135,9.0920,,,
,CHECKPOINT BATCH 62140,13.9378,,,
11:48:29,62145,8.6360,21.5845,5000,0.0519
,CHECKPOINT BATCH 62145,8.6360,,,
,CHECKPOINT BATCH 62150,5.0807,,,
,CHECKPOINT BATCH 62155,8.9070,,,
,CHECKPOINT BATCH 62160,15.8268,,,
11:48:33,62163,9.0863,20.9475,5000,0.0519
,CHECKPOINT BATCH 62165,8.1515,,,
,CHECKPOINT BATCH 62170,8.1294,,,
,CHECKPOINT BATCH 62175,13.0180,,,
,CHECKPOINT BATCH 62180,7.9478,,,
11:48:35,62182,12.4178,21.4115,5000,0.0519
,CHECKPOINT BATCH 62185,7.8397,,,
,CHECKPOINT BATCH 62190,8.0295,,,
,CHECKPOINT BATCH 62195,7.1880,,,
,CHECKPOINT BATCH 62200,9.8264,,,
11:48:37,62201,9.2255,21.5855,5000,0.0519
,CHECKPOINT BATCH 62205,8.2338,,,
,CHECKPOINT BATCH 62210,8.2296,,,
,CHECKPOINT BATCH 62215,9.3126,,,
11:48:39,62220,9.3229,20.1835,5000,0.0519
,CHECKPOINT BATCH 62220,9.3229,,,
,CHECKPOINT BATCH 62225,11.2459,,,
,CHECKPOINT BATCH 62230,8.6673,,,
,CHECKPOINT BATCH 62235,7.6247,,,
11:48:41,62239,9.3083,19.2890,5000,0.0519
,CHECKPOINT BATCH 62240,7.7576,,,
,CHECKPOINT BATCH 62245,9.6810,,,
,CHECKPOINT BATCH 62250,14.8906,,,
,CHECKPOINT BATCH 62255,10.4527,,,
11:48:43,62258,7.8616,19.3065,5000,0.0519
,CHECKPOINT BATCH 62260,13.0877,,,
,CHECKPOINT BATCH 62265,12.1118,,,
11:48:47,62268,8.1740,19.5900,5000,0.0519
,CHECKPOINT BATCH 62270,5.2841,,,
,CHECKPOINT BATCH 62275,7.4274,,,
,CHECKPOINT BATCH 62280,6.5256,,,
,CHECKPOINT BATCH 62285,9.3893,,,
11:48:49,62287,8.5876,18.3700,5000,0.0519
,CHECKPOINT BATCH 62290,6.7207,,,
,CHECKPOINT BATCH 62295,7.1838,,,
,CHECKPOINT BATCH 62300,7.2941,,,
,CHECKPOINT BATCH 62305,14.2337,,,
11:48:51,62306,8.2321,18.5300,5000,0.0519
,CHECKPOINT BATCH 62310,10.6192,,,
,CHECKPOINT BATCH 62315,5.4255,,,
,CHECKPOINT BATCH 62320,9.0572,,,
11:48:53,62325,7.6239,20.3600,5000,0.0519
,CHECKPOINT BATCH 62325,7.6239,,,
,CHECKPOINT BATCH 62330,10.1193,,,
,CHECKPOINT BATCH 62335,8.9830,,,
11:48:57,62337,7.2948,20.1870,5000,0.0519
,CHECKPOINT BATCH 62340,5.9028,,,
,CHECKPOINT BATCH 62345,9.1743,,,
,CHECKPOINT BATCH 62350,8.1582,,,
,CHECKPOINT BATCH 62355,5.7661,,,
11:48:59,62356,8.3392,18.0240,5000,0.0519
,CHECKPOINT BATCH 62360,9.6469,,,
,CHECKPOINT BATCH 62365,7.4025,,,
,CHECKPOINT BATCH 62370,6.1258,,,
11:49:01,62375,10.2364,19.4465,5000,0.0519
,CHECKPOINT BATCH 62375,10.2364,,,
,CHECKPOINT BATCH 62380,12.0613,,,
,CHECKPOINT BATCH 62385,7.7399,,,
,CHECKPOINT BATCH 62390,10.8263,,,
11:49:03,62394,6.7068,20.5150,5000,0.0519
,CHECKPOINT BATCH 62395,10.3762,,,
,CHECKPOINT BATCH 62400,12.3202,,,
11:49:06,62401,6.1612,19.5995,5000,0.0519
,CHECKPOINT BATCH 62405,8.1245,,,
,CHECKPOINT BATCH 62410,8.1814,,,
,CHECKPOINT BATCH 62415,6.4376,,,
11:49:08,62420,9.3868,16.7135,5000,0.0518
,CHECKPOINT BATCH 62420,9.3868,,,
,CHECKPOINT BATCH 62425,8.0382,,,
,CHECKPOINT BATCH 62430,14.5808,,,
,CHECKPOINT BATCH 62435,6.2512,,,
11:49:10,62439,7.8669,17.9675,5000,0.0518
,CHECKPOINT BATCH 62440,9.1813,,,
11:49:13,62444,7.6031,19.1835,5000,0.0518
,CHECKPOINT BATCH 62445,8.2786,,,
,CHECKPOINT BATCH 62450,11.4090,,,
,CHECKPOINT BATCH 62455,4.4804,,,
,CHECKPOINT BATCH 62460,16.7253,,,
11:49:15,62463,5.8010,20.8260,5000,0.0518
,CHECKPOINT BATCH 62465,8.9488,,,
,CHECKPOINT BATCH 62470,11.8614,,,
,CHECKPOINT BATCH 62475,6.8116,,,
11:49:19,62476,12.5289,21.1300,5000,0.0518
,CHECKPOINT BATCH 62480,10.2195,,,
,CHECKPOINT BATCH 62485,6.7356,,,
,CHECKPOINT BATCH 62490,10.9893,,,
11:49:21,62495,14.0349,20.6575,5000,0.0518
,CHECKPOINT BATCH 62495,14.0349,,,
,CHECKPOINT BATCH 62500,7.1822,,,
,CHECKPOINT BATCH 62505,7.8812,,,
,CHECKPOINT BATCH 62510,6.2137,,,
11:49:23,62514,11.2683,24.6370,5000,0.0518
,CHECKPOINT BATCH 62515,8.6740,,,
,CHECKPOINT BATCH 62520,15.1504,,,
11:49:27,62525,7.7800,23.6980,5000,0.0518
,CHECKPOINT BATCH 62525,7.7800,,,
,CHECKPOINT BATCH 62530,6.5347,,,
,CHECKPOINT BATCH 62535,8.9906,,,
,CHECKPOINT BATCH 62540,11.9102,,,
11:49:29,62544,10.4595,20.5000,5000,0.0518
,CHECKPOINT BATCH 62545,11.0479,,,
,CHECKPOINT BATCH 62550,8.2473,,,
,CHECKPOINT BATCH 62555,8.6583,,,
,CHECKPOINT BATCH 62560,12.0992,,,
11:49:31,62563,10.9804,21.1145,5000,0.0518
,CHECKPOINT BATCH 62565,9.1271,,,
,CHECKPOINT BATCH 62570,8.4930,,,
,CHECKPOINT BATCH 62575,10.1073,,,
,CHECKPOINT BATCH 62580,6.1998,,,
11:49:33,62582,6.7855,20.6630,5000,0.0518
11:49:36,62585,5.8894,20.0525,5000,0.0518
,CHECKPOINT BATCH 62585,5.8894,,,
,CHECKPOINT BATCH 62590,7.1323,,,
,CHECKPOINT BATCH 62595,12.3861,,,
,CHECKPOINT BATCH 62600,5.3152,,,
11:49:38,62604,7.8028,16.3760,5000,0.0518
,CHECKPOINT BATCH 62605,6.6578,,,
,CHECKPOINT BATCH 62610,5.6387,,,
,CHECKPOINT BATCH 62615,7.0240,,,
,CHECKPOINT BATCH 62620,11.5789,,,
11:49:40,62623,7.8030,16.9755,5000,0.0518
,CHECKPOINT BATCH 62625,6.5171,,,
,CHECKPOINT BATCH 62630,10.2385,,,
11:49:44,62635,10.1731,20.0185,5000,0.0518
,CHECKPOINT BATCH 62635,10.1731,,,
,CHECKPOINT BATCH 62640,16.3167,,,
,CHECKPOINT BATCH 62645,7.0385,,,
,CHECKPOINT BATCH 62650,9.1403,,,
11:49:46,62654,9.6024,20.0110,5000,0.0518
,CHECKPOINT BATCH 62655,7.7869,,,
11:49:48,62659,10.4742,19.2520,5000,0.0518
,CHECKPOINT BATCH 62660,7.0781,,,
,CHECKPOINT BATCH 62665,15.3025,,,
,CHECKPOINT BATCH 62670,10.3988,,,
,CHECKPOINT BATCH 62675,7.5082,,,
11:49:50,62677,6.6803,17.2915,5000,0.0518
,CHECKPOINT BATCH 62680,8.8039,,,
,CHECKPOINT BATCH 62685,7.1468,,,
,CHECKPOINT BATCH 62690,10.6295,,,
,CHECKPOINT BATCH 62695,12.9516,,,
11:49:53,62696,7.6569,21.7240,5000,0.0518
,CHECKPOINT BATCH 62700,15.5884,,,
,CHECKPOINT BATCH 62705,9.6877,,,
,CHECKPOINT BATCH 62710,8.2480,,,
11:49:55,62715,6.7244,20.3425,5000,0.0518
,CHECKPOINT BATCH 62715,6.7244,,,
,CHECKPOINT BATCH 62720,11.2191,,,
,CHECKPOINT BATCH 62725,6.3190,,,
,CHECKPOINT BATCH 62730,8.9652,,,
11:49:57,62734,8.4774,19.5935,5000,0.0518
,CHECKPOINT BATCH 62735,5.4425,,,
,CHECKPOINT BATCH 62740,9.1059,,,
,CHECKPOINT BATCH 62745,9.4439,,,
,CHECKPOINT BATCH 62750,5.3571,,,
11:49:59,62753,7.3092,17.3175,5000,0.0518
,CHECKPOINT BATCH 62755,16.0260,,,
,CHECKPOINT BATCH 62760,6.7373,,,
,CHECKPOINT BATCH 62765,8.6702,,,
11:50:03,62767,9.0051,17.6255,5000,0.0518
,CHECKPOINT BATCH 62770,9.8209,,,
,CHECKPOINT BATCH 62775,7.8116,,,
,CHECKPOINT BATCH 62780,8.6815,,,
,CHECKPOINT BATCH 62785,6.4975,,,
11:50:05,62786,8.8622,16.5970,5000,0.0518
,CHECKPOINT BATCH 62790,9.9410,,,
,CHECKPOINT BATCH 62795,9.6530,,,
,CHECKPOINT BATCH 62800,6.8867,,,
11:50:07,62805,12.3308,17.7975,5000,0.0518
,CHECKPOINT BATCH 62805,12.3308,,,
,CHECKPOINT BATCH 62810,7.4235,,,
,CHECKPOINT BATCH 62815,5.4791,,,
,CHECKPOINT BATCH 62820,9.9319,,,
11:50:09,62824,6.9365,18.1225,5000,0.0518
,CHECKPOINT BATCH 62825,8.7783,,,
11:50:12,62826,10.9632,17.8135,5000,0.0518
,CHECKPOINT BATCH 62830,7.0479,,,
,CHECKPOINT BATCH 62835,6.9124,,,
,CHECKPOINT BATCH 62840,8.1695,,,
11:50:14,62845,7.3346,17.8355,5000,0.0518
,CHECKPOINT BATCH 62845,7.3346,,,
,CHECKPOINT BATCH 62850,9.8834,,,
,CHECKPOINT BATCH 62855,8.7300,,,
,CHECKPOINT BATCH 62860,7.2044,,,
11:50:16,62864,7.4021,20.2635,5000,0.0518
,CHECKPOINT BATCH 62865,8.3524,,,
,CHECKPOINT BATCH 62870,12.6280,,,
,CHECKPOINT BATCH 62875,8.5485,,,
,CHECKPOINT BATCH 62880,8.4458,,,
11:50:18,62883,10.3500,20.4205,5000,0.0518
,CHECKPOINT BATCH 62885,8.9565,,,
,CHECKPOINT BATCH 62890,13.7850,,,
,CHECKPOINT BATCH 62895,10.2653,,,
,CHECKPOINT BATCH 62900,11.8129,,,
11:50:20,62902,7.9886,19.5245,5000,0.0518
,CHECKPOINT BATCH 62905,6.0338,,,
,CHECKPOINT BATCH 62910,8.3238,,,
,CHECKPOINT BATCH 62915,9.4375,,,
,CHECKPOINT BATCH 62920,12.0621,,,
11:50:24,62921,8.3618,20.2190,5000,0.0518
,CHECKPOINT BATCH 62925,8.7398,,,
,CHECKPOINT BATCH 62930,10.7524,,,
,CHECKPOINT BATCH 62935,5.3012,,,
11:50:26,62940,7.4345,19.2680,5000,0.0518
,CHECKPOINT BATCH 62940,7.4345,,,
,CHECKPOINT BATCH 62945,6.3698,,,
,CHECKPOINT BATCH 62950,6.1429,,,
,CHECKPOINT BATCH 62955,11.3643,,,
11:50:28,62959,9.7119,19.5860,5000,0.0518
,CHECKPOINT BATCH 62960,7.3504,,,
,CHECKPOINT BATCH 62965,9.8457,,,
,CHECKPOINT BATCH 62970,9.3191,,,
,CHECKPOINT BATCH 62975,7.4747,,,
11:50:31,62978,9.5591,20.8085,5000,0.0517
,CHECKPOINT BATCH 62980,10.1815,,,
,CHECKPOINT BATCH 62985,11.2095,,,
,CHECKPOINT BATCH 62990,9.1115,,,
11:50:35,62993,10.4470,21.0815,5000,0.0517
,CHECKPOINT BATCH 62995,9.3081,,,
,CHECKPOINT BATCH 63000,10.2339,,,
,CHECKPOINT BATCH 63005,8.3782,,,
,CHECKPOINT BATCH 63010,6.8140,,,
11:50:37,63012,9.8081,20.3220,5000,0.0517
,CHECKPOINT BATCH 63015,6.9618,,,
11:50:40,63018,10.0553,20.0005,5000,0.0517
,CHECKPOINT BATCH 63020,7.8611,,,
,CHECKPOINT BATCH 63025,6.8390,,,
,CHECKPOINT BATCH 63030,11.3410,,,
,CHECKPOINT BATCH 63035,5.9770,,,
11:50:42,63037,9.6939,18.8555,5000,0.0517
,CHECKPOINT BATCH 63040,8.1713,,,
,CHECKPOINT BATCH 63045,16.8625,,,
,CHECKPOINT BATCH 63050,9.4551,,,
,CHECKPOINT BATCH 63055,7.5206,,,
11:50:44,63056,6.4731,18.7095,5000,0.0517
,CHECKPOINT BATCH 63060,12.1642,,,
,CHECKPOINT BATCH 63065,5.6351,,,
,CHECKPOINT BATCH 63070,6.7515,,,
11:50:46,63075,6.1336,18.8655,5000,0.0517
,CHECKPOINT BATCH 63075,6.1336,,,
,CHECKPOINT BATCH 63080,6.5923,,,
,CHECKPOINT BATCH 63085,6.1483,,,
,CHECKPOINT BATCH 63090,10.5132,,,
11:50:48,63094,8.1688,18.7030,5000,0.0517
,CHECKPOINT BATCH 63095,15.9895,,,
,CHECKPOINT BATCH 63100,9.1123,,,
,CHECKPOINT BATCH 63105,6.2976,,,
,CHECKPOINT BATCH 63110,8.2952,,,
11:50:50,63113,9.9199,16.2735,5000,0.0517
,CHECKPOINT BATCH 63115,11.9838,,,
,CHECKPOINT BATCH 63120,8.2844,,,
,CHECKPOINT BATCH 63125,6.8189,,,
,CHECKPOINT BATCH 63130,4.6018,,,
11:50:52,63131,8.9533,17.3610,5000,0.0517
,CHECKPOINT BATCH 63135,7.1442,,,
,CHECKPOINT BATCH 63140,9.8971,,,
,CHECKPOINT BATCH 63145,11.6782,,,
11:50:56,63146,6.0239,17.6080,5000,0.0517
,CHECKPOINT BATCH 63150,6.3566,,,
,CHECKPOINT BATCH 63155,10.0190,,,
,CHECKPOINT BATCH 63160,10.3389,,,
11:50:58,63165,9.6313,17.5880,5000,0.0517
,CHECKPOINT BATCH 63165,9.6313,,,
,CHECKPOINT BATCH 63170,10.7397,,,
,CHECKPOINT BATCH 63175,10.6515,,,
,CHECKPOINT BATCH 63180,6.8879,,,
11:51:00,63184,8.8178,18.5110,5000,0.0517
,CHECKPOINT BATCH 63185,9.3166,,,
,CHECKPOINT BATCH 63190,8.5343,,,
,CHECKPOINT BATCH 63195,9.8008,,,
,CHECKPOINT BATCH 63200,8.9143,,,
11:51:02,63203,6.4708,18.6575,5000,0.0517
,CHECKPOINT BATCH 63205,10.0024,,,
11:51:05,63209,11.0036,18.8040,5000,0.0517
,CHECKPOINT BATCH 63210,12.2354,,,
,CHECKPOINT BATCH 63215,9.7800,,,
,CHECKPOINT BATCH 63220,8.3137,,,
,CHECKPOINT BATCH 63225,8.4826,,,
11:51:07,63228,7.1602,20.8170,5000,0.0517
,CHECKPOINT BATCH 63230,10.6019,,,
,CHECKPOINT BATCH 63235,10.7871,,,
,CHECKPOINT BATCH 63240,10.0786,,,
,CHECKPOINT BATCH 63245,9.6773,,,
11:51:09,63247,15.5727,21.9155,5000,0.0517
,CHECKPOINT BATCH 63250,6.4587,,,
,CHECKPOINT BATCH 63255,9.8740,,,
,CHECKPOINT BATCH 63260,5.1385,,,
,CHECKPOINT BATCH 63265,7.2495,,,
11:51:11,63266,6.9733,20.2445,5000,0.0517
,CHECKPOINT BATCH 63270,12.7399,,,
,CHECKPOINT BATCH 63275,8.0044,,,
,CHECKPOINT BATCH 63280,5.5516,,,
11:51:14,63285,8.6273,18.4265,5000,0.0517
,CHECKPOINT BATCH 63285,8.6273,,,
,CHECKPOINT BATCH 63290,9.9862,,,
,CHECKPOINT BATCH 63295,11.3337,,,
,CHECKPOINT BATCH 63300,8.5214,,,
11:51:16,63304,13.1335,20.4925,5000,0.0517
11:51:18,63305,12.5781,20.7945,5000,0.0517
,CHECKPOINT BATCH 63305,12.5781,,,
,CHECKPOINT BATCH 63310,6.8175,,,
,CHECKPOINT BATCH 63315,7.5635,,,
,CHECKPOINT BATCH 63320,13.7197,,,
11:51:20,63324,9.3309,22.3070,5000,0.0517
,CHECKPOINT BATCH 63325,8.4633,,,
,CHECKPOINT BATCH 63330,10.6175,,,
,CHECKPOINT BATCH 63335,9.4760,,,
,CHECKPOINT BATCH 63340,10.9037,,,
11:51:22,63343,10.3359,22.3320,5000,0.0517
,CHECKPOINT BATCH 63345,8.4859,,,
,CHECKPOINT BATCH 63350,9.1397,,,
,CHECKPOINT BATCH 63355,12.2235,,,
,CHECKPOINT BATCH 63360,5.9317,,,
11:51:24,63362,6.5057,22.0585,5000,0.0517
,CHECKPOINT BATCH 63365,7.0303,,,
,CHECKPOINT BATCH 63370,9.2999,,,
,CHECKPOINT BATCH 63375,9.5011,,,
,CHECKPOINT BATCH 63380,11.4597,,,
11:51:26,63381,9.2230,21.7340,5000,0.0517
,CHECKPOINT BATCH 63385,8.9152,,,
11:51:29,63387,7.5675,21.4135,5000,0.0517
,CHECKPOINT BATCH 63390,15.0336,,,
,CHECKPOINT BATCH 63395,11.8186,,,
,CHECKPOINT BATCH 63400,8.8199,,,
,CHECKPOINT BATCH 63405,7.1182,,,
11:51:31,63406,6.8990,20.5795,5000,0.0517
,CHECKPOINT BATCH 63410,13.2805,,,
,CHECKPOINT BATCH 63415,6.7774,,,
,CHECKPOINT BATCH 63420,9.7231,,,
11:51:34,63425,6.4922,21.0245,5000,0.0517
,CHECKPOINT BATCH 63425,6.4922,,,
,CHECKPOINT BATCH 63430,18.4693,,,
,CHECKPOINT BATCH 63435,7.1078,,,
11:51:37,63439,9.9925,19.9425,5000,0.0517
,CHECKPOINT BATCH 63440,7.2283,,,
,CHECKPOINT BATCH 63445,7.2911,,,
,CHECKPOINT BATCH 63450,6.1171,,,
,CHECKPOINT BATCH 63455,7.7522,,,
11:51:40,63458,8.4602,18.1485,5000,0.0517
,CHECKPOINT BATCH 63460,7.0508,,,
,CHECKPOINT BATCH 63465,5.7736,,,
,CHECKPOINT BATCH 63470,9.7547,,,
,CHECKPOINT BATCH 63475,7.8709,,,
11:51:42,63477,6.0677,19.5280,5000,0.0517
,CHECKPOINT BATCH 63480,8.1742,,,
,CHECKPOINT BATCH 63485,9.5355,,,
,CHECKPOINT BATCH 63490,13.5291,,,
,CHECKPOINT BATCH 63495,5.4607,,,
11:51:44,63496,8.8127,19.4255,5000,0.0517
,CHECKPOINT BATCH 63500,10.3089,,,
,CHECKPOINT BATCH 63505,10.2688,,,
,CHECKPOINT BATCH 63510,7.4731,,,
11:51:48,63513,8.5067,18.6580,5000,0.0517
,CHECKPOINT BATCH 63515,8.7149,,,
,CHECKPOINT BATCH 63520,7.1189,,,
,CHECKPOINT BATCH 63525,10.3478,,,
,CHECKPOINT BATCH 63530,10.7416,,,
11:51:50,63532,11.3728,15.2970,5000,0.0517
,CHECKPOINT BATCH 63535,8.5513,,,
,CHECKPOINT BATCH 63540,5.3356,,,
,CHECKPOINT BATCH 63545,9.8407,,,
,CHECKPOINT BATCH 63550,14.4230,,,
11:51:52,63551,12.0933,18.6350,5000,0.0517
,CHECKPOINT BATCH 63555,8.1043,,,
,CHECKPOINT BATCH 63560,7.2739,,,
,CHECKPOINT BATCH 63565,8.9648,,,
11:51:54,63570,8.9930,18.0055,5000,0.0516
,CHECKPOINT BATCH 63570,8.9930,,,
,CHECKPOINT BATCH 63575,9.9804,,,
,CHECKPOINT BATCH 63580,10.2776,,,
,CHECKPOINT BATCH 63585,8.8209,,,
11:51:56,63589,9.1006,18.1395,5000,0.0516
,CHECKPOINT BATCH 63590,9.0258,,,
,CHECKPOINT BATCH 63595,8.0129,,,
,CHECKPOINT BATCH 63600,7.7527,,,
,CHECKPOINT BATCH 63605,9.1392,,,
11:51:58,63608,10.7833,17.1915,5000,0.0516
,CHECKPOINT BATCH 63610,9.8115,,,
,CHECKPOINT BATCH 63615,8.9984,,,
,CHECKPOINT BATCH 63620,7.6903,,,
,CHECKPOINT BATCH 63625,6.9820,,,
11:52:00,63627,13.7143,18.3125,5000,0.0516
,CHECKPOINT BATCH 63630,7.7710,,,
11:52:03,63632,7.0880,18.5470,5000,0.0516
,CHECKPOINT BATCH 63635,8.0687,,,
,CHECKPOINT BATCH 63640,9.4199,,,
,CHECKPOINT BATCH 63645,6.1693,,,
,CHECKPOINT BATCH 63650,9.1168,,,
11:52:05,63651,9.6044,16.4255,5000,0.0516
,CHECKPOINT BATCH 63655,7.9025,,,
,CHECKPOINT BATCH 63660,6.8693,,,
,CHECKPOINT BATCH 63665,8.7729,,,
11:52:07,63670,8.5247,17.6885,5000,0.0516
,CHECKPOINT BATCH 63670,8.5247,,,
,CHECKPOINT BATCH 63675,7.7273,,,
,CHECKPOINT BATCH 63680,8.4330,,,
,CHECKPOINT BATCH 63685,9.3292,,,
11:52:09,63689,8.4519,18.1695,5000,0.0516
,CHECKPOINT BATCH 63690,9.7719,,,
,CHECKPOINT BATCH 63695,10.8076,,,
,CHECKPOINT BATCH 63700,7.5807,,,
,CHECKPOINT BATCH 63705,8.2634,,,
11:52:12,63708,22.5471,18.3320,5000,0.0516
,CHECKPOINT BATCH 63710,7.5492,,,
,CHECKPOINT BATCH 63715,5.6610,,,
,CHECKPOINT BATCH 63720,10.4771,,,
,CHECKPOINT BATCH 63725,10.1597,,,
11:52:14,63727,10.5129,18.4505,5000,0.0516
,CHECKPOINT BATCH 63730,11.9437,,,
,CHECKPOINT BATCH 63735,10.9729,,,
,CHECKPOINT BATCH 63740,11.4482,,,
11:52:18,63743,7.8159,19.1980,5000,0.0516
,CHECKPOINT BATCH 63745,8.2780,,,
,CHECKPOINT BATCH 63750,16.4255,,,
,CHECKPOINT BATCH 63755,11.2953,,,
,CHECKPOINT BATCH 63760,14.5152,,,
11:52:20,63762,6.1041,18.1385,5000,0.0516
,CHECKPOINT BATCH 63765,8.1541,,,
,CHECKPOINT BATCH 63770,14.7498,,,
,CHECKPOINT BATCH 63775,6.4667,,,
,CHECKPOINT BATCH 63780,8.4871,,,
11:52:22,63781,15.4973,18.5435,5000,0.0516
,CHECKPOINT BATCH 63785,8.8693,,,
,CHECKPOINT BATCH 63790,9.7403,,,
,CHECKPOINT BATCH 63795,8.0539,,,
11:52:24,63800,12.2119,18.2435,5000,0.0516
,CHECKPOINT BATCH 63800,12.2119,,,
,CHECKPOINT BATCH 63805,9.6500,,,
,CHECKPOINT BATCH 63810,9.3265,,,
,CHECKPOINT BATCH 63815,15.4014,,,
11:52:26,63819,9.5287,19.6100,5000,0.0516
,CHECKPOINT BATCH 63820,8.2562,,,
,CHECKPOINT BATCH 63825,6.7492,,,
,CHECKPOINT BATCH 63830,7.4697,,,
,CHECKPOINT BATCH 63835,8.8288,,,
11:52:30,63837,7.3441,21.9965,5000,0.0516
,CHECKPOINT BATCH 63840,11.0914,,,
,CHECKPOINT BATCH 63845,10.5668,,,
,CHECKPOINT BATCH 63850,8.6804,,,
,CHECKPOINT BATCH 63855,12.1853,,,
11:52:32,63856,9.4662,22.7995,5000,0.0516
,CHECKPOINT BATCH 63860,10.0080,,,
,CHECKPOINT BATCH 63865,12.6479,,,
,CHECKPOINT BATCH 63870,11.4872,,,
11:52:34,63874,10.7833,21.7225,5000,0.0516
,CHECKPOINT BATCH 63875,6.4685,,,
,CHECKPOINT BATCH 63880,9.1055,,,
,CHECKPOINT BATCH 63885,11.0252,,,
,CHECKPOINT BATCH 63890,15.9137,,,
11:52:37,63893,8.4480,21.7085,5000,0.0516
,CHECKPOINT BATCH 63895,8.2960,,,
,CHECKPOINT BATCH 63900,14.3380,,,
,CHECKPOINT BATCH 63905,10.6065,,,
11:52:41,63908,10.8831,20.7695,5000,0.0516
,CHECKPOINT BATCH 63910,10.9110,,,
,CHECKPOINT BATCH 63915,8.4595,,,
,CHECKPOINT BATCH 63920,8.2813,,,
,CHECKPOINT BATCH 63925,11.5960,,,
11:52:43,63927,14.9711,20.3045,5000,0.0516
,CHECKPOINT BATCH 63930,9.2558,,,
,CHECKPOINT BATCH 63935,6.7653,,,
,CHECKPOINT BATCH 63940,8.1584,,,
,CHECKPOINT BATCH 63945,7.5127,,,
11:52:45,63946,7.1455,19.9100,5000,0.0516
,CHECKPOINT BATCH 63950,10.9549,,,
11:52:48,63952,14.2276,18.9810,5000,0.0516
,CHECKPOINT BATCH 63955,6.9044,,,
,CHECKPOINT BATCH 63960,10.3268,,,
,CHECKPOINT BATCH 63965,7.3075,,,
,CHECKPOINT BATCH 63970,7.7505,,,
11:52:50,63971,6.8449,17.9250,5000,0.0516
,CHECKPOINT BATCH 63975,8.1104,,,
,CHECKPOINT BATCH 63980,9.8000,,,
,CHECKPOINT BATCH 63985,9.1796,,,
11:52:52,63990,10.9164,18.8670,5000,0.0516
,CHECKPOINT BATCH 63990,10.9164,,,
,CHECKPOINT BATCH 63995,6.3924,,,
,CHECKPOINT BATCH 64000,6.6534,,,
,CHECKPOINT BATCH 64005,9.0220,,,
11:52:54,64009,8.8721,20.4370,5000,0.0516
,CHECKPOINT BATCH 64010,9.7941,,,
,CHECKPOINT BATCH 64015,6.5955,,,
,CHECKPOINT BATCH 64020,18.8109,,,
,CHECKPOINT BATCH 64025,7.2447,,,
11:52:56,64027,11.7215,19.2045,5000,0.0516
,CHECKPOINT BATCH 64030,10.3542,,,
,CHECKPOINT BATCH 64035,9.9541,,,
,CHECKPOINT BATCH 64040,12.5721,,,
,CHECKPOINT BATCH 64045,9.3107,,,
11:52:58,64046,9.8949,17.0980,5000,0.0516
,CHECKPOINT BATCH 64050,6.1872,,,
,CHECKPOINT BATCH 64055,9.3059,,,
,CHECKPOINT BATCH 64060,5.9273,,,
11:53:00,64065,8.2270,16.7950,5000,0.0516
,CHECKPOINT BATCH 64065,8.2270,,,
,CHECKPOINT BATCH 64070,9.0674,,,
11:53:03,64072,7.6505,17.1885,5000,0.0516
,CHECKPOINT BATCH 64075,9.3557,,,
,CHECKPOINT BATCH 64080,10.0573,,,
,CHECKPOINT BATCH 64085,13.5915,,,
,CHECKPOINT BATCH 64090,15.8902,,,
11:53:05,64091,9.3186,16.7175,5000,0.0516
,CHECKPOINT BATCH 64095,6.4543,,,
,CHECKPOINT BATCH 64100,8.0663,,,
,CHECKPOINT BATCH 64105,9.8884,,,
11:53:07,64110,9.5252,16.3765,5000,0.0516
,CHECKPOINT BATCH 64110,9.5252,,,
,CHECKPOINT BATCH 64115,10.2940,,,
,CHECKPOINT BATCH 64120,5.8478,,,
,CHECKPOINT BATCH 64125,12.7908,,,
11:53:09,64129,12.1112,16.8370,5000,0.0516
,CHECKPOINT BATCH 64130,7.3190,,,
,CHECKPOINT BATCH 64135,16.3756,,,
,CHECKPOINT BATCH 64140,10.4610,,,
,CHECKPOINT BATCH 64145,9.8440,,,
11:53:12,64148,12.1174,16.9205,5000,0.0516
,CHECKPOINT BATCH 64150,11.1088,,,
,CHECKPOINT BATCH 64155,9.4286,,,
,CHECKPOINT BATCH 64160,8.6844,,,
,CHECKPOINT BATCH 64165,10.5119,,,
11:53:14,64167,10.2613,16.0350,5000,0.0516
,CHECKPOINT BATCH 64170,7.9605,,,
,CHECKPOINT BATCH 64175,7.8546,,,
,CHECKPOINT BATCH 64180,7.9067,,,
,CHECKPOINT BATCH 64185,8.6638,,,
11:53:16,64186,19.5198,12.9580,5000,0.0515
,CHECKPOINT BATCH 64190,8.2354,,,
,CHECKPOINT BATCH 64195,10.2681,,,
,CHECKPOINT BATCH 64200,11.6540,,,
11:53:20,64205,11.2538,10.3455,5000,0.0515
,CHECKPOINT BATCH 64205,11.2538,,,
,CHECKPOINT BATCH 64210,21.6488,,,
,CHECKPOINT BATCH 64215,12.8392,,,
,CHECKPOINT BATCH 64220,13.3996,,,
11:53:22,64224,10.2738,10.3635,5000,0.0515
,CHECKPOINT BATCH 64225,12.6484,,,
,CHECKPOINT BATCH 64230,11.9898,,,
,CHECKPOINT BATCH 64235,13.2102,,,
,CHECKPOINT BATCH 64240,11.2254,,,
11:53:24,64243,8.6004,12.8955,5000,0.0515
,CHECKPOINT BATCH 64245,16.8053,,,
,CHECKPOINT BATCH 64250,7.6706,,,
,CHECKPOINT BATCH 64255,10.3946,,,
,CHECKPOINT BATCH 64260,12.0010,,,
11:53:26,64262,6.6811,13.7895,5000,0.0515
,CHECKPOINT BATCH 64265,9.2285,,,
,CHECKPOINT BATCH 64270,9.8269,,,
,CHECKPOINT BATCH 64275,9.9339,,,
,CHECKPOINT BATCH 64280,12.2431,,,
11:53:28,64281,6.9061,12.0765,5000,0.0515
,CHECKPOINT BATCH 64285,11.1916,,,
,CHECKPOINT BATCH 64290,8.0354,,,
,CHECKPOINT BATCH 64295,11.9546,,,
11:53:30,64300,12.5768,10.3775,5000,0.0515
,CHECKPOINT BATCH 64300,12.5768,,,
,CHECKPOINT BATCH 64305,7.8056,,,
,CHECKPOINT BATCH 64310,8.9748,,,
,CHECKPOINT BATCH 64315,9.4482,,,
11:53:33,64319,6.7016,8.3875,5000,0.0515
,CHECKPOINT BATCH 64320,7.4940,,,
,CHECKPOINT BATCH 64325,16.8273,,,
,CHECKPOINT BATCH 64330,8.3170,,,
,CHECKPOINT BATCH 64335,15.5926,,,
11:53:35,64338,7.0850,4.3695,5000,0.0515
,CHECKPOINT BATCH 64340,12.5482,,,
,CHECKPOINT BATCH 64345,10.0327,,,
,CHECKPOINT BATCH 64350,9.6921,,,
,CHECKPOINT BATCH 64355,6.9754,,,
11:53:37,64357,12.5713,3.2930,5000,0.0515
,CHECKPOINT BATCH 64360,9.8772,,,
,CHECKPOINT BATCH 64365,7.4852,,,
,CHECKPOINT BATCH 64370,11.2423,,,
,CHECKPOINT BATCH 64375,11.2712,,,
11:53:39,64376,8.4637,5.9170,5000,0.0515
,CHECKPOINT BATCH 64380,10.1847,,,
,CHECKPOINT BATCH 64385,9.4920,,,
,CHECKPOINT BATCH 64390,6.8480,,,
11:53:43,64394,8.2854,8.8395,5000,0.0515
,CHECKPOINT BATCH 64395,6.3538,,,
,CHECKPOINT BATCH 64400,6.9695,,,
,CHECKPOINT BATCH 64405,9.5206,,,
,CHECKPOINT BATCH 64410,11.7976,,,
11:53:45,64413,11.0969,12.4865,5000,0.0515
,CHECKPOINT BATCH 64415,8.3314,,,
,CHECKPOINT BATCH 64420,8.7421,,,
,CHECKPOINT BATCH 64425,8.0560,,,
,CHECKPOINT BATCH 64430,9.7984,,,
11:53:47,64432,7.6536,16.4890,5000,0.0515
,CHECKPOINT BATCH 64435,8.6677,,,
,CHECKPOINT BATCH 64440,12.3515,,,
,CHECKPOINT BATCH 64445,9.7780,,,
,CHECKPOINT BATCH 64450,8.4845,,,
11:53:49,64451,11.7269,18.5530,5000,0.0515
,CHECKPOINT BATCH 64455,8.1701,,,
,CHECKPOINT BATCH 64460,12.7425,,,
,CHECKPOINT BATCH 64465,12.0611,,,
11:53:51,64470,7.0340,19.6100,5000,0.0515
,CHECKPOINT BATCH 64470,7.0340,,,
,CHECKPOINT BATCH 64475,11.0995,,,
,CHECKPOINT BATCH 64480,7.1236,,,
,CHECKPOINT BATCH 64485,7.0776,,,
11:53:56,64486,8.4144,21.3255,5000,0.0515
,CHECKPOINT BATCH 64490,9.5238,,,
,CHECKPOINT BATCH 64495,8.2282,,,
,CHECKPOINT BATCH 64500,10.4818,,,
11:53:58,64505,8.5163,22.5595,5000,0.0515
,CHECKPOINT BATCH 64505,8.5163,,,
,CHECKPOINT BATCH 64510,11.0274,,,
,CHECKPOINT BATCH 64515,8.5039,,,
,CHECKPOINT BATCH 64520,8.7761,,,
11:54:00,64524,9.9918,22.8545,5000,0.0515
,CHECKPOINT BATCH 64525,12.0969,,,
,CHECKPOINT BATCH 64530,9.0837,,,
,CHECKPOINT BATCH 64535,7.7586,,,
,CHECKPOINT BATCH 64540,6.5492,,,
11:54:02,64543,6.7784,21.3600,5000,0.0515
,CHECKPOINT BATCH 64545,7.7240,,,
,CHECKPOINT BATCH 64550,8.2843,,,
,CHECKPOINT BATCH 64555,14.9881,,,
,CHECKPOINT BATCH 64560,9.2205,,,
11:54:04,64562,8.2965,19.6130,5000,0.0515
,CHECKPOINT BATCH 64565,7.7439,,,
,CHECKPOINT BATCH 64570,9.1639,,,
,CHECKPOINT BATCH 64575,6.6939,,,
,CHECKPOINT BATCH 64580,9.9229,,,
11:54:06,64581,10.7681,18.6855,5000,0.0515
11:54:09,64584,17.1096,18.8315,5000,0.0515
,CHECKPOINT BATCH 64585,9.5803,,,
,CHECKPOINT BATCH 64590,7.4413,,,
,CHECKPOINT BATCH 64595,11.0636,,,
,CHECKPOINT BATCH 64600,10.1310,,,
11:54:11,64603,6.3331,17.8390,5000,0.0515
,CHECKPOINT BATCH 64605,8.9740,,,
,CHECKPOINT BATCH 64610,8.7487,,,
,CHECKPOINT BATCH 64615,7.9058,,,
,CHECKPOINT BATCH 64620,7.4137,,,
11:54:13,64621,7.2614,17.8320,5000,0.0515
,CHECKPOINT BATCH 64625,8.4548,,,
,CHECKPOINT BATCH 64630,6.9419,,,
11:54:17,64634,9.3769,18.3185,5000,0.0515
,CHECKPOINT BATCH 64635,9.5925,,,
,CHECKPOINT BATCH 64640,6.6106,,,
,CHECKPOINT BATCH 64645,9.8531,,,
,CHECKPOINT BATCH 64650,6.1179,,,
11:54:19,64653,6.7885,19.6160,5000,0.0515
,CHECKPOINT BATCH 64655,7.6353,,,
,CHECKPOINT BATCH 64660,7.2782,,,
,CHECKPOINT BATCH 64665,4.8724,,,
,CHECKPOINT BATCH 64670,8.1770,,,
11:54:21,64672,7.8046,22.2115,5000,0.0515
,CHECKPOINT BATCH 64675,7.2391,,,
,CHECKPOINT BATCH 64680,8.7027,,,
,CHECKPOINT BATCH 64685,9.1668,,,
,CHECKPOINT BATCH 64690,5.9683,,,
11:54:23,64691,15.2531,23.1835,5000,0.0515
,CHECKPOINT BATCH 64695,11.4200,,,
,CHECKPOINT BATCH 64700,7.5594,,,
,CHECKPOINT BATCH 64705,7.8686,,,
11:54:25,64710,14.5698,22.7115,5000,0.0515
,CHECKPOINT BATCH 64710,14.5698,,,
,CHECKPOINT BATCH 64715,10.0446,,,
11:54:28,64719,8.9763,23.3965,5000,0.0515
,CHECKPOINT BATCH 64720,7.1640,,,
,CHECKPOINT BATCH 64725,10.8712,,,
,CHECKPOINT BATCH 64730,8.0613,,,
,CHECKPOINT BATCH 64735,8.7411,,,
11:54:30,64738,6.3493,24.1375,5000,0.0515
,CHECKPOINT BATCH 64740,7.8584,,,
,CHECKPOINT BATCH 64745,7.8128,,,
,CHECKPOINT BATCH 64750,7.8571,,,
,CHECKPOINT BATCH 64755,7.9643,,,
11:54:32,64757,9.0582,24.4290,5000,0.0515
,CHECKPOINT BATCH 64760,9.0924,,,
,CHECKPOINT BATCH 64765,8.3704,,,
,CHECKPOINT BATCH 64770,6.1350,,,
11:54:34,64775,10.2466,22.9610,5000,0.0515
,CHECKPOINT BATCH 64775,10.2466,,,
,CHECKPOINT BATCH 64780,10.4995,,,
,CHECKPOINT BATCH 64785,9.4523,,,
,CHECKPOINT BATCH 64790,5.0341,,,
11:54:36,64794,6.8369,22.3540,5000,0.0515
,CHECKPOINT BATCH 64795,9.4104,,,
,CHECKPOINT BATCH 64800,9.8347,,,
,CHECKPOINT BATCH 64805,7.2292,,,
11:54:41,64810,7.5979,23.3740,5000,0.0515
,CHECKPOINT BATCH 64810,7.5979,,,
,CHECKPOINT BATCH 64815,10.4878,,,
,CHECKPOINT BATCH 64820,7.7505,,,
,CHECKPOINT BATCH 64825,10.4298,,,
11:54:43,64829,8.2510,22.0415,5000,0.0515
,CHECKPOINT BATCH 64830,9.1665,,,
,CHECKPOINT BATCH 64835,12.5344,,,
,CHECKPOINT BATCH 64840,9.6825,,,
,CHECKPOINT BATCH 64845,11.4648,,,
11:54:45,64848,15.6992,22.3455,5000,0.0515
,CHECKPOINT BATCH 64850,5.8670,,,
,CHECKPOINT BATCH 64855,9.1509,,,
,CHECKPOINT BATCH 64860,7.4507,,,
,CHECKPOINT BATCH 64865,7.8513,,,
11:54:47,64867,7.9725,21.2060,5000,0.0514
,CHECKPOINT BATCH 64870,6.8943,,,
,CHECKPOINT BATCH 64875,5.3245,,,
,CHECKPOINT BATCH 64880,6.9505,,,
,CHECKPOINT BATCH 64885,7.5258,,,
11:54:49,64886,9.5949,20.8825,5000,0.0514
,CHECKPOINT BATCH 64890,15.1267,,,
,CHECKPOINT BATCH 64895,7.1071,,,
,CHECKPOINT BATCH 64900,7.4327,,,
11:54:51,64905,6.4260,19.6670,5000,0.0514
,CHECKPOINT BATCH 64905,6.4260,,,
,CHECKPOINT BATCH 64910,10.5749,,,
11:54:54,64913,6.5651,19.5185,5000,0.0514
,CHECKPOINT BATCH 64915,9.8469,,,
,CHECKPOINT BATCH 64920,6.6016,,,
,CHECKPOINT BATCH 64925,10.1740,,,
,CHECKPOINT BATCH 64930,8.4479,,,
11:54:56,64931,6.8958,19.7080,5000,0.0514
,CHECKPOINT BATCH 64935,8.7609,,,
,CHECKPOINT BATCH 64940,7.2237,,,
11:55:00,64944,6.3808,19.7120,5000,0.0514
,CHECKPOINT BATCH 64945,14.3010,,,
,CHECKPOINT BATCH 64950,7.8188,,,
,CHECKPOINT BATCH 64955,6.7849,,,
,CHECKPOINT BATCH 64960,9.0991,,,
11:55:02,64963,7.8410,20.7595,5000,0.0514
,CHECKPOINT BATCH 64965,9.9180,,,
,CHECKPOINT BATCH 64970,6.2313,,,
,CHECKPOINT BATCH 64975,9.4755,,,
,CHECKPOINT BATCH 64980,6.0765,,,
11:55:04,64982,5.0565,21.3670,5000,0.0514
,CHECKPOINT BATCH 64985,9.4546,,,
,CHECKPOINT BATCH 64990,9.6304,,,
,CHECKPOINT BATCH 64995,6.1043,,,
,CHECKPOINT BATCH 65000,7.8127,,,
11:55:06,65001,5.8569,22.5535,5000,0.0514
,CHECKPOINT BATCH 65005,7.3717,,,
,CHECKPOINT BATCH 65010,10.4484,,,
,CHECKPOINT BATCH 65015,6.7144,,,
11:55:08,65020,10.0564,21.2915,5000,0.0514
,CHECKPOINT BATCH 65020,10.0564,,,
,CHECKPOINT BATCH 65025,6.3288,,,
,CHECKPOINT BATCH 65030,10.0441,,,
,CHECKPOINT BATCH 65035,9.5361,,,
11:55:10,65039,6.1351,19.0205,5000,0.0514
,CHECKPOINT BATCH 65040,9.7390,,,
11:55:13,65045,5.7881,19.8745,5000,0.0514
,CHECKPOINT BATCH 65045,5.7881,,,
,CHECKPOINT BATCH 65050,5.8550,,,
,CHECKPOINT BATCH 65055,7.0428,,,
,CHECKPOINT BATCH 65060,5.4647,,,
11:55:15,65064,10.1600,18.9770,5000,0.0514
,CHECKPOINT BATCH 65065,6.2955,,,
,CHECKPOINT BATCH 65070,9.8886,,,
,CHECKPOINT BATCH 65075,12.9685,,,
,CHECKPOINT BATCH 65080,7.3177,,,
11:55:17,65083,9.9772,19.3090,5000,0.0514
,CHECKPOINT BATCH 65085,6.5224,,,
11:55:21,65090,6.3817,18.3765,5000,0.0514
,CHECKPOINT BATCH 65090,6.3817,,,
,CHECKPOINT BATCH 65095,6.8143,,,
,CHECKPOINT BATCH 65100,6.5490,,,
,CHECKPOINT BATCH 65105,10.7643,,,
11:55:23,65109,8.6016,17.9060,5000,0.0514
,CHECKPOINT BATCH 65110,7.4752,,,
,CHECKPOINT BATCH 65115,10.0011,,,
,CHECKPOINT BATCH 65120,6.1437,,,
,CHECKPOINT BATCH 65125,8.0116,,,
11:55:25,65128,7.8233,19.5445,5000,0.0514
,CHECKPOINT BATCH 65130,6.2441,,,
,CHECKPOINT BATCH 65135,18.8806,,,
,CHECKPOINT BATCH 65140,9.4084,,,
,CHECKPOINT BATCH 65145,8.8562,,,
11:55:27,65147,9.8552,17.2710,5000,0.0514
,CHECKPOINT BATCH 65150,5.6724,,,
,CHECKPOINT BATCH 65155,10.9476,,,
,CHECKPOINT BATCH 65160,6.5555,,,
,CHECKPOINT BATCH 65165,9.0790,,,
11:55:29,65166,7.9237,16.6960,5000,0.0514
,CHECKPOINT BATCH 65170,5.1444,,,
,CHECKPOINT BATCH 65175,6.6842,,,
,CHECKPOINT BATCH 65180,5.3221,,,
11:55:31,65185,6.9455,16.6945,5000,0.0514
,CHECKPOINT BATCH 65185,6.9455,,,
,CHECKPOINT BATCH 65190,7.5611,,,
,CHECKPOINT BATCH 65195,13.1141,,,
11:55:35,65199,6.0757,19.3810,5000,0.0514
,CHECKPOINT BATCH 65200,8.7694,,,
,CHECKPOINT BATCH 65205,16.5386,,,
,CHECKPOINT BATCH 65210,8.8616,,,
,CHECKPOINT BATCH 65215,14.8593,,,
11:55:37,65218,7.1711,18.7720,5000,0.0514
,CHECKPOINT BATCH 65220,9.7781,,,
,CHECKPOINT BATCH 65225,10.6135,,,
,CHECKPOINT BATCH 65230,8.9161,,,
,CHECKPOINT BATCH 65235,6.5255,,,
11:55:39,65237,6.7288,20.0130,5000,0.0514
,CHECKPOINT BATCH 65240,9.2910,,,
,CHECKPOINT BATCH 65245,17.1891,,,
,CHECKPOINT BATCH 65250,10.6484,,,
,CHECKPOINT BATCH 65255,8.4909,,,
11:55:41,65256,7.9920,20.6180,5000,0.0514
,CHECKPOINT BATCH 65260,9.1727,,,
,CHECKPOINT BATCH 65265,6.5620,,,
,CHECKPOINT BATCH 65270,11.2040,,,
11:55:43,65275,9.3808,20.1645,5000,0.0514
,CHECKPOINT BATCH 65275,9.3808,,,
,CHECKPOINT BATCH 65280,12.9463,,,
,CHECKPOINT BATCH 65285,7.4170,,,
,CHECKPOINT BATCH 65290,9.6282,,,
11:55:45,65294,9.0053,18.6515,5000,0.0514
,CHECKPOINT BATCH 65295,10.7968,,,
,CHECKPOINT BATCH 65300,6.4821,,,
,CHECKPOINT BATCH 65305,8.4946,,,
11:55:49,65308,8.8359,17.6200,5000,0.0514
,CHECKPOINT BATCH 65310,6.9231,,,
,CHECKPOINT BATCH 65315,6.8188,,,
,CHECKPOINT BATCH 65320,14.1493,,,
,CHECKPOINT BATCH 65325,12.1150,,,
11:55:51,65327,7.4781,14.2650,5000,0.0514
,CHECKPOINT BATCH 65330,5.8692,,,
,CHECKPOINT BATCH 65335,9.5119,,,
,CHECKPOINT BATCH 65340,8.2975,,,
,CHECKPOINT BATCH 65345,6.4192,,,
11:55:53,65346,8.8323,15.6245,5000,0.0514
,CHECKPOINT BATCH 65350,13.6955,,,
,CHECKPOINT BATCH 65355,7.2599,,,
,CHECKPOINT BATCH 65360,9.9568,,,
11:55:55,65365,9.8065,16.2725,5000,0.0514
,CHECKPOINT BATCH 65365,9.8065,,,
,CHECKPOINT BATCH 65370,7.5008,,,
,CHECKPOINT BATCH 65375,9.5696,,,
,CHECKPOINT BATCH 65380,9.2049,,,
11:55:57,65383,9.1090,17.1335,5000,0.0514
,CHECKPOINT BATCH 65385,6.4450,,,
,CHECKPOINT BATCH 65390,7.6892,,,
,CHECKPOINT BATCH 65395,13.8410,,,
,CHECKPOINT BATCH 65400,7.8423,,,
11:56:00,65402,7.4084,17.8170,5000,0.0514
,CHECKPOINT BATCH 65405,6.0467,,,
,CHECKPOINT BATCH 65410,6.1317,,,
,CHECKPOINT BATCH 65415,7.2178,,,
11:56:04,65420,16.3976,19.8170,5000,0.0514
,CHECKPOINT BATCH 65420,16.3976,,,
,CHECKPOINT BATCH 65425,15.6408,,,
,CHECKPOINT BATCH 65430,7.7879,,,
,CHECKPOINT BATCH 65435,6.6929,,,
11:56:06,65439,6.8970,16.9530,5000,0.0514
,CHECKPOINT BATCH 65440,9.1869,,,
,CHECKPOINT BATCH 65445,7.4117,,,
,CHECKPOINT BATCH 65450,7.7410,,,
,CHECKPOINT BATCH 65455,7.7421,,,
11:56:08,65458,8.3327,18.4520,5000,0.0514
,CHECKPOINT BATCH 65460,8.5405,,,
,CHECKPOINT BATCH 65465,8.0583,,,
,CHECKPOINT BATCH 65470,5.9609,,,
,CHECKPOINT BATCH 65475,7.5628,,,
11:56:10,65477,10.6253,19.6815,5000,0.0514
,CHECKPOINT BATCH 65480,8.7831,,,
,CHECKPOINT BATCH 65485,9.9072,,,
,CHECKPOINT BATCH 65490,7.7343,,,
,CHECKPOINT BATCH 65495,7.7576,,,
11:56:12,65496,8.8246,19.1240,5000,0.0514
,CHECKPOINT BATCH 65500,10.2782,,,
,CHECKPOINT BATCH 65505,6.7576,,,
,CHECKPOINT BATCH 65510,6.3868,,,
11:56:14,65515,6.9346,18.6950,5000,0.0514
,CHECKPOINT BATCH 65515,6.9346,,,
,CHECKPOINT BATCH 65520,9.3917,,,
,CHECKPOINT BATCH 65525,8.3680,,,
11:56:18,65530,7.4970,19.3725,5000,0.0514
,CHECKPOINT BATCH 65530,7.4970,,,
,CHECKPOINT BATCH 65535,10.8752,,,
,CHECKPOINT BATCH 65540,10.1666,,,
,CHECKPOINT BATCH 65545,7.6958,,,
11:56:20,65549,7.4571,19.9610,5000,0.0514
,CHECKPOINT BATCH 65550,12.9601,,,
,CHECKPOINT BATCH 65555,5.8691,,,
,CHECKPOINT BATCH 65560,6.2018,,,
,CHECKPOINT BATCH 65565,10.8151,,,
11:56:22,65568,13.8129,19.6740,5000,0.0513
,CHECKPOINT BATCH 65570,8.8359,,,
,CHECKPOINT BATCH 65575,8.0643,,,
,CHECKPOINT BATCH 65580,9.8526,,,
,CHECKPOINT BATCH 65585,6.7136,,,
11:56:24,65587,5.7967,19.6635,5000,0.0513
,CHECKPOINT BATCH 65590,8.6221,,,
,CHECKPOINT BATCH 65595,10.0829,,,
,CHECKPOINT BATCH 65600,6.1521,,,
,CHECKPOINT BATCH 65605,8.7082,,,
11:56:27,65606,8.8389,20.4155,5000,0.0513
,CHECKPOINT BATCH 65610,6.9659,,,
,CHECKPOINT BATCH 65615,8.3485,,,
11:56:30,65617,15.6874,21.4070,5000,0.0513
,CHECKPOINT BATCH 65620,7.4320,,,
,CHECKPOINT BATCH 65625,7.6846,,,
,CHECKPOINT BATCH 65630,9.7424,,,
,CHECKPOINT BATCH 65635,15.8475,,,
11:56:32,65636,7.5999,19.4330,5000,0.0513
,CHECKPOINT BATCH 65640,8.7377,,,
,CHECKPOINT BATCH 65645,8.3767,,,
,CHECKPOINT BATCH 65650,6.0739,,,
11:56:34,65655,13.3179,20.0120,5000,0.0513
,CHECKPOINT BATCH 65655,13.3179,,,
,CHECKPOINT BATCH 65660,7.6158,,,
,CHECKPOINT BATCH 65665,5.6615,,,
,CHECKPOINT BATCH 65670,7.2532,,,
11:56:36,65674,6.7185,19.0810,5000,0.0513
,CHECKPOINT BATCH 65675,6.8297,,,
,CHECKPOINT BATCH 65680,7.4331,,,
,CHECKPOINT BATCH 65685,9.1469,,,
,CHECKPOINT BATCH 65690,10.1070,,,
11:56:38,65693,7.1791,18.4610,5000,0.0513
,CHECKPOINT BATCH 65695,10.3973,,,
,CHECKPOINT BATCH 65700,8.5847,,,
,CHECKPOINT BATCH 65705,8.3121,,,
,CHECKPOINT BATCH 65710,6.7335,,,
11:56:40,65712,6.0531,18.1770,5000,0.0513
,CHECKPOINT BATCH 65715,9.5598,,,
,CHECKPOINT BATCH 65720,14.2530,,,
11:56:44,65725,7.5764,20.0435,5000,0.0513
,CHECKPOINT BATCH 65725,7.5764,,,
,CHECKPOINT BATCH 65730,9.4336,,,
,CHECKPOINT BATCH 65735,7.0990,,,
,CHECKPOINT BATCH 65740,7.0045,,,
11:56:46,65744,7.5454,18.0370,5000,0.0513
,CHECKPOINT BATCH 65745,7.8653,,,
,CHECKPOINT BATCH 65750,7.9286,,,
,CHECKPOINT BATCH 65755,9.2381,,,
,CHECKPOINT BATCH 65760,10.2065,,,
11:56:48,65763,12.6052,17.7300,5000,0.0513
,CHECKPOINT BATCH 65765,8.1566,,,
,CHECKPOINT BATCH 65770,6.7101,,,
,CHECKPOINT BATCH 65775,13.1912,,,
,CHECKPOINT BATCH 65780,6.1869,,,
11:56:50,65782,5.6542,18.3530,5000,0.0513
,CHECKPOINT BATCH 65785,6.2946,,,
,CHECKPOINT BATCH 65790,7.0949,,,
11:56:54,65794,8.0862,18.9695,5000,0.0513
,CHECKPOINT BATCH 65795,8.2504,,,
,CHECKPOINT BATCH 65800,6.0318,,,
,CHECKPOINT BATCH 65805,6.6144,,,
,CHECKPOINT BATCH 65810,9.6698,,,
11:56:56,65813,7.4634,17.2390,5000,0.0513
,CHECKPOINT BATCH 65815,10.2095,,,
,CHECKPOINT BATCH 65820,7.2233,,,
,CHECKPOINT BATCH 65825,18.5413,,,
11:57:00,65826,8.6881,16.6555,5000,0.0513
,CHECKPOINT BATCH 65830,7.9492,,,
,CHECKPOINT BATCH 65835,10.1020,,,
,CHECKPOINT BATCH 65840,9.0887,,,
11:57:02,65845,11.0523,17.8990,5000,0.0513
,CHECKPOINT BATCH 65845,11.0523,,,
,CHECKPOINT BATCH 65850,22.0136,,,
11:57:06,65855,10.1391,16.9840,5000,0.0513
,CHECKPOINT BATCH 65855,10.1391,,,
,CHECKPOINT BATCH 65860,6.7449,,,
,CHECKPOINT BATCH 65865,12.2840,,,
,CHECKPOINT BATCH 65870,11.1615,,,
11:57:08,65874,9.1487,15.7660,5000,0.0513
,CHECKPOINT BATCH 65875,9.4887,,,
,CHECKPOINT BATCH 65880,7.3063,,,
,CHECKPOINT BATCH 65885,7.2818,,,
11:57:11,65886,9.2522,14.8010,5000,0.0513
,CHECKPOINT BATCH 65890,9.1965,,,
,CHECKPOINT BATCH 65895,6.6198,,,
,CHECKPOINT BATCH 65900,6.2310,,,
11:57:13,65905,5.3052,16.4865,5000,0.0513
,CHECKPOINT BATCH 65905,5.3052,,,
,CHECKPOINT BATCH 65910,9.7302,,,
,CHECKPOINT BATCH 65915,7.1503,,,
,CHECKPOINT BATCH 65920,6.9996,,,
11:57:15,65924,14.2898,15.7395,5000,0.0513
,CHECKPOINT BATCH 65925,12.4619,,,
,CHECKPOINT BATCH 65930,14.7531,,,
,CHECKPOINT BATCH 65935,7.1782,,,
,CHECKPOINT BATCH 65940,10.0601,,,
11:57:17,65943,7.6852,14.6415,5000,0.0513
,CHECKPOINT BATCH 65945,9.3989,,,
,CHECKPOINT BATCH 65950,6.4285,,,
,CHECKPOINT BATCH 65955,10.0646,,,
,CHECKPOINT BATCH 65960,8.2487,,,
11:57:20,65962,7.1356,14.7650,5000,0.0513
,CHECKPOINT BATCH 65965,8.4786,,,
,CHECKPOINT BATCH 65970,6.4064,,,
,CHECKPOINT BATCH 65975,7.7229,,,
11:57:22,65980,7.3173,12.9560,5000,0.0513
,CHECKPOINT BATCH 65980,7.3173,,,
,CHECKPOINT BATCH 65985,6.4132,,,
,CHECKPOINT BATCH 65990,9.9667,,,
,CHECKPOINT BATCH 65995,9.9412,,,
11:57:24,65999,8.2676,11.1255,5000,0.0513
,CHECKPOINT BATCH 66000,5.3046,,,
,CHECKPOINT BATCH 66005,10.1204,,,
,CHECKPOINT BATCH 66010,7.6439,,,
,CHECKPOINT BATCH 66015,11.9297,,,
11:57:26,66018,7.9403,9.5010,5000,0.0513
,CHECKPOINT BATCH 66020,6.7894,,,
,CHECKPOINT BATCH 66025,10.0479,,,
,CHECKPOINT BATCH 66030,12.7251,,,
,CHECKPOINT BATCH 66035,9.1602,,,
11:57:28,66037,11.5185,10.3495,5000,0.0513
,CHECKPOINT BATCH 66040,9.5138,,,
,CHECKPOINT BATCH 66045,8.0293,,,
11:57:31,66048,6.5006,11.2350,5000,0.0513
,CHECKPOINT BATCH 66050,5.6472,,,
,CHECKPOINT BATCH 66055,7.7201,,,
,CHECKPOINT BATCH 66060,8.2156,,,
,CHECKPOINT BATCH 66065,7.7041,,,
11:57:33,66067,7.9325,11.4325,5000,0.0513
,CHECKPOINT BATCH 66070,6.7133,,,
,CHECKPOINT BATCH 66075,6.3950,,,
,CHECKPOINT BATCH 66080,8.8395,,,
,CHECKPOINT BATCH 66085,6.7942,,,
11:57:36,66086,6.3080,14.6880,5000,0.0513
,CHECKPOINT BATCH 66090,7.3376,,,
,CHECKPOINT BATCH 66095,6.7212,,,
,CHECKPOINT BATCH 66100,10.5874,,,
11:57:38,66105,8.4263,18.1840,5000,0.0513
,CHECKPOINT BATCH 66105,8.4263,,,
,CHECKPOINT BATCH 66110,6.4106,,,
,CHECKPOINT BATCH 66115,8.0608,,,
,CHECKPOINT BATCH 66120,9.1298,,,
11:57:40,66124,7.2150,18.1560,5000,0.0513
,CHECKPOINT BATCH 66125,8.7187,,,
,CHECKPOINT BATCH 66130,8.0426,,,
,CHECKPOINT BATCH 66135,8.3198,,,
,CHECKPOINT BATCH 66140,7.5740,,,
11:57:42,66143,7.6972,17.8095,5000,0.0513
,CHECKPOINT BATCH 66145,11.6321,,,
,CHECKPOINT BATCH 66150,11.7174,,,
11:57:45,66155,7.8479,18.1525,5000,0.0513
,CHECKPOINT BATCH 66155,7.8479,,,
,CHECKPOINT BATCH 66160,8.7783,,,
,CHECKPOINT BATCH 66165,5.3867,,,
,CHECKPOINT BATCH 66170,18.9551,,,
11:57:48,66174,11.9624,18.5715,5000,0.0513
,CHECKPOINT BATCH 66175,8.1822,,,
,CHECKPOINT BATCH 66180,11.1254,,,
,CHECKPOINT BATCH 66185,8.3685,,,
,CHECKPOINT BATCH 66190,8.7314,,,
11:57:50,66193,7.5787,19.2705,5000,0.0513
11:57:52,66194,15.0995,19.4225,5000,0.0513
,CHECKPOINT BATCH 66195,14.7265,,,
,CHECKPOINT BATCH 66200,6.8015,,,
,CHECKPOINT BATCH 66205,8.1641,,,
,CHECKPOINT BATCH 66210,6.2819,,,
11:57:54,66213,10.8238,19.9015,5000,0.0513
,CHECKPOINT BATCH 66215,11.0211,,,
,CHECKPOINT BATCH 66220,7.9045,,,
,CHECKPOINT BATCH 66225,6.5159,,,
,CHECKPOINT BATCH 66230,4.7384,,,
11:57:56,66232,13.9035,21.7340,5000,0.0513
,CHECKPOINT BATCH 66235,7.6136,,,
,CHECKPOINT BATCH 66240,11.0293,,,
,CHECKPOINT BATCH 66245,11.6805,,,
,CHECKPOINT BATCH 66250,7.1462,,,
11:57:58,66251,8.7969,22.6635,5000,0.0513
,CHECKPOINT BATCH 66255,10.4266,,,
,CHECKPOINT BATCH 66260,7.2098,,,
11:58:02,66261,5.7356,21.9310,5000,0.0513
,CHECKPOINT BATCH 66265,6.9386,,,
,CHECKPOINT BATCH 66270,7.4148,,,
,CHECKPOINT BATCH 66275,5.3708,,,
11:58:04,66280,6.6297,19.8155,5000,0.0513
,CHECKPOINT BATCH 66280,6.6297,,,
,CHECKPOINT BATCH 66285,8.9673,,,
,CHECKPOINT BATCH 66290,7.0289,,,
,CHECKPOINT BATCH 66295,7.6376,,,
11:58:06,66299,7.3559,20.5865,5000,0.0513
,CHECKPOINT BATCH 66300,7.9559,,,
,CHECKPOINT BATCH 66305,9.6677,,,
,CHECKPOINT BATCH 66310,9.4356,,,
,CHECKPOINT BATCH 66315,7.7703,,,
11:58:08,66318,7.8852,19.0205,5000,0.0513
,CHECKPOINT BATCH 66320,9.6988,,,
,CHECKPOINT BATCH 66325,7.4286,,,
,CHECKPOINT BATCH 66330,6.8587,,,
,CHECKPOINT BATCH 66335,6.6176,,,
11:58:10,66337,8.6979,16.5850,5000,0.0512
,CHECKPOINT BATCH 66340,7.6278,,,
,CHECKPOINT BATCH 66345,8.0059,,,
11:58:14,66349,6.4507,15.0360,5000,0.0512
,CHECKPOINT BATCH 66350,5.7349,,,
,CHECKPOINT BATCH 66355,7.6121,,,
,CHECKPOINT BATCH 66360,8.3682,,,
,CHECKPOINT BATCH 66365,5.8035,,,
11:58:16,66368,7.4310,16.3830,5000,0.0512
,CHECKPOINT BATCH 66370,9.6250,,,
,CHECKPOINT BATCH 66375,8.1095,,,
,CHECKPOINT BATCH 66380,6.3876,,,
,CHECKPOINT BATCH 66385,8.2993,,,
11:58:18,66387,6.4091,16.4170,5000,0.0512
,CHECKPOINT BATCH 66390,6.6680,,,
,CHECKPOINT BATCH 66395,9.9902,,,
,CHECKPOINT BATCH 66400,8.3882,,,
,CHECKPOINT BATCH 66405,7.8762,,,
11:58:20,66406,7.3290,16.1340,5000,0.0512
,CHECKPOINT BATCH 66410,9.5511,,,
,CHECKPOINT BATCH 66415,7.7904,,,
,CHECKPOINT BATCH 66420,5.3617,,,
11:58:22,66425,9.1839,17.1030,5000,0.0512
,CHECKPOINT BATCH 66425,9.1839,,,
,CHECKPOINT BATCH 66430,8.5243,,,
,CHECKPOINT BATCH 66435,6.8668,,,
,CHECKPOINT BATCH 66440,5.8310,,,
11:58:24,66444,7.8347,18.9540,5000,0.0512
,CHECKPOINT BATCH 66445,6.3659,,,
11:58:27,66446,15.3471,19.4065,5000,0.0512
,CHECKPOINT BATCH 66450,14.0451,,,
,CHECKPOINT BATCH 66455,8.6625,,,
,CHECKPOINT BATCH 66460,6.1374,,,
11:58:29,66465,9.6374,20.2765,5000,0.0512
,CHECKPOINT BATCH 66465,9.6374,,,
,CHECKPOINT BATCH 66470,8.5057,,,
,CHECKPOINT BATCH 66475,9.3831,,,
,CHECKPOINT BATCH 66480,8.6882,,,
11:58:31,66484,7.3941,19.8185,5000,0.0512
,CHECKPOINT BATCH 66485,9.2349,,,
,CHECKPOINT BATCH 66490,12.0358,,,
,CHECKPOINT BATCH 66495,8.3688,,,
,CHECKPOINT BATCH 66500,7.5686,,,
11:58:33,66503,5.5801,19.0365,5000,0.0512
,CHECKPOINT BATCH 66505,14.3876,,,
,CHECKPOINT BATCH 66510,6.6726,,,
,CHECKPOINT BATCH 66515,4.8194,,,
,CHECKPOINT BATCH 66520,8.9485,,,
11:58:35,66522,9.9350,19.4865,5000,0.0512
,CHECKPOINT BATCH 66525,9.5077,,,
,CHECKPOINT BATCH 66530,6.3000,,,
,CHECKPOINT BATCH 66535,11.0257,,,
11:58:39,66538,7.0038,21.5055,5000,0.0512
,CHECKPOINT BATCH 66540,7.5392,,,
,CHECKPOINT BATCH 66545,11.3371,,,
,CHECKPOINT BATCH 66550,12.6730,,,
,CHECKPOINT BATCH 66555,7.1352,,,
11:58:41,66557,8.1867,22.4550,5000,0.0512
,CHECKPOINT BATCH 66560,7.7742,,,
,CHECKPOINT BATCH 66565,9.3714,,,
,CHECKPOINT BATCH 66570,5.0172,,,
11:58:43,66575,11.8171,22.9190,5000,0.0512
,CHECKPOINT BATCH 66575,11.8171,,,
11:58:46,66577,5.4215,22.4640,5000,0.0512
,CHECKPOINT BATCH 66580,9.9278,,,
,CHECKPOINT BATCH 66585,8.0881,,,
,CHECKPOINT BATCH 66590,8.6188,,,
,CHECKPOINT BATCH 66595,6.4744,,,
11:58:48,66596,8.6377,21.7255,5000,0.0512
,CHECKPOINT BATCH 66600,6.8240,,,
,CHECKPOINT BATCH 66605,8.5382,,,
,CHECKPOINT BATCH 66610,7.2519,,,
11:58:50,66615,8.7810,22.9955,5000,0.0512
,CHECKPOINT BATCH 66615,8.7810,,,
,CHECKPOINT BATCH 66620,7.1970,,,
,CHECKPOINT BATCH 66625,7.5637,,,
,CHECKPOINT BATCH 66630,9.8987,,,
11:58:54,66633,8.8639,23.5945,5000,0.0512
,CHECKPOINT BATCH 66635,8.6612,,,
,CHECKPOINT BATCH 66640,5.3258,,,
,CHECKPOINT BATCH 66645,9.9395,,,
,CHECKPOINT BATCH 66650,13.1131,,,
11:58:56,66652,7.8807,21.2560,5000,0.0512
,CHECKPOINT BATCH 66655,8.6296,,,
,CHECKPOINT BATCH 66660,8.3430,,,
,CHECKPOINT BATCH 66665,8.0079,,,
,CHECKPOINT BATCH 66670,8.9237,,,
11:58:58,66671,8.9306,21.2560,5000,0.0512
,CHECKPOINT BATCH 66675,9.0064,,,
,CHECKPOINT BATCH 66680,6.6636,,,
,CHECKPOINT BATCH 66685,8.6584,,,
11:59:00,66690,8.0001,23.0985,5000,0.0512
,CHECKPOINT BATCH 66690,8.0001,,,
,CHECKPOINT BATCH 66695,6.7617,,,
,CHECKPOINT BATCH 66700,10.0748,,,
,CHECKPOINT BATCH 66705,9.1128,,,
11:59:03,66709,13.7509,20.6220,5000,0.0512
,CHECKPOINT BATCH 66710,9.0728,,,
,CHECKPOINT BATCH 66715,8.0237,,,
,CHECKPOINT BATCH 66720,6.3769,,,
,CHECKPOINT BATCH 66725,10.7045,,,
11:59:05,66728,8.0789,18.5080,5000,0.0512
,CHECKPOINT BATCH 66730,6.7693,,,
,CHECKPOINT BATCH 66735,7.1748,,,
11:59:08,66736,9.8956,19.9570,5000,0.0512
,CHECKPOINT BATCH 66740,12.7820,,,
,CHECKPOINT BATCH 66745,9.0968,,,
,CHECKPOINT BATCH 66750,7.7449,,,
11:59:10,66755,10.1424,19.6580,5000,0.0512
,CHECKPOINT BATCH 66755,10.1424,,,
,CHECKPOINT BATCH 66760,7.5056,,,
,CHECKPOINT BATCH 66765,13.4496,,,
,CHECKPOINT BATCH 66770,7.8471,,,
11:59:12,66774,10.7203,19.6360,5000,0.0512
,CHECKPOINT BATCH 66775,6.3955,,,
,CHECKPOINT BATCH 66780,11.1881,,,
,CHECKPOINT BATCH 66785,8.2566,,,
,CHECKPOINT BATCH 66790,12.6031,,,
11:59:14,66793,8.6694,18.5625,5000,0.0512
,CHECKPOINT BATCH 66795,8.1881,,,
,CHECKPOINT BATCH 66800,11.7570,,,
,CHECKPOINT BATCH 66805,7.3956,,,
,CHECKPOINT BATCH 66810,9.4902,,,
11:59:16,66812,6.5841,19.6240,5000,0.0512
11:59:19,66814,17.8384,19.9130,5000,0.0512
,CHECKPOINT BATCH 66815,7.1735,,,
,CHECKPOINT BATCH 66820,8.6041,,,
,CHECKPOINT BATCH 66825,10.7181,,,
,CHECKPOINT BATCH 66830,8.2669,,,
11:59:21,66833,5.2224,20.4775,5000,0.0512
,CHECKPOINT BATCH 66835,6.3542,,,
,CHECKPOINT BATCH 66840,10.0003,,,
,CHECKPOINT BATCH 66845,10.1681,,,
,CHECKPOINT BATCH 66850,11.2823,,,
11:59:23,66852,7.8844,20.2190,5000,0.0512
,CHECKPOINT BATCH 66855,11.6446,,,
,CHECKPOINT BATCH 66860,7.1038,,,
,CHECKPOINT BATCH 66865,13.5285,,,
,CHECKPOINT BATCH 66870,9.1267,,,
11:59:25,66871,6.7074,19.1340,5000,0.0512
,CHECKPOINT BATCH 66875,9.6045,,,
,CHECKPOINT BATCH 66880,8.0872,,,
,CHECKPOINT BATCH 66885,7.9808,,,
11:59:27,66890,10.4372,20.0645,5000,0.0512
,CHECKPOINT BATCH 66890,10.4372,,,
,CHECKPOINT BATCH 66895,9.2628,,,
,CHECKPOINT BATCH 66900,9.6457,,,
,CHECKPOINT BATCH 66905,9.8697,,,
11:59:29,66909,14.3233,17.7660,5000,0.0512
,CHECKPOINT BATCH 66910,10.0714,,,
,CHECKPOINT BATCH 66915,9.6513,,,
,CHECKPOINT BATCH 66920,9.5509,,,
,CHECKPOINT BATCH 66925,10.4330,,,
11:59:33,66926,8.2944,16.9920,5000,0.0512
,CHECKPOINT BATCH 66930,13.7739,,,
,CHECKPOINT BATCH 66935,7.9745,,,
,CHECKPOINT BATCH 66940,8.2180,,,
11:59:35,66945,6.1182,14.0885,5000,0.0512
,CHECKPOINT BATCH 66945,6.1182,,,
,CHECKPOINT BATCH 66950,6.6187,,,
,CHECKPOINT BATCH 66955,18.4416,,,
,CHECKPOINT BATCH 66960,7.8106,,,
11:59:38,66964,7.6285,15.6415,5000,0.0512
,CHECKPOINT BATCH 66965,7.5919,,,
,CHECKPOINT BATCH 66970,8.3224,,,
,CHECKPOINT BATCH 66975,6.9812,,,
,CHECKPOINT BATCH 66980,6.7315,,,
11:59:40,66983,7.0487,16.2625,5000,0.0512
,CHECKPOINT BATCH 66985,6.6274,,,
,CHECKPOINT BATCH 66990,8.4490,,,
,CHECKPOINT BATCH 66995,10.1849,,,
,CHECKPOINT BATCH 67000,7.1765,,,
11:59:42,67002,8.6306,18.5310,5000,0.0512
,CHECKPOINT BATCH 67005,9.2795,,,
,CHECKPOINT BATCH 67010,6.6691,,,
,CHECKPOINT BATCH 67015,7.1356,,,
,CHECKPOINT BATCH 67020,10.0356,,,
11:59:46,67021,5.7085,19.8935,5000,0.0512
,CHECKPOINT BATCH 67025,6.7689,,,
,CHECKPOINT BATCH 67030,8.6676,,,
,CHECKPOINT BATCH 67035,9.5374,,,
11:59:48,67040,8.6484,22.7050,5000,0.0512
,CHECKPOINT BATCH 67040,8.6484,,,
,CHECKPOINT BATCH 67045,7.8365,,,
,CHECKPOINT BATCH 67050,10.3558,,,
,CHECKPOINT BATCH 67055,6.2926,,,
11:59:50,67059,6.1771,21.7740,5000,0.0512
,CHECKPOINT BATCH 67060,5.7082,,,
,CHECKPOINT BATCH 67065,9.8802,,,
,CHECKPOINT BATCH 67070,8.6363,,,
,CHECKPOINT BATCH 67075,6.4781,,,
11:59:52,67078,6.1182,21.4290,5000,0.0512
,CHECKPOINT BATCH 67080,8.1206,,,
,CHECKPOINT BATCH 67085,7.8127,,,
,CHECKPOINT BATCH 67090,8.5249,,,
,CHECKPOINT BATCH 67095,8.5217,,,
11:59:54,67097,8.5533,21.9270,5000,0.0512
,CHECKPOINT BATCH 67100,5.2013,,,
11:59:57,67101,5.7962,23.0680,5000,0.0512
,CHECKPOINT BATCH 67105,5.2108,,,
,CHECKPOINT BATCH 67110,6.0261,,,
,CHECKPOINT BATCH 67115,5.2054,,,
11:59:59,67120,7.9243,24.5590,5000,0.0512
,CHECKPOINT BATCH 67120,7.9243,,,
,CHECKPOINT BATCH 67125,7.2987,,,
,CHECKPOINT BATCH 67130,11.4466,,,
,CHECKPOINT BATCH 67135,8.7433,,,
12:00:01,67139,7.5013,23.0645,5000,0.0512
,CHECKPOINT BATCH 67140,4.6085,,,
,CHECKPOINT BATCH 67145,7.0624,,,
,CHECKPOINT BATCH 67150,8.5821,,,
,CHECKPOINT BATCH 67155,7.5636,,,
12:00:03,67158,11.8404,22.3005,5000,0.0512
,CHECKPOINT BATCH 67160,7.7509,,,
,CHECKPOINT BATCH 67165,6.1045,,,
,CHECKPOINT BATCH 67170,6.9776,,,
,CHECKPOINT BATCH 67175,9.7472,,,
12:00:06,67177,8.9536,20.8425,5000,0.0511
,CHECKPOINT BATCH 67180,4.9183,,,
,CHECKPOINT BATCH 67185,7.6448,,,
,CHECKPOINT BATCH 67190,7.8739,,,
,CHECKPOINT BATCH 67195,6.3843,,,
12:00:08,67196,7.2274,18.2545,5000,0.0511
,CHECKPOINT BATCH 67200,6.9155,,,
,CHECKPOINT BATCH 67205,6.3376,,,
,CHECKPOINT BATCH 67210,10.8738,,,
12:00:10,67215,10.5863,14.5200,5000,0.0511
,CHECKPOINT BATCH 67215,10.5863,,,
,CHECKPOINT BATCH 67220,7.2192,,,
12:00:13,67225,10.2720,13.5635,5000,0.0511
,CHECKPOINT BATCH 67225,10.2720,,,
,CHECKPOINT BATCH 67230,7.9686,,,
,CHECKPOINT BATCH 67235,9.5003,,,
,CHECKPOINT BATCH 67240,6.4151,,,
12:00:15,67244,10.5143,14.4210,5000,0.0511
,CHECKPOINT BATCH 67245,10.0284,,,
,CHECKPOINT BATCH 67250,7.5910,,,
,CHECKPOINT BATCH 67255,6.7653,,,
,CHECKPOINT BATCH 67260,6.5528,,,
12:00:17,67263,14.2465,15.9250,5000,0.0511
,CHECKPOINT BATCH 67265,8.9047,,,
,CHECKPOINT BATCH 67270,7.3108,,,
,CHECKPOINT BATCH 67275,6.9996,,,
12:00:21,67276,8.3093,16.3680,5000,0.0511
,CHECKPOINT BATCH 67280,7.7525,,,
,CHECKPOINT BATCH 67285,10.5269,,,
,CHECKPOINT BATCH 67290,8.0324,,,
12:00:23,67295,9.1893,17.2550,5000,0.0511
,CHECKPOINT BATCH 67295,9.1893,,,
,CHECKPOINT BATCH 67300,7.9057,,,
,CHECKPOINT BATCH 67305,8.8867,,,
,CHECKPOINT BATCH 67310,6.6015,,,
12:00:25,67314,10.0664,20.3605,5000,0.0511
,CHECKPOINT BATCH 67315,11.0147,,,
,CHECKPOINT BATCH 67320,8.8166,,,
,CHECKPOINT BATCH 67325,9.4621,,,
,CHECKPOINT BATCH 67330,6.9902,,,
12:00:27,67333,4.9846,22.4115,5000,0.0511
,CHECKPOINT BATCH 67335,7.4573,,,
,CHECKPOINT BATCH 67340,8.2689,,,
,CHECKPOINT BATCH 67345,6.4729,,,
,CHECKPOINT BATCH 67350,8.8653,,,
12:00:29,67352,7.6312,20.0020,5000,0.0511
,CHECKPOINT BATCH 67355,7.9343,,,
,CHECKPOINT BATCH 67360,8.8306,,,
,CHECKPOINT BATCH 67365,9.2278,,,
,CHECKPOINT BATCH 67370,5.8674,,,
12:00:31,67371,9.9270,16.6425,5000,0.0511
,CHECKPOINT BATCH 67375,7.4270,,,
,CHECKPOINT BATCH 67380,7.3931,,,
,CHECKPOINT BATCH 67385,11.4501,,,
12:00:33,67390,7.5312,15.7400,5000,0.0511
,CHECKPOINT BATCH 67390,7.5312,,,
,CHECKPOINT BATCH 67395,10.0414,,,
12:00:37,67400,11.6998,14.3730,5000,0.0511
,CHECKPOINT BATCH 67400,11.6998,,,
,CHECKPOINT BATCH 67405,14.5608,,,
,CHECKPOINT BATCH 67410,6.9270,,,
,CHECKPOINT BATCH 67415,7.2951,,,
12:00:39,67419,7.3642,12.7960,5000,0.0511
,CHECKPOINT BATCH 67420,7.5234,,,
,CHECKPOINT BATCH 67425,7.9773,,,
,CHECKPOINT BATCH 67430,10.8829,,,
,CHECKPOINT BATCH 67435,6.2678,,,
12:00:41,67438,14.6989,13.0875,5000,0.0511
,CHECKPOINT BATCH 67440,6.0372,,,
,CHECKPOINT BATCH 67445,7.8433,,,
,CHECKPOINT BATCH 67450,6.4343,,,
,CHECKPOINT BATCH 67455,9.5629,,,
12:00:43,67457,7.7661,15.2560,5000,0.0511
,CHECKPOINT BATCH 67460,10.1670,,,
,CHECKPOINT BATCH 67465,9.0005,,,
,CHECKPOINT BATCH 67470,8.6693,,,
,CHECKPOINT BATCH 67475,10.4979,,,
12:00:45,67476,5.7749,15.8395,5000,0.0511
,CHECKPOINT BATCH 67480,10.3950,,,
,CHECKPOINT BATCH 67485,9.1641,,,
,CHECKPOINT BATCH 67490,11.5559,,,
12:00:47,67495,12.3991,15.1625,5000,0.0511
,CHECKPOINT BATCH 67495,12.3991,,,
,CHECKPOINT BATCH 67500,7.4054,,,
,CHECKPOINT BATCH 67505,6.1891,,,
,CHECKPOINT BATCH 67510,10.5782,,,
12:00:49,67514,3.6280,15.0220,5000,0.0511
,CHECKPOINT BATCH 67515,6.8492,,,
,CHECKPOINT BATCH 67520,7.5703,,,
,CHECKPOINT BATCH 67525,9.3165,,,
12:00:53,67530,8.1071,14.3805,5000,0.0511
,CHECKPOINT BATCH 67530,8.1071,,,
,CHECKPOINT BATCH 67535,11.5650,,,
,CHECKPOINT BATCH 67540,9.5742,,,
,CHECKPOINT BATCH 67545,7.4574,,,
12:00:56,67549,11.8355,14.9420,5000,0.0511
,CHECKPOINT BATCH 67550,9.1718,,,
,CHECKPOINT BATCH 67555,6.8423,,,
12:00:59,67560,16.6336,15.2360,5000,0.0511
,CHECKPOINT BATCH 67560,16.6336,,,
,CHECKPOINT BATCH 67565,6.2801,,,
,CHECKPOINT BATCH 67570,12.8507,,,
,CHECKPOINT BATCH 67575,4.1179,,,
12:01:01,67579,6.2194,18.1370,5000,0.0511
,CHECKPOINT BATCH 67580,6.7262,,,
,CHECKPOINT BATCH 67585,6.1142,,,
,CHECKPOINT BATCH 67590,4.6975,,,
12:01:05,67595,6.6665,20.1450,5000,0.0511
,CHECKPOINT BATCH 67595,6.6665,,,
,CHECKPOINT BATCH 67600,6.9219,,,
,CHECKPOINT BATCH 67605,11.5099,,,
,CHECKPOINT BATCH 67610,14.8516,,,
12:01:07,67614,14.6122,21.3685,5000,0.0511
,CHECKPOINT BATCH 67615,7.4891,,,
,CHECKPOINT BATCH 67620,6.5054,,,
,CHECKPOINT BATCH 67625,14.8943,,,
,CHECKPOINT BATCH 67630,8.1131,,,
12:01:09,67632,7.4463,22.1900,5000,0.0511
,CHECKPOINT BATCH 67635,6.7810,,,
,CHECKPOINT BATCH 67640,6.5726,,,
,CHECKPOINT BATCH 67645,9.0806,,,
,CHECKPOINT BATCH 67650,17.2515,,,
12:01:11,67651,9.3129,21.6005,5000,0.0511
,CHECKPOINT BATCH 67655,6.1613,,,
,CHECKPOINT BATCH 67660,6.6129,,,
,CHECKPOINT BATCH 67665,10.9999,,,
12:01:14,67670,9.1896,19.2955,5000,0.0511
,CHECKPOINT BATCH 67670,9.1896,,,
,CHECKPOINT BATCH 67675,6.4964,,,
,CHECKPOINT BATCH 67680,8.8009,,,
,CHECKPOINT BATCH 67685,8.3141,,,
12:01:16,67689,6.8620,16.2280,5000,0.0511
,CHECKPOINT BATCH 67690,5.6679,,,
,CHECKPOINT BATCH 67695,5.6619,,,
,CHECKPOINT BATCH 67700,9.3572,,,
,CHECKPOINT BATCH 67705,9.9768,,,
12:01:18,67708,15.9849,16.1215,5000,0.0511
,CHECKPOINT BATCH 67710,7.8481,,,
,CHECKPOINT BATCH 67715,6.7767,,,
12:01:21,67717,6.8892,16.2070,5000,0.0511
,CHECKPOINT BATCH 67720,7.5043,,,
,CHECKPOINT BATCH 67725,13.7181,,,
,CHECKPOINT BATCH 67730,8.7165,,,
,CHECKPOINT BATCH 67735,8.2832,,,
12:01:23,67736,5.3045,15.6950,5000,0.0511
,CHECKPOINT BATCH 67740,9.6961,,,
,CHECKPOINT BATCH 67745,9.4132,,,
,CHECKPOINT BATCH 67750,11.7300,,,
12:01:25,67755,11.8650,17.5540,5000,0.0511
,CHECKPOINT BATCH 67755,11.8650,,,
,CHECKPOINT BATCH 67760,9.1068,,,
,CHECKPOINT BATCH 67765,6.4041,,,
12:01:29,67770,12.2559,18.8110,5000,0.0511
,CHECKPOINT BATCH 67770,12.2559,,,
,CHECKPOINT BATCH 67775,10.1856,,,
,CHECKPOINT BATCH 67780,6.8782,,,
,CHECKPOINT BATCH 67785,8.5526,,,
12:01:31,67789,6.2194,20.5100,5000,0.0511
,CHECKPOINT BATCH 67790,7.7514,,,
,CHECKPOINT BATCH 67795,11.5728,,,
,CHECKPOINT BATCH 67800,6.3742,,,
,CHECKPOINT BATCH 67805,8.9084,,,
12:01:33,67808,9.7823,22.8935,5000,0.0511
,CHECKPOINT BATCH 67810,10.4646,,,
,CHECKPOINT BATCH 67815,7.6440,,,
,CHECKPOINT BATCH 67820,6.3707,,,
,CHECKPOINT BATCH 67825,10.1766,,,
12:01:35,67827,7.4135,22.0700,5000,0.0511
12:01:38,67828,9.9229,22.3720,5000,0.0511
,CHECKPOINT BATCH 67830,7.5271,,,
,CHECKPOINT BATCH 67835,7.2574,,,
,CHECKPOINT BATCH 67840,12.1536,,,
,CHECKPOINT BATCH 67845,6.5957,,,
12:01:40,67847,9.0384,21.2795,5000,0.0511
,CHECKPOINT BATCH 67850,6.3163,,,
,CHECKPOINT BATCH 67855,5.8737,,,
,CHECKPOINT BATCH 67860,9.0364,,,
,CHECKPOINT BATCH 67865,6.8393,,,
12:01:42,67866,8.7596,21.6195,5000,0.0511
,CHECKPOINT BATCH 67870,7.3451,,,
,CHECKPOINT BATCH 67875,6.1564,,,
,CHECKPOINT BATCH 67880,8.4223,,,
12:01:46,67884,7.7981,22.5435,5000,0.0511
,CHECKPOINT BATCH 67885,8.0399,,,
,CHECKPOINT BATCH 67890,5.2374,,,
,CHECKPOINT BATCH 67895,8.4456,,,
,CHECKPOINT BATCH 67900,5.5965,,,
12:01:48,67903,17.8613,21.0350,5000,0.0511
,CHECKPOINT BATCH 67905,8.4324,,,
,CHECKPOINT BATCH 67910,7.1306,,,
,CHECKPOINT BATCH 67915,10.5678,,,
,CHECKPOINT BATCH 67920,8.8036,,,
12:01:51,67922,7.2169,22.2710,5000,0.0511
,CHECKPOINT BATCH 67925,7.8105,,,
,CHECKPOINT BATCH 67930,5.9743,,,
,CHECKPOINT BATCH 67935,7.9020,,,
,CHECKPOINT BATCH 67940,7.9267,,,
12:01:53,67941,6.5819,22.6485,5000,0.0511
,CHECKPOINT BATCH 67945,8.5894,,,
,CHECKPOINT BATCH 67950,6.3638,,,
,CHECKPOINT BATCH 67955,7.7952,,,
12:01:55,67960,6.8363,21.0850,5000,0.0511
,CHECKPOINT BATCH 67960,6.8363,,,
,CHECKPOINT BATCH 67965,10.3518,,,
,CHECKPOINT BATCH 67970,9.6706,,,
12:01:58,67971,7.8109,20.5930,5000,0.0511
,CHECKPOINT BATCH 67975,9.4489,,,
,CHECKPOINT BATCH 67980,12.3038,,,
,CHECKPOINT BATCH 67985,7.0305,,,
12:02:00,67990,10.1387,22.3830,5000,0.0511
,CHECKPOINT BATCH 67990,10.1387,,,
,CHECKPOINT BATCH 67995,6.0352,,,
,CHECKPOINT BATCH 68000,7.9558,,,
,CHECKPOINT BATCH 68005,9.8821,,,
12:02:02,68009,8.4913,22.7190,5000,0.0511
,CHECKPOINT BATCH 68010,7.6771,,,
,CHECKPOINT BATCH 68015,6.8523,,,
,CHECKPOINT BATCH 68020,6.4249,,,
,CHECKPOINT BATCH 68025,11.1030,,,
12:02:04,68028,12.5835,21.4925,5000,0.0511
,CHECKPOINT BATCH 68030,4.9389,,,
,CHECKPOINT BATCH 68035,6.0858,,,
,CHECKPOINT BATCH 68040,7.8912,,,
,CHECKPOINT BATCH 68045,5.4729,,,
12:02:07,68047,7.4162,20.0760,5000,0.0511
,CHECKPOINT BATCH 68050,15.9863,,,
,CHECKPOINT BATCH 68055,8.7930,,,
,CHECKPOINT BATCH 68060,7.8095,,,
,CHECKPOINT BATCH 68065,8.2223,,,
12:02:09,68066,5.2276,19.0560,5000,0.0511
12:02:11,68070,6.8800,19.9095,5000,0.0511
,CHECKPOINT BATCH 68070,6.8800,,,
,CHECKPOINT BATCH 68075,9.6578,,,
,CHECKPOINT BATCH 68080,7.6789,,,
,CHECKPOINT BATCH 68085,6.9545,,,
12:02:14,68089,6.7870,16.2635,5000,0.0510
,CHECKPOINT BATCH 68090,10.1497,,,
,CHECKPOINT BATCH 68095,10.3601,,,
,CHECKPOINT BATCH 68100,8.8478,,,
,CHECKPOINT BATCH 68105,8.4216,,,
12:02:16,68108,8.7127,16.6945,5000,0.0510
,CHECKPOINT BATCH 68110,7.2053,,,
,CHECKPOINT BATCH 68115,6.5508,,,
,CHECKPOINT BATCH 68120,7.9826,,,
,CHECKPOINT BATCH 68125,7.3239,,,
12:02:18,68127,9.8896,17.3320,5000,0.0510
,CHECKPOINT BATCH 68130,7.4086,,,
,CHECKPOINT BATCH 68135,4.6376,,,
,CHECKPOINT BATCH 68140,10.0099,,,
,CHECKPOINT BATCH 68145,6.9095,,,
12:02:20,68146,7.7732,18.7550,5000,0.0510
,CHECKPOINT BATCH 68150,8.7404,,,
,CHECKPOINT BATCH 68155,8.7978,,,
,CHECKPOINT BATCH 68160,9.6396,,,
12:02:22,68165,4.9284,18.4080,5000,0.0510
,CHECKPOINT BATCH 68165,4.9284,,,
,CHECKPOINT BATCH 68170,9.9342,,,
,CHECKPOINT BATCH 68175,7.1862,,,
,CHECKPOINT BATCH 68180,6.4810,,,
12:02:26,68182,6.4696,20.1260,5000,0.0510
,CHECKPOINT BATCH 68185,8.7669,,,
,CHECKPOINT BATCH 68190,12.5240,,,
,CHECKPOINT BATCH 68195,6.8946,,,
,CHECKPOINT BATCH 68200,10.5475,,,
12:02:28,68201,10.9721,18.7530,5000,0.0510
,CHECKPOINT BATCH 68205,9.0337,,,
,CHECKPOINT BATCH 68210,5.9883,,,
,CHECKPOINT BATCH 68215,7.0092,,,
12:02:30,68220,6.5230,18.2410,5000,0.0510
,CHECKPOINT BATCH 68220,6.5230,,,
,CHECKPOINT BATCH 68225,6.3933,,,
,CHECKPOINT BATCH 68230,9.6306,,,
,CHECKPOINT BATCH 68235,8.7315,,,
12:02:32,68239,7.3914,18.0650,5000,0.0510
,CHECKPOINT BATCH 68240,6.2343,,,
,CHECKPOINT BATCH 68245,8.1958,,,
,CHECKPOINT BATCH 68250,8.6858,,,
,CHECKPOINT BATCH 68255,6.1154,,,
12:02:34,68258,11.3755,18.9750,5000,0.0510
,CHECKPOINT BATCH 68260,6.3510,,,
,CHECKPOINT BATCH 68265,6.0349,,,
,CHECKPOINT BATCH 68270,5.6322,,,
,CHECKPOINT BATCH 68275,8.6306,,,
12:02:36,68277,7.8233,18.9545,5000,0.0510
,CHECKPOINT BATCH 68280,8.3991,,,
,CHECKPOINT BATCH 68285,14.1720,,,
,CHECKPOINT BATCH 68290,6.9119,,,
12:02:40,68293,9.0443,19.0870,5000,0.0510
,CHECKPOINT BATCH 68295,8.8618,,,
,CHECKPOINT BATCH 68300,7.3751,,,
,CHECKPOINT BATCH 68305,6.5179,,,
12:02:44,68306,4.9558,18.7480,5000,0.0510
,CHECKPOINT BATCH 68310,5.3913,,,
,CHECKPOINT BATCH 68315,8.3378,,,
,CHECKPOINT BATCH 68320,6.5552,,,
12:02:48,68322,5.3877,18.8710,5000,0.0510
,CHECKPOINT BATCH 68325,7.4788,,,
,CHECKPOINT BATCH 68330,11.3440,,,
,CHECKPOINT BATCH 68335,7.3850,,,
,CHECKPOINT BATCH 68340,6.9883,,,
12:02:50,68341,13.8679,19.6090,5000,0.0510
,CHECKPOINT BATCH 68345,9.6205,,,
,CHECKPOINT BATCH 68350,6.7576,,,
,CHECKPOINT BATCH 68355,8.3537,,,
12:02:53,68360,6.9223,20.3930,5000,0.0510
,CHECKPOINT BATCH 68360,6.9223,,,
,CHECKPOINT BATCH 68365,9.9245,,,
,CHECKPOINT BATCH 68370,6.4556,,,
,CHECKPOINT BATCH 68375,9.3991,,,
12:02:55,68379,9.9607,20.8510,5000,0.0510
,CHECKPOINT BATCH 68380,6.1878,,,
,CHECKPOINT BATCH 68385,8.5093,,,
,CHECKPOINT BATCH 68390,10.7918,,,
,CHECKPOINT BATCH 68395,11.0418,,,
12:02:57,68398,9.6871,20.1785,5000,0.0510
,CHECKPOINT BATCH 68400,8.2729,,,
,CHECKPOINT BATCH 68405,5.4720,,,
,CHECKPOINT BATCH 68410,6.4159,,,
,CHECKPOINT BATCH 68415,9.6459,,,
12:02:59,68417,6.5375,18.8850,5000,0.0510
,CHECKPOINT BATCH 68420,7.3161,,,
12:03:02,68422,4.6551,17.8340,5000,0.0510
,CHECKPOINT BATCH 68425,6.3368,,,
,CHECKPOINT BATCH 68430,5.9866,,,
,CHECKPOINT BATCH 68435,8.3303,,,
,CHECKPOINT BATCH 68440,8.8411,,,
12:03:04,68441,7.8784,16.5105,5000,0.0510
,CHECKPOINT BATCH 68445,8.5104,,,
,CHECKPOINT BATCH 68450,9.7182,,,
,CHECKPOINT BATCH 68455,6.9978,,,
12:03:06,68460,15.1821,16.9615,5000,0.0510
,CHECKPOINT BATCH 68460,15.1821,,,
,CHECKPOINT BATCH 68465,6.8270,,,
,CHECKPOINT BATCH 68470,5.9011,,,
,CHECKPOINT BATCH 68475,5.2513,,,
12:03:08,68479,7.8045,17.2455,5000,0.0510
,CHECKPOINT BATCH 68480,10.4281,,,
,CHECKPOINT BATCH 68485,6.9858,,,
,CHECKPOINT BATCH 68490,10.8818,,,
,CHECKPOINT BATCH 68495,6.3930,,,
12:03:10,68498,10.0010,16.4170,5000,0.0510
,CHECKPOINT BATCH 68500,8.6269,,,
,CHECKPOINT BATCH 68505,9.4361,,,
,CHECKPOINT BATCH 68510,7.8256,,,
,CHECKPOINT BATCH 68515,8.2034,,,
12:03:12,68517,5.7176,16.1305,5000,0.0510
,CHECKPOINT BATCH 68520,5.7201,,,
,CHECKPOINT BATCH 68525,6.9311,,,
,CHECKPOINT BATCH 68530,16.8244,,,
12:03:14,68535,8.3520,16.9020,5000,0.0510
,CHECKPOINT BATCH 68535,8.3520,,,
12:03:17,68539,7.1684,17.2965,5000,0.0510
,CHECKPOINT BATCH 68540,6.3993,,,
,CHECKPOINT BATCH 68545,6.3691,,,
,CHECKPOINT BATCH 68550,6.0944,,,
,CHECKPOINT BATCH 68555,7.9535,,,
12:03:19,68558,8.1059,13.9165,5000,0.0510
,CHECKPOINT BATCH 68560,17.5392,,,
,CHECKPOINT BATCH 68565,8.1056,,,
,CHECKPOINT BATCH 68570,5.7139,,,
,CHECKPOINT BATCH 68575,5.6285,,,
12:03:21,68577,5.6050,14.6925,5000,0.0510
,CHECKPOINT BATCH 68580,5.9484,,,
,CHECKPOINT BATCH 68585,8.4663,,,
,CHECKPOINT BATCH 68590,8.1662,,,
,CHECKPOINT BATCH 68595,5.1783,,,
12:03:23,68596,5.7216,16.5890,5000,0.0510
12:03:26,68598,9.1848,17.0395,5000,0.0510
,CHECKPOINT BATCH 68600,7.3585,,,
,CHECKPOINT BATCH 68605,6.9082,,,
,CHECKPOINT BATCH 68610,9.8874,,,
,CHECKPOINT BATCH 68615,7.4936,,,
12:03:28,68617,6.6422,18.1980,5000,0.0510
,CHECKPOINT BATCH 68620,9.7723,,,
,CHECKPOINT BATCH 68625,5.7331,,,
,CHECKPOINT BATCH 68630,6.9611,,,
,CHECKPOINT BATCH 68635,8.0854,,,
12:03:30,68636,6.5911,19.6920,5000,0.0510
12:03:33,68640,6.5355,18.8430,5000,0.0510
,CHECKPOINT BATCH 68640,6.5355,,,
,CHECKPOINT BATCH 68645,8.7135,,,
,CHECKPOINT BATCH 68650,8.1363,,,
,CHECKPOINT BATCH 68655,9.3512,,,
12:03:35,68659,14.1225,20.8490,5000,0.0510
,CHECKPOINT BATCH 68660,5.8459,,,
,CHECKPOINT BATCH 68665,6.9466,,,
,CHECKPOINT BATCH 68670,8.5645,,,
,CHECKPOINT BATCH 68675,6.4769,,,
12:03:37,68677,11.5134,21.4390,5000,0.0510
,CHECKPOINT BATCH 68680,17.9680,,,
,CHECKPOINT BATCH 68685,8.1779,,,
,CHECKPOINT BATCH 68690,4.5987,,,
,CHECKPOINT BATCH 68695,8.9570,,,
12:03:39,68696,8.2296,20.7805,5000,0.0510
,CHECKPOINT BATCH 68700,10.6658,,,
,CHECKPOINT BATCH 68705,11.7277,,,
,CHECKPOINT BATCH 68710,12.5838,,,
12:03:41,68715,6.9255,19.7320,5000,0.0510
,CHECKPOINT BATCH 68715,6.9255,,,
,CHECKPOINT BATCH 68720,14.1071,,,
,CHECKPOINT BATCH 68725,7.4990,,,
,CHECKPOINT BATCH 68730,5.6578,,,
12:03:43,68734,6.1998,17.9345,5000,0.0510
,CHECKPOINT BATCH 68735,8.3875,,,
,CHECKPOINT BATCH 68740,6.4467,,,
,CHECKPOINT BATCH 68745,9.1582,,,
12:03:47,68747,5.9603,19.2505,5000,0.0510
,CHECKPOINT BATCH 68750,4.4520,,,
,CHECKPOINT BATCH 68755,6.6050,,,
,CHECKPOINT BATCH 68760,7.1632,,,
,CHECKPOINT BATCH 68765,11.6835,,,
12:03:49,68766,9.6986,15.2820,5000,0.0510
,CHECKPOINT BATCH 68770,8.3034,,,
,CHECKPOINT BATCH 68775,10.7629,,,
,CHECKPOINT BATCH 68780,6.2424,,,
12:03:51,68785,6.4423,15.5960,5000,0.0510
,CHECKPOINT BATCH 68785,6.4423,,,
,CHECKPOINT BATCH 68790,5.2712,,,
,CHECKPOINT BATCH 68795,6.7138,,,
,CHECKPOINT BATCH 68800,8.7632,,,
12:03:53,68804,6.9493,16.6985,5000,0.0510
,CHECKPOINT BATCH 68805,7.3019,,,
,CHECKPOINT BATCH 68810,6.7378,,,
,CHECKPOINT BATCH 68815,9.8402,,,
,CHECKPOINT BATCH 68820,8.9814,,,
12:03:55,68823,6.3571,16.1895,5000,0.0510
,CHECKPOINT BATCH 68825,9.8537,,,
,CHECKPOINT BATCH 68830,8.5988,,,
,CHECKPOINT BATCH 68835,8.1065,,,
,CHECKPOINT BATCH 68840,7.9584,,,
12:03:57,68842,8.0789,15.6860,5000,0.0510
,CHECKPOINT BATCH 68845,10.3162,,,
,CHECKPOINT BATCH 68850,7.6315,,,
,CHECKPOINT BATCH 68855,10.8803,,,
,CHECKPOINT BATCH 68860,14.5320,,,
12:03:59,68861,8.1478,17.4700,5000,0.0510
,CHECKPOINT BATCH 68865,9.9578,,,
,CHECKPOINT BATCH 68870,8.1684,,,
12:04:03,68872,10.6260,17.8585,5000,0.0510
,CHECKPOINT BATCH 68875,9.5885,,,
,CHECKPOINT BATCH 68880,10.2246,,,
,CHECKPOINT BATCH 68885,14.4851,,,
,CHECKPOINT BATCH 68890,11.1829,,,
12:04:05,68891,9.5642,14.0400,5000,0.0510
,CHECKPOINT BATCH 68895,9.0335,,,
,CHECKPOINT BATCH 68900,9.1417,,,
,CHECKPOINT BATCH 68905,6.2855,,,
12:04:07,68910,6.9980,15.8565,5000,0.0510
,CHECKPOINT BATCH 68910,6.9980,,,
,CHECKPOINT BATCH 68915,10.4839,,,
,CHECKPOINT BATCH 68920,5.1983,,,
,CHECKPOINT BATCH 68925,8.7210,,,
12:04:09,68929,7.3248,17.8995,5000,0.0510
,CHECKPOINT BATCH 68930,6.6349,,,
,CHECKPOINT BATCH 68935,12.2934,,,
,CHECKPOINT BATCH 68940,13.8157,,,
,CHECKPOINT BATCH 68945,9.0425,,,
12:04:11,68948,7.5165,18.4580,5000,0.0510
,CHECKPOINT BATCH 68950,8.0755,,,
,CHECKPOINT BATCH 68955,5.9184,,,
,CHECKPOINT BATCH 68960,10.3245,,,
,CHECKPOINT BATCH 68965,5.5195,,,
12:04:13,68967,8.4769,18.6115,5000,0.0510
,CHECKPOINT BATCH 68970,7.8211,,,
,CHECKPOINT BATCH 68975,6.5592,,,
,CHECKPOINT BATCH 68980,6.4928,,,
12:04:17,68982,6.4239,19.8835,5000,0.0510
,CHECKPOINT BATCH 68985,6.3381,,,
,CHECKPOINT BATCH 68990,7.8580,,,
,CHECKPOINT BATCH 68995,8.1872,,,
,CHECKPOINT BATCH 69000,7.5797,,,
12:04:19,69001,10.0664,18.8565,5000,0.0510
,CHECKPOINT BATCH 69005,7.9565,,,
,CHECKPOINT BATCH 69010,5.2440,,,
,CHECKPOINT BATCH 69015,5.5397,,,
12:04:21,69020,7.6842,18.7415,5000,0.0510
,CHECKPOINT BATCH 69020,7.6842,,,
,CHECKPOINT BATCH 69025,10.3098,,,
12:04:24,69027,9.3453,18.4260,5000,0.0510
,CHECKPOINT BATCH 69030,5.4545,,,
,CHECKPOINT BATCH 69035,7.9082,,,
,CHECKPOINT BATCH 69040,7.5590,,,
,CHECKPOINT BATCH 69045,6.5261,,,
12:04:26,69046,4.3497,17.0660,5000,0.0510
,CHECKPOINT BATCH 69050,7.2875,,,
,CHECKPOINT BATCH 69055,5.5106,,,
,CHECKPOINT BATCH 69060,7.6888,,,
12:04:29,69065,5.9185,19.0520,5000,0.0510
,CHECKPOINT BATCH 69065,5.9185,,,
,CHECKPOINT BATCH 69070,10.7148,,,
,CHECKPOINT BATCH 69075,9.6871,,,
,CHECKPOINT BATCH 69080,8.0905,,,
12:04:31,69084,5.7339,19.2140,5000,0.0509
,CHECKPOINT BATCH 69085,8.7535,,,
,CHECKPOINT BATCH 69090,7.4697,,,
,CHECKPOINT BATCH 69095,5.6210,,,
,CHECKPOINT BATCH 69100,8.0090,,,
12:04:33,69103,8.7264,17.9015,5000,0.0509
,CHECKPOINT BATCH 69105,12.5703,,,
12:04:36,69108,4.7858,17.2630,5000,0.0509
,CHECKPOINT BATCH 69110,8.7514,,,
,CHECKPOINT BATCH 69115,8.0168,,,
,CHECKPOINT BATCH 69120,7.6515,,,
,CHECKPOINT BATCH 69125,7.8228,,,
12:04:38,69127,12.8400,17.9925,5000,0.0509
,CHECKPOINT BATCH 69130,9.7353,,,
,CHECKPOINT BATCH 69135,8.5893,,,
,CHECKPOINT BATCH 69140,9.1054,,,
,CHECKPOINT BATCH 69145,10.6612,,,
12:04:40,69146,6.5849,20.4690,5000,0.0509
,CHECKPOINT BATCH 69150,12.9731,,,
,CHECKPOINT BATCH 69155,7.6118,,,
,CHECKPOINT BATCH 69160,7.6829,,,
12:04:42,69165,6.2131,18.3380,5000,0.0509
,CHECKPOINT BATCH 69165,6.2131,,,
,CHECKPOINT BATCH 69170,6.4346,,,
,CHECKPOINT BATCH 69175,9.1182,,,
,CHECKPOINT BATCH 69180,7.5398,,,
12:04:44,69184,12.9680,17.6365,5000,0.0509
,CHECKPOINT BATCH 69185,5.6876,,,
,CHECKPOINT BATCH 69190,7.7299,,,
,CHECKPOINT BATCH 69195,6.8948,,,
,CHECKPOINT BATCH 69200,8.8085,,,
12:04:46,69203,6.6755,18.4630,5000,0.0509
,CHECKPOINT BATCH 69205,9.9493,,,
,CHECKPOINT BATCH 69210,7.2016,,,
12:04:49,69212,5.5136,19.4870,5000,0.0509
,CHECKPOINT BATCH 69215,11.0079,,,
,CHECKPOINT BATCH 69220,5.1131,,,
,CHECKPOINT BATCH 69225,9.0270,,,
,CHECKPOINT BATCH 69230,9.0354,,,
12:04:51,69231,12.5716,18.8800,5000,0.0509
,CHECKPOINT BATCH 69235,14.3964,,,
,CHECKPOINT BATCH 69240,6.4281,,,
,CHECKPOINT BATCH 69245,9.2269,,,
12:04:54,69250,8.9468,19.4360,5000,0.0509
,CHECKPOINT BATCH 69250,8.9468,,,
,CHECKPOINT BATCH 69255,5.7187,,,
,CHECKPOINT BATCH 69260,8.3398,,,
,CHECKPOINT BATCH 69265,5.2000,,,
12:04:56,69269,9.8306,19.7120,5000,0.0509
,CHECKPOINT BATCH 69270,7.3564,,,
,CHECKPOINT BATCH 69275,11.9155,,,
,CHECKPOINT BATCH 69280,5.2314,,,
,CHECKPOINT BATCH 69285,4.1986,,,
12:04:58,69288,7.2370,19.4915,5000,0.0509
,CHECKPOINT BATCH 69290,8.3908,,,
,CHECKPOINT BATCH 69295,7.4141,,,
,CHECKPOINT BATCH 69300,15.3194,,,
,CHECKPOINT BATCH 69305,7.5949,,,
12:05:00,69307,8.2004,19.9705,5000,0.0509
,CHECKPOINT BATCH 69310,6.0992,,,
12:05:03,69311,7.3763,20.4205,5000,0.0509
,CHECKPOINT BATCH 69315,10.6725,,,
,CHECKPOINT BATCH 69320,8.8986,,,
,CHECKPOINT BATCH 69325,9.1245,,,
12:05:05,69330,8.0158,19.9900,5000,0.0509
,CHECKPOINT BATCH 69330,8.0158,,,
,CHECKPOINT BATCH 69335,6.6614,,,
,CHECKPOINT BATCH 69340,7.6731,,,
,CHECKPOINT BATCH 69345,6.6293,,,
12:05:07,69349,16.9652,19.5770,5000,0.0509
,CHECKPOINT BATCH 69350,11.3116,,,
,CHECKPOINT BATCH 69355,8.8817,,,
,CHECKPOINT BATCH 69360,6.9175,,,
,CHECKPOINT BATCH 69365,9.0482,,,
12:05:09,69368,7.1332,20.7705,5000,0.0509
,CHECKPOINT BATCH 69370,7.2075,,,
,CHECKPOINT BATCH 69375,6.2904,,,
,CHECKPOINT BATCH 69380,6.0296,,,
,CHECKPOINT BATCH 69385,10.6264,,,
12:05:11,69387,8.8741,20.4920,5000,0.0509
,CHECKPOINT BATCH 69390,8.7527,,,
,CHECKPOINT BATCH 69395,8.6892,,,
,CHECKPOINT BATCH 69400,7.5499,,,
,CHECKPOINT BATCH 69405,5.9572,,,
12:05:13,69406,6.7087,20.2185,5000,0.0509
,CHECKPOINT BATCH 69410,9.4210,,,
12:05:16,69412,4.7191,19.3115,5000,0.0509
,CHECKPOINT BATCH 69415,6.4619,,,
,CHECKPOINT BATCH 69420,7.3594,,,
,CHECKPOINT BATCH 69425,5.9779,,,
12:05:18,69430,8.0352,16.0945,5000,0.0509
,CHECKPOINT BATCH 69430,8.0352,,,
,CHECKPOINT BATCH 69435,5.4396,,,
,CHECKPOINT BATCH 69440,7.9095,,,
,CHECKPOINT BATCH 69445,9.7496,,,
12:05:20,69449,6.2218,15.3330,5000,0.0509
,CHECKPOINT BATCH 69450,6.3617,,,
,CHECKPOINT BATCH 69455,11.4693,,,
12:05:23,69456,5.8042,14.4275,5000,0.0509
,CHECKPOINT BATCH 69460,6.6501,,,
,CHECKPOINT BATCH 69465,5.9159,,,
,CHECKPOINT BATCH 69470,7.1739,,,
12:05:25,69475,5.5353,11.5575,5000,0.0509
,CHECKPOINT BATCH 69475,5.5353,,,
,CHECKPOINT BATCH 69480,10.3813,,,
,CHECKPOINT BATCH 69485,6.0867,,,
,CHECKPOINT BATCH 69490,6.5506,,,
12:05:27,69494,9.0777,13.0810,5000,0.0509
,CHECKPOINT BATCH 69495,7.3667,,,
,CHECKPOINT BATCH 69500,4.9023,,,
,CHECKPOINT BATCH 69505,8.5151,,,
,CHECKPOINT BATCH 69510,7.0557,,,
12:05:29,69513,7.7715,13.7160,5000,0.0509
,CHECKPOINT BATCH 69515,10.0115,,,
,CHECKPOINT BATCH 69520,7.2919,,,
12:05:33,69522,5.9692,14.7745,5000,0.0509
,CHECKPOINT BATCH 69525,11.7903,,,
,CHECKPOINT BATCH 69530,5.2513,,,
,CHECKPOINT BATCH 69535,6.8436,,,
,CHECKPOINT BATCH 69540,4.9038,,,
12:05:35,69541,6.5142,15.3860,5000,0.0509
,CHECKPOINT BATCH 69545,6.8686,,,
,CHECKPOINT BATCH 69550,6.9661,,,
,CHECKPOINT BATCH 69555,5.4694,,,
12:05:37,69560,6.6277,17.4045,5000,0.0509
,CHECKPOINT BATCH 69560,6.6277,,,
,CHECKPOINT BATCH 69565,8.1865,,,
,CHECKPOINT BATCH 69570,7.6862,,,
,CHECKPOINT BATCH 69575,6.9244,,,
12:05:39,69579,8.8361,18.7745,5000,0.0509
,CHECKPOINT BATCH 69580,8.3520,,,
,CHECKPOINT BATCH 69585,7.1987,,,
,CHECKPOINT BATCH 69590,8.5688,,,
12:05:43,69591,6.0821,18.4330,5000,0.0509
,CHECKPOINT BATCH 69595,6.3492,,,
,CHECKPOINT BATCH 69600,8.6330,,,
,CHECKPOINT BATCH 69605,8.7934,,,
12:05:45,69610,4.9990,15.6580,5000,0.0509
,CHECKPOINT BATCH 69610,4.9990,,,
,CHECKPOINT BATCH 69615,8.6559,,,
,CHECKPOINT BATCH 69620,6.2779,,,
,CHECKPOINT BATCH 69625,7.7658,,,
12:05:47,69629,9.2266,18.8480,5000,0.0509
,CHECKPOINT BATCH 69630,7.6106,,,
,CHECKPOINT BATCH 69635,13.6732,,,
,CHECKPOINT BATCH 69640,9.8525,,,
,CHECKPOINT BATCH 69645,9.5995,,,
12:05:49,69648,8.1080,18.2090,5000,0.0509
,CHECKPOINT BATCH 69650,7.0068,,,
,CHECKPOINT BATCH 69655,6.8671,,,
,CHECKPOINT BATCH 69660,10.2332,,,
,CHECKPOINT BATCH 69665,9.4567,,,
12:05:51,69667,6.6652,17.7485,5000,0.0509
,CHECKPOINT BATCH 69670,8.9265,,,
,CHECKPOINT BATCH 69675,5.7018,,,
,CHECKPOINT BATCH 69680,7.9144,,,
,CHECKPOINT BATCH 69685,6.3764,,,
12:05:53,69686,5.4175,16.8925,5000,0.0509
,CHECKPOINT BATCH 69690,3.7408,,,
,CHECKPOINT BATCH 69695,8.5360,,,
,CHECKPOINT BATCH 69700,7.8656,,,
12:05:57,69705,8.3311,19.9230,5000,0.0509
,CHECKPOINT BATCH 69705,8.3311,,,
,CHECKPOINT BATCH 69710,11.1684,,,
,CHECKPOINT BATCH 69715,7.6854,,,
,CHECKPOINT BATCH 69720,7.3151,,,
12:06:00,69724,7.4162,15.8185,5000,0.0509
,CHECKPOINT BATCH 69725,9.6139,,,
,CHECKPOINT BATCH 69730,9.8151,,,
,CHECKPOINT BATCH 69735,11.8672,,,
,CHECKPOINT BATCH 69740,7.7356,,,
12:06:02,69743,9.4133,16.8940,5000,0.0509
,CHECKPOINT BATCH 69745,5.3837,,,
,CHECKPOINT BATCH 69750,7.1252,,,
,CHECKPOINT BATCH 69755,10.5221,,,
,CHECKPOINT BATCH 69760,10.1729,,,
12:06:04,69762,9.3556,18.2525,5000,0.0509
,CHECKPOINT BATCH 69765,9.5346,,,
,CHECKPOINT BATCH 69770,7.1598,,,
,CHECKPOINT BATCH 69775,7.1035,,,
,CHECKPOINT BATCH 69780,7.7548,,,
12:06:06,69781,11.8016,18.8250,5000,0.0509
,CHECKPOINT BATCH 69785,9.7728,,,
,CHECKPOINT BATCH 69790,6.1824,,,
,CHECKPOINT BATCH 69795,6.4382,,,
12:06:08,69800,6.6022,17.8655,5000,0.0509
,CHECKPOINT BATCH 69800,6.6022,,,
,CHECKPOINT BATCH 69805,8.1793,,,
,CHECKPOINT BATCH 69810,5.2421,,,
,CHECKPOINT BATCH 69815,7.8370,,,
12:06:10,69819,4.2621,18.3735,5000,0.0509
,CHECKPOINT BATCH 69820,7.3524,,,
12:06:13,69823,6.9894,17.7635,5000,0.0509
,CHECKPOINT BATCH 69825,4.6772,,,
,CHECKPOINT BATCH 69830,9.6204,,,
,CHECKPOINT BATCH 69835,13.0053,,,
,CHECKPOINT BATCH 69840,5.9274,,,
12:06:15,69842,10.6419,14.1145,5000,0.0509
,CHECKPOINT BATCH 69845,7.5918,,,
,CHECKPOINT BATCH 69850,8.1406,,,
,CHECKPOINT BATCH 69855,7.6118,,,
,CHECKPOINT BATCH 69860,8.0828,,,
12:06:17,69861,5.1489,14.7215,5000,0.0509
,CHECKPOINT BATCH 69865,9.8369,,,
,CHECKPOINT BATCH 69870,5.3549,,,
,CHECKPOINT BATCH 69875,8.6217,,,
12:06:19,69880,6.8034,15.0170,5000,0.0509
,CHECKPOINT BATCH 69880,6.8034,,,
12:06:22,69885,7.3645,14.7175,5000,0.0509
,CHECKPOINT BATCH 69885,7.3645,,,
,CHECKPOINT BATCH 69890,8.4703,,,
,CHECKPOINT BATCH 69895,6.1617,,,
,CHECKPOINT BATCH 69900,5.2860,,,
12:06:24,69904,8.9479,13.9405,5000,0.0509
,CHECKPOINT BATCH 69905,6.4439,,,
,CHECKPOINT BATCH 69910,6.2491,,,
,CHECKPOINT BATCH 69915,14.4621,,,
,CHECKPOINT BATCH 69920,5.3776,,,
12:06:26,69923,6.3933,16.8495,5000,0.0509
,CHECKPOINT BATCH 69925,7.7773,,,
,CHECKPOINT BATCH 69930,8.1980,,,
,CHECKPOINT BATCH 69935,7.6574,,,
,CHECKPOINT BATCH 69940,5.7926,,,
12:06:28,69942,11.3046,19.5855,5000,0.0509
,CHECKPOINT BATCH 69945,7.3344,,,
,CHECKPOINT BATCH 69950,9.9980,,,
,CHECKPOINT BATCH 69955,10.0228,,,
,CHECKPOINT BATCH 69960,12.4882,,,
12:06:30,69961,6.2745,18.0795,5000,0.0509
,CHECKPOINT BATCH 69965,3.4461,,,
,CHECKPOINT BATCH 69970,7.4788,,,
,CHECKPOINT BATCH 69975,7.0638,,,
12:06:32,69980,5.7787,17.2190,5000,0.0509
,CHECKPOINT BATCH 69980,5.7787,,,
,CHECKPOINT BATCH 69985,7.7603,,,
,CHECKPOINT BATCH 69990,5.1972,,,
12:06:36,69991,4.9787,18.7475,5000,0.0509
,CHECKPOINT BATCH 69995,9.3049,,,
,CHECKPOINT BATCH 70000,7.7728,,,
,CHECKPOINT BATCH 70005,5.9404,,,
12:06:38,70010,10.6507,20.8880,5000,0.0509
,CHECKPOINT BATCH 70010,10.6507,,,
,CHECKPOINT BATCH 70015,6.3204,,,
,CHECKPOINT BATCH 70020,8.2147,,,
,CHECKPOINT BATCH 70025,10.8991,,,
12:06:40,70028,5.5690,21.0830,5000,0.0509
,CHECKPOINT BATCH 70030,6.1470,,,
,CHECKPOINT BATCH 70035,6.5037,,,
,CHECKPOINT BATCH 70040,10.5228,,,
,CHECKPOINT BATCH 70045,17.5646,,,
12:06:42,70047,7.5830,18.7685,5000,0.0509
,CHECKPOINT BATCH 70050,8.0862,,,
12:06:45,70053,12.8204,18.2780,5000,0.0509
,CHECKPOINT BATCH 70055,6.5277,,,
,CHECKPOINT BATCH 70060,4.7623,,,
,CHECKPOINT BATCH 70065,7.3962,,,
,CHECKPOINT BATCH 70070,8.2243,,,
12:06:47,70072,6.1925,14.8405,5000,0.0509
12:06:50,70075,5.9447,15.1245,5000,0.0509
,CHECKPOINT BATCH 70075,5.9447,,,
,CHECKPOINT BATCH 70080,12.1070,,,
,CHECKPOINT BATCH 70085,8.5023,,,
,CHECKPOINT BATCH 70090,7.1313,,,
12:06:52,70094,8.9465,16.3505,5000,0.0509
,CHECKPOINT BATCH 70095,6.6389,,,
,CHECKPOINT BATCH 70100,7.5022,,,
,CHECKPOINT BATCH 70105,8.6752,,,
,CHECKPOINT BATCH 70110,8.0703,,,
12:06:54,70113,4.7113,16.0495,5000,0.0509
,CHECKPOINT BATCH 70115,9.0265,,,
,CHECKPOINT BATCH 70120,6.4487,,,
,CHECKPOINT BATCH 70125,6.6602,,,
12:06:58,70127,4.7252,15.8435,5000,0.0509
,CHECKPOINT BATCH 70130,4.7830,,,
,CHECKPOINT BATCH 70135,7.5141,,,
,CHECKPOINT BATCH 70140,7.4864,,,
,CHECKPOINT BATCH 70145,7.8220,,,
12:07:00,70146,8.2598,17.6695,5000,0.0509
,CHECKPOINT BATCH 70150,7.4104,,,
,CHECKPOINT BATCH 70155,6.4900,,,
,CHECKPOINT BATCH 70160,6.7264,,,
12:07:02,70165,10.4391,21.8495,5000,0.0509
,CHECKPOINT BATCH 70165,10.4391,,,
,CHECKPOINT BATCH 70170,7.6936,,,
,CHECKPOINT BATCH 70175,7.9898,,,
,CHECKPOINT BATCH 70180,10.8497,,,
12:07:04,70183,9.8178,23.5700,5000,0.0509
,CHECKPOINT BATCH 70185,9.3570,,,
,CHECKPOINT BATCH 70190,5.6096,,,
,CHECKPOINT BATCH 70195,11.6201,,,
,CHECKPOINT BATCH 70200,6.9607,,,
12:07:06,70202,6.0726,21.4145,5000,0.0508
,CHECKPOINT BATCH 70205,9.9131,,,
,CHECKPOINT BATCH 70210,8.1397,,,
,CHECKPOINT BATCH 70215,6.0345,,,
,CHECKPOINT BATCH 70220,8.3025,,,
12:07:08,70221,10.6418,19.3405,5000,0.0508
,CHECKPOINT BATCH 70225,5.1991,,,
12:07:11,70227,6.8173,19.5920,5000,0.0508
,CHECKPOINT BATCH 70230,5.1953,,,
,CHECKPOINT BATCH 70235,5.5457,,,
,CHECKPOINT BATCH 70240,7.2798,,,
,CHECKPOINT BATCH 70245,6.2789,,,
12:07:13,70246,8.2251,16.7240,5000,0.0508
,CHECKPOINT BATCH 70250,5.9316,,,
,CHECKPOINT BATCH 70255,11.5559,,,
,CHECKPOINT BATCH 70260,8.0769,,,
12:07:15,70265,6.2297,16.7240,5000,0.0508
,CHECKPOINT BATCH 70265,6.2297,,,
,CHECKPOINT BATCH 70270,6.2804,,,
,CHECKPOINT BATCH 70275,7.2441,,,
,CHECKPOINT BATCH 70280,5.0776,,,
12:07:17,70284,7.0449,16.7310,5000,0.0508
,CHECKPOINT BATCH 70285,9.0157,,,
,CHECKPOINT BATCH 70290,19.3974,,,
,CHECKPOINT BATCH 70295,11.1839,,,
,CHECKPOINT BATCH 70300,8.8169,,,
12:07:19,70303,7.3208,17.1780,5000,0.0508
,CHECKPOINT BATCH 70305,7.3652,,,
,CHECKPOINT BATCH 70310,6.2167,,,
,CHECKPOINT BATCH 70315,8.3143,,,
,CHECKPOINT BATCH 70320,10.4982,,,
12:07:21,70321,8.5286,17.3370,5000,0.0508
,CHECKPOINT BATCH 70325,8.9111,,,
,CHECKPOINT BATCH 70330,8.8370,,,
,CHECKPOINT BATCH 70335,7.6120,,,
12:07:23,70340,6.2257,18.3555,5000,0.0508
,CHECKPOINT BATCH 70340,6.2257,,,
,CHECKPOINT BATCH 70345,9.5450,,,
12:07:27,70349,9.8031,18.5905,5000,0.0508
,CHECKPOINT BATCH 70350,13.7485,,,
,CHECKPOINT BATCH 70355,8.5442,,,
,CHECKPOINT BATCH 70360,10.0265,,,
,CHECKPOINT BATCH 70365,8.5737,,,
12:07:29,70368,9.1253,19.0525,5000,0.0508
,CHECKPOINT BATCH 70370,13.3018,,,
,CHECKPOINT BATCH 70375,8.5829,,,
,CHECKPOINT BATCH 70380,7.7543,,,
,CHECKPOINT BATCH 70385,6.5889,,,
12:07:31,70387,9.9884,19.0320,5000,0.0508
,CHECKPOINT BATCH 70390,6.9719,,,
,CHECKPOINT BATCH 70395,11.6850,,,
,CHECKPOINT BATCH 70400,6.7866,,,
,CHECKPOINT BATCH 70405,5.9801,,,
12:07:33,70406,5.9044,19.3090,5000,0.0508
,CHECKPOINT BATCH 70410,5.3889,,,
,CHECKPOINT BATCH 70415,4.8982,,,
,CHECKPOINT BATCH 70420,6.8250,,,
12:07:35,70425,9.0267,19.1355,5000,0.0508
,CHECKPOINT BATCH 70425,9.0267,,,
,CHECKPOINT BATCH 70430,8.8488,,,
,CHECKPOINT BATCH 70435,6.3423,,,
12:07:39,70436,10.5581,18.8075,5000,0.0508
,CHECKPOINT BATCH 70440,8.7149,,,
,CHECKPOINT BATCH 70445,6.1793,,,
,CHECKPOINT BATCH 70450,8.0248,,,
12:07:41,70455,6.3082,16.1245,5000,0.0508
,CHECKPOINT BATCH 70455,6.3082,,,
,CHECKPOINT BATCH 70460,7.0009,,,
,CHECKPOINT BATCH 70465,7.4467,,,
,CHECKPOINT BATCH 70470,7.2179,,,
12:07:43,70474,10.3077,16.2545,5000,0.0508
,CHECKPOINT BATCH 70475,7.0637,,,
,CHECKPOINT BATCH 70480,7.1472,,,
,CHECKPOINT BATCH 70485,4.1283,,,
,CHECKPOINT BATCH 70490,6.5003,,,
12:07:45,70493,7.6479,18.5260,5000,0.0508
,CHECKPOINT BATCH 70495,8.2468,,,
,CHECKPOINT BATCH 70500,10.2576,,,
,CHECKPOINT BATCH 70505,7.0507,,,
,CHECKPOINT BATCH 70510,6.5246,,,
12:07:47,70512,10.2184,19.4700,5000,0.0508
,CHECKPOINT BATCH 70515,7.4766,,,
,CHECKPOINT BATCH 70520,6.2557,,,
12:07:51,70525,4.3124,21.3825,5000,0.0508
,CHECKPOINT BATCH 70525,4.3124,,,
,CHECKPOINT BATCH 70530,5.0931,,,
,CHECKPOINT BATCH 70535,8.2935,,,
,CHECKPOINT BATCH 70540,6.9121,,,
12:07:53,70544,7.2623,21.3885,5000,0.0508
,CHECKPOINT BATCH 70545,5.2279,,,
,CHECKPOINT BATCH 70550,7.7038,,,
,CHECKPOINT BATCH 70555,6.7745,,,
,CHECKPOINT BATCH 70560,7.3052,,,
12:07:55,70563,9.9566,22.6410,5000,0.0508
,CHECKPOINT BATCH 70565,11.8491,,,
,CHECKPOINT BATCH 70570,7.4098,,,
,CHECKPOINT BATCH 70575,7.2218,,,
,CHECKPOINT BATCH 70580,8.4545,,,
12:07:57,70582,7.2127,21.7370,5000,0.0508
,CHECKPOINT BATCH 70585,7.2441,,,
,CHECKPOINT BATCH 70590,6.4443,,,
,CHECKPOINT BATCH 70595,11.0524,,,
,CHECKPOINT BATCH 70600,8.1284,,,
12:07:59,70601,6.5818,19.8650,5000,0.0508
,CHECKPOINT BATCH 70605,8.4000,,,
,CHECKPOINT BATCH 70610,9.9721,,,
,CHECKPOINT BATCH 70615,7.7575,,,
12:08:01,70620,9.7809,18.6780,5000,0.0508
,CHECKPOINT BATCH 70620,9.7809,,,
,CHECKPOINT BATCH 70625,7.7773,,,
,CHECKPOINT BATCH 70630,6.7270,,,
12:08:05,70632,12.1184,18.5955,5000,0.0508
,CHECKPOINT BATCH 70635,5.9201,,,
,CHECKPOINT BATCH 70640,10.7330,,,
,CHECKPOINT BATCH 70645,5.7618,,,
,CHECKPOINT BATCH 70650,6.1639,,,
12:08:07,70651,7.3259,17.1810,5000,0.0508
,CHECKPOINT BATCH 70655,13.7573,,,
,CHECKPOINT BATCH 70660,8.2908,,,
,CHECKPOINT BATCH 70665,8.8070,,,
12:08:09,70670,8.5911,16.6570,5000,0.0508
,CHECKPOINT BATCH 70670,8.5911,,,
,CHECKPOINT BATCH 70675,8.3466,,,
,CHECKPOINT BATCH 70680,10.5606,,,
,CHECKPOINT BATCH 70685,8.6029,,,
12:08:11,70689,7.9945,16.2165,5000,0.0508
,CHECKPOINT BATCH 70690,6.4858,,,
,CHECKPOINT BATCH 70695,10.7543,,,
,CHECKPOINT BATCH 70700,7.3843,,,
,CHECKPOINT BATCH 70705,5.9543,,,
12:08:13,70708,7.3292,16.2385,5000,0.0508
,CHECKPOINT BATCH 70710,7.8637,,,
,CHECKPOINT BATCH 70715,5.8465,,,
,CHECKPOINT BATCH 70720,5.3862,,,
,CHECKPOINT BATCH 70725,7.8324,,,
12:08:15,70727,6.7409,16.2525,5000,0.0508
,CHECKPOINT BATCH 70730,6.0385,,,
,CHECKPOINT BATCH 70735,13.1436,,,
,CHECKPOINT BATCH 70740,11.3258,,,
,CHECKPOINT BATCH 70745,7.0866,,,
12:08:17,70746,6.0528,16.8195,5000,0.0508
,CHECKPOINT BATCH 70750,7.6076,,,
,CHECKPOINT BATCH 70755,11.8307,,,
,CHECKPOINT BATCH 70760,8.1962,,,
12:08:19,70765,11.4549,13.1595,5000,0.0508
,CHECKPOINT BATCH 70765,11.4549,,,
,CHECKPOINT BATCH 70770,8.4227,,,
12:08:23,70773,9.0118,12.0755,5000,0.0508
,CHECKPOINT BATCH 70775,7.8527,,,
,CHECKPOINT BATCH 70780,6.7762,,,
,CHECKPOINT BATCH 70785,13.1484,,,
,CHECKPOINT BATCH 70790,5.5379,,,
12:08:25,70792,5.9826,13.1265,5000,0.0508
,CHECKPOINT BATCH 70795,8.8401,,,
,CHECKPOINT BATCH 70800,6.3448,,,
,CHECKPOINT BATCH 70805,8.4575,,,
,CHECKPOINT BATCH 70810,8.6172,,,
12:08:27,70811,7.8459,14.6355,5000,0.0508
,CHECKPOINT BATCH 70815,6.5145,,,
,CHECKPOINT BATCH 70820,5.2810,,,
,CHECKPOINT BATCH 70825,6.4017,,,
12:08:29,70830,8.1625,15.9735,5000,0.0508
,CHECKPOINT BATCH 70830,8.1625,,,
,CHECKPOINT BATCH 70835,5.2877,,,
,CHECKPOINT BATCH 70840,6.5234,,,
,CHECKPOINT BATCH 70845,8.4645,,,
12:08:31,70849,8.3032,18.0095,5000,0.0508
,CHECKPOINT BATCH 70850,7.4512,,,
,CHECKPOINT BATCH 70855,6.9997,,,
,CHECKPOINT BATCH 70860,9.0554,,,
12:08:35,70861,6.1715,20.2590,5000,0.0508
,CHECKPOINT BATCH 70865,7.9524,,,
,CHECKPOINT BATCH 70870,7.5929,,,
,CHECKPOINT BATCH 70875,9.3135,,,
12:08:37,70880,6.7359,21.6710,5000,0.0508
,CHECKPOINT BATCH 70880,6.7359,,,
,CHECKPOINT BATCH 70885,8.2572,,,
,CHECKPOINT BATCH 70890,5.9165,,,
,CHECKPOINT BATCH 70895,7.6358,,,
12:08:39,70899,9.6996,21.5390,5000,0.0508
,CHECKPOINT BATCH 70900,8.0787,,,
,CHECKPOINT BATCH 70905,6.1933,,,
,CHECKPOINT BATCH 70910,6.3312,,,
,CHECKPOINT BATCH 70915,11.6867,,,
12:08:41,70918,6.3969,19.5305,5000,0.0508
,CHECKPOINT BATCH 70920,8.9799,,,
,CHECKPOINT BATCH 70925,8.4678,,,
,CHECKPOINT BATCH 70930,5.6183,,,
,CHECKPOINT BATCH 70935,4.5775,,,
12:08:43,70936,9.2022,18.7215,5000,0.0508
,CHECKPOINT BATCH 70940,11.4274,,,
,CHECKPOINT BATCH 70945,7.8121,,,
,CHECKPOINT BATCH 70950,11.3432,,,
12:08:45,70955,6.0319,19.0635,5000,0.0508
,CHECKPOINT BATCH 70955,6.0319,,,
,CHECKPOINT BATCH 70960,9.7608,,,
,CHECKPOINT BATCH 70965,5.5684,,,
12:08:48,70966,9.9330,20.1090,5000,0.0508
,CHECKPOINT BATCH 70970,6.0467,,,
,CHECKPOINT BATCH 70975,6.3770,,,
,CHECKPOINT BATCH 70980,5.2733,,,
12:08:51,70985,7.4185,20.7545,5000,0.0508
,CHECKPOINT BATCH 70985,7.4185,,,
,CHECKPOINT BATCH 70990,7.0114,,,
,CHECKPOINT BATCH 70995,6.5766,,,
,CHECKPOINT BATCH 71000,6.6165,,,
12:08:53,71004,7.0109,21.9835,5000,0.0508
,CHECKPOINT BATCH 71005,9.1330,,,
,CHECKPOINT BATCH 71010,12.8497,,,
,CHECKPOINT BATCH 71015,10.3251,,,
,CHECKPOINT BATCH 71020,8.5362,,,
12:08:55,71023,7.3263,23.0920,5000,0.0508
,CHECKPOINT BATCH 71025,12.5522,,,
,CHECKPOINT BATCH 71030,10.4924,,,
,CHECKPOINT BATCH 71035,5.0415,,,
,CHECKPOINT BATCH 71040,5.6645,,,
12:08:57,71042,7.0423,22.3450,5000,0.0508
,CHECKPOINT BATCH 71045,7.1816,,,
,CHECKPOINT BATCH 71050,4.6742,,,
,CHECKPOINT BATCH 71055,9.0282,,,
12:09:01,71059,3.7368,20.3270,5000,0.0508
,CHECKPOINT BATCH 71060,6.3396,,,
,CHECKPOINT BATCH 71065,6.0881,,,
,CHECKPOINT BATCH 71070,9.1364,,,
,CHECKPOINT BATCH 71075,8.2708,,,
12:09:03,71078,7.6714,18.1270,5000,0.0508
,CHECKPOINT BATCH 71080,7.0435,,,
,CHECKPOINT BATCH 71085,6.3928,,,
,CHECKPOINT BATCH 71090,6.2773,,,
,CHECKPOINT BATCH 71095,7.4161,,,
12:09:05,71097,8.5328,17.5040,5000,0.0508
,CHECKPOINT BATCH 71100,7.3180,,,
,CHECKPOINT BATCH 71105,6.8756,,,
,CHECKPOINT BATCH 71110,5.9314,,,
,CHECKPOINT BATCH 71115,6.1676,,,
12:09:07,71116,4.7283,15.2430,5000,0.0508
,CHECKPOINT BATCH 71120,12.3419,,,
,CHECKPOINT BATCH 71125,7.0285,,,
,CHECKPOINT BATCH 71130,4.8518,,,
12:09:09,71135,5.8648,16.0090,5000,0.0508
,CHECKPOINT BATCH 71135,5.8648,,,
,CHECKPOINT BATCH 71140,7.7529,,,
,CHECKPOINT BATCH 71145,7.1572,,,
,CHECKPOINT BATCH 71150,9.2905,,,
12:09:11,71154,8.6909,16.7825,5000,0.0508
,CHECKPOINT BATCH 71155,8.8890,,,
,CHECKPOINT BATCH 71160,8.0968,,,
,CHECKPOINT BATCH 71165,8.3802,,,
,CHECKPOINT BATCH 71170,9.7206,,,
12:09:16,71172,6.5148,16.6135,5000,0.0508
,CHECKPOINT BATCH 71175,12.5994,,,
,CHECKPOINT BATCH 71180,12.7145,,,
,CHECKPOINT BATCH 71185,5.7415,,,
,CHECKPOINT BATCH 71190,6.5068,,,
12:09:18,71191,6.8131,14.9285,5000,0.0508
,CHECKPOINT BATCH 71195,8.1815,,,
,CHECKPOINT BATCH 71200,8.0583,,,
,CHECKPOINT BATCH 71205,7.7151,,,
12:09:20,71210,6.7845,16.2840,5000,0.0508
,CHECKPOINT BATCH 71210,6.7845,,,
,CHECKPOINT BATCH 71215,9.5296,,,
,CHECKPOINT BATCH 71220,6.5069,,,
,CHECKPOINT BATCH 71225,9.9280,,,
12:09:22,71229,9.9656,17.9665,5000,0.0508
,CHECKPOINT BATCH 71230,7.8219,,,
,CHECKPOINT BATCH 71235,8.3676,,,
,CHECKPOINT BATCH 71240,5.2008,,,
,CHECKPOINT BATCH 71245,7.1157,,,
12:09:24,71248,7.7818,19.3325,5000,0.0508
,CHECKPOINT BATCH 71250,6.1960,,,
,CHECKPOINT BATCH 71255,7.8028,,,
12:09:28,71259,5.3099,19.7715,5000,0.0508
,CHECKPOINT BATCH 71260,5.9608,,,
,CHECKPOINT BATCH 71265,8.7258,,,
,CHECKPOINT BATCH 71270,7.0150,,,
,CHECKPOINT BATCH 71275,6.5588,,,
12:09:30,71278,7.7469,19.4440,5000,0.0508
,CHECKPOINT BATCH 71280,6.9822,,,
,CHECKPOINT BATCH 71285,8.0018,,,
,CHECKPOINT BATCH 71290,8.9624,,,
,CHECKPOINT BATCH 71295,7.7045,,,
12:09:32,71297,6.7328,20.3825,5000,0.0508
,CHECKPOINT BATCH 71300,8.2109,,,
,CHECKPOINT BATCH 71305,7.6602,,,
,CHECKPOINT BATCH 71310,7.0826,,,
,CHECKPOINT BATCH 71315,10.5213,,,
12:09:34,71316,6.5513,20.9855,5000,0.0508
,CHECKPOINT BATCH 71320,5.2154,,,
,CHECKPOINT BATCH 71325,7.1804,,,
,CHECKPOINT BATCH 71330,6.2934,,,
12:09:36,71335,5.2505,19.7470,5000,0.0508
,CHECKPOINT BATCH 71335,5.2505,,,
,CHECKPOINT BATCH 71340,5.2346,,,
,CHECKPOINT BATCH 71345,8.1684,,,
,CHECKPOINT BATCH 71350,7.9386,,,
12:09:38,71354,11.8426,17.4535,5000,0.0508
,CHECKPOINT BATCH 71355,6.0335,,,
,CHECKPOINT BATCH 71360,7.9428,,,
,CHECKPOINT BATCH 71365,6.3411,,,
,CHECKPOINT BATCH 71370,5.4716,,,
12:09:42,71372,8.5972,19.7225,5000,0.0508
,CHECKPOINT BATCH 71375,10.3735,,,
,CHECKPOINT BATCH 71380,6.5832,,,
,CHECKPOINT BATCH 71385,6.2544,,,
,CHECKPOINT BATCH 71390,6.3737,,,
12:09:44,71391,7.4040,16.5120,5000,0.0508
,CHECKPOINT BATCH 71395,6.4087,,,
,CHECKPOINT BATCH 71400,4.8745,,,
12:09:48,71404,7.0906,15.5705,5000,0.0508
,CHECKPOINT BATCH 71405,5.4226,,,
,CHECKPOINT BATCH 71410,7.1171,,,
,CHECKPOINT BATCH 71415,8.0011,,,
,CHECKPOINT BATCH 71420,6.6788,,,
12:09:50,71423,7.4702,11.9060,5000,0.0508
,CHECKPOINT BATCH 71425,6.7422,,,
,CHECKPOINT BATCH 71430,7.2077,,,
,CHECKPOINT BATCH 71435,5.7127,,,
,CHECKPOINT BATCH 71440,6.4887,,,
12:09:52,71442,6.4120,15.1340,5000,0.0507
,CHECKPOINT BATCH 71445,6.1148,,,
,CHECKPOINT BATCH 71450,5.8241,,,
,CHECKPOINT BATCH 71455,6.5112,,,
,CHECKPOINT BATCH 71460,6.7799,,,
12:09:54,71461,9.7883,16.7805,5000,0.0507
,CHECKPOINT BATCH 71465,8.4696,,,
,CHECKPOINT BATCH 71470,5.8924,,,
,CHECKPOINT BATCH 71475,7.8744,,,
12:09:57,71480,6.2978,18.0685,5000,0.0507
,CHECKPOINT BATCH 71480,6.2978,,,
,CHECKPOINT BATCH 71485,8.5880,,,
,CHECKPOINT BATCH 71490,6.0519,,,
,CHECKPOINT BATCH 71495,7.9725,,,
12:09:59,71499,6.7546,18.4220,5000,0.0507
,CHECKPOINT BATCH 71500,8.9337,,,
,CHECKPOINT BATCH 71505,7.5126,,,
12:10:02,71509,6.4869,20.5025,5000,0.0507
,CHECKPOINT BATCH 71510,5.2319,,,
,CHECKPOINT BATCH 71515,6.4884,,,
,CHECKPOINT BATCH 71520,7.5306,,,
,CHECKPOINT BATCH 71525,5.9787,,,
12:10:04,71528,13.2843,21.9820,5000,0.0507
,CHECKPOINT BATCH 71530,5.3839,,,
,CHECKPOINT BATCH 71535,6.9427,,,
,CHECKPOINT BATCH 71540,7.7695,,,
,CHECKPOINT BATCH 71545,6.7896,,,
12:10:06,71547,9.6526,21.8560,5000,0.0507
,CHECKPOINT BATCH 71550,6.5749,,,
,CHECKPOINT BATCH 71555,8.5051,,,
,CHECKPOINT BATCH 71560,6.6270,,,
,CHECKPOINT BATCH 71565,8.3976,,,
12:10:08,71566,7.0772,22.1810,5000,0.0507
,CHECKPOINT BATCH 71570,8.1730,,,
,CHECKPOINT BATCH 71575,8.1844,,,
,CHECKPOINT BATCH 71580,8.9803,,,
12:10:10,71585,7.6024,22.4990,5000,0.0507
,CHECKPOINT BATCH 71585,7.6024,,,
,CHECKPOINT BATCH 71590,7.9408,,,
12:10:13,71591,8.3734,21.8720,5000,0.0507
,CHECKPOINT BATCH 71595,5.4061,,,
,CHECKPOINT BATCH 71600,6.6433,,,
,CHECKPOINT BATCH 71605,5.2833,,,
12:10:16,71610,8.5028,20.8625,5000,0.0507
,CHECKPOINT BATCH 71610,8.5028,,,
,CHECKPOINT BATCH 71615,5.9282,,,
,CHECKPOINT BATCH 71620,10.4093,,,
,CHECKPOINT BATCH 71625,8.2881,,,
12:10:18,71629,4.6391,20.9275,5000,0.0507
,CHECKPOINT BATCH 71630,9.2777,,,
,CHECKPOINT BATCH 71635,8.3371,,,
,CHECKPOINT BATCH 71640,6.4548,,,
,CHECKPOINT BATCH 71645,7.1952,,,
12:10:20,71648,10.4820,20.0185,5000,0.0507
,CHECKPOINT BATCH 71650,6.6190,,,
,CHECKPOINT BATCH 71655,7.4460,,,
,CHECKPOINT BATCH 71660,6.6046,,,
,CHECKPOINT BATCH 71665,8.4287,,,
12:10:22,71667,5.4929,19.7225,5000,0.0507
,CHECKPOINT BATCH 71670,10.3290,,,
,CHECKPOINT BATCH 71675,5.5977,,,
,CHECKPOINT BATCH 71680,8.2553,,,
,CHECKPOINT BATCH 71685,9.4936,,,
12:10:24,71686,8.6022,19.1685,5000,0.0507
,CHECKPOINT BATCH 71690,6.5368,,,
12:10:27,71691,7.9841,20.1730,5000,0.0507
,CHECKPOINT BATCH 71695,4.9970,,,
,CHECKPOINT BATCH 71700,8.3742,,,
,CHECKPOINT BATCH 71705,4.2729,,,
12:10:29,71710,6.2362,17.7165,5000,0.0507
,CHECKPOINT BATCH 71710,6.2362,,,
,CHECKPOINT BATCH 71715,5.1664,,,
,CHECKPOINT BATCH 71720,8.5061,,,
,CHECKPOINT BATCH 71725,6.8583,,,
12:10:31,71729,13.0342,18.7665,5000,0.0507
,CHECKPOINT BATCH 71730,6.5399,,,
,CHECKPOINT BATCH 71735,10.6017,,,
,CHECKPOINT BATCH 71740,9.1542,,,
,CHECKPOINT BATCH 71745,6.7410,,,
12:10:33,71748,6.9401,18.8670,5000,0.0507
,CHECKPOINT BATCH 71750,6.3023,,,
,CHECKPOINT BATCH 71755,4.9721,,,
,CHECKPOINT BATCH 71760,5.0565,,,
,CHECKPOINT BATCH 71765,8.3917,,,
12:10:35,71767,5.7120,17.8170,5000,0.0507
,CHECKPOINT BATCH 71770,6.9440,,,
,CHECKPOINT BATCH 71775,9.8635,,,
,CHECKPOINT BATCH 71780,6.7100,,,
12:10:39,71784,6.1327,17.3000,5000,0.0507
,CHECKPOINT BATCH 71785,7.8434,,,
,CHECKPOINT BATCH 71790,5.4860,,,
,CHECKPOINT BATCH 71795,6.4745,,,
,CHECKPOINT BATCH 71800,6.1118,,,
12:10:41,71803,6.3909,19.0690,5000,0.0507
,CHECKPOINT BATCH 71805,7.0379,,,
,CHECKPOINT BATCH 71810,6.1990,,,
,CHECKPOINT BATCH 71815,6.3731,,,
,CHECKPOINT BATCH 71820,4.1761,,,
12:10:43,71821,5.4305,19.6730,5000,0.0507
,CHECKPOINT BATCH 71825,6.8954,,,
,CHECKPOINT BATCH 71830,8.1168,,,
,CHECKPOINT BATCH 71835,11.6632,,,
12:10:45,71840,7.7932,17.8170,5000,0.0507
,CHECKPOINT BATCH 71840,7.7932,,,
,CHECKPOINT BATCH 71845,7.6699,,,
,CHECKPOINT BATCH 71850,7.9339,,,
,CHECKPOINT BATCH 71855,7.2303,,,
12:10:48,71859,8.1206,18.4620,5000,0.0507
,CHECKPOINT BATCH 71860,7.9845,,,
,CHECKPOINT BATCH 71865,13.9601,,,
12:10:51,71866,7.6014,18.5965,5000,0.0507
,CHECKPOINT BATCH 71870,9.7588,,,
,CHECKPOINT BATCH 71875,7.7110,,,
,CHECKPOINT BATCH 71880,6.5226,,,
12:10:53,71885,7.8713,20.6985,5000,0.0507
,CHECKPOINT BATCH 71885,7.8713,,,
,CHECKPOINT BATCH 71890,5.8987,,,
,CHECKPOINT BATCH 71895,5.1238,,,
,CHECKPOINT BATCH 71900,7.3867,,,
12:10:55,71904,7.3287,21.4600,5000,0.0507
,CHECKPOINT BATCH 71905,9.6458,,,
,CHECKPOINT BATCH 71910,7.6401,,,
,CHECKPOINT BATCH 71915,5.9701,,,
,CHECKPOINT BATCH 71920,7.0886,,,
12:10:57,71923,7.4499,19.2835,5000,0.0507
,CHECKPOINT BATCH 71925,11.8314,,,
,CHECKPOINT BATCH 71930,5.8792,,,
,CHECKPOINT BATCH 71935,6.4756,,,
,CHECKPOINT BATCH 71940,4.9155,,,
12:10:59,71942,5.0257,19.1625,5000,0.0507
,CHECKPOINT BATCH 71945,8.4257,,,
,CHECKPOINT BATCH 71950,6.3944,,,
,CHECKPOINT BATCH 71955,8.1621,,,
12:11:03,71957,6.5349,18.3670,5000,0.0507
,CHECKPOINT BATCH 71960,11.5172,,,
,CHECKPOINT BATCH 71965,5.0309,,,
,CHECKPOINT BATCH 71970,10.2734,,,
,CHECKPOINT BATCH 71975,5.5771,,,
12:11:05,71976,7.2798,17.9330,5000,0.0507
,CHECKPOINT BATCH 71980,6.7986,,,
,CHECKPOINT BATCH 71985,5.9121,,,
,CHECKPOINT BATCH 71990,6.5872,,,
12:11:07,71995,13.3532,18.2510,5000,0.0507
,CHECKPOINT BATCH 71995,13.3532,,,
,CHECKPOINT BATCH 72000,6.6183,,,
,CHECKPOINT BATCH 72005,8.6314,,,
,CHECKPOINT BATCH 72010,6.2028,,,
12:11:09,72014,6.8861,18.5635,5000,0.0507
,CHECKPOINT BATCH 72015,13.6525,,,
,CHECKPOINT BATCH 72020,5.8297,,,
,CHECKPOINT BATCH 72025,4.6652,,,
,CHECKPOINT BATCH 72030,6.5478,,,
12:11:11,72033,7.2853,20.2745,5000,0.0507
,CHECKPOINT BATCH 72035,6.0248,,,
,CHECKPOINT BATCH 72040,7.4117,,,
12:11:15,72045,6.0801,21.4265,5000,0.0507
,CHECKPOINT BATCH 72045,6.0801,,,
,CHECKPOINT BATCH 72050,7.9126,,,
,CHECKPOINT BATCH 72055,10.8798,,,
,CHECKPOINT BATCH 72060,6.8221,,,
12:11:17,72064,6.7609,22.9620,5000,0.0507
,CHECKPOINT BATCH 72065,8.7596,,,
,CHECKPOINT BATCH 72070,6.5266,,,
,CHECKPOINT BATCH 72075,6.4214,,,
,CHECKPOINT BATCH 72080,3.8347,,,
12:11:19,72083,6.2791,23.7575,5000,0.0507
,CHECKPOINT BATCH 72085,12.0267,,,
,CHECKPOINT BATCH 72090,6.4203,,,
,CHECKPOINT BATCH 72095,6.8798,,,
,CHECKPOINT BATCH 72100,5.8000,,,
12:11:21,72102,9.7914,22.6815,5000,0.0507
,CHECKPOINT BATCH 72105,8.3757,,,
,CHECKPOINT BATCH 72110,7.1666,,,
,CHECKPOINT BATCH 72115,8.2745,,,
12:11:23,72120,4.6125,22.5045,5000,0.0507
,CHECKPOINT BATCH 72120,4.6125,,,
12:11:26,72123,8.2165,22.0470,5000,0.0507
,CHECKPOINT BATCH 72125,8.2691,,,
,CHECKPOINT BATCH 72130,5.4656,,,
,CHECKPOINT BATCH 72135,9.3182,,,
,CHECKPOINT BATCH 72140,6.0250,,,
12:11:28,72142,7.5807,19.2695,5000,0.0507
,CHECKPOINT BATCH 72145,4.3513,,,
,CHECKPOINT BATCH 72150,7.4277,,,
,CHECKPOINT BATCH 72155,7.0301,,,
,CHECKPOINT BATCH 72160,6.7356,,,
12:11:30,72161,9.1845,20.5450,5000,0.0507
,CHECKPOINT BATCH 72165,7.6774,,,
,CHECKPOINT BATCH 72170,5.9974,,,
,CHECKPOINT BATCH 72175,5.7761,,,
12:11:32,72180,6.9142,20.8380,5000,0.0507
,CHECKPOINT BATCH 72180,6.9142,,,
12:11:35,72184,4.0562,20.0630,5000,0.0507
,CHECKPOINT BATCH 72185,6.0037,,,
,CHECKPOINT BATCH 72190,9.7628,,,
,CHECKPOINT BATCH 72195,9.2028,,,
,CHECKPOINT BATCH 72200,6.2694,,,
12:11:37,72203,7.4364,18.7255,5000,0.0507
,CHECKPOINT BATCH 72205,6.6701,,,
,CHECKPOINT BATCH 72210,11.4075,,,
,CHECKPOINT BATCH 72215,7.1704,,,
,CHECKPOINT BATCH 72220,8.4769,,,
12:11:39,72222,7.2762,19.6835,5000,0.0507
,CHECKPOINT BATCH 72225,9.0726,,,
,CHECKPOINT BATCH 72230,7.4517,,,
,CHECKPOINT BATCH 72235,7.1952,,,
,CHECKPOINT BATCH 72240,6.1136,,,
12:11:41,72241,5.5147,22.1200,5000,0.0507
,CHECKPOINT BATCH 72245,7.9225,,,
,CHECKPOINT BATCH 72250,9.9576,,,
,CHECKPOINT BATCH 72255,8.4496,,,
12:11:43,72260,7.6260,19.9765,5000,0.0507
,CHECKPOINT BATCH 72260,7.6260,,,
,CHECKPOINT BATCH 72265,9.0999,,,
,CHECKPOINT BATCH 72270,9.3130,,,
,CHECKPOINT BATCH 72275,8.8404,,,
12:11:45,72278,11.0869,18.2905,5000,0.0507
,CHECKPOINT BATCH 72280,9.5562,,,
,CHECKPOINT BATCH 72285,11.8537,,,
12:11:49,72287,6.2342,18.4410,5000,0.0507
,CHECKPOINT BATCH 72290,8.2660,,,
,CHECKPOINT BATCH 72295,5.6504,,,
,CHECKPOINT BATCH 72300,5.8438,,,
,CHECKPOINT BATCH 72305,6.6204,,,
12:11:51,72306,5.5153,15.6525,5000,0.0507
,CHECKPOINT BATCH 72310,9.1679,,,
,CHECKPOINT BATCH 72315,5.7665,,,
,CHECKPOINT BATCH 72320,8.2727,,,
12:11:53,72325,9.0909,16.0535,5000,0.0507
,CHECKPOINT BATCH 72325,9.0909,,,
,CHECKPOINT BATCH 72330,7.8437,,,
,CHECKPOINT BATCH 72335,5.1054,,,
,CHECKPOINT BATCH 72340,6.8883,,,
12:11:55,72344,7.1081,18.2305,5000,0.0507
,CHECKPOINT BATCH 72345,6.2034,,,
,CHECKPOINT BATCH 72350,7.8018,,,
,CHECKPOINT BATCH 72355,6.0711,,,
,CHECKPOINT BATCH 72360,7.4307,,,
12:11:57,72363,8.3412,19.6385,5000,0.0507
,CHECKPOINT BATCH 72365,5.5533,,,
,CHECKPOINT BATCH 72370,5.5461,,,
,CHECKPOINT BATCH 72375,8.5167,,,
,CHECKPOINT BATCH 72380,10.3074,,,
12:11:59,72382,6.6831,19.1935,5000,0.0507
12:12:02,72385,6.0306,20.0390,5000,0.0507
,CHECKPOINT BATCH 72385,6.0306,,,
,CHECKPOINT BATCH 72390,8.2437,,,
,CHECKPOINT BATCH 72395,5.9630,,,
,CHECKPOINT BATCH 72400,6.9052,,,
12:12:04,72404,7.6323,20.9610,5000,0.0507
,CHECKPOINT BATCH 72405,7.9914,,,
,CHECKPOINT BATCH 72410,7.9570,,,
,CHECKPOINT BATCH 72415,5.7289,,,
,CHECKPOINT BATCH 72420,6.5540,,,
12:12:06,72423,7.1166,21.4040,5000,0.0507
,CHECKPOINT BATCH 72425,6.0572,,,
,CHECKPOINT BATCH 72430,4.6645,,,
,CHECKPOINT BATCH 72435,7.6309,,,
,CHECKPOINT BATCH 72440,5.4072,,,
12:12:08,72442,7.8698,21.2600,5000,0.0507
,CHECKPOINT BATCH 72445,6.8461,,,
,CHECKPOINT BATCH 72450,8.6025,,,
,CHECKPOINT BATCH 72455,7.4496,,,
,CHECKPOINT BATCH 72460,8.9941,,,
12:12:10,72461,6.2138,19.5100,5000,0.0507
,CHECKPOINT BATCH 72465,10.7670,,,
,CHECKPOINT BATCH 72470,3.6551,,,
,CHECKPOINT BATCH 72475,6.3034,,,
12:12:12,72480,11.6779,17.3735,5000,0.0507
,CHECKPOINT BATCH 72480,11.6779,,,
,CHECKPOINT BATCH 72485,7.2002,,,
,CHECKPOINT BATCH 72490,7.5206,,,
,CHECKPOINT BATCH 72495,5.9548,,,
12:12:14,72499,6.7684,16.9445,5000,0.0507
,CHECKPOINT BATCH 72500,8.6672,,,
,CHECKPOINT BATCH 72505,9.6606,,,
,CHECKPOINT BATCH 72510,8.7366,,,
,CHECKPOINT BATCH 72515,9.6638,,,
12:12:18,72516,8.4257,15.9955,5000,0.0507
,CHECKPOINT BATCH 72520,4.8063,,,
,CHECKPOINT BATCH 72525,3.9869,,,
,CHECKPOINT BATCH 72530,8.4941,,,
12:12:20,72535,11.1490,15.3565,5000,0.0507
,CHECKPOINT BATCH 72535,11.1490,,,
,CHECKPOINT BATCH 72540,6.8120,,,
,CHECKPOINT BATCH 72545,7.5850,,,
,CHECKPOINT BATCH 72550,5.3135,,,
12:12:23,72554,7.3055,15.2245,5000,0.0507
,CHECKPOINT BATCH 72555,8.2909,,,
,CHECKPOINT BATCH 72560,8.5855,,,
,CHECKPOINT BATCH 72565,8.0852,,,
,CHECKPOINT BATCH 72570,8.5693,,,
12:12:25,72572,6.0355,17.0855,5000,0.0507
,CHECKPOINT BATCH 72575,5.9855,,,
,CHECKPOINT BATCH 72580,6.8517,,,
,CHECKPOINT BATCH 72585,10.6478,,,
,CHECKPOINT BATCH 72590,7.2934,,,
12:12:27,72591,7.0636,19.6145,5000,0.0507
12:12:29,72595,6.4549,19.6200,5000,0.0507
,CHECKPOINT BATCH 72595,6.4549,,,
,CHECKPOINT BATCH 72600,9.1493,,,
,CHECKPOINT BATCH 72605,7.5238,,,
,CHECKPOINT BATCH 72610,7.9545,,,
12:12:31,72614,6.1921,18.8625,5000,0.0507
,CHECKPOINT BATCH 72615,8.1001,,,
,CHECKPOINT BATCH 72620,7.1354,,,
,CHECKPOINT BATCH 72625,6.1871,,,
,CHECKPOINT BATCH 72630,6.5219,,,
12:12:34,72633,6.3892,18.3445,5000,0.0507
,CHECKPOINT BATCH 72635,6.4700,,,
,CHECKPOINT BATCH 72640,8.4954,,,
,CHECKPOINT BATCH 72645,5.6588,,,
,CHECKPOINT BATCH 72650,6.6656,,,
12:12:36,72652,7.4274,18.3395,5000,0.0507
,CHECKPOINT BATCH 72655,7.8222,,,
,CHECKPOINT BATCH 72660,7.6796,,,
,CHECKPOINT BATCH 72665,6.6432,,,
,CHECKPOINT BATCH 72670,7.5396,,,
12:12:38,72671,6.2199,18.9350,5000,0.0507
,CHECKPOINT BATCH 72675,7.6392,,,
12:12:41,72676,6.0832,18.4525,5000,0.0507
,CHECKPOINT BATCH 72680,9.3563,,,
,CHECKPOINT BATCH 72685,6.6166,,,
,CHECKPOINT BATCH 72690,4.8617,,,
12:12:43,72695,8.2964,16.8895,5000,0.0507
,CHECKPOINT BATCH 72695,8.2964,,,
,CHECKPOINT BATCH 72700,7.0532,,,
,CHECKPOINT BATCH 72705,8.4985,,,
,CHECKPOINT BATCH 72710,10.8794,,,
12:12:45,72714,6.9818,20.8340,5000,0.0507
,CHECKPOINT BATCH 72715,5.4033,,,
,CHECKPOINT BATCH 72720,12.3015,,,
12:12:48,72725,7.3739,20.2170,5000,0.0507
,CHECKPOINT BATCH 72725,7.3739,,,
,CHECKPOINT BATCH 72730,6.6341,,,
,CHECKPOINT BATCH 72735,8.6084,,,
,CHECKPOINT BATCH 72740,7.6702,,,
12:12:50,72744,6.7650,18.8240,5000,0.0507
,CHECKPOINT BATCH 72745,8.6652,,,
,CHECKPOINT BATCH 72750,7.2137,,,
,CHECKPOINT BATCH 72755,4.9640,,,
,CHECKPOINT BATCH 72760,9.6439,,,
12:12:52,72763,8.0874,19.5870,5000,0.0507
,CHECKPOINT BATCH 72765,9.0374,,,
,CHECKPOINT BATCH 72770,9.0428,,,
,CHECKPOINT BATCH 72775,8.3307,,,
,CHECKPOINT BATCH 72780,7.1933,,,
12:12:55,72782,5.6398,22.0285,5000,0.0507
,CHECKPOINT BATCH 72785,7.7558,,,
,CHECKPOINT BATCH 72790,6.5848,,,
,CHECKPOINT BATCH 72795,5.7154,,,
,CHECKPOINT BATCH 72800,7.1961,,,
12:12:57,72801,8.7245,20.9685,5000,0.0507
12:12:59,72805,7.0216,20.0490,5000,0.0507
,CHECKPOINT BATCH 72805,7.0216,,,
,CHECKPOINT BATCH 72810,6.6606,,,
,CHECKPOINT BATCH 72815,11.2075,,,
,CHECKPOINT BATCH 72820,6.5805,,,
12:13:02,72824,5.4124,18.8495,5000,0.0507
,CHECKPOINT BATCH 72825,6.8125,,,
,CHECKPOINT BATCH 72830,4.9479,,,
,CHECKPOINT BATCH 72835,6.7435,,,
,CHECKPOINT BATCH 72840,7.4189,,,
12:13:06,72842,7.1809,19.7665,5000,0.0507
,CHECKPOINT BATCH 72845,5.3058,,,
,CHECKPOINT BATCH 72850,6.1939,,,
,CHECKPOINT BATCH 72855,6.6684,,,
,CHECKPOINT BATCH 72860,8.2374,,,
12:13:08,72861,7.7287,18.2270,5000,0.0507
,CHECKPOINT BATCH 72865,4.2309,,,
,CHECKPOINT BATCH 72870,6.4211,,,
,CHECKPOINT BATCH 72875,7.5529,,,
12:13:10,72880,8.5707,18.5630,5000,0.0506
,CHECKPOINT BATCH 72880,8.5707,,,
,CHECKPOINT BATCH 72885,10.9008,,,
,CHECKPOINT BATCH 72890,7.6861,,,
,CHECKPOINT BATCH 72895,6.3377,,,
12:13:12,72899,10.2329,20.5560,5000,0.0506
,CHECKPOINT BATCH 72900,3.7189,,,
,CHECKPOINT BATCH 72905,7.0948,,,
,CHECKPOINT BATCH 72910,9.2269,,,
,CHECKPOINT BATCH 72915,6.3406,,,
12:13:14,72918,7.6288,19.3200,5000,0.0506
,CHECKPOINT BATCH 72920,9.8653,,,
,CHECKPOINT BATCH 72925,5.8103,,,
12:13:18,72927,11.7411,17.3385,5000,0.0506
,CHECKPOINT BATCH 72930,7.2236,,,
,CHECKPOINT BATCH 72935,7.3796,,,
,CHECKPOINT BATCH 72940,7.8423,,,
,CHECKPOINT BATCH 72945,7.4191,,,
12:13:20,72946,8.8608,14.7265,5000,0.0506
,CHECKPOINT BATCH 72950,7.1858,,,
,CHECKPOINT BATCH 72955,6.0719,,,
,CHECKPOINT BATCH 72960,7.4562,,,
12:13:22,72965,7.5360,16.1380,5000,0.0506
,CHECKPOINT BATCH 72965,7.5360,,,
,CHECKPOINT BATCH 72970,9.6878,,,
,CHECKPOINT BATCH 72975,7.1423,,,
,CHECKPOINT BATCH 72980,10.0187,,,
12:13:24,72984,9.1402,15.3190,5000,0.0506
,CHECKPOINT BATCH 72985,6.0382,,,
,CHECKPOINT BATCH 72990,7.0464,,,
,CHECKPOINT BATCH 72995,7.3825,,,
,CHECKPOINT BATCH 73000,6.3997,,,
12:13:26,73003,7.7613,13.7810,5000,0.0506
12:13:28,73004,8.1625,13.7830,5000,0.0506
,CHECKPOINT BATCH 73005,6.4978,,,
,CHECKPOINT BATCH 73010,7.4637,,,
,CHECKPOINT BATCH 73015,10.5447,,,
12:13:32,73016,7.2371,13.9235,5000,0.0506
,CHECKPOINT BATCH 73020,4.3262,,,
,CHECKPOINT BATCH 73025,5.7251,,,
,CHECKPOINT BATCH 73030,5.8420,,,
12:13:34,73035,5.3504,17.7105,5000,0.0506
,CHECKPOINT BATCH 73035,5.3504,,,
,CHECKPOINT BATCH 73040,7.6117,,,
,CHECKPOINT BATCH 73045,9.2631,,,
,CHECKPOINT BATCH 73050,8.9141,,,
12:13:36,73054,9.8581,20.1250,5000,0.0506
,CHECKPOINT BATCH 73055,6.0525,,,
,CHECKPOINT BATCH 73060,8.3520,,,
12:13:39,73062,10.3195,19.4925,5000,0.0506
,CHECKPOINT BATCH 73065,5.6358,,,
,CHECKPOINT BATCH 73070,4.8379,,,
,CHECKPOINT BATCH 73075,5.2371,,,
,CHECKPOINT BATCH 73080,6.4458,,,
12:13:41,73081,6.5867,15.8350,5000,0.0506
,CHECKPOINT BATCH 73085,7.6117,,,
,CHECKPOINT BATCH 73090,7.7166,,,
,CHECKPOINT BATCH 73095,6.6510,,,
12:13:44,73100,9.4567,18.4155,5000,0.0506
,CHECKPOINT BATCH 73100,9.4567,,,
,CHECKPOINT BATCH 73105,9.8449,,,
,CHECKPOINT BATCH 73110,8.1484,,,
,CHECKPOINT BATCH 73115,7.7293,,,
12:13:46,73119,8.2990,21.5000,5000,0.0506
,CHECKPOINT BATCH 73120,8.1986,,,
,CHECKPOINT BATCH 73125,5.2774,,,
,CHECKPOINT BATCH 73130,8.7265,,,
,CHECKPOINT BATCH 73135,8.1920,,,
12:13:48,73138,9.4117,19.5785,5000,0.0506
,CHECKPOINT BATCH 73140,4.7514,,,
,CHECKPOINT BATCH 73145,8.1268,,,
,CHECKPOINT BATCH 73150,5.8115,,,
,CHECKPOINT BATCH 73155,7.9548,,,
12:13:50,73157,5.2377,17.3350,5000,0.0506
,CHECKPOINT BATCH 73160,9.2663,,,
12:13:53,73162,7.0968,17.0375,5000,0.0506
,CHECKPOINT BATCH 73165,4.9170,,,
,CHECKPOINT BATCH 73170,5.0139,,,
,CHECKPOINT BATCH 73175,10.4664,,,
,CHECKPOINT BATCH 73180,9.3010,,,
12:13:55,73181,7.2204,19.6575,5000,0.0506
,CHECKPOINT BATCH 73185,10.4371,,,
,CHECKPOINT BATCH 73190,6.6053,,,
,CHECKPOINT BATCH 73195,8.2935,,,
12:13:57,73200,7.5066,18.9165,5000,0.0506
,CHECKPOINT BATCH 73200,7.5066,,,
,CHECKPOINT BATCH 73205,7.8171,,,
,CHECKPOINT BATCH 73210,5.7994,,,
,CHECKPOINT BATCH 73215,11.4971,,,
12:13:59,73219,5.4456,19.2095,5000,0.0506
,CHECKPOINT BATCH 73220,7.5027,,,
,CHECKPOINT BATCH 73225,8.7064,,,
,CHECKPOINT BATCH 73230,7.0003,,,
,CHECKPOINT BATCH 73235,6.3044,,,
12:14:01,73238,6.6053,18.8730,5000,0.0506
,CHECKPOINT BATCH 73240,7.6994,,,
,CHECKPOINT BATCH 73245,6.3996,,,
,CHECKPOINT BATCH 73250,7.0665,,,
,CHECKPOINT BATCH 73255,5.2542,,,
12:14:03,73257,5.9028,18.5720,5000,0.0506
,CHECKPOINT BATCH 73260,6.8783,,,
12:14:06,73264,9.9211,20.3455,5000,0.0506
,CHECKPOINT BATCH 73265,7.5264,,,
,CHECKPOINT BATCH 73270,9.9633,,,
,CHECKPOINT BATCH 73275,7.3303,,,
,CHECKPOINT BATCH 73280,9.8401,,,
12:14:08,73283,7.6231,20.8955,5000,0.0506
,CHECKPOINT BATCH 73285,7.4735,,,
,CHECKPOINT BATCH 73290,6.3648,,,
,CHECKPOINT BATCH 73295,5.6318,,,
,CHECKPOINT BATCH 73300,7.2075,,,
12:14:10,73302,5.5617,21.6425,5000,0.0506
,CHECKPOINT BATCH 73305,6.9809,,,
,CHECKPOINT BATCH 73310,7.2802,,,
12:14:14,73311,5.3051,21.1760,5000,0.0506
,CHECKPOINT BATCH 73315,7.4217,,,
,CHECKPOINT BATCH 73320,6.4382,,,
,CHECKPOINT BATCH 73325,6.4234,,,
12:14:16,73330,5.9218,19.3520,5000,0.0506
,CHECKPOINT BATCH 73330,5.9218,,,
,CHECKPOINT BATCH 73335,7.3926,,,
,CHECKPOINT BATCH 73340,7.1857,,,
,CHECKPOINT BATCH 73345,10.5414,,,
12:14:18,73349,12.0492,21.3115,5000,0.0506
,CHECKPOINT BATCH 73350,11.8313,,,
,CHECKPOINT BATCH 73355,7.9026,,,
,CHECKPOINT BATCH 73360,9.8096,,,
,CHECKPOINT BATCH 73365,5.3029,,,
12:14:20,73368,7.1059,21.2045,5000,0.0506
,CHECKPOINT BATCH 73370,7.0610,,,
,CHECKPOINT BATCH 73375,11.3587,,,
,CHECKPOINT BATCH 73380,5.3234,,,
,CHECKPOINT BATCH 73385,4.3569,,,
12:14:22,73387,9.9794,19.6965,5000,0.0506
,CHECKPOINT BATCH 73390,5.8130,,,
,CHECKPOINT BATCH 73395,6.8068,,,
,CHECKPOINT BATCH 73400,8.2247,,,
,CHECKPOINT BATCH 73405,8.2956,,,
12:14:24,73406,8.0241,16.3905,5000,0.0506
,CHECKPOINT BATCH 73410,8.2408,,,
,CHECKPOINT BATCH 73415,9.4182,,,
,CHECKPOINT BATCH 73420,7.0318,,,
12:14:26,73425,6.4988,17.1575,5000,0.0506
,CHECKPOINT BATCH 73425,6.4988,,,
,CHECKPOINT BATCH 73430,9.4151,,,
12:14:29,73431,5.1678,16.0930,5000,0.0506
,CHECKPOINT BATCH 73435,7.5932,,,
,CHECKPOINT BATCH 73440,8.2126,,,
,CHECKPOINT BATCH 73445,9.0160,,,
12:14:31,73450,9.1543,12.4390,5000,0.0506
,CHECKPOINT BATCH 73450,9.1543,,,
,CHECKPOINT BATCH 73455,9.0936,,,
,CHECKPOINT BATCH 73460,7.7418,,,
,CHECKPOINT BATCH 73465,7.6774,,,
12:14:33,73469,7.7645,12.7140,5000,0.0506
,CHECKPOINT BATCH 73470,9.6090,,,
,CHECKPOINT BATCH 73475,7.8457,,,
,CHECKPOINT BATCH 73480,8.5220,,,
,CHECKPOINT BATCH 73485,4.9204,,,
12:14:35,73488,15.1027,14.8640,5000,0.0506
,CHECKPOINT BATCH 73490,10.1402,,,
,CHECKPOINT BATCH 73495,11.2331,,,
,CHECKPOINT BATCH 73500,15.2240,,,
,CHECKPOINT BATCH 73505,4.8818,,,
12:14:38,73507,7.6781,16.3485,5000,0.0506
,CHECKPOINT BATCH 73510,10.8621,,,
,CHECKPOINT BATCH 73515,14.5666,,,
12:14:41,73517,10.1269,16.3390,5000,0.0506
,CHECKPOINT BATCH 73520,7.4393,,,
,CHECKPOINT BATCH 73525,7.0115,,,
,CHECKPOINT BATCH 73530,5.2839,,,
,CHECKPOINT BATCH 73535,6.2495,,,
12:14:43,73536,9.4952,16.9700,5000,0.0506
,CHECKPOINT BATCH 73540,8.1450,,,
,CHECKPOINT BATCH 73545,7.5711,,,
,CHECKPOINT BATCH 73550,9.2160,,,
12:14:45,73555,7.2709,19.5605,5000,0.0506
,CHECKPOINT BATCH 73555,7.2709,,,
,CHECKPOINT BATCH 73560,8.8451,,,
,CHECKPOINT BATCH 73565,9.1945,,,
,CHECKPOINT BATCH 73570,6.2263,,,
12:14:47,73574,9.1625,20.4695,5000,0.0506
,CHECKPOINT BATCH 73575,11.4464,,,
,CHECKPOINT BATCH 73580,9.2534,,,
,CHECKPOINT BATCH 73585,7.7493,,,
,CHECKPOINT BATCH 73590,8.0919,,,
12:14:49,73593,9.8425,15.8640,5000,0.0506
12:14:52,73594,7.8553,16.3160,5000,0.0506
,CHECKPOINT BATCH 73595,6.2300,,,
,CHECKPOINT BATCH 73600,7.8042,,,
,CHECKPOINT BATCH 73605,9.0761,,,
,CHECKPOINT BATCH 73610,6.9815,,,
12:14:54,73613,10.0826,18.7805,5000,0.0506
,CHECKPOINT BATCH 73615,11.8095,,,
,CHECKPOINT BATCH 73620,8.1220,,,
,CHECKPOINT BATCH 73625,17.8383,,,
,CHECKPOINT BATCH 73630,6.0133,,,
12:14:56,73631,9.3736,22.6035,5000,0.0506
,CHECKPOINT BATCH 73635,5.9780,,,
,CHECKPOINT BATCH 73640,8.0232,,,
,CHECKPOINT BATCH 73645,5.3842,,,
12:14:58,73650,7.0786,22.3165,5000,0.0506
,CHECKPOINT BATCH 73650,7.0786,,,
,CHECKPOINT BATCH 73655,7.9974,,,
,CHECKPOINT BATCH 73660,12.8307,,,
12:15:02,73664,5.6181,20.9245,5000,0.0506
,CHECKPOINT BATCH 73665,9.7298,,,
,CHECKPOINT BATCH 73670,8.6517,,,
,CHECKPOINT BATCH 73675,5.7339,,,
,CHECKPOINT BATCH 73680,8.7909,,,
12:15:04,73683,6.7642,19.0100,5000,0.0506
,CHECKPOINT BATCH 73685,13.2532,,,
,CHECKPOINT BATCH 73690,9.6652,,,
,CHECKPOINT BATCH 73695,9.6089,,,
,CHECKPOINT BATCH 73700,7.7718,,,
12:15:06,73702,12.6809,18.3140,5000,0.0506
,CHECKPOINT BATCH 73705,10.9937,,,
,CHECKPOINT BATCH 73710,8.7782,,,
,CHECKPOINT BATCH 73715,8.4152,,,
,CHECKPOINT BATCH 73720,7.7189,,,
12:15:08,73721,6.2435,16.6600,5000,0.0506
,CHECKPOINT BATCH 73725,7.4114,,,
,CHECKPOINT BATCH 73730,8.8769,,,
,CHECKPOINT BATCH 73735,6.0687,,,
12:15:10,73740,6.3760,14.7860,5000,0.0506
,CHECKPOINT BATCH 73740,6.3760,,,
,CHECKPOINT BATCH 73745,7.6372,,,
,CHECKPOINT BATCH 73750,9.8917,,,
12:15:14,73755,7.1901,14.4825,5000,0.0506
,CHECKPOINT BATCH 73755,7.1901,,,
,CHECKPOINT BATCH 73760,9.7557,,,
,CHECKPOINT BATCH 73765,7.9987,,,
,CHECKPOINT BATCH 73770,13.2456,,,
12:15:16,73774,9.1179,14.3200,5000,0.0506
,CHECKPOINT BATCH 73775,9.2146,,,
,CHECKPOINT BATCH 73780,9.4310,,,
,CHECKPOINT BATCH 73785,8.1920,,,
,CHECKPOINT BATCH 73790,5.5783,,,
12:15:18,73793,8.6602,16.5880,5000,0.0506
,CHECKPOINT BATCH 73795,12.9971,,,
,CHECKPOINT BATCH 73800,8.9874,,,
,CHECKPOINT BATCH 73805,8.6746,,,
,CHECKPOINT BATCH 73810,5.7834,,,
12:15:20,73812,7.6879,16.0630,5000,0.0506
,CHECKPOINT BATCH 73815,8.5126,,,
,CHECKPOINT BATCH 73820,5.5297,,,
,CHECKPOINT BATCH 73825,7.5614,,,
,CHECKPOINT BATCH 73830,7.0524,,,
12:15:22,73831,6.1762,15.9025,5000,0.0506
,CHECKPOINT BATCH 73835,7.5799,,,
,CHECKPOINT BATCH 73840,8.2647,,,
,CHECKPOINT BATCH 73845,8.5943,,,
12:15:24,73850,5.8185,17.0100,5000,0.0506
,CHECKPOINT BATCH 73850,5.8185,,,
12:15:27,73853,7.8113,17.4620,5000,0.0506
,CHECKPOINT BATCH 73855,8.2254,,,
,CHECKPOINT BATCH 73860,7.2473,,,
,CHECKPOINT BATCH 73865,7.7556,,,
12:15:31,73868,11.0270,18.5435,5000,0.0506
,CHECKPOINT BATCH 73870,4.9347,,,
,CHECKPOINT BATCH 73875,6.9424,,,
,CHECKPOINT BATCH 73880,4.8178,,,
,CHECKPOINT BATCH 73885,12.9164,,,
12:15:33,73887,5.9939,17.6285,5000,0.0506
,CHECKPOINT BATCH 73890,6.5229,,,
,CHECKPOINT BATCH 73895,7.8775,,,
,CHECKPOINT BATCH 73900,5.4399,,,
,CHECKPOINT BATCH 73905,5.6173,,,
12:15:35,73906,6.1326,19.6395,5000,0.0506
,CHECKPOINT BATCH 73910,10.9737,,,
,CHECKPOINT BATCH 73915,5.8123,,,
,CHECKPOINT BATCH 73920,5.5743,,,
12:15:37,73925,10.2352,22.0745,5000,0.0506
,CHECKPOINT BATCH 73925,10.2352,,,
12:15:40,73927,6.4393,22.0635,5000,0.0506
,CHECKPOINT BATCH 73930,6.0171,,,
,CHECKPOINT BATCH 73935,13.0212,,,
,CHECKPOINT BATCH 73940,10.1901,,,
,CHECKPOINT BATCH 73945,5.1665,,,
12:15:42,73946,6.5184,22.0050,5000,0.0506
,CHECKPOINT BATCH 73950,17.2333,,,
,CHECKPOINT BATCH 73955,8.5447,,,
,CHECKPOINT BATCH 73960,9.7027,,,
12:15:44,73965,5.4858,21.8725,5000,0.0506
,CHECKPOINT BATCH 73965,5.4858,,,
,CHECKPOINT BATCH 73970,15.9561,,,
,CHECKPOINT BATCH 73975,7.1613,,,
,CHECKPOINT BATCH 73980,5.4646,,,
12:15:46,73984,10.5128,25.2055,5000,0.0506
,CHECKPOINT BATCH 73985,8.8783,,,
,CHECKPOINT BATCH 73990,5.2875,,,
,CHECKPOINT BATCH 73995,9.0438,,,
,CHECKPOINT BATCH 74000,6.6310,,,
12:15:48,74003,8.4685,23.3770,5000,0.0506
,CHECKPOINT BATCH 74005,5.9258,,,
,CHECKPOINT BATCH 74010,7.0071,,,
12:15:52,74015,8.4197,23.0155,5000,0.0506
,CHECKPOINT BATCH 74015,8.4197,,,
,CHECKPOINT BATCH 74020,7.5288,,,
,CHECKPOINT BATCH 74025,9.9383,,,
,CHECKPOINT BATCH 74030,7.4655,,,
12:15:54,74034,8.6082,23.6395,5000,0.0506
,CHECKPOINT BATCH 74035,7.9309,,,
,CHECKPOINT BATCH 74040,9.5154,,,
,CHECKPOINT BATCH 74045,9.1615,,,
,CHECKPOINT BATCH 74050,11.6843,,,
12:15:56,74053,7.7924,24.1085,5000,0.0506
,CHECKPOINT BATCH 74055,6.5158,,,
,CHECKPOINT BATCH 74060,14.7361,,,
,CHECKPOINT BATCH 74065,9.3788,,,
,CHECKPOINT BATCH 74070,9.8343,,,
12:15:58,74072,13.6066,23.0250,5000,0.0506
,CHECKPOINT BATCH 74075,9.7259,,,
,CHECKPOINT BATCH 74080,10.9700,,,
,CHECKPOINT BATCH 74085,6.8739,,,
,CHECKPOINT BATCH 74090,6.6545,,,
12:16:00,74091,9.7812,20.8220,5000,0.0506
,CHECKPOINT BATCH 74095,8.1226,,,
,CHECKPOINT BATCH 74100,7.4387,,,
,CHECKPOINT BATCH 74105,5.0998,,,
12:16:05,74110,10.0561,22.1300,5000,0.0506
,CHECKPOINT BATCH 74110,10.0561,,,
,CHECKPOINT BATCH 74115,9.3896,,,
,CHECKPOINT BATCH 74120,9.1514,,,
,CHECKPOINT BATCH 74125,7.8465,,,
12:16:07,74129,10.3477,21.2925,5000,0.0506
,CHECKPOINT BATCH 74130,8.7506,,,
,CHECKPOINT BATCH 74135,7.4921,,,
,CHECKPOINT BATCH 74140,7.2848,,,
,CHECKPOINT BATCH 74145,12.1175,,,
12:16:09,74148,6.9109,20.0425,5000,0.0506
,CHECKPOINT BATCH 74150,9.0300,,,
,CHECKPOINT BATCH 74155,7.0029,,,
,CHECKPOINT BATCH 74160,7.5169,,,
,CHECKPOINT BATCH 74165,8.7012,,,
12:16:11,74167,9.0658,17.3055,5000,0.0506
,CHECKPOINT BATCH 74170,14.6017,,,
,CHECKPOINT BATCH 74175,11.2560,,,
,CHECKPOINT BATCH 74180,11.1946,,,
,CHECKPOINT BATCH 74185,10.3333,,,
12:16:13,74186,6.1356,17.0420,5000,0.0506
,CHECKPOINT BATCH 74190,7.2742,,,
,CHECKPOINT BATCH 74195,10.5261,,,
,CHECKPOINT BATCH 74200,6.5739,,,
12:16:15,74205,6.4558,17.3790,5000,0.0506
,CHECKPOINT BATCH 74205,6.4558,,,
,CHECKPOINT BATCH 74210,8.1874,,,
,CHECKPOINT BATCH 74215,12.4199,,,
12:16:19,74218,9.5734,15.6405,5000,0.0506
,CHECKPOINT BATCH 74220,8.7749,,,
,CHECKPOINT BATCH 74225,8.5060,,,
,CHECKPOINT BATCH 74230,8.4153,,,
,CHECKPOINT BATCH 74235,9.4013,,,
12:16:21,74236,9.6020,15.3390,5000,0.0506
,CHECKPOINT BATCH 74240,11.4762,,,
,CHECKPOINT BATCH 74245,9.5767,,,
,CHECKPOINT BATCH 74250,10.2820,,,
12:16:23,74255,8.4774,17.0590,5000,0.0506
,CHECKPOINT BATCH 74255,8.4774,,,
,CHECKPOINT BATCH 74260,11.8991,,,
,CHECKPOINT BATCH 74265,7.1743,,,
,CHECKPOINT BATCH 74270,11.1765,,,
12:16:25,74274,8.3577,18.1595,5000,0.0506
,CHECKPOINT BATCH 74275,9.8065,,,
,CHECKPOINT BATCH 74280,9.8746,,,
,CHECKPOINT BATCH 74285,7.4059,,,
,CHECKPOINT BATCH 74290,7.9383,,,
12:16:27,74293,4.6892,18.1835,5000,0.0506
,CHECKPOINT BATCH 74295,9.1740,,,
,CHECKPOINT BATCH 74300,6.9845,,,
,CHECKPOINT BATCH 74305,8.6302,,,
,CHECKPOINT BATCH 74310,10.1101,,,
12:16:29,74312,10.1608,17.4985,5000,0.0506
,CHECKPOINT BATCH 74315,11.5857,,,
,CHECKPOINT BATCH 74320,8.0275,,,
,CHECKPOINT BATCH 74325,6.7917,,,
,CHECKPOINT BATCH 74330,6.2928,,,
12:16:31,74331,7.0122,16.3965,5000,0.0506
12:16:34,74332,9.8343,16.0900,5000,0.0506
,CHECKPOINT BATCH 74335,6.1591,,,
,CHECKPOINT BATCH 74340,7.2059,,,
,CHECKPOINT BATCH 74345,7.0174,,,
,CHECKPOINT BATCH 74350,7.6625,,,
12:16:36,74351,8.9617,11.4620,5000,0.0506
,CHECKPOINT BATCH 74355,7.7743,,,
,CHECKPOINT BATCH 74360,7.7029,,,
,CHECKPOINT BATCH 74365,5.4440,,,
12:16:38,74370,11.3291,13.7455,5000,0.0506
,CHECKPOINT BATCH 74370,11.3291,,,
,CHECKPOINT BATCH 74375,6.9956,,,
,CHECKPOINT BATCH 74380,10.0782,,,
,CHECKPOINT BATCH 74385,9.0343,,,
12:16:40,74389,8.5911,16.1805,5000,0.0506
,CHECKPOINT BATCH 74390,9.2373,,,
,CHECKPOINT BATCH 74395,10.4460,,,
,CHECKPOINT BATCH 74400,9.3882,,,
,CHECKPOINT BATCH 74405,6.4988,,,
12:16:42,74408,9.0414,17.7135,5000,0.0506
,CHECKPOINT BATCH 74410,7.4467,,,
,CHECKPOINT BATCH 74415,6.8501,,,
,CHECKPOINT BATCH 74420,7.1888,,,
,CHECKPOINT BATCH 74425,5.9526,,,
12:16:44,74427,5.5927,17.5430,5000,0.0506
,CHECKPOINT BATCH 74430,8.9076,,,
,CHECKPOINT BATCH 74435,5.8100,,,
,CHECKPOINT BATCH 74440,7.7296,,,
,CHECKPOINT BATCH 74445,8.1310,,,
12:16:46,74446,6.7211,18.8785,5000,0.0506
12:16:49,74448,7.7840,19.8795,5000,0.0506
,CHECKPOINT BATCH 74450,8.2158,,,
,CHECKPOINT BATCH 74455,7.4365,,,
,CHECKPOINT BATCH 74460,7.6536,,,
,CHECKPOINT BATCH 74465,9.1813,,,
12:16:51,74467,8.3085,18.5335,5000,0.0506
,CHECKPOINT BATCH 74470,7.3314,,,
,CHECKPOINT BATCH 74475,9.5270,,,
,CHECKPOINT BATCH 74480,7.5420,,,
,CHECKPOINT BATCH 74485,9.2183,,,
12:16:53,74486,10.2332,18.0985,5000,0.0506
,CHECKPOINT BATCH 74490,7.9362,,,
,CHECKPOINT BATCH 74495,13.6089,,,
,CHECKPOINT BATCH 74500,7.4716,,,
12:16:55,74505,7.9055,17.5005,5000,0.0506
,CHECKPOINT BATCH 74505,7.9055,,,
,CHECKPOINT BATCH 74510,7.3802,,,
,CHECKPOINT BATCH 74515,8.6428,,,
,CHECKPOINT BATCH 74520,7.9348,,,
12:16:57,74524,6.7320,18.6325,5000,0.0506
,CHECKPOINT BATCH 74525,18.7863,,,
,CHECKPOINT BATCH 74530,8.5636,,,
,CHECKPOINT BATCH 74535,8.4628,,,
,CHECKPOINT BATCH 74540,9.2047,,,
12:16:59,74543,13.8025,18.6095,5000,0.0505
,CHECKPOINT BATCH 74545,8.5459,,,
,CHECKPOINT BATCH 74550,6.7010,,,
,CHECKPOINT BATCH 74555,7.6108,,,
12:17:03,74556,7.2477,19.2100,5000,0.0505
,CHECKPOINT BATCH 74560,7.8132,,,
,CHECKPOINT BATCH 74565,9.9568,,,
,CHECKPOINT BATCH 74570,7.2046,,,
12:17:05,74575,9.2095,17.9675,5000,0.0505
,CHECKPOINT BATCH 74575,9.2095,,,
,CHECKPOINT BATCH 74580,9.6896,,,
,CHECKPOINT BATCH 74585,10.2261,,,
,CHECKPOINT BATCH 74590,6.4754,,,
12:17:07,74594,8.4178,18.4015,5000,0.0505
,CHECKPOINT BATCH 74595,4.5093,,,
,CHECKPOINT BATCH 74600,14.2112,,,
,CHECKPOINT BATCH 74605,8.6249,,,
,CHECKPOINT BATCH 74610,6.2756,,,
12:17:09,74613,13.4934,20.0565,5000,0.0505
,CHECKPOINT BATCH 74615,9.2461,,,
,CHECKPOINT BATCH 74620,7.7476,,,
,CHECKPOINT BATCH 74625,11.0623,,,
,CHECKPOINT BATCH 74630,10.0001,,,
12:17:11,74632,9.2693,20.6500,5000,0.0505
,CHECKPOINT BATCH 74635,9.9208,,,
,CHECKPOINT BATCH 74640,7.0001,,,
,CHECKPOINT BATCH 74645,7.4426,,,
12:17:16,74649,8.6002,22.2505,5000,0.0505
,CHECKPOINT BATCH 74650,8.4254,,,
,CHECKPOINT BATCH 74655,5.3207,,,
,CHECKPOINT BATCH 74660,10.0628,,,
,CHECKPOINT BATCH 74665,6.9609,,,
12:17:18,74668,6.8747,23.1910,5000,0.0505
,CHECKPOINT BATCH 74670,8.2441,,,
,CHECKPOINT BATCH 74675,7.5502,,,
,CHECKPOINT BATCH 74680,6.7535,,,
,CHECKPOINT BATCH 74685,6.6832,,,
12:17:20,74686,3.8468,22.7980,5000,0.0505
,CHECKPOINT BATCH 74690,7.0403,,,
,CHECKPOINT BATCH 74695,5.0823,,,
,CHECKPOINT BATCH 74700,14.9616,,,
12:17:22,74705,7.0009,21.2830,5000,0.0505
,CHECKPOINT BATCH 74705,7.0009,,,
,CHECKPOINT BATCH 74710,5.2127,,,
,CHECKPOINT BATCH 74715,5.5122,,,
,CHECKPOINT BATCH 74720,7.9908,,,
12:17:24,74724,12.7828,20.7855,5000,0.0505
,CHECKPOINT BATCH 74725,6.3443,,,
,CHECKPOINT BATCH 74730,6.8705,,,
,CHECKPOINT BATCH 74735,12.2739,,,
,CHECKPOINT BATCH 74740,9.5373,,,
12:17:26,74743,5.7587,19.8815,5000,0.0505
,CHECKPOINT BATCH 74745,10.7490,,,
,CHECKPOINT BATCH 74750,8.0307,,,
12:17:29,74752,7.8894,19.7490,5000,0.0505
,CHECKPOINT BATCH 74755,7.9814,,,
,CHECKPOINT BATCH 74760,10.0014,,,
,CHECKPOINT BATCH 74765,8.3131,,,
,CHECKPOINT BATCH 74770,9.6230,,,
12:17:31,74771,7.4479,19.9230,5000,0.0505
,CHECKPOINT BATCH 74775,9.6887,,,
,CHECKPOINT BATCH 74780,7.7715,,,
,CHECKPOINT BATCH 74785,11.8437,,,
12:17:33,74790,10.1281,19.4820,5000,0.0505
,CHECKPOINT BATCH 74790,10.1281,,,
12:17:36,74794,6.0798,19.0270,5000,0.0505
,CHECKPOINT BATCH 74795,9.1544,,,
,CHECKPOINT BATCH 74800,8.8641,,,
,CHECKPOINT BATCH 74805,8.9247,,,
,CHECKPOINT BATCH 74810,8.5247,,,
12:17:38,74813,6.7187,19.0350,5000,0.0505
,CHECKPOINT BATCH 74815,8.8804,,,
,CHECKPOINT BATCH 74820,12.2763,,,
,CHECKPOINT BATCH 74825,5.9893,,,
,CHECKPOINT BATCH 74830,8.0509,,,
12:17:40,74831,8.8184,21.0240,5000,0.0505
12:17:43,74833,6.4747,20.7145,5000,0.0505
,CHECKPOINT BATCH 74835,6.8545,,,
,CHECKPOINT BATCH 74840,8.8918,,,
,CHECKPOINT BATCH 74845,9.8667,,,
,CHECKPOINT BATCH 74850,8.0178,,,
12:17:45,74852,6.6895,18.2960,5000,0.0505
,CHECKPOINT BATCH 74855,9.9840,,,
,CHECKPOINT BATCH 74860,6.6275,,,
,CHECKPOINT BATCH 74865,11.3253,,,
,CHECKPOINT BATCH 74870,6.4697,,,
12:17:47,74871,7.2123,18.4500,5000,0.0505
,CHECKPOINT BATCH 74875,9.5250,,,
,CHECKPOINT BATCH 74880,10.3633,,,
,CHECKPOINT BATCH 74885,10.4489,,,
12:17:49,74890,8.7654,19.6190,5000,0.0505
,CHECKPOINT BATCH 74890,8.7654,,,
,CHECKPOINT BATCH 74895,10.5676,,,
,CHECKPOINT BATCH 74900,5.5837,,,
,CHECKPOINT BATCH 74905,5.3583,,,
12:17:51,74909,8.8507,20.6990,5000,0.0505
,CHECKPOINT BATCH 74910,5.7426,,,
,CHECKPOINT BATCH 74915,6.1499,,,
,CHECKPOINT BATCH 74920,8.1367,,,
,CHECKPOINT BATCH 74925,6.4968,,,
12:17:53,74928,9.3912,19.6390,5000,0.0505
12:17:56,74930,7.3966,20.7880,5000,0.0505
,CHECKPOINT BATCH 74930,7.3966,,,
,CHECKPOINT BATCH 74935,6.7191,,,
,CHECKPOINT BATCH 74940,8.6999,,,
,CHECKPOINT BATCH 74945,6.5810,,,
12:17:58,74949,9.1754,24.6110,5000,0.0505
,CHECKPOINT BATCH 74950,10.4579,,,
,CHECKPOINT BATCH 74955,9.1889,,,
,CHECKPOINT BATCH 74960,6.6645,,,
,CHECKPOINT BATCH 74965,9.9083,,,
12:18:00,74968,5.3319,24.9220,5000,0.0505
,CHECKPOINT BATCH 74970,9.6146,,,
,CHECKPOINT BATCH 74975,6.3146,,,
,CHECKPOINT BATCH 74980,7.7946,,,
,CHECKPOINT BATCH 74985,12.7611,,,
12:18:02,74986,7.6354,23.7070,5000,0.0505
,CHECKPOINT BATCH 74990,11.4069,,,
,CHECKPOINT BATCH 74995,5.9667,,,
12:18:06,74998,9.6005,22.9180,5000,0.0505
,CHECKPOINT BATCH 75000,9.3771,,,
,CHECKPOINT BATCH 75005,6.3331,,,
,CHECKPOINT BATCH 75010,7.2502,,,
,CHECKPOINT BATCH 75015,10.1928,,,
12:18:08,75017,11.7774,22.1625,5000,0.0505
,CHECKPOINT BATCH 75020,9.4350,,,
,CHECKPOINT BATCH 75025,7.9573,,,
,CHECKPOINT BATCH 75030,8.1800,,,
,CHECKPOINT BATCH 75035,10.5393,,,
12:18:10,75036,14.4419,21.4975,5000,0.0505
,CHECKPOINT BATCH 75040,10.6569,,,
,CHECKPOINT BATCH 75045,6.0576,,,
,CHECKPOINT BATCH 75050,7.8729,,,
12:18:12,75055,7.8056,21.0265,5000,0.0505
,CHECKPOINT BATCH 75055,7.8056,,,
,CHECKPOINT BATCH 75060,16.6207,,,
,CHECKPOINT BATCH 75065,7.4752,,,
,CHECKPOINT BATCH 75070,10.2678,,,
12:18:14,75074,12.7078,18.9080,5000,0.0505
,CHECKPOINT BATCH 75075,9.9003,,,
,CHECKPOINT BATCH 75080,5.8158,,,
,CHECKPOINT BATCH 75085,8.5583,,,
,CHECKPOINT BATCH 75090,9.6596,,,
12:18:16,75093,8.6468,18.7895,5000,0.0505
,CHECKPOINT BATCH 75095,8.7537,,,
12:18:19,75099,7.4630,20.0950,5000,0.0505
,CHECKPOINT BATCH 75100,7.7310,,,
,CHECKPOINT BATCH 75105,7.3300,,,
,CHECKPOINT BATCH 75110,11.1136,,,
,CHECKPOINT BATCH 75115,10.7517,,,
12:18:21,75118,5.5414,18.2360,5000,0.0505
,CHECKPOINT BATCH 75120,8.3845,,,
,CHECKPOINT BATCH 75125,7.9073,,,
,CHECKPOINT BATCH 75130,6.9243,,,
12:18:25,75132,7.8256,17.8870,5000,0.0505
,CHECKPOINT BATCH 75135,4.9261,,,
,CHECKPOINT BATCH 75140,8.2623,,,
,CHECKPOINT BATCH 75145,10.0156,,,
,CHECKPOINT BATCH 75150,7.4942,,,
12:18:27,75151,8.9796,17.2985,5000,0.0505
,CHECKPOINT BATCH 75155,6.3351,,,
,CHECKPOINT BATCH 75160,9.0484,,,
,CHECKPOINT BATCH 75165,6.8114,,,
12:18:29,75170,8.5052,17.9050,5000,0.0505
,CHECKPOINT BATCH 75170,8.5052,,,
,CHECKPOINT BATCH 75175,5.1654,,,
,CHECKPOINT BATCH 75180,11.1138,,,
,CHECKPOINT BATCH 75185,7.8210,,,
12:18:31,75189,16.2612,17.2370,5000,0.0505
,CHECKPOINT BATCH 75190,7.7568,,,
,CHECKPOINT BATCH 75195,6.7750,,,
,CHECKPOINT BATCH 75200,6.8340,,,
,CHECKPOINT BATCH 75205,8.0966,,,
12:18:33,75208,6.3185,16.1235,5000,0.0505
,CHECKPOINT BATCH 75210,8.2823,,,
,CHECKPOINT BATCH 75215,6.5473,,,
,CHECKPOINT BATCH 75220,10.3940,,,
,CHECKPOINT BATCH 75225,7.0882,,,
12:18:35,75227,6.6892,12.8160,5000,0.0505
,CHECKPOINT BATCH 75230,7.2739,,,
,CHECKPOINT BATCH 75235,7.6306,,,
,CHECKPOINT BATCH 75240,9.0771,,,
,CHECKPOINT BATCH 75245,8.3550,,,
12:18:37,75246,6.9066,10.5535,5000,0.0505
,CHECKPOINT BATCH 75250,6.8371,,,
,CHECKPOINT BATCH 75255,8.4469,,,
,CHECKPOINT BATCH 75260,8.7259,,,
12:18:40,75265,9.4165,8.1105,5000,0.0505
,CHECKPOINT BATCH 75265,9.4165,,,
,CHECKPOINT BATCH 75270,6.8771,,,
,CHECKPOINT BATCH 75275,6.9764,,,
,CHECKPOINT BATCH 75280,10.6014,,,
12:18:42,75284,7.2072,7.2455,5000,0.0505
,CHECKPOINT BATCH 75285,12.6705,,,
,CHECKPOINT BATCH 75290,8.9011,,,
,CHECKPOINT BATCH 75295,14.7147,,,
,CHECKPOINT BATCH 75300,10.9929,,,
12:18:44,75303,5.2493,8.7485,5000,0.0505
12:18:46,75304,7.9113,8.5950,5000,0.0505
,CHECKPOINT BATCH 75305,11.6387,,,
,CHECKPOINT BATCH 75310,6.2645,,,
,CHECKPOINT BATCH 75315,9.5289,,,
,CHECKPOINT BATCH 75320,7.8612,,,
12:18:48,75323,10.3867,8.8345,5000,0.0505
,CHECKPOINT BATCH 75325,7.1312,,,
,CHECKPOINT BATCH 75330,6.7081,,,
,CHECKPOINT BATCH 75335,12.0967,,,
,CHECKPOINT BATCH 75340,11.2672,,,
12:18:53,75341,7.0528,11.9915,5000,0.0505
,CHECKPOINT BATCH 75345,9.0091,,,
,CHECKPOINT BATCH 75350,8.5064,,,
,CHECKPOINT BATCH 75355,6.7628,,,
12:18:55,75360,6.8829,12.9110,5000,0.0505
,CHECKPOINT BATCH 75360,6.8829,,,
,CHECKPOINT BATCH 75365,8.7345,,,
12:18:58,75370,6.8878,13.6630,5000,0.0505
,CHECKPOINT BATCH 75370,6.8878,,,
,CHECKPOINT BATCH 75375,6.9560,,,
,CHECKPOINT BATCH 75380,11.1722,,,
,CHECKPOINT BATCH 75385,7.4544,,,
12:19:00,75389,8.2380,14.7130,5000,0.0505
,CHECKPOINT BATCH 75390,5.8262,,,
,CHECKPOINT BATCH 75395,11.5295,,,
,CHECKPOINT BATCH 75400,7.7919,,,
,CHECKPOINT BATCH 75405,9.2553,,,
12:19:05,75408,7.3586,16.4250,5000,0.0505
,CHECKPOINT BATCH 75410,7.2137,,,
,CHECKPOINT BATCH 75415,7.8041,,,
,CHECKPOINT BATCH 75420,9.9437,,,
,CHECKPOINT BATCH 75425,9.6248,,,
12:19:07,75427,10.1290,16.4215,5000,0.0505
,CHECKPOINT BATCH 75430,9.8473,,,
,CHECKPOINT BATCH 75435,6.9580,,,
,CHECKPOINT BATCH 75440,8.6811,,,
,CHECKPOINT BATCH 75445,8.9369,,,
12:19:09,75446,7.0890,18.0910,5000,0.0505
,CHECKPOINT BATCH 75450,6.3072,,,
,CHECKPOINT BATCH 75455,7.6156,,,
,CHECKPOINT BATCH 75460,6.0069,,,
12:19:11,75465,5.8634,18.4035,5000,0.0505
,CHECKPOINT BATCH 75465,5.8634,,,
,CHECKPOINT BATCH 75470,7.7871,,,
,CHECKPOINT BATCH 75475,5.1903,,,
,CHECKPOINT BATCH 75480,7.2295,,,
12:19:13,75484,7.3747,18.7020,5000,0.0505
,CHECKPOINT BATCH 75485,15.3326,,,
,CHECKPOINT BATCH 75490,10.6012,,,
,CHECKPOINT BATCH 75495,8.2506,,,
,CHECKPOINT BATCH 75500,6.8894,,,
12:19:15,75503,9.5130,16.6300,5000,0.0505
,CHECKPOINT BATCH 75505,9.9107,,,
,CHECKPOINT BATCH 75510,7.7748,,,
,CHECKPOINT BATCH 75515,7.3143,,,
,CHECKPOINT BATCH 75520,7.3796,,,
12:19:17,75522,5.2600,18.6500,5000,0.0505
12:19:20,75524,6.4026,19.1915,5000,0.0505
,CHECKPOINT BATCH 75525,10.2209,,,
,CHECKPOINT BATCH 75530,8.3313,,,
,CHECKPOINT BATCH 75535,6.8416,,,
,CHECKPOINT BATCH 75540,6.7105,,,
12:19:22,75543,10.3157,15.0545,5000,0.0505
,CHECKPOINT BATCH 75545,7.6256,,,
,CHECKPOINT BATCH 75550,7.7762,,,
,CHECKPOINT BATCH 75555,9.1678,,,
,CHECKPOINT BATCH 75560,11.4565,,,
12:19:24,75562,8.0135,15.1895,5000,0.0505
,CHECKPOINT BATCH 75565,7.6618,,,
,CHECKPOINT BATCH 75570,5.0789,,,
,CHECKPOINT BATCH 75575,5.9500,,,
,CHECKPOINT BATCH 75580,9.3275,,,
12:19:26,75581,6.0513,16.7440,5000,0.0505
,CHECKPOINT BATCH 75585,7.6292,,,
,CHECKPOINT BATCH 75590,12.0009,,,
12:19:30,75594,10.0607,17.7645,5000,0.0505
,CHECKPOINT BATCH 75595,7.5082,,,
,CHECKPOINT BATCH 75600,7.9852,,,
,CHECKPOINT BATCH 75605,9.4882,,,
,CHECKPOINT BATCH 75610,7.3617,,,
12:19:32,75613,7.1552,17.9005,5000,0.0505
,CHECKPOINT BATCH 75615,7.4819,,,
,CHECKPOINT BATCH 75620,8.7042,,,
,CHECKPOINT BATCH 75625,14.2046,,,
,CHECKPOINT BATCH 75630,12.7175,,,
12:19:34,75632,8.4213,20.0910,5000,0.0505
,CHECKPOINT BATCH 75635,6.0992,,,
,CHECKPOINT BATCH 75640,8.5073,,,
,CHECKPOINT BATCH 75645,10.4874,,,
,CHECKPOINT BATCH 75650,5.4950,,,
12:19:36,75651,8.8843,23.0110,5000,0.0505
,CHECKPOINT BATCH 75655,7.6836,,,
,CHECKPOINT BATCH 75660,7.7557,,,
,CHECKPOINT BATCH 75665,8.0902,,,
12:19:38,75670,7.9585,21.6330,5000,0.0505
,CHECKPOINT BATCH 75670,7.9585,,,
,CHECKPOINT BATCH 75675,8.2171,,,
,CHECKPOINT BATCH 75680,6.1849,,,
,CHECKPOINT BATCH 75685,7.2670,,,
12:19:42,75688,9.2419,20.7735,5000,0.0505
,CHECKPOINT BATCH 75690,8.2577,,,
,CHECKPOINT BATCH 75695,15.5040,,,
,CHECKPOINT BATCH 75700,10.0515,,,
,CHECKPOINT BATCH 75705,11.6373,,,
12:19:44,75707,8.8405,19.2250,5000,0.0505
,CHECKPOINT BATCH 75710,8.5948,,,
,CHECKPOINT BATCH 75715,13.3347,,,
,CHECKPOINT BATCH 75720,10.8731,,,
12:19:46,75725,10.4229,20.3180,5000,0.0505
,CHECKPOINT BATCH 75725,10.4229,,,
,CHECKPOINT BATCH 75730,7.4296,,,
,CHECKPOINT BATCH 75735,9.3011,,,
,CHECKPOINT BATCH 75740,9.9952,,,
12:19:51,75743,8.9679,19.0675,5000,0.0505
,CHECKPOINT BATCH 75745,15.2419,,,
,CHECKPOINT BATCH 75750,6.6023,,,
,CHECKPOINT BATCH 75755,12.3827,,,
,CHECKPOINT BATCH 75760,9.2791,,,
12:19:53,75762,7.4691,15.8455,5000,0.0505
,CHECKPOINT BATCH 75765,7.3966,,,
,CHECKPOINT BATCH 75770,8.1366,,,
,CHECKPOINT BATCH 75775,8.5298,,,
,CHECKPOINT BATCH 75780,8.5065,,,
12:19:55,75781,7.7597,16.7585,5000,0.0505
,CHECKPOINT BATCH 75785,6.2899,,,
,CHECKPOINT BATCH 75790,5.6509,,,
,CHECKPOINT BATCH 75795,12.0438,,,
12:19:57,75800,6.0927,19.1515,5000,0.0505
,CHECKPOINT BATCH 75800,6.0927,,,
,CHECKPOINT BATCH 75805,14.4679,,,
,CHECKPOINT BATCH 75810,6.8948,,,
,CHECKPOINT BATCH 75815,8.2526,,,
12:19:59,75819,7.2564,19.1585,5000,0.0505
,CHECKPOINT BATCH 75820,9.4200,,,
,CHECKPOINT BATCH 75825,11.3631,,,
,CHECKPOINT BATCH 75830,6.7006,,,
,CHECKPOINT BATCH 75835,14.3169,,,
12:20:01,75838,9.2462,19.0425,5000,0.0505
,CHECKPOINT BATCH 75840,7.7566,,,
12:20:04,75843,10.4948,20.0590,5000,0.0505
,CHECKPOINT BATCH 75845,10.8533,,,
,CHECKPOINT BATCH 75850,9.8224,,,
,CHECKPOINT BATCH 75855,9.6316,,,
,CHECKPOINT BATCH 75860,6.7707,,,
12:20:06,75862,7.7457,22.6855,5000,0.0505
,CHECKPOINT BATCH 75865,7.8198,,,
,CHECKPOINT BATCH 75870,7.6103,,,
,CHECKPOINT BATCH 75875,7.6387,,,
12:20:08,75880,7.4391,22.8655,5000,0.0505
,CHECKPOINT BATCH 75880,7.4391,,,
,CHECKPOINT BATCH 75885,7.4168,,,
,CHECKPOINT BATCH 75890,7.6996,,,
,CHECKPOINT BATCH 75895,8.0364,,,
12:20:10,75899,6.2009,22.2255,5000,0.0505
,CHECKPOINT BATCH 75900,12.3678,,,
,CHECKPOINT BATCH 75905,6.1666,,,
,CHECKPOINT BATCH 75910,6.1480,,,
,CHECKPOINT BATCH 75915,10.3014,,,
12:20:12,75918,10.4142,21.9255,5000,0.0505
,CHECKPOINT BATCH 75920,9.5597,,,
12:20:15,75925,11.0903,21.3060,5000,0.0505
,CHECKPOINT BATCH 75925,11.0903,,,
,CHECKPOINT BATCH 75930,7.5661,,,
,CHECKPOINT BATCH 75935,8.3642,,,
,CHECKPOINT BATCH 75940,5.5884,,,
12:20:18,75944,8.9608,18.1305,5000,0.0505
,CHECKPOINT BATCH 75945,7.3572,,,
,CHECKPOINT BATCH 75950,11.0429,,,
,CHECKPOINT BATCH 75955,12.9167,,,
12:20:22,75960,7.3979,18.2370,5000,0.0505
,CHECKPOINT BATCH 75960,7.3979,,,
,CHECKPOINT BATCH 75965,7.5461,,,
,CHECKPOINT BATCH 75970,15.7505,,,
,CHECKPOINT BATCH 75975,14.1299,,,
12:20:24,75979,12.7524,16.8725,5000,0.0505
,CHECKPOINT BATCH 75980,7.7668,,,
,CHECKPOINT BATCH 75985,11.2222,,,
,CHECKPOINT BATCH 75990,6.9365,,,
,CHECKPOINT BATCH 75995,11.0847,,,
12:20:26,75998,6.6031,16.7025,5000,0.0505
,CHECKPOINT BATCH 76000,11.1691,,,
,CHECKPOINT BATCH 76005,8.9637,,,
,CHECKPOINT BATCH 76010,11.4420,,,
,CHECKPOINT BATCH 76015,6.1076,,,
12:20:28,76017,12.0805,12.6635,5000,0.0505
,CHECKPOINT BATCH 76020,10.4807,,,
,CHECKPOINT BATCH 76025,7.2338,,,
,CHECKPOINT BATCH 76030,5.2559,,,
,CHECKPOINT BATCH 76035,8.0411,,,
12:20:30,76036,5.8184,12.1890,5000,0.0505
,CHECKPOINT BATCH 76040,12.0485,,,
,CHECKPOINT BATCH 76045,9.1528,,,
,CHECKPOINT BATCH 76050,9.2868,,,
12:20:32,76055,6.3746,9.8940,5000,0.0505
,CHECKPOINT BATCH 76055,6.3746,,,
,CHECKPOINT BATCH 76060,10.0480,,,
,CHECKPOINT BATCH 76065,6.6130,,,
,CHECKPOINT BATCH 76070,9.4247,,,
12:20:34,76074,6.9928,10.1945,5000,0.0505
,CHECKPOINT BATCH 76075,7.4096,,,
,CHECKPOINT BATCH 76080,9.8956,,,
,CHECKPOINT BATCH 76085,8.1371,,,
,CHECKPOINT BATCH 76090,7.5662,,,
12:20:36,76093,10.4795,9.3255,5000,0.0505
,CHECKPOINT BATCH 76095,7.3605,,,
,CHECKPOINT BATCH 76100,5.8482,,,
,CHECKPOINT BATCH 76105,11.2677,,,
,CHECKPOINT BATCH 76110,8.9374,,,
12:20:38,76112,6.1630,12.8295,5000,0.0505
12:20:41,76113,6.1274,13.4355,5000,0.0505
,CHECKPOINT BATCH 76115,8.1548,,,
,CHECKPOINT BATCH 76120,5.0035,,,
,CHECKPOINT BATCH 76125,6.9797,,,
,CHECKPOINT BATCH 76130,6.7078,,,
12:20:43,76132,8.5392,17.9325,5000,0.0505
,CHECKPOINT BATCH 76135,7.4977,,,
,CHECKPOINT BATCH 76140,7.0270,,,
,CHECKPOINT BATCH 76145,5.6269,,,
,CHECKPOINT BATCH 76150,11.7600,,,
12:20:45,76151,10.3213,21.8045,5000,0.0505
,CHECKPOINT BATCH 76155,11.3878,,,
,CHECKPOINT BATCH 76160,8.6846,,,
,CHECKPOINT BATCH 76165,7.1806,,,
12:20:47,76170,8.7054,22.5805,5000,0.0505
,CHECKPOINT BATCH 76170,8.7054,,,
,CHECKPOINT BATCH 76175,6.7118,,,
,CHECKPOINT BATCH 76180,6.0776,,,
,CHECKPOINT BATCH 76185,5.2443,,,
12:20:49,76189,8.5834,21.1795,5000,0.0505
,CHECKPOINT BATCH 76190,6.0856,,,
,CHECKPOINT BATCH 76195,9.9861,,,
,CHECKPOINT BATCH 76200,9.0635,,,
,CHECKPOINT BATCH 76205,7.7282,,,
12:20:51,76208,8.8031,20.2760,5000,0.0505
,CHECKPOINT BATCH 76210,6.9962,,,
12:20:54,76213,6.1059,19.5200,5000,0.0505
,CHECKPOINT BATCH 76215,14.9310,,,
,CHECKPOINT BATCH 76220,5.7809,,,
,CHECKPOINT BATCH 76225,7.8144,,,
,CHECKPOINT BATCH 76230,8.0509,,,
12:20:56,76232,6.8291,18.2965,5000,0.0505
,CHECKPOINT BATCH 76235,12.2518,,,
,CHECKPOINT BATCH 76240,9.6288,,,
,CHECKPOINT BATCH 76245,4.7143,,,
,CHECKPOINT BATCH 76250,9.1316,,,
12:20:58,76251,7.1579,16.5950,5000,0.0505
,CHECKPOINT BATCH 76255,10.8822,,,
,CHECKPOINT BATCH 76260,6.6401,,,
,CHECKPOINT BATCH 76265,9.8312,,,
12:21:00,76270,9.6147,14.5790,5000,0.0505
,CHECKPOINT BATCH 76270,9.6147,,,
,CHECKPOINT BATCH 76275,10.6475,,,
,CHECKPOINT BATCH 76280,9.9274,,,
,CHECKPOINT BATCH 76285,6.0258,,,
12:21:02,76289,7.3295,15.3170,5000,0.0505
,CHECKPOINT BATCH 76290,7.4429,,,
,CHECKPOINT BATCH 76295,7.6455,,,
,CHECKPOINT BATCH 76300,8.3855,,,
,CHECKPOINT BATCH 76305,12.6865,,,
12:21:04,76308,9.8905,16.2580,5000,0.0505
,CHECKPOINT BATCH 76310,13.6500,,,
,CHECKPOINT BATCH 76315,8.3252,,,
,CHECKPOINT BATCH 76320,9.2292,,,
,CHECKPOINT BATCH 76325,8.0931,,,
12:21:07,76327,8.1007,14.9225,5000,0.0505
,CHECKPOINT BATCH 76330,9.3804,,,
,CHECKPOINT BATCH 76335,7.2985,,,
,CHECKPOINT BATCH 76340,7.9004,,,
,CHECKPOINT BATCH 76345,8.3532,,,
12:21:09,76346,9.3560,13.6050,5000,0.0505
12:21:11,76347,11.3079,14.0580,5000,0.0505
,CHECKPOINT BATCH 76350,7.2216,,,
,CHECKPOINT BATCH 76355,5.9613,,,
,CHECKPOINT BATCH 76360,10.6104,,,
,CHECKPOINT BATCH 76365,8.4073,,,
12:21:13,76366,4.8713,16.9785,5000,0.0505
,CHECKPOINT BATCH 76370,6.7703,,,
,CHECKPOINT BATCH 76375,8.5310,,,
,CHECKPOINT BATCH 76380,5.4419,,,
12:21:15,76385,6.0717,19.5920,5000,0.0505
,CHECKPOINT BATCH 76385,6.0717,,,
,CHECKPOINT BATCH 76390,6.5815,,,
,CHECKPOINT BATCH 76395,7.4486,,,
,CHECKPOINT BATCH 76400,10.0134,,,
12:21:17,76404,12.6788,18.7535,5000,0.0505
,CHECKPOINT BATCH 76405,8.5560,,,
,CHECKPOINT BATCH 76410,7.2289,,,
,CHECKPOINT BATCH 76415,8.9571,,,
,CHECKPOINT BATCH 76420,15.7512,,,
12:21:19,76423,7.2523,18.9480,5000,0.0505
,CHECKPOINT BATCH 76425,9.7022,,,
,CHECKPOINT BATCH 76430,6.0875,,,
,CHECKPOINT BATCH 76435,6.1295,,,
,CHECKPOINT BATCH 76440,7.7124,,,
12:21:21,76442,6.7108,19.9075,5000,0.0505
,CHECKPOINT BATCH 76445,6.3432,,,
12:21:24,76448,5.7416,19.3135,5000,0.0505
,CHECKPOINT BATCH 76450,7.1544,,,
,CHECKPOINT BATCH 76455,8.6646,,,
,CHECKPOINT BATCH 76460,7.4430,,,
,CHECKPOINT BATCH 76465,5.9959,,,
12:21:27,76467,5.2002,17.8160,5000,0.0505
,CHECKPOINT BATCH 76470,10.7881,,,
,CHECKPOINT BATCH 76475,6.8680,,,
,CHECKPOINT BATCH 76480,9.0963,,,
,CHECKPOINT BATCH 76485,6.3813,,,
12:21:29,76486,8.6609,17.5280,5000,0.0505
,CHECKPOINT BATCH 76490,7.2152,,,
,CHECKPOINT BATCH 76495,8.7126,,,
,CHECKPOINT BATCH 76500,6.0185,,,
12:21:31,76505,7.9206,18.5985,5000,0.0505
,CHECKPOINT BATCH 76505,7.9206,,,
,CHECKPOINT BATCH 76510,6.3969,,,
,CHECKPOINT BATCH 76515,6.7434,,,
,CHECKPOINT BATCH 76520,5.0067,,,
12:21:33,76524,6.5274,20.6545,5000,0.0505
,CHECKPOINT BATCH 76525,6.4486,,,
,CHECKPOINT BATCH 76530,15.3831,,,
12:21:36,76531,11.9571,20.6310,5000,0.0505
,CHECKPOINT BATCH 76535,6.5914,,,
,CHECKPOINT BATCH 76540,13.7978,,,
,CHECKPOINT BATCH 76545,7.6296,,,
12:21:38,76550,7.3257,18.2225,5000,0.0504
,CHECKPOINT BATCH 76550,7.3257,,,
,CHECKPOINT BATCH 76555,6.7652,,,
,CHECKPOINT BATCH 76560,6.5110,,,
,CHECKPOINT BATCH 76565,6.2229,,,
12:21:40,76569,7.0729,19.4170,5000,0.0504
,CHECKPOINT BATCH 76570,9.1066,,,
,CHECKPOINT BATCH 76575,6.4894,,,
,CHECKPOINT BATCH 76580,6.0125,,,
,CHECKPOINT BATCH 76585,7.5942,,,
12:21:42,76588,6.8993,20.0200,5000,0.0504
,CHECKPOINT BATCH 76590,4.8380,,,
12:21:45,76593,9.0812,20.1660,5000,0.0504
,CHECKPOINT BATCH 76595,7.0372,,,
,CHECKPOINT BATCH 76600,10.1399,,,
,CHECKPOINT BATCH 76605,19.3424,,,
,CHECKPOINT BATCH 76610,8.7049,,,
12:21:47,76612,12.3697,19.5095,5000,0.0504
,CHECKPOINT BATCH 76615,9.1201,,,
,CHECKPOINT BATCH 76620,5.9573,,,
,CHECKPOINT BATCH 76625,7.0983,,,
,CHECKPOINT BATCH 76630,8.7063,,,
12:21:49,76631,4.9098,19.6900,5000,0.0504
,CHECKPOINT BATCH 76635,6.6958,,,
,CHECKPOINT BATCH 76640,14.9196,,,
,CHECKPOINT BATCH 76645,6.6084,,,
12:21:51,76650,7.6532,22.4425,5000,0.0504
,CHECKPOINT BATCH 76650,7.6532,,,
,CHECKPOINT BATCH 76655,8.8524,,,
,CHECKPOINT BATCH 76660,6.8064,,,
,CHECKPOINT BATCH 76665,5.2237,,,
12:21:53,76669,6.8114,21.5495,5000,0.0504
,CHECKPOINT BATCH 76670,7.3990,,,
,CHECKPOINT BATCH 76675,9.2143,,,
,CHECKPOINT BATCH 76680,6.2998,,,
,CHECKPOINT BATCH 76685,7.6548,,,
12:21:58,76687,6.9798,20.6290,5000,0.0504
,CHECKPOINT BATCH 76690,6.5609,,,
,CHECKPOINT BATCH 76695,10.7123,,,
,CHECKPOINT BATCH 76700,9.6882,,,
,CHECKPOINT BATCH 76705,8.7282,,,
12:22:00,76706,8.6851,17.9305,5000,0.0504
,CHECKPOINT BATCH 76710,5.8813,,,
,CHECKPOINT BATCH 76715,4.7033,,,
,CHECKPOINT BATCH 76720,8.3508,,,
12:22:02,76725,7.3203,19.4865,5000,0.0504
,CHECKPOINT BATCH 76725,7.3203,,,
,CHECKPOINT BATCH 76730,12.1443,,,
,CHECKPOINT BATCH 76735,7.1545,,,
,CHECKPOINT BATCH 76740,15.2622,,,
12:22:04,76744,8.2905,21.3365,5000,0.0504
,CHECKPOINT BATCH 76745,6.8954,,,
12:22:07,76747,10.4239,20.8720,5000,0.0504
,CHECKPOINT BATCH 76750,6.4894,,,
,CHECKPOINT BATCH 76755,7.2219,,,
,CHECKPOINT BATCH 76760,9.4689,,,
,CHECKPOINT BATCH 76765,11.8783,,,
12:22:09,76766,7.2183,18.0865,5000,0.0504
,CHECKPOINT BATCH 76770,6.6310,,,
,CHECKPOINT BATCH 76775,9.3607,,,
,CHECKPOINT BATCH 76780,6.8764,,,
12:22:11,76784,7.6049,19.5865,5000,0.0504
,CHECKPOINT BATCH 76785,7.0132,,,
,CHECKPOINT BATCH 76790,6.9868,,,
,CHECKPOINT BATCH 76795,6.7120,,,
,CHECKPOINT BATCH 76800,8.4480,,,
12:22:13,76803,8.0925,23.6270,5000,0.0504
,CHECKPOINT BATCH 76805,10.4597,,,
,CHECKPOINT BATCH 76810,7.9299,,,
,CHECKPOINT BATCH 76815,7.1782,,,
,CHECKPOINT BATCH 76820,7.3083,,,
12:22:17,76821,15.3455,21.1665,5000,0.0504
,CHECKPOINT BATCH 76825,7.3201,,,
,CHECKPOINT BATCH 76830,8.8487,,,
,CHECKPOINT BATCH 76835,9.1989,,,
12:22:19,76840,7.1323,19.1775,5000,0.0504
,CHECKPOINT BATCH 76840,7.1323,,,
,CHECKPOINT BATCH 76845,17.4090,,,
,CHECKPOINT BATCH 76850,7.4379,,,
,CHECKPOINT BATCH 76855,6.0178,,,
12:22:21,76859,6.3503,22.2815,5000,0.0504
,CHECKPOINT BATCH 76860,4.6435,,,
,CHECKPOINT BATCH 76865,8.0401,,,
,CHECKPOINT BATCH 76870,9.9348,,,
,CHECKPOINT BATCH 76875,7.8598,,,
12:22:23,76878,13.4399,21.8095,5000,0.0504
,CHECKPOINT BATCH 76880,10.6870,,,
,CHECKPOINT BATCH 76885,6.4596,,,
,CHECKPOINT BATCH 76890,8.7637,,,
,CHECKPOINT BATCH 76895,14.2228,,,
12:22:25,76897,9.7658,19.1850,5000,0.0504
,CHECKPOINT BATCH 76900,9.7646,,,
,CHECKPOINT BATCH 76905,8.2413,,,
,CHECKPOINT BATCH 76910,10.0020,,,
,CHECKPOINT BATCH 76915,6.9562,,,
12:22:28,76916,8.7133,17.7125,5000,0.0504
,CHECKPOINT BATCH 76920,11.1191,,,
,CHECKPOINT BATCH 76925,15.7446,,,
12:22:31,76927,12.5314,18.3385,5000,0.0504
,CHECKPOINT BATCH 76930,7.1841,,,
,CHECKPOINT BATCH 76935,8.9905,,,
,CHECKPOINT BATCH 76940,8.9464,,,
,CHECKPOINT BATCH 76945,6.5585,,,
12:22:33,76946,6.4463,17.4085,5000,0.0504
,CHECKPOINT BATCH 76950,8.6266,,,
12:22:36,76953,8.1342,16.7715,5000,0.0504
,CHECKPOINT BATCH 76955,15.8404,,,
,CHECKPOINT BATCH 76960,13.2963,,,
,CHECKPOINT BATCH 76965,10.7237,,,
,CHECKPOINT BATCH 76970,9.1731,,,
12:22:38,76972,7.8306,15.6765,5000,0.0504
,CHECKPOINT BATCH 76975,6.7993,,,
,CHECKPOINT BATCH 76980,6.8174,,,
,CHECKPOINT BATCH 76985,5.9476,,,
,CHECKPOINT BATCH 76990,10.8313,,,
12:22:40,76991,7.6150,16.7485,5000,0.0504
,CHECKPOINT BATCH 76995,10.0731,,,
,CHECKPOINT BATCH 77000,9.8108,,,
,CHECKPOINT BATCH 77005,4.3596,,,
12:22:43,77010,7.6185,19.1840,5000,0.0504
,CHECKPOINT BATCH 77010,7.6185,,,
12:22:45,77014,10.1515,19.0090,5000,0.0504
,CHECKPOINT BATCH 77015,10.0464,,,
,CHECKPOINT BATCH 77020,8.3762,,,
,CHECKPOINT BATCH 77025,7.8953,,,
,CHECKPOINT BATCH 77030,7.0207,,,
12:22:47,77033,9.0281,20.3235,5000,0.0504
,CHECKPOINT BATCH 77035,9.0197,,,
,CHECKPOINT BATCH 77040,5.1857,,,
,CHECKPOINT BATCH 77045,7.3501,,,
,CHECKPOINT BATCH 77050,6.2521,,,
12:22:49,77052,7.0512,20.3275,5000,0.0504
,CHECKPOINT BATCH 77055,5.9859,,,
,CHECKPOINT BATCH 77060,4.9916,,,
,CHECKPOINT BATCH 77065,6.9214,,,
,CHECKPOINT BATCH 77070,11.4909,,,
12:22:52,77071,12.4209,21.1225,5000,0.0504
,CHECKPOINT BATCH 77075,7.9412,,,
,CHECKPOINT BATCH 77080,8.6261,,,
,CHECKPOINT BATCH 77085,9.0201,,,
12:22:54,77090,7.7301,20.6940,5000,0.0504
,CHECKPOINT BATCH 77090,7.7301,,,
,CHECKPOINT BATCH 77095,11.6153,,,
,CHECKPOINT BATCH 77100,8.3010,,,
,CHECKPOINT BATCH 77105,7.7312,,,
12:22:56,77109,6.5205,19.1745,5000,0.0504
,CHECKPOINT BATCH 77110,9.3286,,,
12:22:59,77114,6.1494,20.0340,5000,0.0504
,CHECKPOINT BATCH 77115,8.1947,,,
,CHECKPOINT BATCH 77120,8.4550,,,
,CHECKPOINT BATCH 77125,9.8112,,,
,CHECKPOINT BATCH 77130,7.6076,,,
12:23:01,77133,8.7936,18.2205,5000,0.0504
,CHECKPOINT BATCH 77135,6.2768,,,
,CHECKPOINT BATCH 77140,12.0865,,,
,CHECKPOINT BATCH 77145,8.5590,,,
,CHECKPOINT BATCH 77150,7.0144,,,
12:23:03,77152,8.8316,18.7175,5000,0.0504
,CHECKPOINT BATCH 77155,10.2066,,,
,CHECKPOINT BATCH 77160,10.8174,,,
,CHECKPOINT BATCH 77165,7.9755,,,
,CHECKPOINT BATCH 77170,9.8566,,,
12:23:05,77171,7.6487,19.2715,5000,0.0504
,CHECKPOINT BATCH 77175,9.0456,,,
,CHECKPOINT BATCH 77180,7.0643,,,
,CHECKPOINT BATCH 77185,7.6192,,,
12:23:07,77190,13.6629,17.9065,5000,0.0504
,CHECKPOINT BATCH 77190,13.6629,,,
,CHECKPOINT BATCH 77195,9.1762,,,
,CHECKPOINT BATCH 77200,8.7653,,,
,CHECKPOINT BATCH 77205,7.0820,,,
12:23:09,77209,7.5928,17.7615,5000,0.0504
,CHECKPOINT BATCH 77210,9.9956,,,
,CHECKPOINT BATCH 77215,8.2333,,,
,CHECKPOINT BATCH 77220,8.4446,,,
,CHECKPOINT BATCH 77225,6.3596,,,
12:23:13,77226,7.7616,20.1780,5000,0.0504
,CHECKPOINT BATCH 77230,7.1862,,,
,CHECKPOINT BATCH 77235,10.5569,,,
,CHECKPOINT BATCH 77240,11.4954,,,
12:23:15,77245,6.9388,19.8600,5000,0.0504
,CHECKPOINT BATCH 77245,6.9388,,,
,CHECKPOINT BATCH 77250,6.4657,,,
,CHECKPOINT BATCH 77255,13.4927,,,
,CHECKPOINT BATCH 77260,6.0404,,,
12:23:17,77264,11.4497,20.1710,5000,0.0504
,CHECKPOINT BATCH 77265,8.4424,,,
,CHECKPOINT BATCH 77270,7.8230,,,
,CHECKPOINT BATCH 77275,13.9036,,,
,CHECKPOINT BATCH 77280,8.8706,,,
12:23:19,77283,7.0832,20.8180,5000,0.0504
,CHECKPOINT BATCH 77285,10.4975,,,
,CHECKPOINT BATCH 77290,10.1204,,,
,CHECKPOINT BATCH 77295,10.9177,,,
,CHECKPOINT BATCH 77300,7.4760,,,
12:23:22,77302,6.7647,20.8265,5000,0.0504
,CHECKPOINT BATCH 77305,5.0188,,,
,CHECKPOINT BATCH 77310,13.6875,,,
,CHECKPOINT BATCH 77315,10.9980,,,
,CHECKPOINT BATCH 77320,8.4839,,,
12:23:24,77321,9.2171,20.3830,5000,0.0504
12:23:26,77325,6.1672,20.6850,5000,0.0504
,CHECKPOINT BATCH 77325,6.1672,,,
,CHECKPOINT BATCH 77330,9.8717,,,
,CHECKPOINT BATCH 77335,14.1124,,,
,CHECKPOINT BATCH 77340,7.4239,,,
12:23:28,77344,10.2617,19.9620,5000,0.0504
,CHECKPOINT BATCH 77345,9.8604,,,
,CHECKPOINT BATCH 77350,6.5628,,,
,CHECKPOINT BATCH 77355,7.2438,,,
,CHECKPOINT BATCH 77360,8.5161,,,
12:23:31,77363,9.3216,20.4340,5000,0.0504
,CHECKPOINT BATCH 77365,6.8064,,,
,CHECKPOINT BATCH 77370,6.6857,,,
,CHECKPOINT BATCH 77375,10.8621,,,
12:23:34,77377,8.7276,20.7050,5000,0.0504
,CHECKPOINT BATCH 77380,20.4678,,,
,CHECKPOINT BATCH 77385,13.6728,,,
,CHECKPOINT BATCH 77390,7.4841,,,
,CHECKPOINT BATCH 77395,6.1016,,,
12:23:37,77396,6.5402,20.5010,5000,0.0504
,CHECKPOINT BATCH 77400,9.0231,,,
,CHECKPOINT BATCH 77405,8.3101,,,
,CHECKPOINT BATCH 77410,6.1683,,,
12:23:41,77415,9.3788,21.9865,5000,0.0504
,CHECKPOINT BATCH 77415,9.3788,,,
,CHECKPOINT BATCH 77420,9.8355,,,
,CHECKPOINT BATCH 77425,9.3156,,,
,CHECKPOINT BATCH 77430,8.8129,,,
12:23:43,77434,7.2642,18.9700,5000,0.0504
,CHECKPOINT BATCH 77435,7.8957,,,
,CHECKPOINT BATCH 77440,7.0466,,,
,CHECKPOINT BATCH 77445,17.6203,,,
,CHECKPOINT BATCH 77450,10.4825,,,
12:23:45,77453,8.8096,19.6810,5000,0.0504
,CHECKPOINT BATCH 77455,7.3264,,,
,CHECKPOINT BATCH 77460,5.5122,,,
12:23:49,77465,10.7620,18.2895,5000,0.0504
,CHECKPOINT BATCH 77465,10.7620,,,
,CHECKPOINT BATCH 77470,7.7206,,,
,CHECKPOINT BATCH 77475,6.3388,,,
,CHECKPOINT BATCH 77480,8.3523,,,
12:23:51,77484,14.1316,15.9895,5000,0.0504
,CHECKPOINT BATCH 77485,10.2597,,,
,CHECKPOINT BATCH 77490,7.8301,,,
,CHECKPOINT BATCH 77495,10.5731,,,
,CHECKPOINT BATCH 77500,8.3093,,,
12:23:53,77503,8.2921,16.9060,5000,0.0504
,CHECKPOINT BATCH 77505,6.4463,,,
,CHECKPOINT BATCH 77510,8.0795,,,
12:23:56,77512,5.1888,15.8580,5000,0.0504
,CHECKPOINT BATCH 77515,8.1061,,,
,CHECKPOINT BATCH 77520,9.3753,,,
,CHECKPOINT BATCH 77525,8.4763,,,
,CHECKPOINT BATCH 77530,13.3528,,,
12:23:58,77531,8.4204,18.1440,5000,0.0504
,CHECKPOINT BATCH 77535,8.5385,,,
,CHECKPOINT BATCH 77540,8.4903,,,
,CHECKPOINT BATCH 77545,6.3460,,,
12:24:00,77550,5.6887,17.4040,5000,0.0504
,CHECKPOINT BATCH 77550,5.6887,,,
,CHECKPOINT BATCH 77555,9.4003,,,
,CHECKPOINT BATCH 77560,10.1426,,,
,CHECKPOINT BATCH 77565,10.6312,,,
12:24:03,77569,4.7465,19.4195,5000,0.0504
,CHECKPOINT BATCH 77570,8.8404,,,
,CHECKPOINT BATCH 77575,8.2542,,,
,CHECKPOINT BATCH 77580,7.1863,,,
,CHECKPOINT BATCH 77585,13.5035,,,
12:24:05,77588,11.1875,19.8955,5000,0.0504
,CHECKPOINT BATCH 77590,7.8852,,,
,CHECKPOINT BATCH 77595,12.0814,,,
,CHECKPOINT BATCH 77600,9.8298,,,
,CHECKPOINT BATCH 77605,7.1565,,,
12:24:07,77607,6.3068,19.1785,5000,0.0504
12:24:09,77610,9.9844,19.8760,5000,0.0504
,CHECKPOINT BATCH 77610,9.9844,,,
,CHECKPOINT BATCH 77615,9.2901,,,
,CHECKPOINT BATCH 77620,10.4723,,,
,CHECKPOINT BATCH 77625,12.7887,,,
12:24:11,77629,6.8293,18.0660,5000,0.0504
,CHECKPOINT BATCH 77630,9.5756,,,
,CHECKPOINT BATCH 77635,7.6941,,,
,CHECKPOINT BATCH 77640,7.4348,,,
,CHECKPOINT BATCH 77645,6.9105,,,
12:24:13,77648,5.6054,18.1990,5000,0.0504
,CHECKPOINT BATCH 77650,9.1954,,,
,CHECKPOINT BATCH 77655,11.0223,,,
,CHECKPOINT BATCH 77660,29.3545,,,
,CHECKPOINT BATCH 77665,10.8022,,,
12:24:16,77667,9.8960,17.7270,5000,0.0504
,CHECKPOINT BATCH 77670,7.8826,,,
,CHECKPOINT BATCH 77675,6.3870,,,
,CHECKPOINT BATCH 77680,8.2477,,,
,CHECKPOINT BATCH 77685,8.4310,,,
12:24:18,77686,10.0392,18.6770,5000,0.0504
,CHECKPOINT BATCH 77690,7.0653,,,
,CHECKPOINT BATCH 77695,6.5736,,,
,CHECKPOINT BATCH 77700,17.0938,,,
12:24:22,77704,5.6757,19.4295,5000,0.0504
,CHECKPOINT BATCH 77705,9.0906,,,
,CHECKPOINT BATCH 77710,12.4101,,,
,CHECKPOINT BATCH 77715,8.4954,,,
,CHECKPOINT BATCH 77720,8.0710,,,
12:24:24,77723,8.4628,22.2200,5000,0.0504
,CHECKPOINT BATCH 77725,9.1657,,,
,CHECKPOINT BATCH 77730,9.7062,,,
,CHECKPOINT BATCH 77735,6.1548,,,
,CHECKPOINT BATCH 77740,10.0140,,,
12:24:26,77742,9.5220,23.3160,5000,0.0504
,CHECKPOINT BATCH 77745,8.7257,,,
,CHECKPOINT BATCH 77750,7.6450,,,
,CHECKPOINT BATCH 77755,7.4843,,,
,CHECKPOINT BATCH 77760,9.5539,,,
12:24:28,77761,20.5482,23.3500,5000,0.0504
,CHECKPOINT BATCH 77765,10.2949,,,
,CHECKPOINT BATCH 77770,4.7098,,,
,CHECKPOINT BATCH 77775,7.3008,,,
12:24:30,77780,15.9173,22.1290,5000,0.0504
,CHECKPOINT BATCH 77780,15.9173,,,
,CHECKPOINT BATCH 77785,6.3336,,,
,CHECKPOINT BATCH 77790,8.8267,,,
12:24:34,77791,7.7614,22.8230,5000,0.0504
,CHECKPOINT BATCH 77795,7.3989,,,
,CHECKPOINT BATCH 77800,11.4560,,,
,CHECKPOINT BATCH 77805,11.1764,,,
12:24:36,77810,13.0138,22.7865,5000,0.0504
,CHECKPOINT BATCH 77810,13.0138,,,
,CHECKPOINT BATCH 77815,6.7123,,,
,CHECKPOINT BATCH 77820,8.2027,,,
,CHECKPOINT BATCH 77825,7.1876,,,
12:24:38,77828,7.9767,22.3675,5000,0.0504
,CHECKPOINT BATCH 77830,9.5856,,,
,CHECKPOINT BATCH 77835,10.9033,,,
,CHECKPOINT BATCH 77840,7.8789,,,
,CHECKPOINT BATCH 77845,6.2448,,,
12:24:40,77847,10.8384,20.3505,5000,0.0504
,CHECKPOINT BATCH 77850,7.6502,,,
,CHECKPOINT BATCH 77855,10.3870,,,
,CHECKPOINT BATCH 77860,6.0286,,,
,CHECKPOINT BATCH 77865,11.1308,,,
12:24:42,77866,6.1532,20.2070,5000,0.0504
,CHECKPOINT BATCH 77870,7.4363,,,
,CHECKPOINT BATCH 77875,8.7777,,,
,CHECKPOINT BATCH 77880,9.5537,,,
12:24:44,77885,6.9361,20.4905,5000,0.0504
,CHECKPOINT BATCH 77885,6.9361,,,
12:24:47,77888,12.5606,21.1820,5000,0.0504
,CHECKPOINT BATCH 77890,5.8449,,,
,CHECKPOINT BATCH 77895,5.4385,,,
,CHECKPOINT BATCH 77900,10.4432,,,
,CHECKPOINT BATCH 77905,7.5579,,,
12:24:49,77907,5.9767,17.1610,5000,0.0504
,CHECKPOINT BATCH 77910,8.1062,,,
,CHECKPOINT BATCH 77915,9.8523,,,
,CHECKPOINT BATCH 77920,7.1297,,,
,CHECKPOINT BATCH 77925,6.4408,,,
12:24:51,77926,10.1126,17.6120,5000,0.0504
,CHECKPOINT BATCH 77930,8.0154,,,
,CHECKPOINT BATCH 77935,6.8643,,,
,CHECKPOINT BATCH 77940,6.8870,,,
12:24:53,77945,4.4653,19.9270,5000,0.0504
,CHECKPOINT BATCH 77945,4.4653,,,
12:24:56,77950,5.9446,20.0510,5000,0.0504
,CHECKPOINT BATCH 77950,5.9446,,,
,CHECKPOINT BATCH 77955,7.7682,,,
,CHECKPOINT BATCH 77960,7.8687,,,
,CHECKPOINT BATCH 77965,4.1284,,,
12:24:58,77969,7.0075,20.1800,5000,0.0504
,CHECKPOINT BATCH 77970,7.5644,,,
,CHECKPOINT BATCH 77975,6.7797,,,
,CHECKPOINT BATCH 77980,16.5059,,,
,CHECKPOINT BATCH 77985,7.9263,,,
12:25:00,77988,7.3511,21.3355,5000,0.0504
,CHECKPOINT BATCH 77990,7.9987,,,
,CHECKPOINT BATCH 77995,6.6676,,,
,CHECKPOINT BATCH 78000,5.4346,,,
12:25:04,78001,10.4997,25.1500,5000,0.0504
,CHECKPOINT BATCH 78005,8.9908,,,
,CHECKPOINT BATCH 78010,5.5188,,,
,CHECKPOINT BATCH 78015,10.4890,,,
12:25:06,78020,4.5517,23.7405,5000,0.0504
,CHECKPOINT BATCH 78020,4.5517,,,
,CHECKPOINT BATCH 78025,6.5846,,,
,CHECKPOINT BATCH 78030,18.3439,,,
,CHECKPOINT BATCH 78035,6.4855,,,
12:25:08,78039,5.7386,22.4865,5000,0.0504
,CHECKPOINT BATCH 78040,7.0609,,,
,CHECKPOINT BATCH 78045,13.3232,,,
,CHECKPOINT BATCH 78050,6.5835,,,
,CHECKPOINT BATCH 78055,10.3398,,,
12:25:10,78058,6.6738,22.9585,5000,0.0504
,CHECKPOINT BATCH 78060,7.4009,,,
,CHECKPOINT BATCH 78065,8.7123,,,
,CHECKPOINT BATCH 78070,5.5356,,,
,CHECKPOINT BATCH 78075,5.2559,,,
12:25:12,78077,11.8531,22.0105,5000,0.0504
,CHECKPOINT BATCH 78080,8.4754,,,
,CHECKPOINT BATCH 78085,7.9598,,,
12:25:16,78086,9.6386,20.7610,5000,0.0504
,CHECKPOINT BATCH 78090,7.6794,,,
,CHECKPOINT BATCH 78095,10.2783,,,
,CHECKPOINT BATCH 78100,9.5949,,,
12:25:18,78105,12.8754,17.7255,5000,0.0504
,CHECKPOINT BATCH 78105,12.8754,,,
,CHECKPOINT BATCH 78110,10.2816,,,
,CHECKPOINT BATCH 78115,8.1793,,,
,CHECKPOINT BATCH 78120,6.8444,,,
12:25:20,78124,6.1726,18.8340,5000,0.0504
,CHECKPOINT BATCH 78125,9.0866,,,
,CHECKPOINT BATCH 78130,12.6790,,,
,CHECKPOINT BATCH 78135,7.1674,,,
,CHECKPOINT BATCH 78140,7.8302,,,
12:25:22,78143,7.2049,18.6890,5000,0.0504
,CHECKPOINT BATCH 78145,18.1735,,,
,CHECKPOINT BATCH 78150,6.9360,,,
,CHECKPOINT BATCH 78155,7.0955,,,
,CHECKPOINT BATCH 78160,9.4996,,,
12:25:24,78162,7.5931,18.2460,5000,0.0504
,CHECKPOINT BATCH 78165,5.6733,,,
,CHECKPOINT BATCH 78170,10.2752,,,
,CHECKPOINT BATCH 78175,7.4861,,,
,CHECKPOINT BATCH 78180,9.8486,,,
12:25:26,78181,7.2231,17.5065,5000,0.0504
,CHECKPOINT BATCH 78185,4.8820,,,
,CHECKPOINT BATCH 78190,8.2831,,,
,CHECKPOINT BATCH 78195,8.4237,,,
12:25:30,78196,7.1088,20.0450,5000,0.0504
,CHECKPOINT BATCH 78200,11.9773,,,
,CHECKPOINT BATCH 78205,7.7682,,,
,CHECKPOINT BATCH 78210,10.3456,,,
12:25:32,78215,5.5865,18.0890,5000,0.0504
,CHECKPOINT BATCH 78215,5.5865,,,
,CHECKPOINT BATCH 78220,9.9449,,,
,CHECKPOINT BATCH 78225,7.9019,,,
,CHECKPOINT BATCH 78230,8.5487,,,
12:25:34,78234,6.9458,18.4270,5000,0.0504
,CHECKPOINT BATCH 78235,7.4917,,,
,CHECKPOINT BATCH 78240,7.6906,,,
,CHECKPOINT BATCH 78245,8.5537,,,
,CHECKPOINT BATCH 78250,9.4205,,,
12:25:36,78253,11.0798,18.4340,5000,0.0504
,CHECKPOINT BATCH 78255,7.7453,,,
,CHECKPOINT BATCH 78260,5.9545,,,
,CHECKPOINT BATCH 78265,9.0455,,,
,CHECKPOINT BATCH 78270,9.2662,,,
12:25:38,78272,6.1949,17.6575,5000,0.0504
,CHECKPOINT BATCH 78275,9.1809,,,
,CHECKPOINT BATCH 78280,8.8490,,,
,CHECKPOINT BATCH 78285,7.3775,,,
,CHECKPOINT BATCH 78290,6.7014,,,
12:25:40,78291,7.9472,17.9540,5000,0.0504
12:25:43,78293,8.0470,17.6465,5000,0.0504
,CHECKPOINT BATCH 78295,5.7957,,,
,CHECKPOINT BATCH 78300,11.2975,,,
,CHECKPOINT BATCH 78305,7.7206,,,
,CHECKPOINT BATCH 78310,7.0680,,,
12:25:45,78312,7.1531,16.4615,5000,0.0504
,CHECKPOINT BATCH 78315,6.0339,,,
,CHECKPOINT BATCH 78320,10.6594,,,
,CHECKPOINT BATCH 78325,4.1092,,,
,CHECKPOINT BATCH 78330,10.6961,,,
12:25:47,78331,11.8832,17.0225,5000,0.0504
,CHECKPOINT BATCH 78335,6.4045,,,
,CHECKPOINT BATCH 78340,16.2653,,,
,CHECKPOINT BATCH 78345,7.2969,,,
12:25:49,78350,7.2006,18.3595,5000,0.0504
,CHECKPOINT BATCH 78350,7.2006,,,
12:25:52,78351,6.6873,18.0605,5000,0.0504
,CHECKPOINT BATCH 78355,9.0635,,,
,CHECKPOINT BATCH 78360,9.9739,,,
,CHECKPOINT BATCH 78365,6.3077,,,
12:25:54,78370,10.7567,19.1585,5000,0.0504
,CHECKPOINT BATCH 78370,10.7567,,,
,CHECKPOINT BATCH 78375,5.4014,,,
,CHECKPOINT BATCH 78380,5.6879,,,
,CHECKPOINT BATCH 78385,6.6714,,,
12:25:56,78389,7.0417,20.8495,5000,0.0504
,CHECKPOINT BATCH 78390,8.1521,,,
,CHECKPOINT BATCH 78395,8.0932,,,
,CHECKPOINT BATCH 78400,14.5386,,,
,CHECKPOINT BATCH 78405,6.1294,,,
12:25:58,78408,6.8130,23.9045,5000,0.0504
,CHECKPOINT BATCH 78410,9.3040,,,
,CHECKPOINT BATCH 78415,9.5498,,,
,CHECKPOINT BATCH 78420,4.3115,,,
,CHECKPOINT BATCH 78425,7.5124,,,
12:26:00,78427,7.5278,22.5605,5000,0.0504
12:26:03,78430,7.7731,21.9470,5000,0.0504
,CHECKPOINT BATCH 78430,7.7731,,,
,CHECKPOINT BATCH 78435,7.0851,,,
,CHECKPOINT BATCH 78440,6.6156,,,
,CHECKPOINT BATCH 78445,8.3780,,,
12:26:05,78449,6.7586,17.6685,5000,0.0504
,CHECKPOINT BATCH 78450,7.4505,,,
,CHECKPOINT BATCH 78455,13.3253,,,
,CHECKPOINT BATCH 78460,11.5175,,,
,CHECKPOINT BATCH 78465,8.2591,,,
12:26:07,78468,11.9690,19.9110,5000,0.0504
,CHECKPOINT BATCH 78470,8.6297,,,
,CHECKPOINT BATCH 78475,7.9737,,,
,CHECKPOINT BATCH 78480,10.8618,,,
,CHECKPOINT BATCH 78485,9.7639,,,
12:26:09,78487,6.6783,20.2120,5000,0.0504
,CHECKPOINT BATCH 78490,7.6224,,,
,CHECKPOINT BATCH 78495,6.4067,,,
,CHECKPOINT BATCH 78500,8.5019,,,
,CHECKPOINT BATCH 78505,7.3406,,,
12:26:11,78506,7.0023,19.4560,5000,0.0504
,CHECKPOINT BATCH 78510,7.5714,,,
,CHECKPOINT BATCH 78515,6.3863,,,
12:26:15,78520,13.8293,18.0875,5000,0.0504
,CHECKPOINT BATCH 78520,13.8293,,,
,CHECKPOINT BATCH 78525,5.6816,,,
,CHECKPOINT BATCH 78530,6.1456,,,
,CHECKPOINT BATCH 78535,8.1181,,,
12:26:17,78539,6.8097,18.2505,5000,0.0504
,CHECKPOINT BATCH 78540,6.9549,,,
,CHECKPOINT BATCH 78545,11.0391,,,
,CHECKPOINT BATCH 78550,15.3134,,,
,CHECKPOINT BATCH 78555,8.1612,,,
12:26:19,78558,9.0593,18.2445,5000,0.0504
,CHECKPOINT BATCH 78560,9.9151,,,
,CHECKPOINT BATCH 78565,7.8177,,,
,CHECKPOINT BATCH 78570,9.9557,,,
,CHECKPOINT BATCH 78575,8.6785,,,
12:26:21,78577,10.6324,17.7855,5000,0.0504
,CHECKPOINT BATCH 78580,8.8573,,,
,CHECKPOINT BATCH 78585,16.2403,,,
12:26:25,78589,8.9443,17.1845,5000,0.0504
,CHECKPOINT BATCH 78590,6.1703,,,
,CHECKPOINT BATCH 78595,8.8501,,,
,CHECKPOINT BATCH 78600,10.9704,,,
,CHECKPOINT BATCH 78605,11.2004,,,
12:26:27,78608,8.4418,17.3115,5000,0.0504
,CHECKPOINT BATCH 78610,12.2561,,,
,CHECKPOINT BATCH 78615,8.9306,,,
,CHECKPOINT BATCH 78620,8.0037,,,
,CHECKPOINT BATCH 78625,9.3691,,,
12:26:29,78627,8.2593,19.5620,5000,0.0504
,CHECKPOINT BATCH 78630,5.2862,,,
,CHECKPOINT BATCH 78635,8.2483,,,
,CHECKPOINT BATCH 78640,8.1014,,,
,CHECKPOINT BATCH 78645,13.4411,,,
12:26:31,78646,7.3626,19.1085,5000,0.0504
,CHECKPOINT BATCH 78650,10.1807,,,
,CHECKPOINT BATCH 78655,9.3500,,,
,CHECKPOINT BATCH 78660,7.2811,,,
12:26:33,78665,8.6349,18.6615,5000,0.0504
,CHECKPOINT BATCH 78665,8.6349,,,
,CHECKPOINT BATCH 78670,13.2268,,,
,CHECKPOINT BATCH 78675,7.7986,,,
,CHECKPOINT BATCH 78680,9.7522,,,
12:26:35,78684,8.0713,17.1505,5000,0.0504
,CHECKPOINT BATCH 78685,8.9921,,,
,CHECKPOINT BATCH 78690,13.7794,,,
,CHECKPOINT BATCH 78695,8.4030,,,
12:26:39,78700,6.4864,18.5945,5000,0.0504
,CHECKPOINT BATCH 78700,6.4864,,,
,CHECKPOINT BATCH 78705,6.6354,,,
,CHECKPOINT BATCH 78710,6.8296,,,
,CHECKPOINT BATCH 78715,6.0607,,,
12:26:41,78719,11.1281,16.1815,5000,0.0504
,CHECKPOINT BATCH 78720,7.9855,,,
,CHECKPOINT BATCH 78725,8.4935,,,
,CHECKPOINT BATCH 78730,5.5291,,,
,CHECKPOINT BATCH 78735,6.9362,,,
12:26:43,78737,9.3315,17.5595,5000,0.0504
,CHECKPOINT BATCH 78740,5.7720,,,
,CHECKPOINT BATCH 78745,6.0358,,,
,CHECKPOINT BATCH 78750,12.9269,,,
,CHECKPOINT BATCH 78755,8.0650,,,
12:26:45,78756,10.6415,20.1720,5000,0.0504
12:26:48,78760,8.4751,20.0090,5000,0.0504
,CHECKPOINT BATCH 78760,8.4751,,,
,CHECKPOINT BATCH 78765,6.8026,,,
,CHECKPOINT BATCH 78770,10.0373,,,
,CHECKPOINT BATCH 78775,7.1124,,,
12:26:50,78779,5.9758,20.1565,5000,0.0504
,CHECKPOINT BATCH 78780,9.6984,,,
,CHECKPOINT BATCH 78785,9.1406,,,
,CHECKPOINT BATCH 78790,9.6910,,,
,CHECKPOINT BATCH 78795,7.4538,,,
12:26:52,78798,9.4331,21.5445,5000,0.0504
,CHECKPOINT BATCH 78800,6.6762,,,
,CHECKPOINT BATCH 78805,9.2908,,,
,CHECKPOINT BATCH 78810,6.4091,,,
,CHECKPOINT BATCH 78815,7.9766,,,
12:26:57,78817,7.2550,24.3440,5000,0.0504
,CHECKPOINT BATCH 78820,7.9120,,,
,CHECKPOINT BATCH 78825,6.5042,,,
,CHECKPOINT BATCH 78830,7.0960,,,
,CHECKPOINT BATCH 78835,8.7886,,,
12:26:59,78836,8.0419,23.7055,5000,0.0504
,CHECKPOINT BATCH 78840,6.9022,,,
,CHECKPOINT BATCH 78845,7.1102,,,
,CHECKPOINT BATCH 78850,7.8246,,,
12:27:01,78855,7.2256,23.2205,5000,0.0504
,CHECKPOINT BATCH 78855,7.2256,,,
,CHECKPOINT BATCH 78860,5.5779,,,
,CHECKPOINT BATCH 78865,6.6533,,,
,CHECKPOINT BATCH 78870,5.7638,,,
12:27:03,78873,7.2954,25.4880,5000,0.0504
12:27:06,78875,8.8222,25.0260,5000,0.0504
,CHECKPOINT BATCH 78875,8.8222,,,
,CHECKPOINT BATCH 78880,6.1028,,,
,CHECKPOINT BATCH 78885,8.3502,,,
,CHECKPOINT BATCH 78890,8.7581,,,
12:27:08,78894,11.7292,23.3495,5000,0.0504
,CHECKPOINT BATCH 78895,8.1148,,,
,CHECKPOINT BATCH 78900,8.8394,,,
,CHECKPOINT BATCH 78905,7.6153,,,
,CHECKPOINT BATCH 78910,10.2479,,,
12:27:10,78913,9.5548,22.9240,5000,0.0504
,CHECKPOINT BATCH 78915,8.2084,,,
,CHECKPOINT BATCH 78920,7.2537,,,
,CHECKPOINT BATCH 78925,7.8291,,,
,CHECKPOINT BATCH 78930,13.5849,,,
12:27:12,78932,10.4797,22.4005,5000,0.0504
,CHECKPOINT BATCH 78935,8.8952,,,
,CHECKPOINT BATCH 78940,7.4001,,,
,CHECKPOINT BATCH 78945,7.6912,,,
,CHECKPOINT BATCH 78950,10.3946,,,
12:27:16,78951,5.4957,20.7545,5000,0.0504
,CHECKPOINT BATCH 78955,10.2653,,,
,CHECKPOINT BATCH 78960,15.6708,,,
,CHECKPOINT BATCH 78965,5.9296,,,
12:27:18,78970,10.6618,16.0315,5000,0.0504
,CHECKPOINT BATCH 78970,10.6618,,,
,CHECKPOINT BATCH 78975,7.9954,,,
,CHECKPOINT BATCH 78980,7.5926,,,
,CHECKPOINT BATCH 78985,13.1098,,,
12:27:20,78989,10.6777,18.4700,5000,0.0504
,CHECKPOINT BATCH 78990,9.4942,,,
,CHECKPOINT BATCH 78995,6.1224,,,
,CHECKPOINT BATCH 79000,7.1124,,,
,CHECKPOINT BATCH 79005,6.9215,,,
12:27:22,79008,6.8247,19.6900,5000,0.0504
,CHECKPOINT BATCH 79010,13.1012,,,
12:27:25,79012,9.7808,19.0770,5000,0.0504
,CHECKPOINT BATCH 79015,8.3465,,,
,CHECKPOINT BATCH 79020,13.3192,,,
,CHECKPOINT BATCH 79025,5.9101,,,
12:27:27,79030,6.7994,18.7325,5000,0.0504
,CHECKPOINT BATCH 79030,6.7994,,,
,CHECKPOINT BATCH 79035,6.1972,,,
,CHECKPOINT BATCH 79040,8.2165,,,
,CHECKPOINT BATCH 79045,7.9237,,,
12:27:29,79049,7.0707,19.9460,5000,0.0504
,CHECKPOINT BATCH 79050,6.8126,,,
,CHECKPOINT BATCH 79055,9.4537,,,
12:27:33,79058,10.1369,21.7770,5000,0.0504
,CHECKPOINT BATCH 79060,6.8377,,,
,CHECKPOINT BATCH 79065,8.3807,,,
,CHECKPOINT BATCH 79070,11.6360,,,
,CHECKPOINT BATCH 79075,8.5648,,,
12:27:35,79077,10.1296,23.4345,5000,0.0503
,CHECKPOINT BATCH 79080,6.4197,,,
,CHECKPOINT BATCH 79085,5.8509,,,
,CHECKPOINT BATCH 79090,7.5477,,,
,CHECKPOINT BATCH 79095,7.5852,,,
12:27:37,79096,7.0297,21.7230,5000,0.0503
,CHECKPOINT BATCH 79100,8.4757,,,
,CHECKPOINT BATCH 79105,6.4290,,,
,CHECKPOINT BATCH 79110,6.7524,,,
12:27:39,79115,12.3686,22.1530,5000,0.0503
,CHECKPOINT BATCH 79115,12.3686,,,
,CHECKPOINT BATCH 79120,8.6426,,,
,CHECKPOINT BATCH 79125,6.5167,,,
,CHECKPOINT BATCH 79130,7.2703,,,
12:27:43,79133,11.2318,21.3925,5000,0.0503
,CHECKPOINT BATCH 79135,9.1777,,,
,CHECKPOINT BATCH 79140,5.3696,,,
,CHECKPOINT BATCH 79145,6.4632,,,
,CHECKPOINT BATCH 79150,5.9287,,,
12:27:45,79152,10.0789,19.8490,5000,0.0503
,CHECKPOINT BATCH 79155,7.6835,,,
,CHECKPOINT BATCH 79160,7.6834,,,
,CHECKPOINT BATCH 79165,5.5984,,,
12:27:47,79170,8.2895,19.3830,5000,0.0503
,CHECKPOINT BATCH 79170,8.2895,,,
,CHECKPOINT BATCH 79175,7.7894,,,
,CHECKPOINT BATCH 79180,10.1216,,,
,CHECKPOINT BATCH 79185,5.9551,,,
12:27:49,79189,11.9267,18.9520,5000,0.0503
,CHECKPOINT BATCH 79190,8.9164,,,
,CHECKPOINT BATCH 79195,7.7206,,,
,CHECKPOINT BATCH 79200,7.0651,,,
,CHECKPOINT BATCH 79205,8.2982,,,
12:27:51,79208,20.1851,18.3545,5000,0.0503
,CHECKPOINT BATCH 79210,7.9198,,,
,CHECKPOINT BATCH 79215,10.0564,,,
,CHECKPOINT BATCH 79220,6.1772,,,
12:27:56,79224,7.6363,16.6705,5000,0.0503
,CHECKPOINT BATCH 79225,7.6817,,,
,CHECKPOINT BATCH 79230,6.3272,,,
,CHECKPOINT BATCH 79235,10.9769,,,
,CHECKPOINT BATCH 79240,9.9856,,,
12:27:58,79243,7.6390,18.4795,5000,0.0503
,CHECKPOINT BATCH 79245,18.1325,,,
,CHECKPOINT BATCH 79250,7.0182,,,
,CHECKPOINT BATCH 79255,5.6011,,,
,CHECKPOINT BATCH 79260,7.7719,,,
12:28:00,79262,7.7765,18.9750,5000,0.0503
,CHECKPOINT BATCH 79265,8.8871,,,
,CHECKPOINT BATCH 79270,7.4388,,,
,CHECKPOINT BATCH 79275,7.0938,,,
,CHECKPOINT BATCH 79280,11.5419,,,
12:28:02,79281,12.4621,18.9750,5000,0.0503
,CHECKPOINT BATCH 79285,14.6127,,,
,CHECKPOINT BATCH 79290,7.3878,,,
12:28:05,79293,8.8875,18.3450,5000,0.0503
,CHECKPOINT BATCH 79295,10.9421,,,
,CHECKPOINT BATCH 79300,7.2021,,,
,CHECKPOINT BATCH 79305,7.9334,,,
,CHECKPOINT BATCH 79310,7.0620,,,
12:28:08,79312,9.4035,18.6960,5000,0.0503
,CHECKPOINT BATCH 79315,8.3572,,,
,CHECKPOINT BATCH 79320,8.6161,,,
,CHECKPOINT BATCH 79325,9.9983,,,
12:28:10,79330,9.7113,21.0470,5000,0.0503
,CHECKPOINT BATCH 79330,9.7113,,,
,CHECKPOINT BATCH 79335,16.8888,,,
,CHECKPOINT BATCH 79340,6.9502,,,
,CHECKPOINT BATCH 79345,6.9727,,,
12:28:12,79349,9.0190,21.6730,5000,0.0503
,CHECKPOINT BATCH 79350,10.4011,,,
,CHECKPOINT BATCH 79355,6.2551,,,
12:28:15,79359,15.3602,21.6680,5000,0.0503
,CHECKPOINT BATCH 79360,9.8148,,,
,CHECKPOINT BATCH 79365,8.6349,,,
,CHECKPOINT BATCH 79370,11.6005,,,
,CHECKPOINT BATCH 79375,11.8992,,,
12:28:17,79378,21.0293,19.5470,5000,0.0503
,CHECKPOINT BATCH 79380,7.7149,,,
,CHECKPOINT BATCH 79385,7.0982,,,
,CHECKPOINT BATCH 79390,10.8995,,,
,CHECKPOINT BATCH 79395,6.3432,,,
12:28:19,79397,10.1490,21.8630,5000,0.0503
,CHECKPOINT BATCH 79400,8.6822,,,
,CHECKPOINT BATCH 79405,9.9986,,,
,CHECKPOINT BATCH 79410,9.3536,,,
,CHECKPOINT BATCH 79415,6.6128,,,
12:28:21,79416,10.8400,22.2675,5000,0.0503
,CHECKPOINT BATCH 79420,7.4344,,,
,CHECKPOINT BATCH 79425,8.5518,,,
,CHECKPOINT BATCH 79430,8.8309,,,
12:28:23,79435,8.2729,21.1525,5000,0.0503
,CHECKPOINT BATCH 79435,8.2729,,,
,CHECKPOINT BATCH 79440,7.9511,,,
,CHECKPOINT BATCH 79445,7.5071,,,
,CHECKPOINT BATCH 79450,10.3582,,,
12:28:26,79454,9.3885,19.7855,5000,0.0503
,CHECKPOINT BATCH 79455,5.5659,,,
12:28:28,79456,9.6305,20.3310,5000,0.0503
,CHECKPOINT BATCH 79460,4.8278,,,
,CHECKPOINT BATCH 79465,5.8072,,,
,CHECKPOINT BATCH 79470,6.7611,,,
12:28:30,79475,7.9568,19.7155,5000,0.0503
,CHECKPOINT BATCH 79475,7.9568,,,
,CHECKPOINT BATCH 79480,7.9526,,,
,CHECKPOINT BATCH 79485,18.4087,,,
,CHECKPOINT BATCH 79490,10.5370,,,
12:28:32,79494,18.6534,19.8225,5000,0.0503
,CHECKPOINT BATCH 79495,9.7418,,,
,CHECKPOINT BATCH 79500,7.2724,,,
,CHECKPOINT BATCH 79505,8.3035,,,
,CHECKPOINT BATCH 79510,11.0484,,,
12:28:34,79513,7.7478,21.3535,5000,0.0503
,CHECKPOINT BATCH 79515,8.1205,,,
,CHECKPOINT BATCH 79520,8.5921,,,
,CHECKPOINT BATCH 79525,6.0328,,,
,CHECKPOINT BATCH 79530,6.1378,,,
12:28:36,79532,8.6594,19.5035,5000,0.0503
,CHECKPOINT BATCH 79535,7.7649,,,
,CHECKPOINT BATCH 79540,8.0709,,,
,CHECKPOINT BATCH 79545,11.6628,,,
,CHECKPOINT BATCH 79550,12.6125,,,
12:28:38,79551,6.8501,17.7070,5000,0.0503
,CHECKPOINT BATCH 79555,11.6485,,,
,CHECKPOINT BATCH 79560,5.8494,,,
,CHECKPOINT BATCH 79565,10.2357,,,
12:28:41,79570,13.0490,18.4190,5000,0.0503
,CHECKPOINT BATCH 79570,13.0490,,,
,CHECKPOINT BATCH 79575,6.8351,,,
12:28:44,79577,7.1117,19.5640,5000,0.0503
,CHECKPOINT BATCH 79580,6.9132,,,
,CHECKPOINT BATCH 79585,5.3723,,,
,CHECKPOINT BATCH 79590,8.8337,,,
,CHECKPOINT BATCH 79595,5.5305,,,
12:28:46,79596,8.3605,18.7755,5000,0.0503
,CHECKPOINT BATCH 79600,6.2414,,,
,CHECKPOINT BATCH 79605,7.3839,,,
,CHECKPOINT BATCH 79610,12.0517,,,
12:28:48,79615,14.6350,19.0895,5000,0.0503
,CHECKPOINT BATCH 79615,14.6350,,,
,CHECKPOINT BATCH 79620,8.6616,,,
,CHECKPOINT BATCH 79625,8.2215,,,
,CHECKPOINT BATCH 79630,12.7258,,,
12:28:50,79633,5.3511,20.6410,5000,0.0503
,CHECKPOINT BATCH 79635,9.5347,,,
,CHECKPOINT BATCH 79640,11.7968,,,
,CHECKPOINT BATCH 79645,10.1080,,,
,CHECKPOINT BATCH 79650,10.5142,,,
12:28:52,79652,8.6501,21.4205,5000,0.0503
,CHECKPOINT BATCH 79655,6.5355,,,
,CHECKPOINT BATCH 79660,18.3595,,,
12:28:55,79663,8.1689,23.0250,5000,0.0503
,CHECKPOINT BATCH 79665,7.6264,,,
,CHECKPOINT BATCH 79670,8.9944,,,
,CHECKPOINT BATCH 79675,7.9292,,,
,CHECKPOINT BATCH 79680,15.7602,,,
12:28:58,79682,9.1002,23.7095,5000,0.0503
,CHECKPOINT BATCH 79685,17.5271,,,
,CHECKPOINT BATCH 79690,9.7722,,,
,CHECKPOINT BATCH 79695,8.1937,,,
,CHECKPOINT BATCH 79700,9.1502,,,
12:29:00,79701,6.4457,24.0365,5000,0.0503
,CHECKPOINT BATCH 79705,8.1447,,,
,CHECKPOINT BATCH 79710,12.3230,,,
,CHECKPOINT BATCH 79715,8.2483,,,
12:29:02,79720,8.3866,22.2130,5000,0.0503
,CHECKPOINT BATCH 79720,8.3866,,,
,CHECKPOINT BATCH 79725,11.0413,,,
,CHECKPOINT BATCH 79730,4.8720,,,
,CHECKPOINT BATCH 79735,11.7288,,,
12:29:04,79739,6.9633,22.0330,5000,0.0503
,CHECKPOINT BATCH 79740,14.8278,,,
,CHECKPOINT BATCH 79745,6.0416,,,
12:29:07,79749,6.8967,23.4735,5000,0.0503
,CHECKPOINT BATCH 79750,11.3747,,,
,CHECKPOINT BATCH 79755,7.2008,,,
,CHECKPOINT BATCH 79760,9.1272,,,
,CHECKPOINT BATCH 79765,7.8611,,,
12:29:09,79768,7.9594,23.8430,5000,0.0503
,CHECKPOINT BATCH 79770,8.2617,,,
,CHECKPOINT BATCH 79775,7.8537,,,
,CHECKPOINT BATCH 79780,6.5637,,,
,CHECKPOINT BATCH 79785,7.5417,,,
12:29:11,79787,6.7667,24.8620,5000,0.0503
,CHECKPOINT BATCH 79790,7.7656,,,
12:29:15,79795,8.6032,24.3830,5000,0.0503
,CHECKPOINT BATCH 79795,8.6032,,,
,CHECKPOINT BATCH 79800,7.9206,,,
,CHECKPOINT BATCH 79805,10.0905,,,
,CHECKPOINT BATCH 79810,10.1542,,,
12:29:17,79814,13.0731,21.9930,5000,0.0503
,CHECKPOINT BATCH 79815,8.1927,,,
,CHECKPOINT BATCH 79820,8.3831,,,
,CHECKPOINT BATCH 79825,9.2072,,,
,CHECKPOINT BATCH 79830,10.1190,,,
12:29:19,79833,16.0037,23.6635,5000,0.0503
,CHECKPOINT BATCH 79835,6.4537,,,
,CHECKPOINT BATCH 79840,9.8686,,,
,CHECKPOINT BATCH 79845,8.8566,,,
,CHECKPOINT BATCH 79850,13.3410,,,
12:29:21,79852,10.4356,22.9820,5000,0.0503
,CHECKPOINT BATCH 79855,4.9337,,,
,CHECKPOINT BATCH 79860,6.3036,,,
,CHECKPOINT BATCH 79865,8.7477,,,
,CHECKPOINT BATCH 79870,13.3041,,,
12:29:23,79871,9.5222,21.6530,5000,0.0503
,CHECKPOINT BATCH 79875,8.6909,,,
,CHECKPOINT BATCH 79880,8.3237,,,
,CHECKPOINT BATCH 79885,6.8436,,,
12:29:25,79890,14.5429,18.6840,5000,0.0503
,CHECKPOINT BATCH 79890,14.5429,,,
,CHECKPOINT BATCH 79895,15.8003,,,
12:29:28,79898,8.0904,20.4610,5000,0.0503
,CHECKPOINT BATCH 79900,20.6524,,,
,CHECKPOINT BATCH 79905,8.7757,,,
,CHECKPOINT BATCH 79910,9.9283,,,
,CHECKPOINT BATCH 79915,10.1932,,,
12:29:30,79917,14.7554,20.8805,5000,0.0503
,CHECKPOINT BATCH 79920,10.4032,,,
,CHECKPOINT BATCH 79925,11.8397,,,
,CHECKPOINT BATCH 79930,16.2638,,,
12:29:32,79935,8.6353,21.1915,5000,0.0503
,CHECKPOINT BATCH 79935,8.6353,,,
,CHECKPOINT BATCH 79940,6.4410,,,
,CHECKPOINT BATCH 79945,9.6045,,,
,CHECKPOINT BATCH 79950,6.9184,,,
12:29:34,79954,4.6534,21.9445,5000,0.0503
,CHECKPOINT BATCH 79955,17.2696,,,
,CHECKPOINT BATCH 79960,5.7451,,,
,CHECKPOINT BATCH 79965,14.4160,,,
,CHECKPOINT BATCH 79970,9.7229,,,
12:29:36,79973,9.7723,22.3685,5000,0.0503
,CHECKPOINT BATCH 79975,7.5244,,,
12:29:39,79978,9.6910,22.0410,5000,0.0503
,CHECKPOINT BATCH 79980,6.9909,,,
,CHECKPOINT BATCH 79985,12.1280,,,
,CHECKPOINT BATCH 79990,9.1073,,,
,CHECKPOINT BATCH 79995,8.3963,,,
12:29:41,79997,8.3729,19.6105,5000,0.0503
,CHECKPOINT BATCH 80000,9.5519,,,
,CHECKPOINT BATCH 80005,6.6354,,,
,CHECKPOINT BATCH 80010,9.6906,,,
,CHECKPOINT BATCH 80015,9.2634,,,
12:29:44,80016,4.8732,20.0840,5000,0.0503
,CHECKPOINT BATCH 80020,7.9822,,,
,CHECKPOINT BATCH 80025,9.6760,,,
,CHECKPOINT BATCH 80030,11.6700,,,
12:29:46,80035,12.3304,20.8740,5000,0.0503
,CHECKPOINT BATCH 80035,12.3304,,,
,CHECKPOINT BATCH 80040,11.4441,,,
,CHECKPOINT BATCH 80045,7.5107,,,
,CHECKPOINT BATCH 80050,5.6996,,,
12:29:48,80054,6.0802,20.8640,5000,0.0503
,CHECKPOINT BATCH 80055,7.8437,,,
,CHECKPOINT BATCH 80060,10.4794,,,
,CHECKPOINT BATCH 80065,7.3802,,,
12:29:51,80067,8.5686,22.3260,5000,0.0503
,CHECKPOINT BATCH 80070,7.9248,,,
,CHECKPOINT BATCH 80075,6.4758,,,
,CHECKPOINT BATCH 80080,8.1618,,,
,CHECKPOINT BATCH 80085,8.5864,,,
12:29:54,80086,12.0349,24.7765,5000,0.0503
,CHECKPOINT BATCH 80090,8.1568,,,
,CHECKPOINT BATCH 80095,8.4768,,,
,CHECKPOINT BATCH 80100,6.9507,,,
12:29:56,80105,13.1927,25.4020,5000,0.0503
,CHECKPOINT BATCH 80105,13.1927,,,
,CHECKPOINT BATCH 80110,5.9676,,,
,CHECKPOINT BATCH 80115,9.9806,,,
,CHECKPOINT BATCH 80120,13.7744,,,
12:29:58,80124,6.6971,23.3735,5000,0.0503
,CHECKPOINT BATCH 80125,7.4348,,,
,CHECKPOINT BATCH 80130,8.3956,,,
,CHECKPOINT BATCH 80135,6.9289,,,
,CHECKPOINT BATCH 80140,10.9954,,,
12:30:02,80143,8.0805,20.2715,5000,0.0503
,CHECKPOINT BATCH 80145,9.0931,,,
,CHECKPOINT BATCH 80150,6.9064,,,
,CHECKPOINT BATCH 80155,9.1967,,,
,CHECKPOINT BATCH 80160,10.6748,,,
12:30:04,80162,6.4730,20.7015,5000,0.0503
,CHECKPOINT BATCH 80165,8.3941,,,
,CHECKPOINT BATCH 80170,9.8426,,,
,CHECKPOINT BATCH 80175,6.1032,,,
,CHECKPOINT BATCH 80180,7.4917,,,
12:30:06,80181,8.4717,20.1695,5000,0.0503
,CHECKPOINT BATCH 80185,7.3357,,,
,CHECKPOINT BATCH 80190,6.7979,,,
,CHECKPOINT BATCH 80195,10.3343,,,
12:30:10,80196,9.0460,19.6855,5000,0.0503
,CHECKPOINT BATCH 80200,7.6056,,,
,CHECKPOINT BATCH 80205,9.8458,,,
,CHECKPOINT BATCH 80210,9.5722,,,
12:30:12,80215,7.2746,18.9610,5000,0.0503
,CHECKPOINT BATCH 80215,7.2746,,,
,CHECKPOINT BATCH 80220,9.6779,,,
,CHECKPOINT BATCH 80225,13.9756,,,
,CHECKPOINT BATCH 80230,11.2264,,,
12:30:14,80234,6.9203,21.3260,5000,0.0503
,CHECKPOINT BATCH 80235,6.5792,,,
,CHECKPOINT BATCH 80240,7.8783,,,
,CHECKPOINT BATCH 80245,5.4265,,,
,CHECKPOINT BATCH 80250,9.1253,,,
12:30:17,80253,10.0463,21.0485,5000,0.0503
,CHECKPOINT BATCH 80255,15.1042,,,
,CHECKPOINT BATCH 80260,8.6899,,,
,CHECKPOINT BATCH 80265,8.2587,,,
,CHECKPOINT BATCH 80270,9.5479,,,
12:30:19,80272,8.7102,19.6515,5000,0.0503
,CHECKPOINT BATCH 80275,13.7326,,,
,CHECKPOINT BATCH 80280,7.1815,,,
,CHECKPOINT BATCH 80285,7.4172,,,
,CHECKPOINT BATCH 80290,18.7477,,,
12:30:21,80291,8.1549,17.9995,5000,0.0503
,CHECKPOINT BATCH 80295,11.4339,,,
,CHECKPOINT BATCH 80300,5.8791,,,
12:30:24,80302,12.8542,19.9145,5000,0.0503
,CHECKPOINT BATCH 80305,9.6326,,,
,CHECKPOINT BATCH 80310,11.4398,,,
,CHECKPOINT BATCH 80315,9.0989,,,
,CHECKPOINT BATCH 80320,6.9109,,,
12:30:26,80321,5.8440,19.8725,5000,0.0503
,CHECKPOINT BATCH 80325,6.5885,,,
,CHECKPOINT BATCH 80330,10.7977,,,
,CHECKPOINT BATCH 80335,11.7243,,,
12:30:28,80340,11.5356,21.4085,5000,0.0503
,CHECKPOINT BATCH 80340,11.5356,,,
,CHECKPOINT BATCH 80345,11.3509,,,
12:30:32,80350,9.0715,21.7045,5000,0.0503
,CHECKPOINT BATCH 80350,9.0715,,,
,CHECKPOINT BATCH 80355,7.2222,,,
,CHECKPOINT BATCH 80360,8.0678,,,
,CHECKPOINT BATCH 80365,11.0878,,,
12:30:34,80369,11.3892,22.3660,5000,0.0503
,CHECKPOINT BATCH 80370,4.7616,,,
,CHECKPOINT BATCH 80375,6.5299,,,
,CHECKPOINT BATCH 80380,7.5958,,,
,CHECKPOINT BATCH 80385,6.0527,,,
12:30:36,80387,8.9843,23.5760,5000,0.0503
,CHECKPOINT BATCH 80390,7.1006,,,
,CHECKPOINT BATCH 80395,7.2484,,,
,CHECKPOINT BATCH 80400,11.3338,,,
,CHECKPOINT BATCH 80405,7.8151,,,
12:30:38,80406,5.5816,22.8680,5000,0.0503
,CHECKPOINT BATCH 80410,6.9584,,,
,CHECKPOINT BATCH 80415,8.5282,,,
,CHECKPOINT BATCH 80420,7.9495,,,
12:30:40,80425,9.8975,20.1100,5000,0.0503
,CHECKPOINT BATCH 80425,9.8975,,,
,CHECKPOINT BATCH 80430,6.4934,,,
,CHECKPOINT BATCH 80435,8.5337,,,
,CHECKPOINT BATCH 80440,4.8130,,,
12:30:42,80444,6.2475,18.1410,5000,0.0503
,CHECKPOINT BATCH 80445,8.2972,,,
,CHECKPOINT BATCH 80450,8.0321,,,
,CHECKPOINT BATCH 80455,11.3902,,,
12:30:46,80458,11.1039,19.2895,5000,0.0503
,CHECKPOINT BATCH 80460,15.2538,,,
,CHECKPOINT BATCH 80465,6.1897,,,
,CHECKPOINT BATCH 80470,13.9850,,,
,CHECKPOINT BATCH 80475,7.4409,,,
12:30:48,80477,12.3167,17.0160,5000,0.0503
,CHECKPOINT BATCH 80480,7.7658,,,
,CHECKPOINT BATCH 80485,5.4390,,,
,CHECKPOINT BATCH 80490,11.9808,,,
,CHECKPOINT BATCH 80495,6.2331,,,
12:30:50,80496,8.2357,17.6430,5000,0.0503
,CHECKPOINT BATCH 80500,8.4134,,,
,CHECKPOINT BATCH 80505,7.2662,,,
,CHECKPOINT BATCH 80510,5.8024,,,
12:30:52,80515,6.0712,17.1565,5000,0.0503
,CHECKPOINT BATCH 80515,6.0712,,,
,CHECKPOINT BATCH 80520,12.4615,,,
,CHECKPOINT BATCH 80525,7.2393,,,
,CHECKPOINT BATCH 80530,7.5054,,,
12:30:54,80533,7.0588,16.9695,5000,0.0503
,CHECKPOINT BATCH 80535,8.7353,,,
,CHECKPOINT BATCH 80540,5.9376,,,
,CHECKPOINT BATCH 80545,8.0045,,,
,CHECKPOINT BATCH 80550,7.0440,,,
12:30:56,80552,7.1912,17.0015,5000,0.0503
,CHECKPOINT BATCH 80555,6.0792,,,
,CHECKPOINT BATCH 80560,8.2226,,,
,CHECKPOINT BATCH 80565,5.9241,,,
,CHECKPOINT BATCH 80570,15.4093,,,
12:30:58,80571,7.8613,16.5975,5000,0.0503
,CHECKPOINT BATCH 80575,6.8761,,,
,CHECKPOINT BATCH 80580,7.2533,,,
,CHECKPOINT BATCH 80585,6.8511,,,
12:31:02,80586,6.4971,15.4280,5000,0.0503
,CHECKPOINT BATCH 80590,11.9544,,,
,CHECKPOINT BATCH 80595,5.6177,,,
,CHECKPOINT BATCH 80600,9.1584,,,
12:31:05,80605,17.7075,16.6775,5000,0.0503
,CHECKPOINT BATCH 80605,17.7075,,,
,CHECKPOINT BATCH 80610,8.7877,,,
,CHECKPOINT BATCH 80615,7.7459,,,
,CHECKPOINT BATCH 80620,5.1861,,,
12:31:07,80624,6.7533,18.7150,5000,0.0503
,CHECKPOINT BATCH 80625,12.0451,,,
,CHECKPOINT BATCH 80630,13.6251,,,
,CHECKPOINT BATCH 80635,7.5288,,,
,CHECKPOINT BATCH 80640,7.4555,,,
12:31:09,80643,6.8745,19.3230,5000,0.0503
,CHECKPOINT BATCH 80645,6.8854,,,
,CHECKPOINT BATCH 80650,7.0166,,,
,CHECKPOINT BATCH 80655,13.0036,,,
,CHECKPOINT BATCH 80660,14.3164,,,
12:31:11,80662,7.9139,19.4470,5000,0.0503
,CHECKPOINT BATCH 80665,12.0287,,,
,CHECKPOINT BATCH 80670,8.8488,,,
,CHECKPOINT BATCH 80675,13.2649,,,
12:31:15,80679,6.6531,22.2845,5000,0.0503
,CHECKPOINT BATCH 80680,11.9749,,,
,CHECKPOINT BATCH 80685,12.5509,,,
,CHECKPOINT BATCH 80690,11.8183,,,
,CHECKPOINT BATCH 80695,15.6811,,,
12:31:17,80698,17.9330,22.0565,5000,0.0503
,CHECKPOINT BATCH 80700,11.8766,,,
,CHECKPOINT BATCH 80705,7.9434,,,
,CHECKPOINT BATCH 80710,11.9513,,,
,CHECKPOINT BATCH 80715,8.2057,,,
12:31:19,80717,5.8493,22.4665,5000,0.0503
,CHECKPOINT BATCH 80720,7.1117,,,
,CHECKPOINT BATCH 80725,6.2360,,,
,CHECKPOINT BATCH 80730,25.4573,,,
12:31:21,80735,12.0085,22.9045,5000,0.0503
,CHECKPOINT BATCH 80735,12.0085,,,
,CHECKPOINT BATCH 80740,10.1858,,,
,CHECKPOINT BATCH 80745,6.1916,,,
,CHECKPOINT BATCH 80750,11.6565,,,
12:31:23,80753,7.0799,21.9980,5000,0.0503
,CHECKPOINT BATCH 80755,6.6387,,,
,CHECKPOINT BATCH 80760,9.2930,,,
,CHECKPOINT BATCH 80765,7.6234,,,
,CHECKPOINT BATCH 80770,10.4772,,,
12:31:25,80772,4.4414,20.3280,5000,0.0503
,CHECKPOINT BATCH 80775,14.6407,,,
,CHECKPOINT BATCH 80780,8.1548,,,
12:31:29,80781,19.7493,19.2630,5000,0.0503
,CHECKPOINT BATCH 80785,9.2424,,,
,CHECKPOINT BATCH 80790,15.1074,,,
,CHECKPOINT BATCH 80795,4.6300,,,
12:31:31,80800,7.5230,17.9145,5000,0.0503
,CHECKPOINT BATCH 80800,7.5230,,,
,CHECKPOINT BATCH 80805,11.6449,,,
,CHECKPOINT BATCH 80810,8.2599,,,
,CHECKPOINT BATCH 80815,10.5597,,,
12:31:33,80819,8.5122,17.4725,5000,0.0503
,CHECKPOINT BATCH 80820,6.9639,,,
,CHECKPOINT BATCH 80825,7.7101,,,
,CHECKPOINT BATCH 80830,7.5377,,,
12:31:37,80834,4.4805,18.0795,5000,0.0503
,CHECKPOINT BATCH 80835,10.1414,,,
,CHECKPOINT BATCH 80840,7.4858,,,
,CHECKPOINT BATCH 80845,8.4001,,,
,CHECKPOINT BATCH 80850,5.8713,,,
12:31:39,80853,7.2845,18.6880,5000,0.0503
,CHECKPOINT BATCH 80855,7.4796,,,
,CHECKPOINT BATCH 80860,5.0504,,,
,CHECKPOINT BATCH 80865,7.0005,,,
,CHECKPOINT BATCH 80870,7.5008,,,
12:31:41,80872,6.8420,21.6110,5000,0.0503
,CHECKPOINT BATCH 80875,8.7974,,,
,CHECKPOINT BATCH 80880,5.8068,,,
,CHECKPOINT BATCH 80885,8.0392,,,
,CHECKPOINT BATCH 80890,5.3988,,,
12:31:43,80891,8.9126,23.0350,5000,0.0503
,CHECKPOINT BATCH 80895,8.5453,,,
12:31:46,80897,7.2857,22.4220,5000,0.0503
,CHECKPOINT BATCH 80900,8.7145,,,
,CHECKPOINT BATCH 80905,6.0789,,,
,CHECKPOINT BATCH 80910,6.0623,,,
,CHECKPOINT BATCH 80915,7.2902,,,
12:31:48,80916,5.5980,20.5905,5000,0.0503
,CHECKPOINT BATCH 80920,11.0233,,,
,CHECKPOINT BATCH 80925,7.0289,,,
,CHECKPOINT BATCH 80930,9.5157,,,
12:31:50,80935,4.2210,20.3025,5000,0.0503
,CHECKPOINT BATCH 80935,4.2210,,,
,CHECKPOINT BATCH 80940,6.4885,,,
,CHECKPOINT BATCH 80945,6.7726,,,
,CHECKPOINT BATCH 80950,8.5399,,,
12:31:52,80954,6.8976,20.1745,5000,0.0503
,CHECKPOINT BATCH 80955,11.1848,,,
,CHECKPOINT BATCH 80960,7.7572,,,
,CHECKPOINT BATCH 80965,6.5616,,,
,CHECKPOINT BATCH 80970,8.0647,,,
12:31:54,80972,5.5218,19.8475,5000,0.0503
,CHECKPOINT BATCH 80975,7.9537,,,
,CHECKPOINT BATCH 80980,8.9774,,,
,CHECKPOINT BATCH 80985,6.1784,,,
,CHECKPOINT BATCH 80990,5.2361,,,
12:31:57,80991,6.8624,19.4235,5000,0.0503
,CHECKPOINT BATCH 80995,8.2721,,,
12:32:00,80997,6.6295,20.1195,5000,0.0503
,CHECKPOINT BATCH 81000,9.4145,,,
,CHECKPOINT BATCH 81005,6.1660,,,
,CHECKPOINT BATCH 81010,6.8020,,,
,CHECKPOINT BATCH 81015,7.1891,,,
12:32:02,81016,6.9985,20.1310,5000,0.0503
,CHECKPOINT BATCH 81020,11.2945,,,
,CHECKPOINT BATCH 81025,7.2254,,,
,CHECKPOINT BATCH 81030,7.3209,,,
12:32:04,81035,7.7841,19.3650,5000,0.0503
,CHECKPOINT BATCH 81035,7.7841,,,
,CHECKPOINT BATCH 81040,10.7254,,,
,CHECKPOINT BATCH 81045,7.9466,,,
,CHECKPOINT BATCH 81050,9.4276,,,
12:32:08,81054,11.4197,19.0235,5000,0.0503
,CHECKPOINT BATCH 81055,6.7731,,,
,CHECKPOINT BATCH 81060,6.8330,,,
,CHECKPOINT BATCH 81065,6.5610,,,
,CHECKPOINT BATCH 81070,5.3835,,,
12:32:10,81073,5.2761,17.9525,5000,0.0503
,CHECKPOINT BATCH 81075,9.8243,,,
,CHECKPOINT BATCH 81080,7.6265,,,
,CHECKPOINT BATCH 81085,7.3783,,,
,CHECKPOINT BATCH 81090,9.7543,,,
12:32:12,81092,8.2418,18.7315,5000,0.0503
,CHECKPOINT BATCH 81095,16.5202,,,
,CHECKPOINT BATCH 81100,8.3030,,,
,CHECKPOINT BATCH 81105,7.1181,,,
,CHECKPOINT BATCH 81110,9.2243,,,
12:32:14,81111,11.9814,19.3925,5000,0.0503
,CHECKPOINT BATCH 81115,6.4874,,,
,CHECKPOINT BATCH 81120,6.9808,,,
,CHECKPOINT BATCH 81125,7.4724,,,
12:32:16,81129,8.5105,18.2055,5000,0.0503
,CHECKPOINT BATCH 81130,9.3348,,,
,CHECKPOINT BATCH 81135,15.8361,,,
,CHECKPOINT BATCH 81140,7.9617,,,
,CHECKPOINT BATCH 81145,8.2334,,,
12:32:19,81148,5.9151,17.7850,5000,0.0503
,CHECKPOINT BATCH 81150,6.1386,,,
,CHECKPOINT BATCH 81155,6.9102,,,
,CHECKPOINT BATCH 81160,7.7975,,,
12:32:22,81163,5.4759,19.4095,5000,0.0503
,CHECKPOINT BATCH 81165,16.2719,,,
,CHECKPOINT BATCH 81170,5.5783,,,
,CHECKPOINT BATCH 81175,7.0381,,,
,CHECKPOINT BATCH 81180,7.9681,,,
12:32:25,81182,12.7639,15.5800,5000,0.0503
,CHECKPOINT BATCH 81185,7.0695,,,
,CHECKPOINT BATCH 81190,12.5220,,,
,CHECKPOINT BATCH 81195,10.7113,,,
,CHECKPOINT BATCH 81200,10.0949,,,
12:32:27,81201,8.0562,15.7470,5000,0.0503
,CHECKPOINT BATCH 81205,11.4100,,,
,CHECKPOINT BATCH 81210,21.1123,,,
,CHECKPOINT BATCH 81215,6.0088,,,
12:32:29,81220,7.7512,17.8905,5000,0.0503
,CHECKPOINT BATCH 81220,7.7512,,,
,CHECKPOINT BATCH 81225,6.5424,,,
,CHECKPOINT BATCH 81230,6.6795,,,
,CHECKPOINT BATCH 81235,12.3516,,,
12:32:31,81239,7.9950,20.2855,5000,0.0503
,CHECKPOINT BATCH 81240,5.5524,,,
,CHECKPOINT BATCH 81245,7.3444,,,
,CHECKPOINT BATCH 81250,7.1127,,,
12:32:35,81254,5.3046,22.6380,5000,0.0503
,CHECKPOINT BATCH 81255,5.8179,,,
,CHECKPOINT BATCH 81260,8.6401,,,
,CHECKPOINT BATCH 81265,12.2344,,,
,CHECKPOINT BATCH 81270,7.8257,,,
12:32:37,81272,11.0948,24.8450,5000,0.0503
,CHECKPOINT BATCH 81275,13.7933,,,
,CHECKPOINT BATCH 81280,13.3143,,,
,CHECKPOINT BATCH 81285,6.4608,,,
,CHECKPOINT BATCH 81290,11.5764,,,
12:32:39,81291,7.8411,26.7920,5000,0.0503
,CHECKPOINT BATCH 81295,9.2260,,,
,CHECKPOINT BATCH 81300,9.8051,,,
12:32:43,81304,11.3270,26.5860,5000,0.0503
,CHECKPOINT BATCH 81305,10.6063,,,
,CHECKPOINT BATCH 81310,9.6005,,,
,CHECKPOINT BATCH 81315,7.4115,,,
,CHECKPOINT BATCH 81320,8.1619,,,
12:32:45,81323,18.0871,25.3305,5000,0.0503
,CHECKPOINT BATCH 81325,13.5983,,,
,CHECKPOINT BATCH 81330,6.0338,,,
,CHECKPOINT BATCH 81335,5.5916,,,
,CHECKPOINT BATCH 81340,10.3588,,,
12:32:47,81342,10.0503,24.6735,5000,0.0503
,CHECKPOINT BATCH 81345,10.3700,,,
,CHECKPOINT BATCH 81350,16.0338,,,
,CHECKPOINT BATCH 81355,12.8489,,,
12:32:51,81359,7.7971,23.6525,5000,0.0503
,CHECKPOINT BATCH 81360,11.2177,,,
,CHECKPOINT BATCH 81365,6.4248,,,
,CHECKPOINT BATCH 81370,7.1790,,,
,CHECKPOINT BATCH 81375,12.3730,,,
12:32:53,81378,8.0051,23.1725,5000,0.0503
,CHECKPOINT BATCH 81380,10.3808,,,
,CHECKPOINT BATCH 81385,11.9019,,,
,CHECKPOINT BATCH 81390,7.3097,,,
,CHECKPOINT BATCH 81395,8.7620,,,
12:32:55,81397,8.3717,23.4975,5000,0.0503
,CHECKPOINT BATCH 81400,10.7110,,,
,CHECKPOINT BATCH 81405,11.7728,,,
12:32:59,81409,6.1661,23.6660,5000,0.0503
,CHECKPOINT BATCH 81410,9.4999,,,
,CHECKPOINT BATCH 81415,9.1144,,,
,CHECKPOINT BATCH 81420,10.9221,,,
,CHECKPOINT BATCH 81425,6.4625,,,
12:33:01,81428,11.4789,21.8685,5000,0.0503
,CHECKPOINT BATCH 81430,10.6836,,,
,CHECKPOINT BATCH 81435,8.8237,,,
,CHECKPOINT BATCH 81440,11.7098,,,
,CHECKPOINT BATCH 81445,19.9190,,,
12:33:03,81447,7.7272,22.0755,5000,0.0503
,CHECKPOINT BATCH 81450,8.3445,,,
,CHECKPOINT BATCH 81455,9.2200,,,
,CHECKPOINT BATCH 81460,9.5874,,,
,CHECKPOINT BATCH 81465,8.3358,,,
12:33:05,81466,7.8127,21.8110,5000,0.0503
,CHECKPOINT BATCH 81470,15.5301,,,
,CHECKPOINT BATCH 81475,8.5863,,,
,CHECKPOINT BATCH 81480,14.6747,,,
12:33:07,81485,8.3835,19.3765,5000,0.0503
,CHECKPOINT BATCH 81485,8.3835,,,
,CHECKPOINT BATCH 81490,10.4421,,,
,CHECKPOINT BATCH 81495,16.1015,,,
,CHECKPOINT BATCH 81500,8.6603,,,
12:33:09,81504,9.7972,17.4145,5000,0.0503
,CHECKPOINT BATCH 81505,11.7384,,,
,CHECKPOINT BATCH 81510,6.0021,,,
,CHECKPOINT BATCH 81515,4.2639,,,
12:33:13,81516,9.1829,19.4700,5000,0.0503
,CHECKPOINT BATCH 81520,16.0208,,,
,CHECKPOINT BATCH 81525,7.4951,,,
,CHECKPOINT BATCH 81530,6.8709,,,
12:33:15,81535,7.3032,18.7230,5000,0.0503
,CHECKPOINT BATCH 81535,7.3032,,,
,CHECKPOINT BATCH 81540,9.5127,,,
,CHECKPOINT BATCH 81545,7.2767,,,
,CHECKPOINT BATCH 81550,6.0346,,,
12:33:17,81554,8.9265,18.5790,5000,0.0503
,CHECKPOINT BATCH 81555,9.1865,,,
,CHECKPOINT BATCH 81560,7.3714,,,
,CHECKPOINT BATCH 81565,9.2232,,,
,CHECKPOINT BATCH 81570,6.0827,,,
12:33:19,81572,15.5410,18.7575,5000,0.0503
,CHECKPOINT BATCH 81575,8.2704,,,
,CHECKPOINT BATCH 81580,9.6285,,,
,CHECKPOINT BATCH 81585,7.4459,,,
,CHECKPOINT BATCH 81590,6.7775,,,
12:33:21,81591,6.7913,18.7730,5000,0.0503
,CHECKPOINT BATCH 81595,6.2384,,,
,CHECKPOINT BATCH 81600,6.4934,,,
,CHECKPOINT BATCH 81605,15.4097,,,
12:33:23,81610,7.1584,18.6450,5000,0.0503
,CHECKPOINT BATCH 81610,7.1584,,,
,CHECKPOINT BATCH 81615,6.2204,,,
,CHECKPOINT BATCH 81620,8.5358,,,
12:33:27,81623,6.7863,19.4030,5000,0.0503
,CHECKPOINT BATCH 81625,4.9875,,,
,CHECKPOINT BATCH 81630,6.6760,,,
,CHECKPOINT BATCH 81635,10.3627,,,
,CHECKPOINT BATCH 81640,13.1771,,,
12:33:29,81642,7.3883,15.5610,5000,0.0503
,CHECKPOINT BATCH 81645,6.6415,,,
,CHECKPOINT BATCH 81650,9.0698,,,
,CHECKPOINT BATCH 81655,6.0535,,,
,CHECKPOINT BATCH 81660,7.1268,,,
12:33:31,81661,6.0973,16.8960,5000,0.0503
,CHECKPOINT BATCH 81665,10.0008,,,
,CHECKPOINT BATCH 81670,7.6485,,,
,CHECKPOINT BATCH 81675,8.1780,,,
12:33:33,81680,8.7600,18.1090,5000,0.0503
,CHECKPOINT BATCH 81680,8.7600,,,
,CHECKPOINT BATCH 81685,8.2853,,,
,CHECKPOINT BATCH 81690,6.2158,,,
,CHECKPOINT BATCH 81695,5.7026,,,
12:33:35,81699,8.4605,19.7310,5000,0.0503
,CHECKPOINT BATCH 81700,13.6240,,,
,CHECKPOINT BATCH 81705,7.5168,,,
,CHECKPOINT BATCH 81710,8.4323,,,
,CHECKPOINT BATCH 81715,5.1317,,,
12:33:38,81718,17.2305,20.3190,5000,0.0503
,CHECKPOINT BATCH 81720,6.7392,,,
12:33:40,81721,8.2256,20.8550,5000,0.0503
,CHECKPOINT BATCH 81725,4.7189,,,
,CHECKPOINT BATCH 81730,7.2279,,,
,CHECKPOINT BATCH 81735,5.7119,,,
12:33:42,81740,9.5791,22.6385,5000,0.0503
,CHECKPOINT BATCH 81740,9.5791,,,
,CHECKPOINT BATCH 81745,5.3042,,,
,CHECKPOINT BATCH 81750,9.6599,,,
,CHECKPOINT BATCH 81755,7.4590,,,
12:33:44,81759,7.2457,22.4660,5000,0.0503
,CHECKPOINT BATCH 81760,8.7239,,,
,CHECKPOINT BATCH 81765,9.6128,,,
,CHECKPOINT BATCH 81770,5.4776,,,
,CHECKPOINT BATCH 81775,6.8943,,,
12:33:46,81778,4.6400,22.4520,5000,0.0503
,CHECKPOINT BATCH 81780,6.9880,,,
12:33:49,81783,6.2198,22.2730,5000,0.0503
,CHECKPOINT BATCH 81785,6.2762,,,
,CHECKPOINT BATCH 81790,11.8845,,,
,CHECKPOINT BATCH 81795,8.9398,,,
,CHECKPOINT BATCH 81800,8.1849,,,
12:33:51,81802,10.8525,21.8315,5000,0.0503
,CHECKPOINT BATCH 81805,7.7080,,,
,CHECKPOINT BATCH 81810,5.3048,,,
,CHECKPOINT BATCH 81815,8.1391,,,
12:33:54,81816,8.7224,22.4085,5000,0.0503
,CHECKPOINT BATCH 81820,18.3685,,,
12:33:57,81822,5.4050,22.7595,5000,0.0503
,CHECKPOINT BATCH 81825,4.5398,,,
,CHECKPOINT BATCH 81830,11.0661,,,
,CHECKPOINT BATCH 81835,6.4813,,,
,CHECKPOINT BATCH 81840,7.0265,,,
12:33:59,81841,13.6466,23.0640,5000,0.0503
,CHECKPOINT BATCH 81845,5.2340,,,
,CHECKPOINT BATCH 81850,7.1077,,,
,CHECKPOINT BATCH 81855,9.4447,,,
12:34:01,81860,9.0851,22.9170,5000,0.0503
,CHECKPOINT BATCH 81860,9.0851,,,
,CHECKPOINT BATCH 81865,11.9392,,,
,CHECKPOINT BATCH 81870,7.0518,,,
,CHECKPOINT BATCH 81875,6.6129,,,
12:34:03,81879,8.6915,22.4460,5000,0.0503
,CHECKPOINT BATCH 81880,10.5459,,,
,CHECKPOINT BATCH 81885,5.2359,,,
,CHECKPOINT BATCH 81890,4.8477,,,
,CHECKPOINT BATCH 81895,6.1849,,,
12:34:05,81898,6.7984,21.2680,5000,0.0503
,CHECKPOINT BATCH 81900,10.1658,,,
,CHECKPOINT BATCH 81905,5.8771,,,
,CHECKPOINT BATCH 81910,10.2228,,,
,CHECKPOINT BATCH 81915,8.8531,,,
12:34:07,81917,11.6079,18.9980,5000,0.0503
,CHECKPOINT BATCH 81920,4.2846,,,
,CHECKPOINT BATCH 81925,9.4581,,,
12:34:11,81926,8.6505,19.5485,5000,0.0503
,CHECKPOINT BATCH 81930,5.4321,,,
,CHECKPOINT BATCH 81935,9.6220,,,
,CHECKPOINT BATCH 81940,6.9639,,,
12:34:13,81945,6.7275,16.3280,5000,0.0503
,CHECKPOINT BATCH 81945,6.7275,,,
,CHECKPOINT BATCH 81950,8.0135,,,
,CHECKPOINT BATCH 81955,7.0037,,,
,CHECKPOINT BATCH 81960,6.0412,,,
12:34:15,81964,6.2823,17.3850,5000,0.0503
,CHECKPOINT BATCH 81965,6.9094,,,
,CHECKPOINT BATCH 81970,7.3657,,,
,CHECKPOINT BATCH 81975,8.1359,,,
,CHECKPOINT BATCH 81980,6.6644,,,
12:34:17,81983,17.6187,18.7650,5000,0.0503
,CHECKPOINT BATCH 81985,7.5894,,,
12:34:20,81987,12.8486,18.2990,5000,0.0503
,CHECKPOINT BATCH 81990,6.7464,,,
,CHECKPOINT BATCH 81995,8.3355,,,
,CHECKPOINT BATCH 82000,8.9039,,,
,CHECKPOINT BATCH 82005,7.7419,,,
12:34:22,82006,19.5846,16.1285,5000,0.0503
,CHECKPOINT BATCH 82010,7.2520,,,
,CHECKPOINT BATCH 82015,11.4216,,,
,CHECKPOINT BATCH 82020,8.8482,,,
12:34:24,82025,8.4152,17.7195,5000,0.0503
,CHECKPOINT BATCH 82025,8.4152,,,
,CHECKPOINT BATCH 82030,9.6411,,,
,CHECKPOINT BATCH 82035,10.7108,,,
,CHECKPOINT BATCH 82040,10.1198,,,
12:34:26,82044,6.1726,20.6405,5000,0.0503
,CHECKPOINT BATCH 82045,6.4627,,,
,CHECKPOINT BATCH 82050,7.0465,,,
,CHECKPOINT BATCH 82055,7.9504,,,
,CHECKPOINT BATCH 82060,6.1129,,,
12:34:28,82063,9.6720,18.3905,5000,0.0503
,CHECKPOINT BATCH 82065,9.3429,,,
,CHECKPOINT BATCH 82070,11.2541,,,
,CHECKPOINT BATCH 82075,5.3960,,,
,CHECKPOINT BATCH 82080,16.6694,,,
12:34:30,82082,10.4997,16.3200,5000,0.0503
,CHECKPOINT BATCH 82085,9.9922,,,
,CHECKPOINT BATCH 82090,8.1651,,,
,CHECKPOINT BATCH 82095,7.6384,,,
,CHECKPOINT BATCH 82100,7.8359,,,
12:34:32,82101,4.9421,18.3430,5000,0.0503
,CHECKPOINT BATCH 82105,10.6465,,,
12:34:35,82108,9.6526,18.7595,5000,0.0503
,CHECKPOINT BATCH 82110,8.4059,,,
,CHECKPOINT BATCH 82115,10.4649,,,
,CHECKPOINT BATCH 82120,13.4487,,,
,CHECKPOINT BATCH 82125,6.8774,,,
12:34:37,82127,5.2857,17.8245,5000,0.0503
,CHECKPOINT BATCH 82130,6.5610,,,
,CHECKPOINT BATCH 82135,10.2688,,,
,CHECKPOINT BATCH 82140,5.9091,,,
,CHECKPOINT BATCH 82145,9.8597,,,
12:34:39,82146,6.6995,19.9400,5000,0.0503
,CHECKPOINT BATCH 82150,9.1819,,,
,CHECKPOINT BATCH 82155,9.8999,,,
,CHECKPOINT BATCH 82160,6.3418,,,
12:34:41,82165,6.7753,21.4105,5000,0.0503
,CHECKPOINT BATCH 82165,6.7753,,,
,CHECKPOINT BATCH 82170,4.6710,,,
,CHECKPOINT BATCH 82175,8.7202,,,
,CHECKPOINT BATCH 82180,6.5050,,,
12:34:43,82183,8.2174,20.4770,5000,0.0503
,CHECKPOINT BATCH 82185,8.3234,,,
,CHECKPOINT BATCH 82190,9.8806,,,
,CHECKPOINT BATCH 82195,7.0098,,,
,CHECKPOINT BATCH 82200,6.9091,,,
12:34:46,82202,6.5663,20.3075,5000,0.0503
12:34:48,82205,10.2896,21.1415,5000,0.0503
,CHECKPOINT BATCH 82205,10.2896,,,
,CHECKPOINT BATCH 82210,7.4229,,,
,CHECKPOINT BATCH 82215,5.4068,,,
,CHECKPOINT BATCH 82220,9.1419,,,
12:34:50,82224,9.4272,15.9955,5000,0.0503
,CHECKPOINT BATCH 82225,8.5198,,,
,CHECKPOINT BATCH 82230,8.2094,,,
,CHECKPOINT BATCH 82235,10.7205,,,
,CHECKPOINT BATCH 82240,7.9521,,,
12:34:52,82243,9.5364,13.5365,5000,0.0503
,CHECKPOINT BATCH 82245,8.3423,,,
,CHECKPOINT BATCH 82250,11.0968,,,
,CHECKPOINT BATCH 82255,8.8718,,,
,CHECKPOINT BATCH 82260,8.5350,,,
12:34:55,82262,7.0451,12.9505,5000,0.0503
,CHECKPOINT BATCH 82265,7.9462,,,
,CHECKPOINT BATCH 82270,8.8894,,,
,CHECKPOINT BATCH 82275,5.5844,,,
,CHECKPOINT BATCH 82280,8.5443,,,
12:34:57,82281,5.5738,14.6275,5000,0.0503
,CHECKPOINT BATCH 82285,7.9332,,,
,CHECKPOINT BATCH 82290,7.4593,,,
,CHECKPOINT BATCH 82295,8.5211,,,
12:34:59,82300,5.6981,14.4100,5000,0.0503
,CHECKPOINT BATCH 82300,5.6981,,,
,CHECKPOINT BATCH 82305,8.3578,,,
,CHECKPOINT BATCH 82310,6.6895,,,
,CHECKPOINT BATCH 82315,7.3519,,,
12:35:01,82319,7.4141,15.1385,5000,0.0503
,CHECKPOINT BATCH 82320,5.0083,,,
,CHECKPOINT BATCH 82325,9.3903,,,
,CHECKPOINT BATCH 82330,7.6455,,,
,CHECKPOINT BATCH 82335,11.0277,,,
12:35:03,82338,7.8841,15.6625,5000,0.0503
,CHECKPOINT BATCH 82340,6.5023,,,
,CHECKPOINT BATCH 82345,9.6785,,,
,CHECKPOINT BATCH 82350,6.3674,,,
,CHECKPOINT BATCH 82355,6.3193,,,
12:35:05,82357,7.0530,11.8950,5000,0.0503
,CHECKPOINT BATCH 82360,6.5925,,,
,CHECKPOINT BATCH 82365,9.2052,,,
12:35:09,82370,9.6429,11.1925,5000,0.0503
,CHECKPOINT BATCH 82370,9.6429,,,
,CHECKPOINT BATCH 82375,6.6278,,,
,CHECKPOINT BATCH 82380,5.5034,,,
,CHECKPOINT BATCH 82385,7.5070,,,
12:35:11,82389,8.9630,12.7150,5000,0.0503
,CHECKPOINT BATCH 82390,6.9794,,,
,CHECKPOINT BATCH 82395,5.1849,,,
,CHECKPOINT BATCH 82400,5.5235,,,
,CHECKPOINT BATCH 82405,6.8624,,,
12:35:13,82408,6.9670,15.3000,5000,0.0503
,CHECKPOINT BATCH 82410,6.9019,,,
,CHECKPOINT BATCH 82415,8.4064,,,
,CHECKPOINT BATCH 82420,7.3213,,,
,CHECKPOINT BATCH 82425,6.5988,,,
12:35:15,82427,6.0279,18.3415,5000,0.0503
,CHECKPOINT BATCH 82430,6.7021,,,
,CHECKPOINT BATCH 82435,7.4720,,,
,CHECKPOINT BATCH 82440,5.1547,,,
,CHECKPOINT BATCH 82445,10.1172,,,
12:35:17,82446,10.6237,19.9840,5000,0.0502
,CHECKPOINT BATCH 82450,8.1823,,,
,CHECKPOINT BATCH 82455,6.8340,,,
12:35:21,82457,9.2753,21.8950,5000,0.0502
,CHECKPOINT BATCH 82460,7.4836,,,
,CHECKPOINT BATCH 82465,7.0395,,,
,CHECKPOINT BATCH 82470,6.6754,,,
,CHECKPOINT BATCH 82475,6.2814,,,
12:35:23,82476,6.8813,19.6770,5000,0.0502
,CHECKPOINT BATCH 82480,7.4627,,,
,CHECKPOINT BATCH 82485,5.5554,,,
,CHECKPOINT BATCH 82490,7.2892,,,
12:35:25,82495,9.1301,20.2710,5000,0.0502
,CHECKPOINT BATCH 82495,9.1301,,,
12:35:28,82499,7.1874,19.6580,5000,0.0502
,CHECKPOINT BATCH 82500,3.8087,,,
,CHECKPOINT BATCH 82505,9.2136,,,
,CHECKPOINT BATCH 82510,13.6066,,,
,CHECKPOINT BATCH 82515,8.5784,,,
12:35:30,82518,7.6707,18.0115,5000,0.0502
,CHECKPOINT BATCH 82520,6.7060,,,
,CHECKPOINT BATCH 82525,5.2501,,,
,CHECKPOINT BATCH 82530,7.3266,,,
12:35:33,82531,11.2364,18.0045,5000,0.0502
,CHECKPOINT BATCH 82535,9.0141,,,
,CHECKPOINT BATCH 82540,11.3496,,,
,CHECKPOINT BATCH 82545,4.9249,,,
12:35:35,82550,5.3172,18.6165,5000,0.0502
,CHECKPOINT BATCH 82550,5.3172,,,
,CHECKPOINT BATCH 82555,6.6917,,,
,CHECKPOINT BATCH 82560,6.8561,,,
12:35:39,82563,6.5991,19.4355,5000,0.0502
,CHECKPOINT BATCH 82565,4.3761,,,
,CHECKPOINT BATCH 82570,5.9809,,,
,CHECKPOINT BATCH 82575,7.5463,,,
,CHECKPOINT BATCH 82580,8.2817,,,
12:35:41,82582,7.1815,20.0965,5000,0.0502
,CHECKPOINT BATCH 82585,5.7715,,,
,CHECKPOINT BATCH 82590,5.4313,,,
,CHECKPOINT BATCH 82595,10.0638,,,
12:35:45,82597,7.3767,19.5095,5000,0.0502
,CHECKPOINT BATCH 82600,6.0061,,,
,CHECKPOINT BATCH 82605,16.8936,,,
,CHECKPOINT BATCH 82610,7.9039,,,
,CHECKPOINT BATCH 82615,5.7527,,,
12:35:47,82616,8.7114,19.9625,5000,0.0502
,CHECKPOINT BATCH 82620,5.7318,,,
,CHECKPOINT BATCH 82625,17.4795,,,
,CHECKPOINT BATCH 82630,7.5699,,,
12:35:49,82635,6.7918,20.5425,5000,0.0502
,CHECKPOINT BATCH 82635,6.7918,,,
,CHECKPOINT BATCH 82640,8.4703,,,
,CHECKPOINT BATCH 82645,10.3260,,,
,CHECKPOINT BATCH 82650,11.1915,,,
12:35:52,82654,6.8512,20.2250,5000,0.0502
,CHECKPOINT BATCH 82655,7.0326,,,
,CHECKPOINT BATCH 82660,7.2945,,,
,CHECKPOINT BATCH 82665,19.4063,,,
,CHECKPOINT BATCH 82670,7.4257,,,
12:35:54,82673,23.3709,20.8505,5000,0.0502
,CHECKPOINT BATCH 82675,8.1911,,,
,CHECKPOINT BATCH 82680,7.1925,,,
,CHECKPOINT BATCH 82685,12.3740,,,
,CHECKPOINT BATCH 82690,7.2839,,,
12:35:56,82692,6.4911,19.1900,5000,0.0502
,CHECKPOINT BATCH 82695,10.5301,,,
12:35:59,82697,6.2325,20.0475,5000,0.0502
,CHECKPOINT BATCH 82700,6.8251,,,
,CHECKPOINT BATCH 82705,8.5517,,,
,CHECKPOINT BATCH 82710,8.8371,,,
,CHECKPOINT BATCH 82715,7.9249,,,
12:36:01,82716,8.9165,18.1765,5000,0.0502
,CHECKPOINT BATCH 82720,7.6176,,,
,CHECKPOINT BATCH 82725,6.9032,,,
,CHECKPOINT BATCH 82730,7.3259,,,
12:36:03,82735,7.0758,18.9635,5000,0.0502
,CHECKPOINT BATCH 82735,7.0758,,,
,CHECKPOINT BATCH 82740,6.3796,,,
,CHECKPOINT BATCH 82745,5.7253,,,
,CHECKPOINT BATCH 82750,7.0533,,,
12:36:05,82754,7.9832,19.7105,5000,0.0502
,CHECKPOINT BATCH 82755,8.5911,,,
,CHECKPOINT BATCH 82760,8.9910,,,
,CHECKPOINT BATCH 82765,8.2878,,,
,CHECKPOINT BATCH 82770,5.6891,,,
12:36:07,82773,8.2952,18.6000,5000,0.0502
,CHECKPOINT BATCH 82775,8.3279,,,
,CHECKPOINT BATCH 82780,8.0496,,,
,CHECKPOINT BATCH 82785,9.2141,,,
,CHECKPOINT BATCH 82790,7.8626,,,
12:36:09,82792,7.0548,18.6130,5000,0.0502
,CHECKPOINT BATCH 82795,8.2516,,,
,CHECKPOINT BATCH 82800,7.0554,,,
12:36:13,82804,6.0812,20.2875,5000,0.0502
,CHECKPOINT BATCH 82805,10.8505,,,
,CHECKPOINT BATCH 82810,7.6253,,,
,CHECKPOINT BATCH 82815,7.5359,,,
,CHECKPOINT BATCH 82820,7.5301,,,
12:36:15,82823,6.2131,21.3620,5000,0.0502
,CHECKPOINT BATCH 82825,8.7137,,,
,CHECKPOINT BATCH 82830,11.7601,,,
,CHECKPOINT BATCH 82835,6.6587,,,
,CHECKPOINT BATCH 82840,6.9369,,,
12:36:17,82842,5.7907,20.7510,5000,0.0502
,CHECKPOINT BATCH 82845,7.3465,,,
,CHECKPOINT BATCH 82850,6.3663,,,
,CHECKPOINT BATCH 82855,6.6326,,,
,CHECKPOINT BATCH 82860,5.5072,,,
12:36:19,82861,9.2252,21.1080,5000,0.0502
,CHECKPOINT BATCH 82865,5.7309,,,
,CHECKPOINT BATCH 82870,10.6594,,,
,CHECKPOINT BATCH 82875,6.7677,,,
12:36:21,82880,8.2354,21.5805,5000,0.0502
,CHECKPOINT BATCH 82880,8.2354,,,
,CHECKPOINT BATCH 82885,6.8163,,,
,CHECKPOINT BATCH 82890,7.4236,,,
,CHECKPOINT BATCH 82895,6.2687,,,
12:36:25,82896,7.0051,22.0930,5000,0.0502
,CHECKPOINT BATCH 82900,13.9584,,,
,CHECKPOINT BATCH 82905,11.7132,,,
,CHECKPOINT BATCH 82910,6.9009,,,
12:36:27,82915,7.9495,18.8165,5000,0.0502
,CHECKPOINT BATCH 82915,7.9495,,,
,CHECKPOINT BATCH 82920,8.7208,,,
,CHECKPOINT BATCH 82925,8.5801,,,
,CHECKPOINT BATCH 82930,8.7777,,,
12:36:29,82933,13.1861,19.2645,5000,0.0502
,CHECKPOINT BATCH 82935,8.3811,,,
,CHECKPOINT BATCH 82940,6.3683,,,
,CHECKPOINT BATCH 82945,11.4574,,,
,CHECKPOINT BATCH 82950,14.9209,,,
12:36:31,82952,8.4418,20.4655,5000,0.0502
,CHECKPOINT BATCH 82955,10.0852,,,
,CHECKPOINT BATCH 82960,8.9183,,,
,CHECKPOINT BATCH 82965,9.2704,,,
,CHECKPOINT BATCH 82970,7.0490,,,
12:36:33,82971,8.2057,21.3900,5000,0.0502
,CHECKPOINT BATCH 82975,5.5528,,,
,CHECKPOINT BATCH 82980,7.5123,,,
,CHECKPOINT BATCH 82985,7.4403,,,
12:36:38,82990,7.9063,20.3270,5000,0.0502
,CHECKPOINT BATCH 82990,7.9063,,,
,CHECKPOINT BATCH 82995,8.2287,,,
,CHECKPOINT BATCH 83000,9.1987,,,
,CHECKPOINT BATCH 83005,7.3059,,,
12:36:40,83009,8.7434,21.6350,5000,0.0502
,CHECKPOINT BATCH 83010,6.1019,,,
,CHECKPOINT BATCH 83015,10.1061,,,
,CHECKPOINT BATCH 83020,6.8222,,,
,CHECKPOINT BATCH 83025,7.8410,,,
12:36:42,83028,7.2680,21.6790,5000,0.0502
,CHECKPOINT BATCH 83030,10.1216,,,
,CHECKPOINT BATCH 83035,4.6556,,,
,CHECKPOINT BATCH 83040,8.2664,,,
,CHECKPOINT BATCH 83045,7.0584,,,
12:36:44,83047,13.6777,20.2000,5000,0.0502
,CHECKPOINT BATCH 83050,4.4763,,,
,CHECKPOINT BATCH 83055,12.7963,,,
,CHECKPOINT BATCH 83060,8.0872,,,
,CHECKPOINT BATCH 83065,11.0649,,,
12:36:46,83066,5.3015,18.6795,5000,0.0502
,CHECKPOINT BATCH 83070,4.9167,,,
,CHECKPOINT BATCH 83075,7.1129,,,
,CHECKPOINT BATCH 83080,6.7785,,,
12:36:48,83085,7.4732,18.5315,5000,0.0502
,CHECKPOINT BATCH 83085,7.4732,,,
,CHECKPOINT BATCH 83090,4.1874,,,
12:36:51,83092,7.5979,19.9805,5000,0.0502
,CHECKPOINT BATCH 83095,5.5408,,,
,CHECKPOINT BATCH 83100,5.8408,,,
,CHECKPOINT BATCH 83105,8.4026,,,
,CHECKPOINT BATCH 83110,6.0001,,,
12:36:53,83111,5.8587,17.5095,5000,0.0502
,CHECKPOINT BATCH 83115,6.7504,,,
,CHECKPOINT BATCH 83120,10.5606,,,
,CHECKPOINT BATCH 83125,9.2832,,,
12:36:55,83130,9.4567,17.4865,5000,0.0502
,CHECKPOINT BATCH 83130,9.4567,,,
,CHECKPOINT BATCH 83135,6.6958,,,
,CHECKPOINT BATCH 83140,8.0045,,,
,CHECKPOINT BATCH 83145,8.5699,,,
12:36:58,83149,7.7380,19.4365,5000,0.0502
,CHECKPOINT BATCH 83150,4.8121,,,
,CHECKPOINT BATCH 83155,7.0752,,,
,CHECKPOINT BATCH 83160,7.1456,,,
,CHECKPOINT BATCH 83165,8.5268,,,
12:37:00,83168,14.6000,19.5680,5000,0.0502
,CHECKPOINT BATCH 83170,7.2599,,,
,CHECKPOINT BATCH 83175,8.1814,,,
,CHECKPOINT BATCH 83180,7.3226,,,
,CHECKPOINT BATCH 83185,5.7664,,,
12:37:02,83187,9.7365,18.9785,5000,0.0502
,CHECKPOINT BATCH 83190,4.6983,,,
,CHECKPOINT BATCH 83195,5.9648,,,
12:37:06,83200,14.9181,20.6935,5000,0.0502
,CHECKPOINT BATCH 83200,14.9181,,,
,CHECKPOINT BATCH 83205,8.4845,,,
,CHECKPOINT BATCH 83210,8.6617,,,
,CHECKPOINT BATCH 83215,7.3716,,,
12:37:08,83219,9.0972,21.4815,5000,0.0502
,CHECKPOINT BATCH 83220,9.1285,,,
,CHECKPOINT BATCH 83225,7.5133,,,
,CHECKPOINT BATCH 83230,14.1358,,,
,CHECKPOINT BATCH 83235,6.9679,,,
12:37:10,83237,7.6957,21.1585,5000,0.0502
,CHECKPOINT BATCH 83240,5.6299,,,
,CHECKPOINT BATCH 83245,6.4847,,,
,CHECKPOINT BATCH 83250,8.1614,,,
,CHECKPOINT BATCH 83255,9.9769,,,
12:37:12,83256,7.5074,18.7035,5000,0.0502
12:37:14,83258,7.6144,18.3890,5000,0.0502
,CHECKPOINT BATCH 83260,7.6129,,,
,CHECKPOINT BATCH 83265,8.1544,,,
,CHECKPOINT BATCH 83270,21.1585,,,
,CHECKPOINT BATCH 83275,9.6574,,,
12:37:16,83277,11.5833,16.8525,5000,0.0502
,CHECKPOINT BATCH 83280,7.1424,,,
,CHECKPOINT BATCH 83285,7.4104,,,
,CHECKPOINT BATCH 83290,8.6913,,,
,CHECKPOINT BATCH 83295,6.7312,,,
12:37:18,83296,7.4164,19.2385,5000,0.0502
,CHECKPOINT BATCH 83300,8.4209,,,
,CHECKPOINT BATCH 83305,7.3871,,,
,CHECKPOINT BATCH 83310,9.6662,,,
12:37:20,83315,7.3316,18.0895,5000,0.0502
,CHECKPOINT BATCH 83315,7.3316,,,
,CHECKPOINT BATCH 83320,9.2413,,,
,CHECKPOINT BATCH 83325,9.3564,,,
,CHECKPOINT BATCH 83330,11.2594,,,
12:37:23,83334,7.3074,16.3925,5000,0.0502
,CHECKPOINT BATCH 83335,6.4707,,,
,CHECKPOINT BATCH 83340,11.4707,,,
,CHECKPOINT BATCH 83345,7.8584,,,
,CHECKPOINT BATCH 83350,8.4332,,,
12:37:25,83353,10.8941,15.6320,5000,0.0502
,CHECKPOINT BATCH 83355,7.6404,,,
,CHECKPOINT BATCH 83360,8.2470,,,
,CHECKPOINT BATCH 83365,6.5489,,,
,CHECKPOINT BATCH 83370,7.1083,,,
12:37:27,83372,9.2618,17.7655,5000,0.0502
,CHECKPOINT BATCH 83375,9.7275,,,
,CHECKPOINT BATCH 83380,7.3774,,,
,CHECKPOINT BATCH 83385,8.4511,,,
12:37:31,83386,5.2936,17.1050,5000,0.0502
,CHECKPOINT BATCH 83390,6.2099,,,
,CHECKPOINT BATCH 83395,5.6698,,,
,CHECKPOINT BATCH 83400,7.6883,,,
12:37:33,83405,6.9588,15.4310,5000,0.0502
,CHECKPOINT BATCH 83405,6.9588,,,
,CHECKPOINT BATCH 83410,5.9550,,,
,CHECKPOINT BATCH 83415,9.6788,,,
,CHECKPOINT BATCH 83420,15.6157,,,
12:37:35,83424,12.0962,16.8030,5000,0.0502
,CHECKPOINT BATCH 83425,9.3377,,,
,CHECKPOINT BATCH 83430,9.3788,,,
,CHECKPOINT BATCH 83435,7.3625,,,
,CHECKPOINT BATCH 83440,11.5610,,,
12:37:37,83443,8.1476,17.9085,5000,0.0502
,CHECKPOINT BATCH 83445,8.2047,,,
,CHECKPOINT BATCH 83450,5.9440,,,
,CHECKPOINT BATCH 83455,9.5139,,,
,CHECKPOINT BATCH 83460,4.8362,,,
12:37:39,83462,6.0043,16.4925,5000,0.0502
,CHECKPOINT BATCH 83465,12.9344,,,
12:37:42,83470,6.6941,16.1965,5000,0.0502
,CHECKPOINT BATCH 83470,6.6941,,,
,CHECKPOINT BATCH 83475,8.1976,,,
,CHECKPOINT BATCH 83480,6.4889,,,
,CHECKPOINT BATCH 83485,7.5252,,,
12:37:44,83489,6.8945,16.8870,5000,0.0502
,CHECKPOINT BATCH 83490,9.5306,,,
,CHECKPOINT BATCH 83495,6.7172,,,
,CHECKPOINT BATCH 83500,6.0620,,,
,CHECKPOINT BATCH 83505,5.4764,,,
12:37:46,83508,6.3151,17.9190,5000,0.0502
,CHECKPOINT BATCH 83510,7.6375,,,
,CHECKPOINT BATCH 83515,8.3820,,,
,CHECKPOINT BATCH 83520,5.7880,,,
,CHECKPOINT BATCH 83525,7.4425,,,
12:37:48,83526,12.0685,17.6050,5000,0.0502
,CHECKPOINT BATCH 83530,10.4269,,,
,CHECKPOINT BATCH 83535,7.2260,,,
,CHECKPOINT BATCH 83540,7.7594,,,
12:37:52,83542,19.2713,16.4025,5000,0.0502
,CHECKPOINT BATCH 83545,6.4581,,,
,CHECKPOINT BATCH 83550,8.0531,,,
,CHECKPOINT BATCH 83555,8.0584,,,
,CHECKPOINT BATCH 83560,9.6200,,,
12:37:55,83561,10.5315,14.9005,5000,0.0502
,CHECKPOINT BATCH 83565,16.1968,,,
,CHECKPOINT BATCH 83570,7.7550,,,
,CHECKPOINT BATCH 83575,6.3719,,,
12:37:57,83580,6.5772,17.6015,5000,0.0502
,CHECKPOINT BATCH 83580,6.5772,,,
,CHECKPOINT BATCH 83585,7.4950,,,
,CHECKPOINT BATCH 83590,4.5408,,,
,CHECKPOINT BATCH 83595,6.6801,,,
12:37:59,83599,6.7265,16.7135,5000,0.0502
,CHECKPOINT BATCH 83600,6.6599,,,
,CHECKPOINT BATCH 83605,7.7516,,,
,CHECKPOINT BATCH 83610,7.5609,,,
,CHECKPOINT BATCH 83615,6.8424,,,
12:38:01,83618,8.6733,14.7170,5000,0.0502
,CHECKPOINT BATCH 83620,6.9027,,,
,CHECKPOINT BATCH 83625,8.7614,,,
,CHECKPOINT BATCH 83630,17.9773,,,
,CHECKPOINT BATCH 83635,8.9036,,,
12:38:03,83637,8.1949,14.1010,5000,0.0502
,CHECKPOINT BATCH 83640,7.5051,,,
,CHECKPOINT BATCH 83645,12.5743,,,
,CHECKPOINT BATCH 83650,8.7499,,,
,CHECKPOINT BATCH 83655,6.0501,,,
12:38:05,83656,7.4126,15.7800,5000,0.0502
,CHECKPOINT BATCH 83660,6.8977,,,
,CHECKPOINT BATCH 83665,7.8348,,,
,CHECKPOINT BATCH 83670,11.3981,,,
12:38:07,83674,8.3479,14.4565,5000,0.0502
,CHECKPOINT BATCH 83675,8.9116,,,
,CHECKPOINT BATCH 83680,7.1060,,,
,CHECKPOINT BATCH 83685,6.7846,,,
,CHECKPOINT BATCH 83690,11.5162,,,
12:38:11,83693,10.8212,12.9835,5000,0.0502
,CHECKPOINT BATCH 83695,8.4343,,,
,CHECKPOINT BATCH 83700,6.9476,,,
,CHECKPOINT BATCH 83705,7.5743,,,
,CHECKPOINT BATCH 83710,7.6950,,,
12:38:13,83712,12.4887,14.6505,5000,0.0502
,CHECKPOINT BATCH 83715,8.3090,,,
,CHECKPOINT BATCH 83720,5.7523,,,
,CHECKPOINT BATCH 83725,5.0572,,,
,CHECKPOINT BATCH 83730,6.5050,,,
12:38:16,83731,8.2397,16.1555,5000,0.0502
,CHECKPOINT BATCH 83735,7.3462,,,
,CHECKPOINT BATCH 83740,6.2865,,,
,CHECKPOINT BATCH 83745,7.4399,,,
12:38:18,83750,8.8130,17.2370,5000,0.0502
,CHECKPOINT BATCH 83750,8.8130,,,
12:38:20,83752,5.5885,17.0860,5000,0.0502
,CHECKPOINT BATCH 83755,8.9887,,,
,CHECKPOINT BATCH 83760,8.9388,,,
,CHECKPOINT BATCH 83765,4.8931,,,
,CHECKPOINT BATCH 83770,5.3856,,,
12:38:22,83771,7.5416,16.9080,5000,0.0502
,CHECKPOINT BATCH 83775,5.6434,,,
,CHECKPOINT BATCH 83780,8.6750,,,
,CHECKPOINT BATCH 83785,8.2450,,,
12:38:24,83790,6.9901,20.2625,5000,0.0502
,CHECKPOINT BATCH 83790,6.9901,,,
,CHECKPOINT BATCH 83795,7.9120,,,
,CHECKPOINT BATCH 83800,10.3965,,,
,CHECKPOINT BATCH 83805,6.4295,,,
12:38:26,83809,7.8458,20.6975,5000,0.0502
,CHECKPOINT BATCH 83810,6.1874,,,
,CHECKPOINT BATCH 83815,12.0754,,,
,CHECKPOINT BATCH 83820,7.7450,,,
,CHECKPOINT BATCH 83825,8.3396,,,
12:38:29,83828,7.6399,20.1065,5000,0.0502
,CHECKPOINT BATCH 83830,7.1704,,,
,CHECKPOINT BATCH 83835,7.2047,,,
,CHECKPOINT BATCH 83840,10.3369,,,
12:38:33,83845,6.0790,20.4900,5000,0.0502
,CHECKPOINT BATCH 83845,6.0790,,,
,CHECKPOINT BATCH 83850,6.2454,,,
,CHECKPOINT BATCH 83855,8.3454,,,
,CHECKPOINT BATCH 83860,5.4729,,,
12:38:35,83864,5.7179,21.0890,5000,0.0502
,CHECKPOINT BATCH 83865,11.2062,,,
,CHECKPOINT BATCH 83870,15.6629,,,
,CHECKPOINT BATCH 83875,9.1823,,,
,CHECKPOINT BATCH 83880,7.6491,,,
12:38:37,83883,7.9445,21.5020,5000,0.0502
,CHECKPOINT BATCH 83885,6.7306,,,
,CHECKPOINT BATCH 83890,5.5611,,,
,CHECKPOINT BATCH 83895,6.0664,,,
,CHECKPOINT BATCH 83900,7.4054,,,
12:38:39,83902,5.1805,19.6960,5000,0.0502
,CHECKPOINT BATCH 83905,7.4704,,,
,CHECKPOINT BATCH 83910,8.3238,,,
,CHECKPOINT BATCH 83915,5.3345,,,
,CHECKPOINT BATCH 83920,5.3319,,,
12:38:41,83921,6.3382,18.2930,5000,0.0502
,CHECKPOINT BATCH 83925,5.7711,,,
,CHECKPOINT BATCH 83930,7.1687,,,
,CHECKPOINT BATCH 83935,6.4542,,,
12:38:43,83940,11.0298,18.4270,5000,0.0502
,CHECKPOINT BATCH 83940,11.0298,,,
,CHECKPOINT BATCH 83945,5.7576,,,
,CHECKPOINT BATCH 83950,8.1858,,,
12:38:47,83952,6.3800,20.4120,5000,0.0502
,CHECKPOINT BATCH 83955,8.1961,,,
,CHECKPOINT BATCH 83960,6.4392,,,
,CHECKPOINT BATCH 83965,8.0655,,,
,CHECKPOINT BATCH 83970,4.0069,,,
12:38:49,83971,5.3297,21.0330,5000,0.0502
,CHECKPOINT BATCH 83975,9.7336,,,
,CHECKPOINT BATCH 83980,9.8781,,,
,CHECKPOINT BATCH 83985,10.0941,,,
12:38:51,83990,5.7972,21.2010,5000,0.0502
,CHECKPOINT BATCH 83990,5.7972,,,
,CHECKPOINT BATCH 83995,10.1235,,,
,CHECKPOINT BATCH 84000,6.2547,,,
,CHECKPOINT BATCH 84005,7.2248,,,
12:38:53,84009,7.7308,22.8860,5000,0.0502
,CHECKPOINT BATCH 84010,13.1387,,,
,CHECKPOINT BATCH 84015,5.5019,,,
,CHECKPOINT BATCH 84020,7.1599,,,
,CHECKPOINT BATCH 84025,6.6534,,,
12:38:55,84028,5.5281,24.2760,5000,0.0502
12:38:58,84030,7.8591,25.5730,5000,0.0502
,CHECKPOINT BATCH 84030,7.8591,,,
,CHECKPOINT BATCH 84035,8.2320,,,
,CHECKPOINT BATCH 84040,6.6695,,,
,CHECKPOINT BATCH 84045,7.6518,,,
12:39:00,84049,7.8992,26.1805,5000,0.0502
,CHECKPOINT BATCH 84050,8.1734,,,
,CHECKPOINT BATCH 84055,8.4012,,,
,CHECKPOINT BATCH 84060,13.6303,,,
,CHECKPOINT BATCH 84065,10.9612,,,
12:39:02,84068,7.2050,26.7395,5000,0.0502
,CHECKPOINT BATCH 84070,11.2179,,,
,CHECKPOINT BATCH 84075,9.7458,,,
,CHECKPOINT BATCH 84080,6.0148,,,
,CHECKPOINT BATCH 84085,10.5231,,,
12:39:04,84087,10.6650,27.0645,5000,0.0502
,CHECKPOINT BATCH 84090,10.1761,,,
,CHECKPOINT BATCH 84095,6.4455,,,
,CHECKPOINT BATCH 84100,8.1263,,,
12:39:08,84103,7.9354,27.2925,5000,0.0502
,CHECKPOINT BATCH 84105,7.7816,,,
,CHECKPOINT BATCH 84110,8.4951,,,
,CHECKPOINT BATCH 84115,6.1066,,,
,CHECKPOINT BATCH 84120,18.0600,,,
12:39:10,84121,8.2594,26.6760,5000,0.0502
,CHECKPOINT BATCH 84125,7.9737,,,
,CHECKPOINT BATCH 84130,11.9964,,,
,CHECKPOINT BATCH 84135,5.9178,,,
12:39:12,84140,5.5203,26.4795,5000,0.0502
,CHECKPOINT BATCH 84140,5.5203,,,
,CHECKPOINT BATCH 84145,4.3062,,,
,CHECKPOINT BATCH 84150,5.6566,,,
,CHECKPOINT BATCH 84155,9.3321,,,
12:39:14,84159,5.9330,25.2220,5000,0.0502
,CHECKPOINT BATCH 84160,10.6350,,,
,CHECKPOINT BATCH 84165,5.3410,,,
,CHECKPOINT BATCH 84170,6.8297,,,
,CHECKPOINT BATCH 84175,4.9949,,,
12:39:16,84178,6.5417,21.7010,5000,0.0502
,CHECKPOINT BATCH 84180,5.3172,,,
,CHECKPOINT BATCH 84185,5.1218,,,
,CHECKPOINT BATCH 84190,7.9588,,,
,CHECKPOINT BATCH 84195,4.4454,,,
12:39:19,84197,6.1022,18.7900,5000,0.0502
12:39:21,84198,7.6525,19.2420,5000,0.0502
,CHECKPOINT BATCH 84200,6.6621,,,
,CHECKPOINT BATCH 84205,16.0451,,,
,CHECKPOINT BATCH 84210,14.1119,,,
,CHECKPOINT BATCH 84215,5.6591,,,
12:39:23,84217,7.3054,19.1070,5000,0.0502
,CHECKPOINT BATCH 84220,9.6944,,,
,CHECKPOINT BATCH 84225,11.6339,,,
,CHECKPOINT BATCH 84230,8.7970,,,
,CHECKPOINT BATCH 84235,7.5929,,,
12:39:25,84236,7.0434,19.2450,5000,0.0502
,CHECKPOINT BATCH 84240,5.9523,,,
,CHECKPOINT BATCH 84245,8.0603,,,
12:39:29,84246,7.4681,18.4885,5000,0.0502
,CHECKPOINT BATCH 84250,7.2022,,,
,CHECKPOINT BATCH 84255,8.8884,,,
,CHECKPOINT BATCH 84260,9.9188,,,
12:39:31,84265,7.4372,16.4725,5000,0.0502
,CHECKPOINT BATCH 84265,7.4372,,,
,CHECKPOINT BATCH 84270,7.0378,,,
,CHECKPOINT BATCH 84275,4.3491,,,
,CHECKPOINT BATCH 84280,7.5304,,,
12:39:33,84283,8.8817,19.8335,5000,0.0502
,CHECKPOINT BATCH 84285,6.3028,,,
,CHECKPOINT BATCH 84290,7.4861,,,
,CHECKPOINT BATCH 84295,7.7429,,,
,CHECKPOINT BATCH 84300,15.1140,,,
12:39:35,84302,10.5128,21.5010,5000,0.0502
,CHECKPOINT BATCH 84305,7.3547,,,
,CHECKPOINT BATCH 84310,4.8182,,,
12:39:38,84312,6.0956,20.9240,5000,0.0502
,CHECKPOINT BATCH 84315,4.9076,,,
,CHECKPOINT BATCH 84320,9.1073,,,
,CHECKPOINT BATCH 84325,7.0907,,,
,CHECKPOINT BATCH 84330,7.0520,,,
12:39:40,84331,12.6700,19.0960,5000,0.0502
,CHECKPOINT BATCH 84335,7.5420,,,
,CHECKPOINT BATCH 84340,7.5794,,,
,CHECKPOINT BATCH 84345,6.8298,,,
12:39:45,84350,11.2697,19.8650,5000,0.0502
,CHECKPOINT BATCH 84350,11.2697,,,
,CHECKPOINT BATCH 84355,7.2573,,,
,CHECKPOINT BATCH 84360,7.6097,,,
,CHECKPOINT BATCH 84365,13.3179,,,
12:39:47,84369,8.8225,22.3355,5000,0.0502
,CHECKPOINT BATCH 84370,8.8645,,,
,CHECKPOINT BATCH 84375,6.2503,,,
,CHECKPOINT BATCH 84380,8.8016,,,
,CHECKPOINT BATCH 84385,6.2973,,,
12:39:49,84388,6.6387,22.6445,5000,0.0502
,CHECKPOINT BATCH 84390,4.9338,,,
,CHECKPOINT BATCH 84395,7.3961,,,
12:39:52,84398,10.4246,22.9560,5000,0.0502
,CHECKPOINT BATCH 84400,6.0003,,,
,CHECKPOINT BATCH 84405,7.1754,,,
,CHECKPOINT BATCH 84410,8.7904,,,
,CHECKPOINT BATCH 84415,7.5348,,,
12:39:54,84417,6.0505,21.2600,5000,0.0502
,CHECKPOINT BATCH 84420,6.2366,,,
,CHECKPOINT BATCH 84425,7.8468,,,
,CHECKPOINT BATCH 84430,10.8050,,,
12:39:56,84435,10.5568,22.1725,5000,0.0502
,CHECKPOINT BATCH 84435,10.5568,,,
,CHECKPOINT BATCH 84440,7.3356,,,
,CHECKPOINT BATCH 84445,8.9504,,,
12:40:00,84447,14.3571,21.1175,5000,0.0502
,CHECKPOINT BATCH 84450,6.6435,,,
,CHECKPOINT BATCH 84455,5.9343,,,
,CHECKPOINT BATCH 84460,5.7584,,,
,CHECKPOINT BATCH 84465,7.2623,,,
12:40:02,84466,5.4740,19.9245,5000,0.0502
,CHECKPOINT BATCH 84470,5.4916,,,
,CHECKPOINT BATCH 84475,8.0257,,,
,CHECKPOINT BATCH 84480,6.3234,,,
12:40:04,84485,8.0136,19.7975,5000,0.0502
,CHECKPOINT BATCH 84485,8.0136,,,
,CHECKPOINT BATCH 84490,9.4394,,,
,CHECKPOINT BATCH 84495,6.9812,,,
,CHECKPOINT BATCH 84500,12.1754,,,
12:40:06,84504,7.1070,21.4610,5000,0.0502
,CHECKPOINT BATCH 84505,6.5943,,,
,CHECKPOINT BATCH 84510,6.9997,,,
,CHECKPOINT BATCH 84515,8.5047,,,
,CHECKPOINT BATCH 84520,6.4559,,,
12:40:08,84523,6.7250,20.8735,5000,0.0502
,CHECKPOINT BATCH 84525,7.3327,,,
,CHECKPOINT BATCH 84530,7.0989,,,
,CHECKPOINT BATCH 84535,4.0985,,,
,CHECKPOINT BATCH 84540,9.3139,,,
12:40:11,84542,6.4512,19.2330,5000,0.0502
,CHECKPOINT BATCH 84545,7.8495,,,
12:40:13,84546,5.9115,19.9365,5000,0.0502
,CHECKPOINT BATCH 84550,7.8050,,,
,CHECKPOINT BATCH 84555,6.5346,,,
,CHECKPOINT BATCH 84560,11.1680,,,
12:40:15,84565,7.5169,18.2305,5000,0.0502
,CHECKPOINT BATCH 84565,7.5169,,,
,CHECKPOINT BATCH 84570,7.1563,,,
,CHECKPOINT BATCH 84575,6.2631,,,
,CHECKPOINT BATCH 84580,6.1046,,,
12:40:17,84583,12.9223,18.9595,5000,0.0502
,CHECKPOINT BATCH 84585,6.4214,,,
,CHECKPOINT BATCH 84590,14.3535,,,
,CHECKPOINT BATCH 84595,8.6155,,,
,CHECKPOINT BATCH 84600,9.9850,,,
12:40:20,84602,7.2361,19.0245,5000,0.0502
,CHECKPOINT BATCH 84605,6.7693,,,
,CHECKPOINT BATCH 84610,6.4495,,,
,CHECKPOINT BATCH 84615,5.8838,,,
,CHECKPOINT BATCH 84620,7.6742,,,
12:40:22,84621,6.4991,20.1235,5000,0.0502
,CHECKPOINT BATCH 84625,5.2595,,,
,CHECKPOINT BATCH 84630,6.4291,,,
,CHECKPOINT BATCH 84635,11.1809,,,
12:40:24,84640,9.0345,20.4175,5000,0.0502
,CHECKPOINT BATCH 84640,9.0345,,,
12:40:26,84642,7.8395,21.2575,5000,0.0502
,CHECKPOINT BATCH 84645,7.6839,,,
,CHECKPOINT BATCH 84650,8.4506,,,
,CHECKPOINT BATCH 84655,7.9487,,,
,CHECKPOINT BATCH 84660,4.8688,,,
12:40:28,84661,6.0523,20.5570,5000,0.0502
,CHECKPOINT BATCH 84665,6.2291,,,
,CHECKPOINT BATCH 84670,6.9927,,,
,CHECKPOINT BATCH 84675,6.1175,,,
12:40:30,84680,4.7944,20.2770,5000,0.0502
,CHECKPOINT BATCH 84680,4.7944,,,
,CHECKPOINT BATCH 84685,8.2138,,,
,CHECKPOINT BATCH 84690,9.2122,,,
,CHECKPOINT BATCH 84695,3.9699,,,
12:40:33,84699,6.1098,20.2590,5000,0.0502
,CHECKPOINT BATCH 84700,7.1998,,,
,CHECKPOINT BATCH 84705,6.3172,,,
12:40:36,84707,5.9013,19.6240,5000,0.0502
,CHECKPOINT BATCH 84710,4.6135,,,
,CHECKPOINT BATCH 84715,10.0428,,,
,CHECKPOINT BATCH 84720,5.9719,,,
,CHECKPOINT BATCH 84725,7.6175,,,
12:40:38,84726,11.9570,19.2945,5000,0.0502
,CHECKPOINT BATCH 84730,7.8335,,,
,CHECKPOINT BATCH 84735,9.1881,,,
,CHECKPOINT BATCH 84740,9.7852,,,
12:40:40,84745,9.9952,20.5955,5000,0.0502
,CHECKPOINT BATCH 84745,9.9952,,,
,CHECKPOINT BATCH 84750,5.2516,,,
,CHECKPOINT BATCH 84755,6.2095,,,
,CHECKPOINT BATCH 84760,7.6150,,,
12:40:42,84764,9.0363,23.2365,5000,0.0502
,CHECKPOINT BATCH 84765,5.7331,,,
12:40:45,84770,11.0858,23.0585,5000,0.0502
,CHECKPOINT BATCH 84770,11.0858,,,
,CHECKPOINT BATCH 84775,17.6747,,,
,CHECKPOINT BATCH 84780,10.1730,,,
,CHECKPOINT BATCH 84785,4.6654,,,
12:40:47,84789,5.3981,22.6710,5000,0.0502
,CHECKPOINT BATCH 84790,5.6234,,,
,CHECKPOINT BATCH 84795,6.8315,,,
,CHECKPOINT BATCH 84800,6.8849,,,
,CHECKPOINT BATCH 84805,6.8385,,,
12:40:49,84808,6.9327,23.7520,5000,0.0502
,CHECKPOINT BATCH 84810,6.0559,,,
,CHECKPOINT BATCH 84815,15.3331,,,
12:40:53,84817,5.8537,24.4890,5000,0.0502
,CHECKPOINT BATCH 84820,5.9999,,,
,CHECKPOINT BATCH 84825,11.3685,,,
,CHECKPOINT BATCH 84830,6.3813,,,
,CHECKPOINT BATCH 84835,7.4386,,,
12:40:55,84836,5.0371,21.2595,5000,0.0502
,CHECKPOINT BATCH 84840,5.5496,,,
,CHECKPOINT BATCH 84845,6.5863,,,
,CHECKPOINT BATCH 84850,8.5801,,,
12:40:57,84855,5.5127,22.5755,5000,0.0502
,CHECKPOINT BATCH 84855,5.5127,,,
,CHECKPOINT BATCH 84860,8.9647,,,
,CHECKPOINT BATCH 84865,6.2381,,,
,CHECKPOINT BATCH 84870,7.5968,,,
12:40:59,84874,6.9154,21.5415,5000,0.0502
,CHECKPOINT BATCH 84875,7.1756,,,
,CHECKPOINT BATCH 84880,7.6669,,,
,CHECKPOINT BATCH 84885,6.3884,,,
,CHECKPOINT BATCH 84890,8.1507,,,
12:41:01,84893,6.5322,19.7415,5000,0.0502
,CHECKPOINT BATCH 84895,6.6799,,,
,CHECKPOINT BATCH 84900,5.2223,,,
,CHECKPOINT BATCH 84905,7.9531,,,
,CHECKPOINT BATCH 84910,6.8275,,,
12:41:03,84912,5.1722,17.3105,5000,0.0502
,CHECKPOINT BATCH 84915,7.0185,,,
,CHECKPOINT BATCH 84920,7.1071,,,
12:41:07,84924,6.6569,20.4670,5000,0.0502
,CHECKPOINT BATCH 84925,6.6953,,,
,CHECKPOINT BATCH 84930,6.2821,,,
,CHECKPOINT BATCH 84935,5.7985,,,
,CHECKPOINT BATCH 84940,4.5885,,,
12:41:09,84943,7.6531,21.3490,5000,0.0502
,CHECKPOINT BATCH 84945,5.6618,,,
,CHECKPOINT BATCH 84950,7.0919,,,
,CHECKPOINT BATCH 84955,5.8081,,,
,CHECKPOINT BATCH 84960,7.4624,,,
12:41:11,84962,5.8624,22.1055,5000,0.0502
,CHECKPOINT BATCH 84965,6.2082,,,
12:41:14,84970,5.2744,22.5465,5000,0.0502
,CHECKPOINT BATCH 84970,5.2744,,,
,CHECKPOINT BATCH 84975,7.0835,,,
,CHECKPOINT BATCH 84980,8.4704,,,
,CHECKPOINT BATCH 84985,5.4652,,,
12:41:16,84989,6.3590,22.1160,5000,0.0502
,CHECKPOINT BATCH 84990,5.6799,,,
,CHECKPOINT BATCH 84995,6.5136,,,
,CHECKPOINT BATCH 85000,5.4955,,,
,CHECKPOINT BATCH 85005,4.2759,,,
12:41:18,85008,7.2728,23.9590,5000,0.0502
,CHECKPOINT BATCH 85010,6.7258,,,
,CHECKPOINT BATCH 85015,7.5223,,,
,CHECKPOINT BATCH 85020,4.4445,,,
,CHECKPOINT BATCH 85025,8.9053,,,
12:41:20,85026,13.8555,22.9525,5000,0.0502
,CHECKPOINT BATCH 85030,5.4854,,,
,CHECKPOINT BATCH 85035,7.3310,,,
,CHECKPOINT BATCH 85040,5.9369,,,
12:41:22,85045,6.5680,21.0180,5000,0.0502
,CHECKPOINT BATCH 85045,6.5680,,,
,CHECKPOINT BATCH 85050,5.5399,,,
,CHECKPOINT BATCH 85055,8.2582,,,
,CHECKPOINT BATCH 85060,5.4763,,,
12:41:24,85064,4.0847,18.4920,5000,0.0502
,CHECKPOINT BATCH 85065,7.7875,,,
,CHECKPOINT BATCH 85070,4.6593,,,
12:41:28,85075,5.0120,19.7940,5000,0.0502
,CHECKPOINT BATCH 85075,5.0120,,,
,CHECKPOINT BATCH 85080,7.0204,,,
,CHECKPOINT BATCH 85085,6.3223,,,
,CHECKPOINT BATCH 85090,6.2040,,,
12:41:30,85094,20.8436,16.0805,5000,0.0502
,CHECKPOINT BATCH 85095,6.6143,,,
,CHECKPOINT BATCH 85100,8.8117,,,
,CHECKPOINT BATCH 85105,7.9618,,,
,CHECKPOINT BATCH 85110,5.8125,,,
12:41:32,85113,8.6214,16.2075,5000,0.0502
,CHECKPOINT BATCH 85115,9.8371,,,
,CHECKPOINT BATCH 85120,7.2902,,,
,CHECKPOINT BATCH 85125,8.1587,,,
,CHECKPOINT BATCH 85130,4.7710,,,
12:41:34,85132,4.9814,16.0235,5000,0.0502
,CHECKPOINT BATCH 85135,8.2741,,,
,CHECKPOINT BATCH 85140,6.2128,,,
,CHECKPOINT BATCH 85145,8.6669,,,
,CHECKPOINT BATCH 85150,5.7558,,,
12:41:36,85151,6.1572,17.1160,5000,0.0502
,CHECKPOINT BATCH 85155,7.3303,,,
,CHECKPOINT BATCH 85160,6.0762,,,
,CHECKPOINT BATCH 85165,6.8077,,,
12:41:38,85170,6.1051,16.4510,5000,0.0502
,CHECKPOINT BATCH 85170,6.1051,,,
,CHECKPOINT BATCH 85175,7.1743,,,
,CHECKPOINT BATCH 85180,5.5263,,,
,CHECKPOINT BATCH 85185,10.9797,,,
12:41:42,85187,9.0586,17.0075,5000,0.0502
,CHECKPOINT BATCH 85190,6.3245,,,
,CHECKPOINT BATCH 85195,6.2471,,,
,CHECKPOINT BATCH 85200,6.0634,,,
,CHECKPOINT BATCH 85205,4.8412,,,
12:41:45,85206,7.6214,15.1775,5000,0.0502
,CHECKPOINT BATCH 85210,3.8588,,,
,CHECKPOINT BATCH 85215,7.3937,,,
,CHECKPOINT BATCH 85220,13.7663,,,
12:41:47,85225,7.7795,16.1115,5000,0.0502
,CHECKPOINT BATCH 85225,7.7795,,,
,CHECKPOINT BATCH 85230,17.3230,,,
,CHECKPOINT BATCH 85235,6.0686,,,
,CHECKPOINT BATCH 85240,10.7042,,,
12:41:49,85244,12.1465,17.4535,5000,0.0502
,CHECKPOINT BATCH 85245,5.0967,,,
,CHECKPOINT BATCH 85250,6.1941,,,
,CHECKPOINT BATCH 85255,5.5689,,,
,CHECKPOINT BATCH 85260,8.7105,,,
12:41:53,85261,7.8661,18.2250,5000,0.0502
,CHECKPOINT BATCH 85265,7.1564,,,
,CHECKPOINT BATCH 85270,15.7060,,,
,CHECKPOINT BATCH 85275,12.0872,,,
12:41:55,85280,7.4930,18.8410,5000,0.0502
,CHECKPOINT BATCH 85280,7.4930,,,
12:41:58,85284,9.6667,18.3775,5000,0.0502
,CHECKPOINT BATCH 85285,5.1884,,,
,CHECKPOINT BATCH 85290,8.6507,,,
,CHECKPOINT BATCH 85295,10.8574,,,
,CHECKPOINT BATCH 85300,13.5664,,,
12:42:00,85303,12.4842,19.1435,5000,0.0502
,CHECKPOINT BATCH 85305,7.6074,,,
,CHECKPOINT BATCH 85310,7.9214,,,
,CHECKPOINT BATCH 85315,8.8597,,,
,CHECKPOINT BATCH 85320,7.8604,,,
12:42:02,85321,10.0812,19.3240,5000,0.0502
,CHECKPOINT BATCH 85325,13.3859,,,
,CHECKPOINT BATCH 85330,6.5867,,,
,CHECKPOINT BATCH 85335,5.6028,,,
12:42:04,85340,6.5950,18.4170,5000,0.0502
,CHECKPOINT BATCH 85340,6.5950,,,
,CHECKPOINT BATCH 85345,6.6436,,,
,CHECKPOINT BATCH 85350,6.1324,,,
,CHECKPOINT BATCH 85355,6.8729,,,
12:42:06,85359,6.8597,17.6770,5000,0.0502
,CHECKPOINT BATCH 85360,9.4545,,,
,CHECKPOINT BATCH 85365,7.3052,,,
,CHECKPOINT BATCH 85370,5.9705,,,
,CHECKPOINT BATCH 85375,7.0989,,,
12:42:08,85378,7.9998,19.0575,5000,0.0502
,CHECKPOINT BATCH 85380,8.0606,,,
12:42:11,85382,5.2453,19.9120,5000,0.0502
,CHECKPOINT BATCH 85385,7.5268,,,
,CHECKPOINT BATCH 85390,10.5293,,,
,CHECKPOINT BATCH 85395,14.6029,,,
,CHECKPOINT BATCH 85400,7.8100,,,
12:42:13,85401,8.3643,19.8890,5000,0.0502
,CHECKPOINT BATCH 85405,7.6803,,,
,CHECKPOINT BATCH 85410,13.7574,,,
,CHECKPOINT BATCH 85415,8.2253,,,
12:42:15,85420,8.1904,19.5330,5000,0.0502
,CHECKPOINT BATCH 85420,8.1904,,,
,CHECKPOINT BATCH 85425,5.0399,,,
,CHECKPOINT BATCH 85430,6.7105,,,
,CHECKPOINT BATCH 85435,9.2562,,,
12:42:17,85439,6.3909,21.0530,5000,0.0502
,CHECKPOINT BATCH 85440,9.0136,,,
,CHECKPOINT BATCH 85445,7.0600,,,
,CHECKPOINT BATCH 85450,6.4032,,,
,CHECKPOINT BATCH 85455,9.0041,,,
12:42:22,85458,6.7843,20.5685,5000,0.0502
,CHECKPOINT BATCH 85460,10.6636,,,
,CHECKPOINT BATCH 85465,7.6988,,,
,CHECKPOINT BATCH 85470,5.4941,,,
,CHECKPOINT BATCH 85475,6.6028,,,
12:42:24,85477,8.6288,17.5005,5000,0.0502
,CHECKPOINT BATCH 85480,6.8316,,,
,CHECKPOINT BATCH 85485,10.8032,,,
,CHECKPOINT BATCH 85490,9.5680,,,
,CHECKPOINT BATCH 85495,8.9841,,,
12:42:26,85496,7.9784,19.9835,5000,0.0502
,CHECKPOINT BATCH 85500,7.0748,,,
,CHECKPOINT BATCH 85505,9.1064,,,
,CHECKPOINT BATCH 85510,8.2027,,,
12:42:28,85514,8.4242,19.1080,5000,0.0502
,CHECKPOINT BATCH 85515,8.1429,,,
,CHECKPOINT BATCH 85520,11.6322,,,
,CHECKPOINT BATCH 85525,10.9310,,,
,CHECKPOINT BATCH 85530,5.2044,,,
12:42:30,85533,9.0416,17.4215,5000,0.0502
,CHECKPOINT BATCH 85535,9.0958,,,
,CHECKPOINT BATCH 85540,6.6466,,,
,CHECKPOINT BATCH 85545,6.4849,,,
,CHECKPOINT BATCH 85550,10.7176,,,
12:42:32,85552,6.4921,15.7775,5000,0.0502
,CHECKPOINT BATCH 85555,11.3282,,,
,CHECKPOINT BATCH 85560,7.5454,,,
,CHECKPOINT BATCH 85565,6.0083,,,
,CHECKPOINT BATCH 85570,6.9022,,,
12:42:34,85571,10.5508,18.0900,5000,0.0502
,CHECKPOINT BATCH 85575,6.0958,,,
12:42:37,85580,4.9948,18.7980,5000,0.0502
,CHECKPOINT BATCH 85580,4.9948,,,
,CHECKPOINT BATCH 85585,10.6668,,,
,CHECKPOINT BATCH 85590,7.6087,,,
12:42:41,85591,6.3259,17.4245,5000,0.0502
,CHECKPOINT BATCH 85595,9.6212,,,
,CHECKPOINT BATCH 85600,7.5833,,,
,CHECKPOINT BATCH 85605,10.1297,,,
12:42:43,85610,11.0853,16.8195,5000,0.0502
,CHECKPOINT BATCH 85610,11.0853,,,
12:42:46,85614,10.5059,16.5125,5000,0.0502
,CHECKPOINT BATCH 85615,5.0948,,,
,CHECKPOINT BATCH 85620,7.8905,,,
,CHECKPOINT BATCH 85625,7.0319,,,
,CHECKPOINT BATCH 85630,8.3351,,,
12:42:48,85632,7.0973,16.2145,5000,0.0502
,CHECKPOINT BATCH 85635,7.3328,,,
,CHECKPOINT BATCH 85640,6.1170,,,
,CHECKPOINT BATCH 85645,9.1187,,,
,CHECKPOINT BATCH 85650,6.6425,,,
12:42:50,85651,8.4623,17.2855,5000,0.0502
,CHECKPOINT BATCH 85655,8.0341,,,
,CHECKPOINT BATCH 85660,8.5284,,,
,CHECKPOINT BATCH 85665,5.6501,,,
12:42:52,85670,5.7160,18.3095,5000,0.0502
,CHECKPOINT BATCH 85670,5.7160,,,
,CHECKPOINT BATCH 85675,7.0510,,,
,CHECKPOINT BATCH 85680,12.9657,,,
,CHECKPOINT BATCH 85685,10.3782,,,
12:42:54,85689,6.8687,17.0180,5000,0.0502
,CHECKPOINT BATCH 85690,8.5132,,,
,CHECKPOINT BATCH 85695,8.4710,,,
,CHECKPOINT BATCH 85700,7.4863,,,
,CHECKPOINT BATCH 85705,7.1672,,,
12:42:56,85708,7.1068,16.6950,5000,0.0502
,CHECKPOINT BATCH 85710,7.8223,,,
,CHECKPOINT BATCH 85715,10.6513,,,
,CHECKPOINT BATCH 85720,7.6524,,,
,CHECKPOINT BATCH 85725,6.5714,,,
12:42:58,85727,8.1957,16.0805,5000,0.0502
,CHECKPOINT BATCH 85730,6.5293,,,
,CHECKPOINT BATCH 85735,6.9452,,,
,CHECKPOINT BATCH 85740,8.0282,,,
,CHECKPOINT BATCH 85745,7.7488,,,
12:43:00,85746,11.6336,12.3975,5000,0.0502
,CHECKPOINT BATCH 85750,5.6600,,,
,CHECKPOINT BATCH 85755,6.9176,,,
,CHECKPOINT BATCH 85760,5.5572,,,
12:43:02,85765,4.7145,8.5740,5000,0.0502
,CHECKPOINT BATCH 85765,4.7145,,,
,CHECKPOINT BATCH 85770,9.2372,,,
,CHECKPOINT BATCH 85775,8.6835,,,
,CHECKPOINT BATCH 85780,7.6097,,,
12:43:04,85784,7.5204,5.8210,5000,0.0502
,CHECKPOINT BATCH 85785,14.6619,,,
,CHECKPOINT BATCH 85790,5.1438,,,
,CHECKPOINT BATCH 85795,14.0049,,,
,CHECKPOINT BATCH 85800,15.0995,,,
12:43:07,85803,9.5558,3.1990,5000,0.0502
,CHECKPOINT BATCH 85805,9.6641,,,
,CHECKPOINT BATCH 85810,9.2331,,,
,CHECKPOINT BATCH 85815,11.0909,,,
,CHECKPOINT BATCH 85820,8.5693,,,
12:43:09,85822,6.9859,1.2320,5000,0.0502
,CHECKPOINT BATCH 85825,9.2211,,,
,CHECKPOINT BATCH 85830,7.1574,,,
,CHECKPOINT BATCH 85835,8.9481,,,
,CHECKPOINT BATCH 85840,8.2536,,,
12:43:11,85841,5.9800,0.0160,5000,0.0502
,CHECKPOINT BATCH 85845,5.8626,,,
,CHECKPOINT BATCH 85850,7.5604,,,
,CHECKPOINT BATCH 85855,5.4327,,,
12:43:13,85860,7.5515,0.2075,5000,0.0502
,CHECKPOINT BATCH 85860,7.5515,,,
,CHECKPOINT BATCH 85865,6.7024,,,
,CHECKPOINT BATCH 85870,7.2239,,,
,CHECKPOINT BATCH 85875,9.7206,,,
12:43:17,85879,5.5849,1.3860,5000,0.0502
,CHECKPOINT BATCH 85880,5.7368,,,
,CHECKPOINT BATCH 85885,7.4950,,,
,CHECKPOINT BATCH 85890,5.9661,,,
,CHECKPOINT BATCH 85895,6.4233,,,
12:43:19,85898,6.1358,1.3860,5000,0.0502
,CHECKPOINT BATCH 85900,6.7447,,,
,CHECKPOINT BATCH 85905,15.0503,,,
,CHECKPOINT BATCH 85910,8.6221,,,
,CHECKPOINT BATCH 85915,5.1062,,,
12:43:21,85917,9.2519,5.6640,5000,0.0502
,CHECKPOINT BATCH 85920,7.3384,,,
,CHECKPOINT BATCH 85925,7.3123,,,
,CHECKPOINT BATCH 85930,9.2020,,,
,CHECKPOINT BATCH 85935,6.7291,,,
12:43:23,85936,7.7766,10.7225,5000,0.0502
,CHECKPOINT BATCH 85940,11.2050,,,
,CHECKPOINT BATCH 85945,5.9397,,,
,CHECKPOINT BATCH 85950,10.9794,,,
12:43:26,85955,4.2795,13.4670,5000,0.0502
,CHECKPOINT BATCH 85955,4.2795,,,
,CHECKPOINT BATCH 85960,7.8047,,,
,CHECKPOINT BATCH 85965,7.2977,,,
,CHECKPOINT BATCH 85970,12.7919,,,
12:43:28,85974,8.5873,16.2205,5000,0.0502
,CHECKPOINT BATCH 85975,7.9192,,,
,CHECKPOINT BATCH 85980,16.6503,,,
,CHECKPOINT BATCH 85985,11.3727,,,
,CHECKPOINT BATCH 85990,6.3390,,,
12:43:30,85993,15.8283,18.7635,5000,0.0502
,CHECKPOINT BATCH 85995,6.9513,,,
12:43:32,85996,8.9082,19.9175,5000,0.0502
,CHECKPOINT BATCH 86000,7.1296,,,
,CHECKPOINT BATCH 86005,7.2905,,,
,CHECKPOINT BATCH 86010,7.6942,,,
12:43:34,86015,7.6601,17.4670,5000,0.0502
,CHECKPOINT BATCH 86015,7.6601,,,
,CHECKPOINT BATCH 86020,8.5177,,,
,CHECKPOINT BATCH 86025,6.8764,,,
,CHECKPOINT BATCH 86030,12.7931,,,
12:43:36,86034,7.2172,17.2810,5000,0.0502
,CHECKPOINT BATCH 86035,5.1906,,,
,CHECKPOINT BATCH 86040,6.6273,,,
,CHECKPOINT BATCH 86045,7.2889,,,
,CHECKPOINT BATCH 86050,9.4168,,,
12:43:39,86053,10.0310,18.7815,5000,0.0502
,CHECKPOINT BATCH 86055,16.4115,,,
,CHECKPOINT BATCH 86060,9.0902,,,
,CHECKPOINT BATCH 86065,8.3943,,,
,CHECKPOINT BATCH 86070,6.8380,,,
12:43:41,86072,6.8011,17.5160,5000,0.0502
,CHECKPOINT BATCH 86075,6.5030,,,
,CHECKPOINT BATCH 86080,7.1449,,,
,CHECKPOINT BATCH 86085,12.8580,,,
,CHECKPOINT BATCH 86090,8.2139,,,
12:43:43,86091,7.5240,16.2760,5000,0.0502
,CHECKPOINT BATCH 86095,11.1814,,,
,CHECKPOINT BATCH 86100,10.9165,,,
,CHECKPOINT BATCH 86105,11.8742,,,
12:43:45,86110,13.3611,16.9910,5000,0.0502
,CHECKPOINT BATCH 86110,13.3611,,,
,CHECKPOINT BATCH 86115,10.0971,,,
,CHECKPOINT BATCH 86120,7.5535,,,
,CHECKPOINT BATCH 86125,7.6460,,,
12:43:49,86129,8.2206,14.9580,5000,0.0502
,CHECKPOINT BATCH 86130,7.6449,,,
,CHECKPOINT BATCH 86135,10.8318,,,
,CHECKPOINT BATCH 86140,8.3657,,,
,CHECKPOINT BATCH 86145,8.0053,,,
12:43:51,86148,9.0046,13.4705,5000,0.0502
,CHECKPOINT BATCH 86150,8.3252,,,
,CHECKPOINT BATCH 86155,7.9550,,,
,CHECKPOINT BATCH 86160,6.3119,,,
12:43:55,86164,7.4720,14.8455,5000,0.0502
,CHECKPOINT BATCH 86165,11.2034,,,
,CHECKPOINT BATCH 86170,8.2967,,,
,CHECKPOINT BATCH 86175,5.9502,,,
,CHECKPOINT BATCH 86180,5.9050,,,
12:43:58,86183,8.5147,16.2525,5000,0.0502
,CHECKPOINT BATCH 86185,7.0547,,,
,CHECKPOINT BATCH 86190,9.2699,,,
,CHECKPOINT BATCH 86195,10.0092,,,
12:44:02,86200,15.1229,18.2435,5000,0.0502
,CHECKPOINT BATCH 86200,15.1229,,,
,CHECKPOINT BATCH 86205,6.8417,,,
,CHECKPOINT BATCH 86210,7.8189,,,
,CHECKPOINT BATCH 86215,8.2906,,,
12:44:04,86219,7.1703,18.8180,5000,0.0502
,CHECKPOINT BATCH 86220,8.4771,,,
,CHECKPOINT BATCH 86225,8.1224,,,
,CHECKPOINT BATCH 86230,8.7596,,,
,CHECKPOINT BATCH 86235,8.3008,,,
12:44:06,86238,8.4607,21.1690,5000,0.0502
,CHECKPOINT BATCH 86240,6.6979,,,
,CHECKPOINT BATCH 86245,8.3086,,,
,CHECKPOINT BATCH 86250,9.1516,,,
,CHECKPOINT BATCH 86255,5.3679,,,
12:44:08,86257,4.4251,20.1225,5000,0.0502
,CHECKPOINT BATCH 86260,6.5332,,,
,CHECKPOINT BATCH 86265,5.1298,,,
,CHECKPOINT BATCH 86270,7.9749,,,
,CHECKPOINT BATCH 86275,9.4725,,,
12:44:10,86276,6.2296,19.4775,5000,0.0502
,CHECKPOINT BATCH 86280,5.7375,,,
,CHECKPOINT BATCH 86285,5.1100,,,
12:44:14,86289,7.1781,17.4995,5000,0.0502
,CHECKPOINT BATCH 86290,7.6749,,,
,CHECKPOINT BATCH 86295,6.8518,,,
,CHECKPOINT BATCH 86300,11.4819,,,
,CHECKPOINT BATCH 86305,7.2064,,,
12:44:16,86308,12.3091,18.4340,5000,0.0502
,CHECKPOINT BATCH 86310,10.1179,,,
,CHECKPOINT BATCH 86315,8.0484,,,
,CHECKPOINT BATCH 86320,7.3885,,,
,CHECKPOINT BATCH 86325,7.2951,,,
12:44:18,86327,18.5514,18.6085,5000,0.0502
,CHECKPOINT BATCH 86330,8.3927,,,
,CHECKPOINT BATCH 86335,6.6131,,,
,CHECKPOINT BATCH 86340,5.9402,,,
,CHECKPOINT BATCH 86345,6.2198,,,
12:44:20,86346,7.2783,17.8175,5000,0.0502
,CHECKPOINT BATCH 86350,6.7658,,,
,CHECKPOINT BATCH 86355,21.4225,,,
,CHECKPOINT BATCH 86360,7.1551,,,
12:44:22,86365,6.3104,18.1650,5000,0.0502
,CHECKPOINT BATCH 86365,6.3104,,,
,CHECKPOINT BATCH 86370,9.1462,,,
,CHECKPOINT BATCH 86375,6.5852,,,
,CHECKPOINT BATCH 86380,9.0157,,,
12:44:24,86383,8.9128,18.9265,5000,0.0502
,CHECKPOINT BATCH 86385,8.5500,,,
12:44:27,86390,21.3252,20.6865,5000,0.0502
,CHECKPOINT BATCH 86390,21.3252,,,
,CHECKPOINT BATCH 86395,8.4142,,,
,CHECKPOINT BATCH 86400,7.0727,,,
,CHECKPOINT BATCH 86405,11.0285,,,
12:44:29,86409,7.9753,21.2495,5000,0.0502
,CHECKPOINT BATCH 86410,8.4212,,,
12:44:32,86414,9.0989,20.4670,5000,0.0502
,CHECKPOINT BATCH 86415,6.2495,,,
,CHECKPOINT BATCH 86420,5.7637,,,
,CHECKPOINT BATCH 86425,10.1267,,,
,CHECKPOINT BATCH 86430,9.0181,,,
12:44:34,86433,12.6839,16.8100,5000,0.0502
,CHECKPOINT BATCH 86435,14.3487,,,
,CHECKPOINT BATCH 86440,11.1253,,,
,CHECKPOINT BATCH 86445,7.4796,,,
,CHECKPOINT BATCH 86450,6.0097,,,
12:44:36,86452,7.6087,17.7040,5000,0.0502
,CHECKPOINT BATCH 86455,9.7655,,,
,CHECKPOINT BATCH 86460,12.7059,,,
,CHECKPOINT BATCH 86465,6.8774,,,
,CHECKPOINT BATCH 86470,8.9765,,,
12:44:38,86471,7.2174,17.1275,5000,0.0502
,CHECKPOINT BATCH 86475,6.6457,,,
,CHECKPOINT BATCH 86480,6.5692,,,
,CHECKPOINT BATCH 86485,9.8961,,,
12:44:41,86490,7.1859,15.9725,5000,0.0502
,CHECKPOINT BATCH 86490,7.1859,,,
,CHECKPOINT BATCH 86495,9.4335,,,
,CHECKPOINT BATCH 86500,5.8621,,,
,CHECKPOINT BATCH 86505,9.5200,,,
12:44:43,86509,5.3938,13.3595,5000,0.0502
,CHECKPOINT BATCH 86510,8.3186,,,
,CHECKPOINT BATCH 86515,17.9392,,,
,CHECKPOINT BATCH 86520,9.3103,,,
,CHECKPOINT BATCH 86525,8.9853,,,
12:44:45,86528,10.5461,14.5715,5000,0.0502
,CHECKPOINT BATCH 86530,11.6448,,,
12:44:47,86531,7.5788,14.2575,5000,0.0502
,CHECKPOINT BATCH 86535,10.5152,,,
,CHECKPOINT BATCH 86540,8.1700,,,
,CHECKPOINT BATCH 86545,9.9686,,,
12:44:49,86550,8.2091,13.5410,5000,0.0502
,CHECKPOINT BATCH 86550,8.2091,,,
,CHECKPOINT BATCH 86555,17.1236,,,
,CHECKPOINT BATCH 86560,9.3056,,,
,CHECKPOINT BATCH 86565,9.3843,,,
12:44:54,86569,5.9491,14.0940,5000,0.0502
,CHECKPOINT BATCH 86570,10.5014,,,
,CHECKPOINT BATCH 86575,5.9248,,,
,CHECKPOINT BATCH 86580,6.5393,,,
,CHECKPOINT BATCH 86585,4.5464,,,
12:44:56,86588,7.6416,12.3875,5000,0.0502
,CHECKPOINT BATCH 86590,6.6117,,,
,CHECKPOINT BATCH 86595,11.7215,,,
,CHECKPOINT BATCH 86600,8.7382,,,
,CHECKPOINT BATCH 86605,5.4268,,,
12:44:58,86607,9.8535,15.9240,5000,0.0502
,CHECKPOINT BATCH 86610,8.8671,,,
,CHECKPOINT BATCH 86615,8.3349,,,
,CHECKPOINT BATCH 86620,7.6519,,,
,CHECKPOINT BATCH 86625,17.9836,,,
12:45:00,86626,7.6951,18.6745,5000,0.0502
,CHECKPOINT BATCH 86630,7.6583,,,
,CHECKPOINT BATCH 86635,7.4892,,,
,CHECKPOINT BATCH 86640,9.1750,,,
12:45:02,86645,6.5881,18.6870,5000,0.0502
,CHECKPOINT BATCH 86645,6.5881,,,
,CHECKPOINT BATCH 86650,7.1865,,,
,CHECKPOINT BATCH 86655,6.9432,,,
,CHECKPOINT BATCH 86660,7.7963,,,
12:45:04,86664,8.2769,16.5930,5000,0.0502
,CHECKPOINT BATCH 86665,9.1659,,,
,CHECKPOINT BATCH 86670,8.3635,,,
,CHECKPOINT BATCH 86675,7.1638,,,
,CHECKPOINT BATCH 86680,11.8921,,,
12:45:06,86682,9.1204,18.5725,5000,0.0502
,CHECKPOINT BATCH 86685,15.8760,,,
12:45:10,86690,9.5372,18.7950,5000,0.0502
,CHECKPOINT BATCH 86690,9.5372,,,
,CHECKPOINT BATCH 86695,9.4875,,,
,CHECKPOINT BATCH 86700,7.1360,,,
,CHECKPOINT BATCH 86705,9.1187,,,
12:45:12,86709,8.6726,18.2190,5000,0.0502
,CHECKPOINT BATCH 86710,8.4163,,,
,CHECKPOINT BATCH 86715,7.9975,,,
,CHECKPOINT BATCH 86720,11.0143,,,
,CHECKPOINT BATCH 86725,11.6641,,,
12:45:14,86728,9.7924,19.1470,5000,0.0502
,CHECKPOINT BATCH 86730,11.1459,,,
,CHECKPOINT BATCH 86735,10.5270,,,
,CHECKPOINT BATCH 86740,6.5128,,,
,CHECKPOINT BATCH 86745,10.5846,,,
12:45:16,86747,6.3305,19.3020,5000,0.0502
,CHECKPOINT BATCH 86750,9.4721,,,
,CHECKPOINT BATCH 86755,10.4859,,,
,CHECKPOINT BATCH 86760,9.8482,,,
,CHECKPOINT BATCH 86765,9.8460,,,
12:45:18,86766,8.9807,19.5795,5000,0.0502
,CHECKPOINT BATCH 86770,7.3711,,,
,CHECKPOINT BATCH 86775,10.0266,,,
,CHECKPOINT BATCH 86780,10.2281,,,
12:45:20,86785,7.4132,21.0815,5000,0.0502
,CHECKPOINT BATCH 86785,7.4132,,,
12:45:22,86786,6.3242,21.0815,5000,0.0502
,CHECKPOINT BATCH 86790,6.5326,,,
,CHECKPOINT BATCH 86795,10.4165,,,
,CHECKPOINT BATCH 86800,14.1079,,,
12:45:24,86805,10.2030,17.0005,5000,0.0502
,CHECKPOINT BATCH 86805,10.2030,,,
,CHECKPOINT BATCH 86810,9.0246,,,
,CHECKPOINT BATCH 86815,5.4079,,,
,CHECKPOINT BATCH 86820,13.6282,,,
12:45:26,86823,11.6368,16.9475,5000,0.0502
,CHECKPOINT BATCH 86825,9.3688,,,
,CHECKPOINT BATCH 86830,12.9000,,,
,CHECKPOINT BATCH 86835,13.3929,,,
,CHECKPOINT BATCH 86840,5.3871,,,
12:45:29,86842,8.0532,17.5665,5000,0.0502
,CHECKPOINT BATCH 86845,6.2221,,,
,CHECKPOINT BATCH 86850,6.8573,,,
,CHECKPOINT BATCH 86855,11.0160,,,
,CHECKPOINT BATCH 86860,6.1814,,,
12:45:31,86861,9.0693,16.8835,5000,0.0502
,CHECKPOINT BATCH 86865,7.5839,,,
,CHECKPOINT BATCH 86870,9.4549,,,
,CHECKPOINT BATCH 86875,19.6035,,,
12:45:33,86880,5.6472,14.8470,5000,0.0502
,CHECKPOINT BATCH 86880,5.6472,,,
,CHECKPOINT BATCH 86885,8.5156,,,
,CHECKPOINT BATCH 86890,11.1907,,,
,CHECKPOINT BATCH 86895,8.2234,,,
12:45:35,86899,7.2804,13.5055,5000,0.0502
,CHECKPOINT BATCH 86900,10.3437,,,
,CHECKPOINT BATCH 86905,9.5042,,,
,CHECKPOINT BATCH 86910,9.8447,,,
,CHECKPOINT BATCH 86915,5.2591,,,
12:45:37,86918,5.3685,8.7725,5000,0.0502
,CHECKPOINT BATCH 86920,9.8617,,,
,CHECKPOINT BATCH 86925,7.1553,,,
,CHECKPOINT BATCH 86930,7.0696,,,
,CHECKPOINT BATCH 86935,7.8833,,,
12:45:39,86937,15.6225,4.3160,5000,0.0502
,CHECKPOINT BATCH 86940,8.4378,,,
,CHECKPOINT BATCH 86945,13.3806,,,
,CHECKPOINT BATCH 86950,10.2689,,,
,CHECKPOINT BATCH 86955,6.8256,,,
12:45:41,86956,7.5163,2.2010,5000,0.0502
,CHECKPOINT BATCH 86960,7.1591,,,
,CHECKPOINT BATCH 86965,10.3291,,,
,CHECKPOINT BATCH 86970,11.0913,,,
12:45:43,86974,6.5874,1.1770,5000,0.0502
,CHECKPOINT BATCH 86975,5.5805,,,
,CHECKPOINT BATCH 86980,8.0539,,,
,CHECKPOINT BATCH 86985,11.4677,,,
,CHECKPOINT BATCH 86990,6.3159,,,
12:45:45,86993,11.0152,1.8405,5000,0.0502
,CHECKPOINT BATCH 86995,10.1102,,,
,CHECKPOINT BATCH 87000,13.5712,,,
,CHECKPOINT BATCH 87005,8.5129,,,
,CHECKPOINT BATCH 87010,6.3220,,,
12:45:47,87012,6.5013,3.0670,5000,0.0502
,CHECKPOINT BATCH 87015,8.4953,,,
,CHECKPOINT BATCH 87020,8.4637,,,
,CHECKPOINT BATCH 87025,6.2021,,,
,CHECKPOINT BATCH 87030,11.4792,,,
12:45:49,87031,10.1854,5.9340,5000,0.0502
12:45:52,87032,10.4887,5.9390,5000,0.0502
,CHECKPOINT BATCH 87035,6.2417,,,
,CHECKPOINT BATCH 87040,6.2854,,,
,CHECKPOINT BATCH 87045,8.1097,,,
,CHECKPOINT BATCH 87050,8.7487,,,
12:45:54,87051,12.0007,9.0255,5000,0.0502
,CHECKPOINT BATCH 87055,7.6406,,,
,CHECKPOINT BATCH 87060,8.8864,,,
,CHECKPOINT BATCH 87065,8.4045,,,
12:45:56,87069,5.9638,13.2735,5000,0.0502
,CHECKPOINT BATCH 87070,9.8055,,,
,CHECKPOINT BATCH 87075,16.9797,,,
,CHECKPOINT BATCH 87080,7.9585,,,
,CHECKPOINT BATCH 87085,11.7056,,,
12:45:58,87088,15.9451,14.6090,5000,0.0502
,CHECKPOINT BATCH 87090,6.8743,,,
,CHECKPOINT BATCH 87095,9.8866,,,
,CHECKPOINT BATCH 87100,9.1752,,,
,CHECKPOINT BATCH 87105,9.8143,,,
12:46:00,87107,6.8059,14.7715,5000,0.0502
,CHECKPOINT BATCH 87110,9.3368,,,
,CHECKPOINT BATCH 87115,9.0012,,,
,CHECKPOINT BATCH 87120,4.9835,,,
,CHECKPOINT BATCH 87125,7.4578,,,
12:46:02,87126,7.6920,14.2810,5000,0.0502
,CHECKPOINT BATCH 87130,6.5196,,,
12:46:05,87135,7.9421,14.0065,5000,0.0502
,CHECKPOINT BATCH 87135,7.9421,,,
,CHECKPOINT BATCH 87140,9.6990,,,
,CHECKPOINT BATCH 87145,7.8520,,,
,CHECKPOINT BATCH 87150,9.9286,,,
12:46:08,87154,8.8013,14.3105,5000,0.0502
,CHECKPOINT BATCH 87155,10.5820,,,
,CHECKPOINT BATCH 87160,4.9436,,,
,CHECKPOINT BATCH 87165,7.9456,,,
,CHECKPOINT BATCH 87170,6.2747,,,
12:46:10,87173,8.2219,14.2070,5000,0.0502
,CHECKPOINT BATCH 87175,8.8679,,,
,CHECKPOINT BATCH 87180,7.8995,,,
,CHECKPOINT BATCH 87185,7.9472,,,
,CHECKPOINT BATCH 87190,9.2113,,,
12:46:12,87192,6.7114,15.7315,5000,0.0502
,CHECKPOINT BATCH 87195,5.2303,,,
,CHECKPOINT BATCH 87200,7.5940,,,
,CHECKPOINT BATCH 87205,7.0668,,,
,CHECKPOINT BATCH 87210,9.5097,,,
12:46:14,87211,6.7623,17.0925,5000,0.0502
,CHECKPOINT BATCH 87215,8.8972,,,
,CHECKPOINT BATCH 87220,7.2464,,,
,CHECKPOINT BATCH 87225,7.6508,,,
12:46:16,87230,11.0615,18.3975,5000,0.0502
,CHECKPOINT BATCH 87230,11.0615,,,
,CHECKPOINT BATCH 87235,7.1196,,,
12:46:19,87237,7.8531,19.7120,5000,0.0502
,CHECKPOINT BATCH 87240,6.3376,,,
,CHECKPOINT BATCH 87245,9.9885,,,
,CHECKPOINT BATCH 87250,14.0966,,,
,CHECKPOINT BATCH 87255,8.4232,,,
12:46:21,87256,12.1405,19.5710,5000,0.0502
,CHECKPOINT BATCH 87260,8.4857,,,
,CHECKPOINT BATCH 87265,6.8051,,,
,CHECKPOINT BATCH 87270,11.1122,,,
12:46:23,87275,6.5226,20.1560,5000,0.0502
,CHECKPOINT BATCH 87275,6.5226,,,
,CHECKPOINT BATCH 87280,8.3851,,,
12:46:27,87285,7.8920,20.3085,5000,0.0502
,CHECKPOINT BATCH 87285,7.8920,,,
,CHECKPOINT BATCH 87290,6.5258,,,
,CHECKPOINT BATCH 87295,6.8056,,,
,CHECKPOINT BATCH 87300,7.6688,,,
12:46:29,87304,8.1541,18.5110,5000,0.0502
,CHECKPOINT BATCH 87305,9.1593,,,
,CHECKPOINT BATCH 87310,9.3211,,,
,CHECKPOINT BATCH 87315,7.3887,,,
,CHECKPOINT BATCH 87320,10.4335,,,
12:46:31,87323,5.7354,20.6230,5000,0.0502
,CHECKPOINT BATCH 87325,7.6878,,,
,CHECKPOINT BATCH 87330,11.3434,,,
,CHECKPOINT BATCH 87335,4.3675,,,
12:46:35,87339,7.1177,20.0695,5000,0.0502
,CHECKPOINT BATCH 87340,6.4824,,,
,CHECKPOINT BATCH 87345,6.6997,,,
,CHECKPOINT BATCH 87350,9.2977,,,
,CHECKPOINT BATCH 87355,7.5028,,,
12:46:37,87358,7.9758,17.4520,5000,0.0502
,CHECKPOINT BATCH 87360,6.6208,,,
,CHECKPOINT BATCH 87365,7.5154,,,
,CHECKPOINT BATCH 87370,8.1325,,,
,CHECKPOINT BATCH 87375,7.2118,,,
12:46:39,87377,15.8557,17.6050,5000,0.0502
,CHECKPOINT BATCH 87380,5.0754,,,
,CHECKPOINT BATCH 87385,9.5023,,,
,CHECKPOINT BATCH 87390,8.4326,,,
,CHECKPOINT BATCH 87395,10.5002,,,
12:46:41,87396,10.0519,21.8950,5000,0.0502
,CHECKPOINT BATCH 87400,8.2255,,,
,CHECKPOINT BATCH 87405,10.4084,,,
,CHECKPOINT BATCH 87410,5.8922,,,
12:46:43,87415,6.0246,21.1275,5000,0.0502
,CHECKPOINT BATCH 87415,6.0246,,,
,CHECKPOINT BATCH 87420,7.6992,,,
,CHECKPOINT BATCH 87425,14.5005,,,
,CHECKPOINT BATCH 87430,12.0207,,,
12:46:45,87434,9.4293,18.5815,5000,0.0502
,CHECKPOINT BATCH 87435,6.0853,,,
,CHECKPOINT BATCH 87440,4.2788,,,
,CHECKPOINT BATCH 87445,9.2027,,,
,CHECKPOINT BATCH 87450,13.1719,,,
12:46:50,87452,7.8994,19.0250,5000,0.0502
,CHECKPOINT BATCH 87455,5.8326,,,
,CHECKPOINT BATCH 87460,17.9137,,,
,CHECKPOINT BATCH 87465,7.5691,,,
,CHECKPOINT BATCH 87470,11.5278,,,
12:46:52,87471,8.4738,18.8480,5000,0.0502
,CHECKPOINT BATCH 87475,5.9830,,,
,CHECKPOINT BATCH 87480,8.2684,,,
,CHECKPOINT BATCH 87485,5.7728,,,
12:46:54,87490,7.3090,17.3500,5000,0.0502
,CHECKPOINT BATCH 87490,7.3090,,,
,CHECKPOINT BATCH 87495,6.2836,,,
,CHECKPOINT BATCH 87500,11.6817,,,
,CHECKPOINT BATCH 87505,9.1339,,,
12:46:56,87509,7.2241,16.5870,5000,0.0502
,CHECKPOINT BATCH 87510,9.3423,,,
,CHECKPOINT BATCH 87515,8.1132,,,
,CHECKPOINT BATCH 87520,6.4859,,,
,CHECKPOINT BATCH 87525,8.2151,,,
12:46:58,87528,10.1396,17.3055,5000,0.0502
,CHECKPOINT BATCH 87530,8.4371,,,
,CHECKPOINT BATCH 87535,7.7792,,,
,CHECKPOINT BATCH 87540,7.6454,,,
,CHECKPOINT BATCH 87545,10.4396,,,
12:47:02,87546,10.3477,20.0040,5000,0.0501
,CHECKPOINT BATCH 87550,7.8795,,,
,CHECKPOINT BATCH 87555,8.6103,,,
,CHECKPOINT BATCH 87560,6.1166,,,
12:47:04,87565,9.3880,19.7405,5000,0.0501
,CHECKPOINT BATCH 87565,9.3880,,,
,CHECKPOINT BATCH 87570,8.7213,,,
,CHECKPOINT BATCH 87575,6.1192,,,
,CHECKPOINT BATCH 87580,8.3210,,,
12:47:06,87584,6.9516,20.6325,5000,0.0501
,CHECKPOINT BATCH 87585,5.3410,,,
,CHECKPOINT BATCH 87590,9.4744,,,
,CHECKPOINT BATCH 87595,6.3708,,,
,CHECKPOINT BATCH 87600,10.9406,,,
12:47:08,87603,6.7340,20.1425,5000,0.0501
,CHECKPOINT BATCH 87605,7.7343,,,
,CHECKPOINT BATCH 87610,5.7963,,,
,CHECKPOINT BATCH 87615,7.5103,,,
,CHECKPOINT BATCH 87620,8.6831,,,
12:47:11,87622,7.2912,19.5165,5000,0.0501
,CHECKPOINT BATCH 87625,10.2796,,,
,CHECKPOINT BATCH 87630,6.9662,,,
,CHECKPOINT BATCH 87635,7.0307,,,
,CHECKPOINT BATCH 87640,7.3791,,,
12:47:13,87641,7.0076,17.9585,5000,0.0501
,CHECKPOINT BATCH 87645,6.4993,,,
,CHECKPOINT BATCH 87650,5.8405,,,
,CHECKPOINT BATCH 87655,4.8898,,,
12:47:15,87660,6.4114,16.1585,5000,0.0501
,CHECKPOINT BATCH 87660,6.4114,,,
12:47:18,87665,10.6910,16.3920,5000,0.0501
,CHECKPOINT BATCH 87665,10.6910,,,
,CHECKPOINT BATCH 87670,7.8725,,,
,CHECKPOINT BATCH 87675,7.6225,,,
,CHECKPOINT BATCH 87680,10.1361,,,
12:47:20,87684,11.0535,12.1230,5000,0.0501
,CHECKPOINT BATCH 87685,8.0132,,,
,CHECKPOINT BATCH 87690,6.9620,,,
,CHECKPOINT BATCH 87695,6.6509,,,
,CHECKPOINT BATCH 87700,7.9817,,,
12:47:22,87703,12.8965,14.6000,5000,0.0501
,CHECKPOINT BATCH 87705,5.6938,,,
,CHECKPOINT BATCH 87710,7.9929,,,
,CHECKPOINT BATCH 87715,6.5060,,,
,CHECKPOINT BATCH 87720,10.1937,,,
12:47:24,87721,9.9149,16.1670,5000,0.0501
,CHECKPOINT BATCH 87725,5.0028,,,
,CHECKPOINT BATCH 87730,7.8923,,,
,CHECKPOINT BATCH 87735,10.2691,,,
12:47:26,87740,14.8004,16.7935,5000,0.0501
,CHECKPOINT BATCH 87740,14.8004,,,
,CHECKPOINT BATCH 87745,5.5171,,,
,CHECKPOINT BATCH 87750,11.9452,,,
,CHECKPOINT BATCH 87755,5.8881,,,
12:47:28,87759,7.1077,17.4600,5000,0.0501
,CHECKPOINT BATCH 87760,8.4249,,,
,CHECKPOINT BATCH 87765,15.1334,,,
,CHECKPOINT BATCH 87770,8.8971,,,
,CHECKPOINT BATCH 87775,9.6109,,,
12:47:30,87778,7.5114,18.0285,5000,0.0501
,CHECKPOINT BATCH 87780,10.0373,,,
,CHECKPOINT BATCH 87785,11.6500,,,
,CHECKPOINT BATCH 87790,6.8707,,,
,CHECKPOINT BATCH 87795,7.9149,,,
12:47:34,87797,10.1817,15.1880,5000,0.0501
,CHECKPOINT BATCH 87800,6.4780,,,
,CHECKPOINT BATCH 87805,5.7636,,,
,CHECKPOINT BATCH 87810,8.7917,,,
,CHECKPOINT BATCH 87815,4.4438,,,
12:47:37,87816,6.2849,14.1160,5000,0.0501
,CHECKPOINT BATCH 87820,5.7322,,,
,CHECKPOINT BATCH 87825,9.5290,,,
,CHECKPOINT BATCH 87830,10.1476,,,
12:47:39,87835,5.4437,15.6400,5000,0.0501
,CHECKPOINT BATCH 87835,5.4437,,,
,CHECKPOINT BATCH 87840,5.9884,,,
,CHECKPOINT BATCH 87845,9.2179,,,
,CHECKPOINT BATCH 87850,10.0660,,,
12:47:41,87854,9.4078,16.9860,5000,0.0501
,CHECKPOINT BATCH 87855,8.2128,,,
,CHECKPOINT BATCH 87860,5.9612,,,
,CHECKPOINT BATCH 87865,8.2496,,,
,CHECKPOINT BATCH 87870,5.2819,,,
12:47:43,87872,5.9257,17.5665,5000,0.0501
,CHECKPOINT BATCH 87875,6.4571,,,
,CHECKPOINT BATCH 87880,6.1651,,,
,CHECKPOINT BATCH 87885,5.0262,,,
,CHECKPOINT BATCH 87890,5.1901,,,
12:47:45,87891,6.0087,19.8960,5000,0.0501
12:47:47,87893,5.0158,20.3465,5000,0.0501
,CHECKPOINT BATCH 87895,14.9943,,,
,CHECKPOINT BATCH 87900,7.0870,,,
,CHECKPOINT BATCH 87905,6.0464,,,
,CHECKPOINT BATCH 87910,8.8986,,,
12:47:49,87912,9.3691,20.9670,5000,0.0501
,CHECKPOINT BATCH 87915,8.4723,,,
,CHECKPOINT BATCH 87920,5.1429,,,
,CHECKPOINT BATCH 87925,8.0432,,,
,CHECKPOINT BATCH 87930,8.6827,,,
12:47:52,87931,5.4930,20.9710,5000,0.0501
,CHECKPOINT BATCH 87935,6.9791,,,
,CHECKPOINT BATCH 87940,8.7666,,,
,CHECKPOINT BATCH 87945,7.2141,,,
12:47:54,87950,4.3251,20.1770,5000,0.0501
,CHECKPOINT BATCH 87950,4.3251,,,
,CHECKPOINT BATCH 87955,11.2718,,,
12:47:57,87958,7.8298,19.5855,5000,0.0501
,CHECKPOINT BATCH 87960,7.6046,,,
,CHECKPOINT BATCH 87965,8.9430,,,
,CHECKPOINT BATCH 87970,7.2704,,,
,CHECKPOINT BATCH 87975,9.6915,,,
12:47:59,87977,9.5355,17.7505,5000,0.0501
,CHECKPOINT BATCH 87980,9.4012,,,
,CHECKPOINT BATCH 87985,9.6303,,,
,CHECKPOINT BATCH 87990,10.0983,,,
,CHECKPOINT BATCH 87995,5.9584,,,
12:48:01,87996,7.3265,19.0030,5000,0.0501
,CHECKPOINT BATCH 88000,9.1055,,,
,CHECKPOINT BATCH 88005,7.1363,,,
,CHECKPOINT BATCH 88010,10.4114,,,
12:48:03,88015,6.1908,19.6460,5000,0.0501
,CHECKPOINT BATCH 88015,6.1908,,,
,CHECKPOINT BATCH 88020,12.0130,,,
,CHECKPOINT BATCH 88025,7.7564,,,
,CHECKPOINT BATCH 88030,6.0359,,,
12:48:05,88033,6.9888,19.2270,5000,0.0501
,CHECKPOINT BATCH 88035,7.7018,,,
,CHECKPOINT BATCH 88040,8.8759,,,
,CHECKPOINT BATCH 88045,5.4307,,,
,CHECKPOINT BATCH 88050,5.4963,,,
12:48:07,88052,9.3114,19.3920,5000,0.0501
12:48:10,88055,8.9729,20.6910,5000,0.0501
,CHECKPOINT BATCH 88055,8.9729,,,
,CHECKPOINT BATCH 88060,5.9893,,,
,CHECKPOINT BATCH 88065,6.4565,,,
,CHECKPOINT BATCH 88070,4.5006,,,
12:48:12,88074,4.5905,24.1865,5000,0.0501
,CHECKPOINT BATCH 88075,5.9519,,,
,CHECKPOINT BATCH 88080,10.2144,,,
,CHECKPOINT BATCH 88085,5.9333,,,
,CHECKPOINT BATCH 88090,6.3658,,,
12:48:14,88093,7.9309,24.1225,5000,0.0501
,CHECKPOINT BATCH 88095,10.9228,,,
,CHECKPOINT BATCH 88100,7.8281,,,
,CHECKPOINT BATCH 88105,10.6667,,,
,CHECKPOINT BATCH 88110,6.8059,,,
12:48:16,88112,6.3787,22.2795,5000,0.0501
,CHECKPOINT BATCH 88115,5.5167,,,
,CHECKPOINT BATCH 88120,6.6942,,,
,CHECKPOINT BATCH 88125,7.2107,,,
,CHECKPOINT BATCH 88130,7.3783,,,
12:48:18,88131,9.4402,20.6090,5000,0.0501
,CHECKPOINT BATCH 88135,5.8644,,,
,CHECKPOINT BATCH 88140,5.8797,,,
,CHECKPOINT BATCH 88145,8.5865,,,
12:48:23,88150,7.2914,20.2935,5000,0.0501
,CHECKPOINT BATCH 88150,7.2914,,,
,CHECKPOINT BATCH 88155,5.2822,,,
,CHECKPOINT BATCH 88160,11.3738,,,
,CHECKPOINT BATCH 88165,7.3314,,,
12:48:25,88169,8.5245,19.2945,5000,0.0501
,CHECKPOINT BATCH 88170,8.3725,,,
,CHECKPOINT BATCH 88175,6.1909,,,
12:48:28,88177,8.5188,18.8275,5000,0.0501
,CHECKPOINT BATCH 88180,11.1049,,,
,CHECKPOINT BATCH 88185,12.7522,,,
,CHECKPOINT BATCH 88190,10.5273,,,
,CHECKPOINT BATCH 88195,6.0244,,,
12:48:30,88196,11.1999,17.4990,5000,0.0501
,CHECKPOINT BATCH 88200,6.2341,,,
,CHECKPOINT BATCH 88205,4.7012,,,
,CHECKPOINT BATCH 88210,7.8067,,,
12:48:32,88215,6.0976,19.1500,5000,0.0501
,CHECKPOINT BATCH 88215,6.0976,,,
,CHECKPOINT BATCH 88220,6.6548,,,
,CHECKPOINT BATCH 88225,7.2542,,,
,CHECKPOINT BATCH 88230,9.4614,,,
12:48:34,88234,7.3822,20.3240,5000,0.0501
,CHECKPOINT BATCH 88235,7.9873,,,
,CHECKPOINT BATCH 88240,7.3225,,,
,CHECKPOINT BATCH 88245,6.7886,,,
,CHECKPOINT BATCH 88250,9.9177,,,
12:48:36,88253,5.1551,20.4945,5000,0.0501
,CHECKPOINT BATCH 88255,4.1225,,,
,CHECKPOINT BATCH 88260,7.3197,,,
,CHECKPOINT BATCH 88265,9.4197,,,
,CHECKPOINT BATCH 88270,6.5514,,,
12:48:38,88272,9.8634,19.7615,5000,0.0501
12:48:41,88274,7.8630,20.3050,5000,0.0501
,CHECKPOINT BATCH 88275,6.9594,,,
,CHECKPOINT BATCH 88280,5.8660,,,
,CHECKPOINT BATCH 88285,5.3551,,,
,CHECKPOINT BATCH 88290,5.6917,,,
12:48:43,88293,10.0626,18.7530,5000,0.0501
,CHECKPOINT BATCH 88295,7.8940,,,
,CHECKPOINT BATCH 88300,9.9994,,,
,CHECKPOINT BATCH 88305,6.7812,,,
,CHECKPOINT BATCH 88310,10.1250,,,
12:48:45,88312,11.3414,19.2300,5000,0.0501
,CHECKPOINT BATCH 88315,9.1005,,,
,CHECKPOINT BATCH 88320,7.7113,,,
,CHECKPOINT BATCH 88325,6.5315,,,
,CHECKPOINT BATCH 88330,9.3537,,,
12:48:47,88331,10.2951,20.3160,5000,0.0501
,CHECKPOINT BATCH 88335,5.2139,,,
,CHECKPOINT BATCH 88340,12.2419,,,
,CHECKPOINT BATCH 88345,9.8588,,,
12:48:49,88350,9.3613,17.7400,5000,0.0501
,CHECKPOINT BATCH 88350,9.3613,,,
,CHECKPOINT BATCH 88355,7.2851,,,
,CHECKPOINT BATCH 88360,10.4624,,,
,CHECKPOINT BATCH 88365,13.1283,,,
12:48:51,88368,6.3182,14.3365,5000,0.0501
,CHECKPOINT BATCH 88370,11.9357,,,
,CHECKPOINT BATCH 88375,7.8145,,,
,CHECKPOINT BATCH 88380,6.0225,,,
,CHECKPOINT BATCH 88385,6.5855,,,
12:48:53,88387,6.2375,12.4270,5000,0.0501
,CHECKPOINT BATCH 88390,12.6501,,,
,CHECKPOINT BATCH 88395,5.7311,,,
,CHECKPOINT BATCH 88400,9.3851,,,
,CHECKPOINT BATCH 88405,6.7311,,,
12:48:55,88406,6.3449,7.2630,5000,0.0501
,CHECKPOINT BATCH 88410,8.1962,,,
,CHECKPOINT BATCH 88415,9.3088,,,
,CHECKPOINT BATCH 88420,5.2416,,,
12:48:57,88425,6.2416,1.8140,5000,0.0501
,CHECKPOINT BATCH 88425,6.2416,,,
,CHECKPOINT BATCH 88430,6.0067,,,
,CHECKPOINT BATCH 88435,6.5417,,,
,CHECKPOINT BATCH 88440,8.3983,,,
12:49:00,88444,12.9911,0.3185,5000,0.0501
,CHECKPOINT BATCH 88445,8.2385,,,
,CHECKPOINT BATCH 88450,7.7598,,,
,CHECKPOINT BATCH 88455,8.9590,,,
,CHECKPOINT BATCH 88460,11.5662,,,
12:49:02,88463,7.3469,0.2045,5000,0.0501
,CHECKPOINT BATCH 88465,8.2096,,,
,CHECKPOINT BATCH 88470,11.7149,,,
,CHECKPOINT BATCH 88475,8.5216,,,
,CHECKPOINT BATCH 88480,8.5506,,,
12:49:04,88481,8.4274,1.9525,5000,0.0501
,CHECKPOINT BATCH 88485,9.5527,,,
,CHECKPOINT BATCH 88490,8.6863,,,
,CHECKPOINT BATCH 88495,7.2257,,,
12:49:06,88500,6.0055,4.1160,5000,0.0501
,CHECKPOINT BATCH 88500,6.0055,,,
,CHECKPOINT BATCH 88505,10.6049,,,
,CHECKPOINT BATCH 88510,8.4532,,,
,CHECKPOINT BATCH 88515,9.1282,,,
12:49:08,88519,8.8748,6.8200,5000,0.0501
,CHECKPOINT BATCH 88520,11.7437,,,
12:49:10,88521,8.9323,7.8160,5000,0.0501
,CHECKPOINT BATCH 88525,8.1441,,,
,CHECKPOINT BATCH 88530,5.8080,,,
,CHECKPOINT BATCH 88535,8.4001,,,
12:49:13,88540,9.5610,11.3090,5000,0.0501
,CHECKPOINT BATCH 88540,9.5610,,,
,CHECKPOINT BATCH 88545,6.5237,,,
,CHECKPOINT BATCH 88550,9.6440,,,
,CHECKPOINT BATCH 88555,8.9523,,,
12:49:15,88559,8.9833,16.3250,5000,0.0501
,CHECKPOINT BATCH 88560,12.1763,,,
,CHECKPOINT BATCH 88565,5.5293,,,
,CHECKPOINT BATCH 88570,5.6650,,,
,CHECKPOINT BATCH 88575,6.5730,,,
12:49:17,88578,6.1851,19.0075,5000,0.0501
,CHECKPOINT BATCH 88580,6.3191,,,
,CHECKPOINT BATCH 88585,12.0321,,,
,CHECKPOINT BATCH 88590,7.3677,,,
,CHECKPOINT BATCH 88595,7.5643,,,
12:49:19,88597,7.2166,18.8570,5000,0.0501
,CHECKPOINT BATCH 88600,5.6108,,,
,CHECKPOINT BATCH 88605,10.9587,,,
,CHECKPOINT BATCH 88610,16.0387,,,
,CHECKPOINT BATCH 88615,9.3278,,,
12:49:21,88616,7.9665,18.2605,5000,0.0501
,CHECKPOINT BATCH 88620,8.2739,,,
,CHECKPOINT BATCH 88625,6.8252,,,
,CHECKPOINT BATCH 88630,5.3887,,,
12:49:23,88635,8.1611,17.8575,5000,0.0501
,CHECKPOINT BATCH 88635,8.1611,,,
12:49:25,88636,8.1110,17.7065,5000,0.0501
,CHECKPOINT BATCH 88640,5.0913,,,
,CHECKPOINT BATCH 88645,8.2638,,,
,CHECKPOINT BATCH 88650,4.4451,,,
12:49:28,88655,7.9588,15.2910,5000,0.0501
,CHECKPOINT BATCH 88655,7.9588,,,
,CHECKPOINT BATCH 88660,7.6578,,,
,CHECKPOINT BATCH 88665,9.8125,,,
,CHECKPOINT BATCH 88670,9.0806,,,
12:49:30,88674,14.6859,15.2730,5000,0.0501
,CHECKPOINT BATCH 88675,5.0121,,,
,CHECKPOINT BATCH 88680,11.4182,,,
,CHECKPOINT BATCH 88685,6.8618,,,
,CHECKPOINT BATCH 88690,9.3193,,,
12:49:32,88693,7.9110,18.1900,5000,0.0501
,CHECKPOINT BATCH 88695,12.4770,,,
,CHECKPOINT BATCH 88700,7.9161,,,
,CHECKPOINT BATCH 88705,6.5620,,,
,CHECKPOINT BATCH 88710,6.8163,,,
12:49:34,88712,7.7456,19.0735,5000,0.0501
,CHECKPOINT BATCH 88715,6.9236,,,
,CHECKPOINT BATCH 88720,6.1834,,,
,CHECKPOINT BATCH 88725,11.9918,,,
,CHECKPOINT BATCH 88730,6.9283,,,
12:49:36,88731,7.4463,19.0175,5000,0.0501
,CHECKPOINT BATCH 88735,9.8267,,,
,CHECKPOINT BATCH 88740,5.7165,,,
12:49:39,88742,10.5057,19.7585,5000,0.0501
,CHECKPOINT BATCH 88745,8.1326,,,
,CHECKPOINT BATCH 88750,8.9902,,,
,CHECKPOINT BATCH 88755,10.7168,,,
,CHECKPOINT BATCH 88760,9.5176,,,
12:49:41,88761,5.6557,19.6095,5000,0.0501
,CHECKPOINT BATCH 88765,5.1950,,,
,CHECKPOINT BATCH 88770,6.4659,,,
,CHECKPOINT BATCH 88775,8.4580,,,
12:49:44,88780,7.8813,19.5995,5000,0.0501
,CHECKPOINT BATCH 88780,7.8813,,,
,CHECKPOINT BATCH 88785,7.6973,,,
,CHECKPOINT BATCH 88790,8.0988,,,
,CHECKPOINT BATCH 88795,8.0331,,,
12:49:46,88799,9.8311,17.6035,5000,0.0501
,CHECKPOINT BATCH 88800,5.7928,,,
,CHECKPOINT BATCH 88805,11.9252,,,
,CHECKPOINT BATCH 88810,4.8512,,,
,CHECKPOINT BATCH 88815,5.9278,,,
12:49:48,88818,12.4073,17.8910,5000,0.0501
,CHECKPOINT BATCH 88820,11.0006,,,
,CHECKPOINT BATCH 88825,6.1116,,,
,CHECKPOINT BATCH 88830,6.8799,,,
,CHECKPOINT BATCH 88835,4.4710,,,
12:49:50,88837,7.7487,18.6240,5000,0.0501
,CHECKPOINT BATCH 88840,7.9534,,,
,CHECKPOINT BATCH 88845,9.6047,,,
,CHECKPOINT BATCH 88850,5.7482,,,
12:49:54,88851,7.1300,19.0660,5000,0.0501
,CHECKPOINT BATCH 88855,5.8321,,,
,CHECKPOINT BATCH 88860,6.8778,,,
,CHECKPOINT BATCH 88865,12.4334,,,
12:49:56,88870,10.0178,15.5555,5000,0.0501
,CHECKPOINT BATCH 88870,10.0178,,,
,CHECKPOINT BATCH 88875,5.9231,,,
,CHECKPOINT BATCH 88880,7.8053,,,
,CHECKPOINT BATCH 88885,6.0362,,,
12:49:58,88889,7.8955,17.1075,5000,0.0501
,CHECKPOINT BATCH 88890,5.5582,,,
,CHECKPOINT BATCH 88895,10.0077,,,
,CHECKPOINT BATCH 88900,8.7270,,,
,CHECKPOINT BATCH 88905,7.4716,,,
12:50:00,88908,17.7260,20.5115,5000,0.0501
,CHECKPOINT BATCH 88910,9.5323,,,
,CHECKPOINT BATCH 88915,6.6023,,,
,CHECKPOINT BATCH 88920,5.7195,,,
,CHECKPOINT BATCH 88925,11.3358,,,
12:50:02,88926,9.9388,21.5775,5000,0.0501
,CHECKPOINT BATCH 88930,9.1162,,,
,CHECKPOINT BATCH 88935,11.1679,,,
,CHECKPOINT BATCH 88940,7.9626,,,
12:50:06,88943,6.4140,21.9715,5000,0.0501
,CHECKPOINT BATCH 88945,7.7698,,,
,CHECKPOINT BATCH 88950,6.4558,,,
,CHECKPOINT BATCH 88955,10.1888,,,
,CHECKPOINT BATCH 88960,8.8325,,,
12:50:08,88962,7.5116,21.2820,5000,0.0501
,CHECKPOINT BATCH 88965,7.1931,,,
,CHECKPOINT BATCH 88970,7.4531,,,
,CHECKPOINT BATCH 88975,7.8808,,,
,CHECKPOINT BATCH 88980,7.5385,,,
12:50:10,88981,8.1532,21.4120,5000,0.0501
,CHECKPOINT BATCH 88985,7.6985,,,
,CHECKPOINT BATCH 88990,6.7790,,,
,CHECKPOINT BATCH 88995,7.1025,,,
12:50:12,89000,6.6855,20.3100,5000,0.0501
,CHECKPOINT BATCH 89000,6.6855,,,
,CHECKPOINT BATCH 89005,6.3928,,,
,CHECKPOINT BATCH 89010,9.1696,,,
,CHECKPOINT BATCH 89015,6.7873,,,
12:50:14,89019,7.6982,18.9490,5000,0.0501
,CHECKPOINT BATCH 89020,8.3952,,,
,CHECKPOINT BATCH 89025,4.4229,,,
,CHECKPOINT BATCH 89030,8.5643,,,
,CHECKPOINT BATCH 89035,7.3650,,,
12:50:17,89038,5.7452,20.0370,5000,0.0501
,CHECKPOINT BATCH 89040,12.8109,,,
12:50:19,89042,6.7923,20.4740,5000,0.0501
,CHECKPOINT BATCH 89045,7.4785,,,
,CHECKPOINT BATCH 89050,7.5166,,,
,CHECKPOINT BATCH 89055,8.2121,,,
,CHECKPOINT BATCH 89060,8.6165,,,
12:50:21,89061,7.5454,24.1240,5000,0.0501
,CHECKPOINT BATCH 89065,9.0872,,,
,CHECKPOINT BATCH 89070,9.1060,,,
,CHECKPOINT BATCH 89075,10.6050,,,
12:50:23,89079,6.1590,24.0970,5000,0.0501
,CHECKPOINT BATCH 89080,9.1036,,,
,CHECKPOINT BATCH 89085,7.5794,,,
,CHECKPOINT BATCH 89090,6.0718,,,
,CHECKPOINT BATCH 89095,8.2677,,,
12:50:25,89098,10.4620,22.8750,5000,0.0501
,CHECKPOINT BATCH 89100,10.0654,,,
,CHECKPOINT BATCH 89105,6.3705,,,
,CHECKPOINT BATCH 89110,9.9969,,,
,CHECKPOINT BATCH 89115,11.0949,,,
12:50:28,89117,7.5872,21.1675,5000,0.0501
,CHECKPOINT BATCH 89120,7.3146,,,
,CHECKPOINT BATCH 89125,9.8214,,,
,CHECKPOINT BATCH 89130,8.1542,,,
,CHECKPOINT BATCH 89135,8.4181,,,
12:50:30,89136,12.5754,20.1085,5000,0.0501
12:50:32,89139,11.5798,19.8010,5000,0.0501
,CHECKPOINT BATCH 89140,8.6118,,,
,CHECKPOINT BATCH 89145,7.0925,,,
,CHECKPOINT BATCH 89150,6.1386,,,
,CHECKPOINT BATCH 89155,9.3407,,,
12:50:34,89158,6.7882,15.9300,5000,0.0501
,CHECKPOINT BATCH 89160,6.7636,,,
,CHECKPOINT BATCH 89165,7.5664,,,
,CHECKPOINT BATCH 89170,8.6842,,,
,CHECKPOINT BATCH 89175,9.2709,,,
12:50:36,89177,5.6935,16.1420,5000,0.0501
,CHECKPOINT BATCH 89180,7.8496,,,
,CHECKPOINT BATCH 89185,7.3661,,,
,CHECKPOINT BATCH 89190,9.6414,,,
,CHECKPOINT BATCH 89195,5.5931,,,
12:50:39,89196,6.2112,19.0440,5000,0.0501
,CHECKPOINT BATCH 89200,7.6859,,,
,CHECKPOINT BATCH 89205,8.1655,,,
,CHECKPOINT BATCH 89210,6.6345,,,
12:50:41,89215,7.4003,19.8410,5000,0.0501
,CHECKPOINT BATCH 89215,7.4003,,,
,CHECKPOINT BATCH 89220,8.5010,,,
,CHECKPOINT BATCH 89225,10.1191,,,
,CHECKPOINT BATCH 89230,5.5049,,,
12:50:43,89234,4.9809,19.3765,5000,0.0501
,CHECKPOINT BATCH 89235,7.7605,,,
12:50:46,89239,6.7681,20.6945,5000,0.0501
,CHECKPOINT BATCH 89240,8.2570,,,
,CHECKPOINT BATCH 89245,6.9102,,,
,CHECKPOINT BATCH 89250,10.0767,,,
,CHECKPOINT BATCH 89255,8.8533,,,
12:50:48,89258,10.3779,23.2995,5000,0.0501
,CHECKPOINT BATCH 89260,8.3766,,,
,CHECKPOINT BATCH 89265,10.9170,,,
,CHECKPOINT BATCH 89270,8.3826,,,
,CHECKPOINT BATCH 89275,7.4873,,,
12:50:50,89277,8.0058,23.0925,5000,0.0501
,CHECKPOINT BATCH 89280,7.5355,,,
,CHECKPOINT BATCH 89285,5.8920,,,
,CHECKPOINT BATCH 89290,6.8196,,,
,CHECKPOINT BATCH 89295,8.2140,,,
12:50:52,89296,6.1458,20.9650,5000,0.0501
,CHECKPOINT BATCH 89300,7.8629,,,
,CHECKPOINT BATCH 89305,8.2235,,,
,CHECKPOINT BATCH 89310,6.0382,,,
12:50:54,89315,9.4068,20.0395,5000,0.0501
,CHECKPOINT BATCH 89315,9.4068,,,
,CHECKPOINT BATCH 89320,7.6352,,,
,CHECKPOINT BATCH 89325,5.1505,,,
,CHECKPOINT BATCH 89330,12.1154,,,
12:50:58,89334,6.7701,21.2150,5000,0.0501
,CHECKPOINT BATCH 89335,12.6165,,,
,CHECKPOINT BATCH 89340,10.4856,,,
,CHECKPOINT BATCH 89345,9.2921,,,
,CHECKPOINT BATCH 89350,7.4987,,,
12:51:00,89353,6.7231,18.9675,5000,0.0501
,CHECKPOINT BATCH 89355,8.5100,,,
,CHECKPOINT BATCH 89360,10.3131,,,
,CHECKPOINT BATCH 89365,8.1767,,,
,CHECKPOINT BATCH 89370,8.8364,,,
12:51:02,89371,11.0386,19.5825,5000,0.0501
,CHECKPOINT BATCH 89375,8.1285,,,
,CHECKPOINT BATCH 89380,8.6441,,,
,CHECKPOINT BATCH 89385,7.2755,,,
12:51:05,89390,11.7904,18.0610,5000,0.0501
,CHECKPOINT BATCH 89390,11.7904,,,
,CHECKPOINT BATCH 89395,7.6384,,,
,CHECKPOINT BATCH 89400,10.7028,,,
,CHECKPOINT BATCH 89405,7.6681,,,
12:51:07,89409,8.8534,18.8535,5000,0.0501
,CHECKPOINT BATCH 89410,6.8341,,,
,CHECKPOINT BATCH 89415,12.0076,,,
,CHECKPOINT BATCH 89420,12.1230,,,
,CHECKPOINT BATCH 89425,5.8455,,,
12:51:09,89428,7.9703,19.2970,5000,0.0501
,CHECKPOINT BATCH 89430,7.4217,,,
12:51:11,89431,9.2805,19.5810,5000,0.0501
,CHECKPOINT BATCH 89435,6.2077,,,
,CHECKPOINT BATCH 89440,6.2453,,,
,CHECKPOINT BATCH 89445,5.8539,,,
12:51:13,89450,10.1134,20.8750,5000,0.0501
,CHECKPOINT BATCH 89450,10.1134,,,
,CHECKPOINT BATCH 89455,6.4400,,,
,CHECKPOINT BATCH 89460,17.6769,,,
,CHECKPOINT BATCH 89465,9.5956,,,
12:51:16,89469,8.6836,21.3290,5000,0.0501
,CHECKPOINT BATCH 89470,10.8250,,,
12:51:19,89475,6.7244,20.4015,5000,0.0501
,CHECKPOINT BATCH 89475,6.7244,,,
,CHECKPOINT BATCH 89480,6.9966,,,
,CHECKPOINT BATCH 89485,9.9228,,,
,CHECKPOINT BATCH 89490,7.6750,,,
12:51:21,89494,6.8539,18.5750,5000,0.0501
,CHECKPOINT BATCH 89495,7.5850,,,
,CHECKPOINT BATCH 89500,7.3699,,,
,CHECKPOINT BATCH 89505,7.5007,,,
,CHECKPOINT BATCH 89510,6.3034,,,
12:51:23,89513,10.8951,21.3060,5000,0.0501
,CHECKPOINT BATCH 89515,6.1890,,,
,CHECKPOINT BATCH 89520,8.7526,,,
12:51:26,89524,5.7321,21.4225,5000,0.0501
,CHECKPOINT BATCH 89525,11.3797,,,
,CHECKPOINT BATCH 89530,7.4831,,,
,CHECKPOINT BATCH 89535,6.8867,,,
,CHECKPOINT BATCH 89540,7.8758,,,
12:51:28,89543,5.2493,18.3780,5000,0.0501
,CHECKPOINT BATCH 89545,10.4721,,,
,CHECKPOINT BATCH 89550,6.4334,,,
,CHECKPOINT BATCH 89555,6.4070,,,
,CHECKPOINT BATCH 89560,7.8432,,,
12:51:30,89562,11.0111,18.8430,5000,0.0501
,CHECKPOINT BATCH 89565,4.4487,,,
,CHECKPOINT BATCH 89570,4.7158,,,
,CHECKPOINT BATCH 89575,7.5487,,,
,CHECKPOINT BATCH 89580,6.6396,,,
12:51:33,89581,8.0324,20.8760,5000,0.0501
,CHECKPOINT BATCH 89585,6.8720,,,
,CHECKPOINT BATCH 89590,7.9884,,,
,CHECKPOINT BATCH 89595,6.5392,,,
12:51:35,89600,6.6191,21.1790,5000,0.0501
,CHECKPOINT BATCH 89600,6.6191,,,
,CHECKPOINT BATCH 89605,9.5771,,,
,CHECKPOINT BATCH 89610,7.9422,,,
,CHECKPOINT BATCH 89615,5.0944,,,
12:51:37,89619,9.7743,19.3610,5000,0.0501
,CHECKPOINT BATCH 89620,6.1077,,,
12:51:39,89623,8.4102,19.9150,5000,0.0501
,CHECKPOINT BATCH 89625,5.7303,,,
,CHECKPOINT BATCH 89630,5.7411,,,
,CHECKPOINT BATCH 89635,6.8765,,,
,CHECKPOINT BATCH 89640,4.7506,,,
12:51:42,89642,7.6972,22.0835,5000,0.0501
,CHECKPOINT BATCH 89645,8.4073,,,
,CHECKPOINT BATCH 89650,7.1544,,,
,CHECKPOINT BATCH 89655,7.9895,,,
,CHECKPOINT BATCH 89660,7.5267,,,
12:51:44,89661,6.6895,21.9015,5000,0.0501
,CHECKPOINT BATCH 89665,5.3680,,,
12:51:47,89666,6.7322,22.0375,5000,0.0501
,CHECKPOINT BATCH 89670,5.8155,,,
,CHECKPOINT BATCH 89675,10.3455,,,
,CHECKPOINT BATCH 89680,7.2302,,,
12:51:49,89684,14.4640,20.9215,5000,0.0501
,CHECKPOINT BATCH 89685,6.7319,,,
,CHECKPOINT BATCH 89690,5.9363,,,
,CHECKPOINT BATCH 89695,6.9530,,,
,CHECKPOINT BATCH 89700,5.8496,,,
12:51:51,89703,6.3628,22.7265,5000,0.0501
,CHECKPOINT BATCH 89705,7.3613,,,
,CHECKPOINT BATCH 89710,9.0698,,,
,CHECKPOINT BATCH 89715,14.1627,,,
,CHECKPOINT BATCH 89720,7.5925,,,
12:51:53,89722,16.6558,21.7355,5000,0.0501
,CHECKPOINT BATCH 89725,5.5410,,,
,CHECKPOINT BATCH 89730,7.2790,,,
,CHECKPOINT BATCH 89735,9.2113,,,
,CHECKPOINT BATCH 89740,5.9018,,,
12:51:55,89741,10.1645,21.2565,5000,0.0501
,CHECKPOINT BATCH 89745,6.2953,,,
,CHECKPOINT BATCH 89750,7.3136,,,
,CHECKPOINT BATCH 89755,5.7337,,,
12:51:57,89760,6.5712,19.1535,5000,0.0501
,CHECKPOINT BATCH 89760,6.5712,,,
,CHECKPOINT BATCH 89765,10.0306,,,
12:52:00,89767,6.3868,19.2670,5000,0.0501
,CHECKPOINT BATCH 89770,7.3951,,,
,CHECKPOINT BATCH 89775,9.9243,,,
,CHECKPOINT BATCH 89780,6.9076,,,
,CHECKPOINT BATCH 89785,7.5231,,,
12:52:02,89786,7.8485,16.5510,5000,0.0501
,CHECKPOINT BATCH 89790,8.1520,,,
,CHECKPOINT BATCH 89795,8.4837,,,
12:52:06,89799,6.7317,16.8120,5000,0.0501
,CHECKPOINT BATCH 89800,5.7837,,,
,CHECKPOINT BATCH 89805,6.0041,,,
,CHECKPOINT BATCH 89810,6.3482,,,
,CHECKPOINT BATCH 89815,10.4356,,,
12:52:08,89818,11.6262,17.7055,5000,0.0501
,CHECKPOINT BATCH 89820,5.0248,,,
,CHECKPOINT BATCH 89825,7.2747,,,
,CHECKPOINT BATCH 89830,5.5979,,,
12:52:12,89834,6.2098,19.3470,5000,0.0501
,CHECKPOINT BATCH 89835,11.7470,,,
,CHECKPOINT BATCH 89840,5.4895,,,
,CHECKPOINT BATCH 89845,5.8301,,,
,CHECKPOINT BATCH 89850,7.2821,,,
12:52:16,89851,7.4915,20.3520,5000,0.0501
,CHECKPOINT BATCH 89855,10.9161,,,
,CHECKPOINT BATCH 89860,6.3008,,,
,CHECKPOINT BATCH 89865,5.8144,,,
12:52:18,89870,6.9293,18.4305,5000,0.0501
,CHECKPOINT BATCH 89870,6.9293,,,
,CHECKPOINT BATCH 89875,16.3687,,,
,CHECKPOINT BATCH 89880,3.9651,,,
,CHECKPOINT BATCH 89885,7.5302,,,
12:52:20,89889,10.9573,20.3075,5000,0.0501
,CHECKPOINT BATCH 89890,12.3959,,,
,CHECKPOINT BATCH 89895,5.1345,,,
,CHECKPOINT BATCH 89900,4.2784,,,
,CHECKPOINT BATCH 89905,7.6616,,,
12:52:23,89908,8.3870,20.3460,5000,0.0501
,CHECKPOINT BATCH 89910,6.2841,,,
,CHECKPOINT BATCH 89915,5.6155,,,
,CHECKPOINT BATCH 89920,4.2069,,,
,CHECKPOINT BATCH 89925,7.8853,,,
12:52:25,89927,7.1882,18.2490,5000,0.0501
,CHECKPOINT BATCH 89930,5.3738,,,
,CHECKPOINT BATCH 89935,6.1634,,,
,CHECKPOINT BATCH 89940,5.9458,,,
,CHECKPOINT BATCH 89945,7.2419,,,
12:52:27,89946,10.4886,17.8250,5000,0.0501
,CHECKPOINT BATCH 89950,8.2921,,,
,CHECKPOINT BATCH 89955,6.9571,,,
12:52:30,89957,8.9448,18.9115,5000,0.0501
,CHECKPOINT BATCH 89960,10.1713,,,
,CHECKPOINT BATCH 89965,8.6570,,,
,CHECKPOINT BATCH 89970,4.0541,,,
,CHECKPOINT BATCH 89975,6.9331,,,
12:52:32,89976,7.6692,19.5270,5000,0.0501
,CHECKPOINT BATCH 89980,7.2939,,,
,CHECKPOINT BATCH 89985,12.2692,,,
,CHECKPOINT BATCH 89990,9.4705,,,
12:52:34,89995,26.7820,19.9650,5000,0.0501
,CHECKPOINT BATCH 89995,26.7820,,,
,CHECKPOINT BATCH 90000,7.1284,,,
,CHECKPOINT BATCH 90005,6.4512,,,
,CHECKPOINT BATCH 90010,8.3436,,,
12:52:37,90014,16.8218,19.0610,5000,0.0501
,CHECKPOINT BATCH 90015,6.4933,,,
,CHECKPOINT BATCH 90020,12.8561,,,
,CHECKPOINT BATCH 90025,6.2806,,,
,CHECKPOINT BATCH 90030,7.1485,,,
12:52:39,90033,4.2096,18.7415,5000,0.0501
,CHECKPOINT BATCH 90035,5.1233,,,
,CHECKPOINT BATCH 90040,6.7145,,,
,CHECKPOINT BATCH 90045,5.8435,,,
,CHECKPOINT BATCH 90050,5.7495,,,
12:52:41,90052,4.4567,17.6765,5000,0.0501
,CHECKPOINT BATCH 90055,6.7346,,,
,CHECKPOINT BATCH 90060,8.5017,,,
,CHECKPOINT BATCH 90065,8.1892,,,
12:52:45,90068,5.6847,18.6700,5000,0.0501
,CHECKPOINT BATCH 90070,9.4847,,,
,CHECKPOINT BATCH 90075,6.7702,,,
,CHECKPOINT BATCH 90080,6.4061,,,
,CHECKPOINT BATCH 90085,6.4618,,,
12:52:47,90087,6.8721,16.8405,5000,0.0501
,CHECKPOINT BATCH 90090,8.9018,,,
,CHECKPOINT BATCH 90095,6.2134,,,
,CHECKPOINT BATCH 90100,8.1971,,,
,CHECKPOINT BATCH 90105,10.6404,,,
12:52:49,90106,6.7716,17.0290,5000,0.0501
,CHECKPOINT BATCH 90110,6.4444,,,
,CHECKPOINT BATCH 90115,6.3094,,,
,CHECKPOINT BATCH 90120,6.7148,,,
12:52:51,90125,5.0653,19.7700,5000,0.0501
,CHECKPOINT BATCH 90125,5.0653,,,
,CHECKPOINT BATCH 90130,5.8009,,,
,CHECKPOINT BATCH 90135,3.3925,,,
,CHECKPOINT BATCH 90140,6.4018,,,
12:52:53,90144,7.0558,19.9175,5000,0.0501
,CHECKPOINT BATCH 90145,5.7084,,,
,CHECKPOINT BATCH 90150,17.7574,,,
,CHECKPOINT BATCH 90155,6.1044,,,
,CHECKPOINT BATCH 90160,12.2235,,,
12:52:55,90163,7.3659,20.1165,5000,0.0501
,CHECKPOINT BATCH 90165,6.7421,,,
12:52:58,90166,10.7527,20.9670,5000,0.0501
,CHECKPOINT BATCH 90170,9.1794,,,
,CHECKPOINT BATCH 90175,5.5842,,,
,CHECKPOINT BATCH 90180,10.5509,,,
12:53:00,90185,3.9123,20.8850,5000,0.0501
,CHECKPOINT BATCH 90185,3.9123,,,
,CHECKPOINT BATCH 90190,4.8391,,,
,CHECKPOINT BATCH 90195,6.0632,,,
,CHECKPOINT BATCH 90200,7.9248,,,
12:53:02,90204,8.1748,20.2570,5000,0.0501
,CHECKPOINT BATCH 90205,5.7269,,,
,CHECKPOINT BATCH 90210,6.1287,,,
,CHECKPOINT BATCH 90215,5.6232,,,
,CHECKPOINT BATCH 90220,5.5064,,,
12:53:04,90223,10.1646,19.1920,5000,0.0501
,CHECKPOINT BATCH 90225,6.1120,,,
,CHECKPOINT BATCH 90230,7.7971,,,
,CHECKPOINT BATCH 90235,5.3564,,,
,CHECKPOINT BATCH 90240,10.0193,,,
12:53:06,90242,6.8216,19.3780,5000,0.0501
,CHECKPOINT BATCH 90245,5.7715,,,
,CHECKPOINT BATCH 90250,9.9369,,,
,CHECKPOINT BATCH 90255,6.8520,,,
,CHECKPOINT BATCH 90260,6.5044,,,
12:53:08,90261,4.8317,19.6580,5000,0.0501
,CHECKPOINT BATCH 90265,6.7502,,,
12:53:11,90268,6.8711,20.5635,5000,0.0501
,CHECKPOINT BATCH 90270,5.9184,,,
,CHECKPOINT BATCH 90275,7.6746,,,
,CHECKPOINT BATCH 90280,5.8332,,,
,CHECKPOINT BATCH 90285,5.4093,,,
12:53:13,90286,18.1425,21.3020,5000,0.0501
,CHECKPOINT BATCH 90290,7.2692,,,
,CHECKPOINT BATCH 90295,6.1138,,,
,CHECKPOINT BATCH 90300,9.4887,,,
12:53:16,90305,6.5877,22.8420,5000,0.0501
,CHECKPOINT BATCH 90305,6.5877,,,
,CHECKPOINT BATCH 90310,4.9881,,,
,CHECKPOINT BATCH 90315,10.3021,,,
,CHECKPOINT BATCH 90320,5.4951,,,
12:53:18,90324,8.6143,22.8345,5000,0.0501
,CHECKPOINT BATCH 90325,9.7607,,,
,CHECKPOINT BATCH 90330,4.8195,,,
,CHECKPOINT BATCH 90335,8.1428,,,
,CHECKPOINT BATCH 90340,5.9186,,,
12:53:20,90343,8.3046,21.7600,5000,0.0501
,CHECKPOINT BATCH 90345,7.8815,,,
12:53:23,90350,7.1178,21.5875,5000,0.0501
,CHECKPOINT BATCH 90350,7.1178,,,
,CHECKPOINT BATCH 90355,6.6084,,,
,CHECKPOINT BATCH 90360,7.7520,,,
,CHECKPOINT BATCH 90365,8.9594,,,
12:53:25,90369,6.3090,20.2855,5000,0.0501
,CHECKPOINT BATCH 90370,5.4616,,,
,CHECKPOINT BATCH 90375,6.3170,,,
,CHECKPOINT BATCH 90380,4.4693,,,
,CHECKPOINT BATCH 90385,6.2587,,,
12:53:27,90388,7.6557,20.2845,5000,0.0501
,CHECKPOINT BATCH 90390,6.6756,,,
,CHECKPOINT BATCH 90395,5.3989,,,
,CHECKPOINT BATCH 90400,5.6367,,,
,CHECKPOINT BATCH 90405,6.1627,,,
12:53:29,90407,6.4573,17.5210,5000,0.0501
,CHECKPOINT BATCH 90410,5.4315,,,
,CHECKPOINT BATCH 90415,5.2053,,,
,CHECKPOINT BATCH 90420,8.0643,,,
,CHECKPOINT BATCH 90425,5.9042,,,
12:53:31,90426,6.1137,17.4145,5000,0.0501
,CHECKPOINT BATCH 90430,4.5514,,,
,CHECKPOINT BATCH 90435,6.3603,,,
,CHECKPOINT BATCH 90440,5.5799,,,
12:53:33,90445,8.0740,17.7190,5000,0.0501
,CHECKPOINT BATCH 90445,8.0740,,,
,CHECKPOINT BATCH 90450,6.0159,,,
,CHECKPOINT BATCH 90455,6.3477,,,
12:53:37,90460,8.7050,19.4715,5000,0.0501
,CHECKPOINT BATCH 90460,8.7050,,,
,CHECKPOINT BATCH 90465,6.3975,,,
,CHECKPOINT BATCH 90470,7.5279,,,
,CHECKPOINT BATCH 90475,6.7529,,,
12:53:39,90479,6.7226,19.6685,5000,0.0501
,CHECKPOINT BATCH 90480,9.0209,,,
,CHECKPOINT BATCH 90485,5.4532,,,
,CHECKPOINT BATCH 90490,5.2033,,,
,CHECKPOINT BATCH 90495,6.1499,,,
12:53:41,90498,7.8600,20.4575,5000,0.0501
,CHECKPOINT BATCH 90500,4.9792,,,
,CHECKPOINT BATCH 90505,5.0230,,,
,CHECKPOINT BATCH 90510,8.2562,,,
,CHECKPOINT BATCH 90515,8.4039,,,
12:53:43,90517,9.3428,21.0580,5000,0.0501
,CHECKPOINT BATCH 90520,8.0969,,,
,CHECKPOINT BATCH 90525,4.4914,,,
,CHECKPOINT BATCH 90530,4.9401,,,
,CHECKPOINT BATCH 90535,4.1690,,,
12:53:46,90536,10.3635,20.5935,5000,0.0501
,CHECKPOINT BATCH 90540,3.8778,,,
,CHECKPOINT BATCH 90545,8.1597,,,
,CHECKPOINT BATCH 90550,5.3113,,,
12:53:48,90555,7.5238,19.9645,5000,0.0501
,CHECKPOINT BATCH 90555,7.5238,,,
,CHECKPOINT BATCH 90560,5.9898,,,
12:53:51,90562,5.5730,19.2160,5000,0.0501
,CHECKPOINT BATCH 90565,7.7822,,,
,CHECKPOINT BATCH 90570,5.2641,,,
,CHECKPOINT BATCH 90575,9.7765,,,
,CHECKPOINT BATCH 90580,6.3611,,,
12:53:53,90581,7.5415,17.0600,5000,0.0501
,CHECKPOINT BATCH 90585,8.0109,,,
,CHECKPOINT BATCH 90590,4.6706,,,
,CHECKPOINT BATCH 90595,6.3404,,,
12:53:55,90600,8.3854,16.6340,5000,0.0501
,CHECKPOINT BATCH 90600,8.3854,,,
,CHECKPOINT BATCH 90605,7.4504,,,
12:53:58,90607,5.6179,16.9300,5000,0.0501
,CHECKPOINT BATCH 90610,7.1620,,,
,CHECKPOINT BATCH 90615,6.8273,,,
,CHECKPOINT BATCH 90620,8.3426,,,
,CHECKPOINT BATCH 90625,7.4203,,,
12:54:00,90626,8.4674,18.4235,5000,0.0501
,CHECKPOINT BATCH 90630,5.4024,,,
,CHECKPOINT BATCH 90635,6.2363,,,
,CHECKPOINT BATCH 90640,4.2206,,,
12:54:02,90645,7.3863,21.0015,5000,0.0501
,CHECKPOINT BATCH 90645,7.3863,,,
,CHECKPOINT BATCH 90650,7.6067,,,
,CHECKPOINT BATCH 90655,8.3018,,,
,CHECKPOINT BATCH 90660,6.8131,,,
12:54:04,90664,9.1329,22.5830,5000,0.0501
,CHECKPOINT BATCH 90665,4.2689,,,
,CHECKPOINT BATCH 90670,7.8299,,,
,CHECKPOINT BATCH 90675,5.2089,,,
,CHECKPOINT BATCH 90680,7.4303,,,
12:54:06,90683,8.8085,21.6685,5000,0.0501
,CHECKPOINT BATCH 90685,5.8644,,,
,CHECKPOINT BATCH 90690,5.3817,,,
,CHECKPOINT BATCH 90695,5.0320,,,
12:54:11,90700,9.7528,19.5025,5000,0.0501
,CHECKPOINT BATCH 90700,9.7528,,,
,CHECKPOINT BATCH 90705,6.8057,,,
,CHECKPOINT BATCH 90710,6.1478,,,
,CHECKPOINT BATCH 90715,12.8138,,,
12:54:13,90719,4.6900,19.1195,5000,0.0501
,CHECKPOINT BATCH 90720,6.8494,,,
,CHECKPOINT BATCH 90725,12.9752,,,
,CHECKPOINT BATCH 90730,9.4961,,,
,CHECKPOINT BATCH 90735,6.6319,,,
12:54:15,90738,8.1147,18.6455,5000,0.0501
,CHECKPOINT BATCH 90740,15.0432,,,
,CHECKPOINT BATCH 90745,4.4956,,,
,CHECKPOINT BATCH 90750,9.9748,,,
12:54:19,90752,5.6757,18.1720,5000,0.0501
,CHECKPOINT BATCH 90755,7.8282,,,
,CHECKPOINT BATCH 90760,12.4760,,,
,CHECKPOINT BATCH 90765,5.9521,,,
,CHECKPOINT BATCH 90770,5.8241,,,
12:54:21,90771,8.3003,15.4190,5000,0.0501
,CHECKPOINT BATCH 90775,7.6891,,,
,CHECKPOINT BATCH 90780,3.7742,,,
,CHECKPOINT BATCH 90785,8.0719,,,
12:54:23,90790,6.6768,16.5070,5000,0.0501
,CHECKPOINT BATCH 90790,6.6768,,,
,CHECKPOINT BATCH 90795,6.7258,,,
,CHECKPOINT BATCH 90800,5.4767,,,
,CHECKPOINT BATCH 90805,6.8891,,,
12:54:25,90809,11.0500,19.8540,5000,0.0501
,CHECKPOINT BATCH 90810,5.4326,,,
,CHECKPOINT BATCH 90815,21.9099,,,
,CHECKPOINT BATCH 90820,7.1535,,,
12:54:29,90822,7.1931,19.5095,5000,0.0501
,CHECKPOINT BATCH 90825,10.3753,,,
,CHECKPOINT BATCH 90830,5.9539,,,
,CHECKPOINT BATCH 90835,4.9839,,,
,CHECKPOINT BATCH 90840,5.6367,,,
12:54:31,90841,4.7955,14.8795,5000,0.0501
,CHECKPOINT BATCH 90845,5.0745,,,
,CHECKPOINT BATCH 90850,6.2185,,,
,CHECKPOINT BATCH 90855,7.1522,,,
12:54:33,90860,9.0076,16.2795,5000,0.0501
,CHECKPOINT BATCH 90860,9.0076,,,
,CHECKPOINT BATCH 90865,10.0895,,,
,CHECKPOINT BATCH 90870,4.4490,,,
,CHECKPOINT BATCH 90875,9.3121,,,
12:54:35,90878,9.3637,20.0930,5000,0.0501
,CHECKPOINT BATCH 90880,5.4828,,,
,CHECKPOINT BATCH 90885,6.4841,,,
,CHECKPOINT BATCH 90890,4.6012,,,
,CHECKPOINT BATCH 90895,4.6286,,,
12:54:37,90897,5.7879,18.8530,5000,0.0501
,CHECKPOINT BATCH 90900,5.0533,,,
,CHECKPOINT BATCH 90905,4.8217,,,
,CHECKPOINT BATCH 90910,6.9939,,,
,CHECKPOINT BATCH 90915,17.2913,,,
12:54:39,90916,9.1919,15.6635,5000,0.0501
,CHECKPOINT BATCH 90920,7.5721,,,
,CHECKPOINT BATCH 90925,8.3814,,,
12:54:43,90927,7.5706,16.1560,5000,0.0501
,CHECKPOINT BATCH 90930,11.3164,,,
,CHECKPOINT BATCH 90935,10.6993,,,
,CHECKPOINT BATCH 90940,7.6851,,,
,CHECKPOINT BATCH 90945,6.1653,,,
12:54:45,90946,9.7466,19.2420,5000,0.0501
,CHECKPOINT BATCH 90950,9.0994,,,
,CHECKPOINT BATCH 90955,7.1568,,,
,CHECKPOINT BATCH 90960,7.4574,,,
12:54:47,90965,9.0297,19.7310,5000,0.0501
,CHECKPOINT BATCH 90965,9.0297,,,
,CHECKPOINT BATCH 90970,9.4583,,,
,CHECKPOINT BATCH 90975,8.4451,,,
,CHECKPOINT BATCH 90980,6.4852,,,
12:54:49,90984,6.1278,20.1805,5000,0.0501
,CHECKPOINT BATCH 90985,6.9904,,,
,CHECKPOINT BATCH 90990,5.8620,,,
12:54:52,90994,13.2427,19.1000,5000,0.0501
,CHECKPOINT BATCH 90995,11.3125,,,
,CHECKPOINT BATCH 91000,8.6570,,,
,CHECKPOINT BATCH 91005,7.9587,,,
,CHECKPOINT BATCH 91010,11.6782,,,
12:54:54,91013,5.9021,20.3390,5000,0.0501
,CHECKPOINT BATCH 91015,7.9724,,,
,CHECKPOINT BATCH 91020,6.9788,,,
,CHECKPOINT BATCH 91025,9.4531,,,
,CHECKPOINT BATCH 91030,5.5287,,,
12:54:56,91031,6.3479,23.2090,5000,0.0501
,CHECKPOINT BATCH 91035,8.0688,,,
,CHECKPOINT BATCH 91040,7.3014,,,
,CHECKPOINT BATCH 91045,17.0740,,,
12:54:58,91050,8.7809,24.0945,5000,0.0501
,CHECKPOINT BATCH 91050,8.7809,,,
,CHECKPOINT BATCH 91055,10.7650,,,
,CHECKPOINT BATCH 91060,7.8375,,,
,CHECKPOINT BATCH 91065,6.3341,,,
12:55:01,91069,8.9231,21.3340,5000,0.0501
,CHECKPOINT BATCH 91070,8.9293,,,
,CHECKPOINT BATCH 91075,5.8730,,,
,CHECKPOINT BATCH 91080,7.3180,,,
,CHECKPOINT BATCH 91085,7.1865,,,
12:55:03,91088,13.5080,19.1960,5000,0.0501
,CHECKPOINT BATCH 91090,5.7218,,,
12:55:05,91091,10.1755,20.1985,5000,0.0501
,CHECKPOINT BATCH 91095,10.7171,,,
,CHECKPOINT BATCH 91100,5.1830,,,
,CHECKPOINT BATCH 91105,9.5661,,,
12:55:07,91110,11.8568,18.6485,5000,0.0501
,CHECKPOINT BATCH 91110,11.8568,,,
,CHECKPOINT BATCH 91115,7.9749,,,
,CHECKPOINT BATCH 91120,6.5679,,,
,CHECKPOINT BATCH 91125,11.0196,,,
12:55:09,91129,7.5006,18.4655,5000,0.0501
,CHECKPOINT BATCH 91130,16.8583,,,
,CHECKPOINT BATCH 91135,19.4060,,,
,CHECKPOINT BATCH 91140,9.4530,,,
,CHECKPOINT BATCH 91145,7.0111,,,
12:55:11,91148,9.6117,18.6145,5000,0.0501
,CHECKPOINT BATCH 91150,12.0192,,,
,CHECKPOINT BATCH 91155,6.1245,,,
,CHECKPOINT BATCH 91160,7.2614,,,
,CHECKPOINT BATCH 91165,7.2133,,,
12:55:14,91167,7.6791,20.4430,5000,0.0501
,CHECKPOINT BATCH 91170,6.5084,,,
,CHECKPOINT BATCH 91175,5.4507,,,
12:55:17,91179,5.9775,22.4775,5000,0.0501
,CHECKPOINT BATCH 91180,8.3432,,,
,CHECKPOINT BATCH 91185,6.4089,,,
,CHECKPOINT BATCH 91190,6.6473,,,
,CHECKPOINT BATCH 91195,4.9478,,,
12:55:19,91198,7.1391,24.7080,5000,0.0501
,CHECKPOINT BATCH 91200,6.9930,,,
,CHECKPOINT BATCH 91205,9.3823,,,
,CHECKPOINT BATCH 91210,6.6255,,,
,CHECKPOINT BATCH 91215,7.9039,,,
12:55:21,91217,11.7979,25.7705,5000,0.0501
,CHECKPOINT BATCH 91220,6.8748,,,
,CHECKPOINT BATCH 91225,8.2200,,,
,CHECKPOINT BATCH 91230,21.9392,,,
,CHECKPOINT BATCH 91235,6.7550,,,
12:55:24,91236,9.8617,23.7760,5000,0.0501
,CHECKPOINT BATCH 91240,6.9923,,,
,CHECKPOINT BATCH 91245,6.6314,,,
,CHECKPOINT BATCH 91250,7.1125,,,
12:55:26,91255,7.3297,20.7430,5000,0.0501
,CHECKPOINT BATCH 91255,7.3297,,,
,CHECKPOINT BATCH 91260,6.6439,,,
,CHECKPOINT BATCH 91265,6.9120,,,
,CHECKPOINT BATCH 91270,9.9783,,,
12:55:28,91274,19.0082,19.3840,5000,0.0501
,CHECKPOINT BATCH 91275,9.5662,,,
,CHECKPOINT BATCH 91280,21.8808,,,
12:55:31,91282,6.8235,18.9540,5000,0.0501
,CHECKPOINT BATCH 91285,6.6111,,,
,CHECKPOINT BATCH 91290,6.9304,,,
,CHECKPOINT BATCH 91295,5.7669,,,
,CHECKPOINT BATCH 91300,8.8214,,,
12:55:33,91301,8.5732,17.7795,5000,0.0501
,CHECKPOINT BATCH 91305,7.5029,,,
,CHECKPOINT BATCH 91310,7.2299,,,
,CHECKPOINT BATCH 91315,8.1844,,,
12:55:35,91320,6.7526,18.5705,5000,0.0501
,CHECKPOINT BATCH 91320,6.7526,,,
,CHECKPOINT BATCH 91325,5.8801,,,
,CHECKPOINT BATCH 91330,6.4889,,,
,CHECKPOINT BATCH 91335,6.0679,,,
12:55:37,91339,6.9594,21.0055,5000,0.0501
,CHECKPOINT BATCH 91340,6.5449,,,
,CHECKPOINT BATCH 91345,7.8811,,,
,CHECKPOINT BATCH 91350,5.1399,,,
,CHECKPOINT BATCH 91355,6.3701,,,
12:55:39,91358,5.6507,20.5600,5000,0.0501
,CHECKPOINT BATCH 91360,9.0272,,,
,CHECKPOINT BATCH 91365,10.9061,,,
,CHECKPOINT BATCH 91370,5.6748,,,
12:55:43,91374,6.9490,19.8010,5000,0.0501
,CHECKPOINT BATCH 91375,6.1236,,,
,CHECKPOINT BATCH 91380,5.7383,,,
,CHECKPOINT BATCH 91385,9.0746,,,
,CHECKPOINT BATCH 91390,5.5582,,,
12:55:45,91393,7.8506,18.1580,5000,0.0501
,CHECKPOINT BATCH 91395,8.3094,,,
,CHECKPOINT BATCH 91400,5.7983,,,
,CHECKPOINT BATCH 91405,7.2397,,,
,CHECKPOINT BATCH 91410,5.9924,,,
12:55:48,91412,7.5788,18.1520,5000,0.0501
,CHECKPOINT BATCH 91415,5.6256,,,
,CHECKPOINT BATCH 91420,7.1028,,,
,CHECKPOINT BATCH 91425,6.7969,,,
,CHECKPOINT BATCH 91430,7.3614,,,
12:55:50,91431,6.7794,16.3550,5000,0.0501
,CHECKPOINT BATCH 91435,7.7447,,,
,CHECKPOINT BATCH 91440,8.0959,,,
,CHECKPOINT BATCH 91445,6.0410,,,
12:55:52,91450,6.9554,17.4160,5000,0.0501
,CHECKPOINT BATCH 91450,6.9554,,,
,CHECKPOINT BATCH 91455,9.9689,,,
,CHECKPOINT BATCH 91460,7.2748,,,
,CHECKPOINT BATCH 91465,5.4992,,,
12:55:56,91469,6.5843,17.6925,5000,0.0501
,CHECKPOINT BATCH 91470,7.5114,,,
,CHECKPOINT BATCH 91475,6.7064,,,
,CHECKPOINT BATCH 91480,7.2304,,,
,CHECKPOINT BATCH 91485,8.4000,,,
12:55:58,91488,6.4670,20.0185,5000,0.0501
,CHECKPOINT BATCH 91490,5.6670,,,
,CHECKPOINT BATCH 91495,11.8602,,,
,CHECKPOINT BATCH 91500,6.2249,,,
,CHECKPOINT BATCH 91505,7.2151,,,
12:56:00,91507,7.0345,19.8925,5000,0.0501
,CHECKPOINT BATCH 91510,5.5718,,,
,CHECKPOINT BATCH 91515,15.3436,,,
,CHECKPOINT BATCH 91520,6.7510,,,
,CHECKPOINT BATCH 91525,9.4330,,,
12:56:02,91526,7.4623,20.6145,5000,0.0501
,CHECKPOINT BATCH 91530,6.4101,,,
,CHECKPOINT BATCH 91535,5.4836,,,
,CHECKPOINT BATCH 91540,5.6077,,,
12:56:04,91544,5.7958,19.7525,5000,0.0501
,CHECKPOINT BATCH 91545,6.4641,,,
,CHECKPOINT BATCH 91550,6.3081,,,
,CHECKPOINT BATCH 91555,7.4893,,,
12:56:08,91558,5.5337,18.6710,5000,0.0501
,CHECKPOINT BATCH 91560,7.6248,,,
,CHECKPOINT BATCH 91565,4.9557,,,
,CHECKPOINT BATCH 91570,8.3919,,,
,CHECKPOINT BATCH 91575,9.4279,,,
12:56:11,91577,7.9209,17.2580,5000,0.0501
12:56:13,91578,3.4087,17.8585,5000,0.0501
,CHECKPOINT BATCH 91580,6.6193,,,
,CHECKPOINT BATCH 91585,6.1428,,,
,CHECKPOINT BATCH 91590,8.3736,,,
,CHECKPOINT BATCH 91595,6.5707,,,
12:56:15,91596,5.8737,16.4185,5000,0.0501
,CHECKPOINT BATCH 91600,5.3202,,,
,CHECKPOINT BATCH 91605,5.7086,,,
,CHECKPOINT BATCH 91610,9.2471,,,
12:56:17,91614,6.1381,16.2835,5000,0.0501
,CHECKPOINT BATCH 91615,6.4546,,,
,CHECKPOINT BATCH 91620,5.1262,,,
12:56:21,91625,5.9308,17.0405,5000,0.0501
,CHECKPOINT BATCH 91625,5.9308,,,
,CHECKPOINT BATCH 91630,7.4997,,,
,CHECKPOINT BATCH 91635,8.0607,,,
,CHECKPOINT BATCH 91640,6.8769,,,
12:56:23,91642,8.2364,17.1680,5000,0.0501
,CHECKPOINT BATCH 91645,11.0747,,,
,CHECKPOINT BATCH 91650,6.3913,,,
,CHECKPOINT BATCH 91655,9.5418,,,
,CHECKPOINT BATCH 91660,16.5077,,,
12:56:25,91661,5.1047,20.3505,5000,0.0501
,CHECKPOINT BATCH 91665,6.3378,,,
,CHECKPOINT BATCH 91670,7.6046,,,
,CHECKPOINT BATCH 91675,8.8702,,,
12:56:27,91679,7.0937,22.8010,5000,0.0501
,CHECKPOINT BATCH 91680,4.9571,,,
12:56:30,91681,7.8928,23.0990,5000,0.0501
,CHECKPOINT BATCH 91685,5.9993,,,
,CHECKPOINT BATCH 91690,8.0604,,,
,CHECKPOINT BATCH 91695,5.8066,,,
12:56:32,91699,13.5524,23.8860,5000,0.0501
,CHECKPOINT BATCH 91700,5.7281,,,
,CHECKPOINT BATCH 91705,8.7282,,,
,CHECKPOINT BATCH 91710,4.6287,,,
,CHECKPOINT BATCH 91715,8.9970,,,
12:56:34,91717,6.3992,23.2270,5000,0.0501
,CHECKPOINT BATCH 91720,6.4475,,,
,CHECKPOINT BATCH 91725,8.4998,,,
,CHECKPOINT BATCH 91730,5.9583,,,
,CHECKPOINT BATCH 91735,6.3942,,,
12:56:36,91736,5.3955,22.5080,5000,0.0501
,CHECKPOINT BATCH 91740,7.3972,,,
,CHECKPOINT BATCH 91745,6.0612,,,
,CHECKPOINT BATCH 91750,7.0629,,,
12:56:38,91755,11.9912,19.7750,5000,0.0501
,CHECKPOINT BATCH 91755,11.9912,,,
,CHECKPOINT BATCH 91760,5.7440,,,
,CHECKPOINT BATCH 91765,6.3775,,,
,CHECKPOINT BATCH 91770,5.5313,,,
12:56:40,91773,8.9243,17.6415,5000,0.0501
,CHECKPOINT BATCH 91775,6.5308,,,
,CHECKPOINT BATCH 91780,7.0943,,,
,CHECKPOINT BATCH 91785,7.2606,,,
,CHECKPOINT BATCH 91790,5.7776,,,
12:56:42,91792,9.3718,16.0265,5000,0.0501
12:56:45,91794,6.8299,16.5645,5000,0.0501
,CHECKPOINT BATCH 91795,6.3042,,,
,CHECKPOINT BATCH 91800,7.4767,,,
,CHECKPOINT BATCH 91805,8.4022,,,
,CHECKPOINT BATCH 91810,6.5585,,,
12:56:47,91813,5.2125,15.5330,5000,0.0501
,CHECKPOINT BATCH 91815,7.3367,,,
,CHECKPOINT BATCH 91820,6.5161,,,
,CHECKPOINT BATCH 91825,7.4586,,,
,CHECKPOINT BATCH 91830,8.7776,,,
12:56:49,91832,6.7190,17.0320,5000,0.0501
,CHECKPOINT BATCH 91835,7.3128,,,
,CHECKPOINT BATCH 91840,5.3922,,,
,CHECKPOINT BATCH 91845,7.8720,,,
,CHECKPOINT BATCH 91850,6.7461,,,
12:56:51,91851,5.3714,19.3080,5000,0.0501
,CHECKPOINT BATCH 91855,3.2100,,,
,CHECKPOINT BATCH 91860,6.6487,,,
,CHECKPOINT BATCH 91865,6.7628,,,
12:56:53,91869,5.7882,20.5555,5000,0.0501
,CHECKPOINT BATCH 91870,18.4526,,,
,CHECKPOINT BATCH 91875,9.8019,,,
,CHECKPOINT BATCH 91880,6.3110,,,
,CHECKPOINT BATCH 91885,5.6584,,,
12:56:55,91887,5.1571,20.5425,5000,0.0501
,CHECKPOINT BATCH 91890,8.5163,,,
12:56:58,91891,5.7505,21.8305,5000,0.0501
,CHECKPOINT BATCH 91895,8.2665,,,
,CHECKPOINT BATCH 91900,6.7952,,,
,CHECKPOINT BATCH 91905,7.6994,,,
12:57:00,91910,8.8525,22.6620,5000,0.0501
,CHECKPOINT BATCH 91910,8.8525,,,
,CHECKPOINT BATCH 91915,9.4167,,,
,CHECKPOINT BATCH 91920,9.6682,,,
,CHECKPOINT BATCH 91925,11.7952,,,
12:57:02,91929,6.6844,21.7320,5000,0.0501
,CHECKPOINT BATCH 91930,7.2530,,,
,CHECKPOINT BATCH 91935,14.7960,,,
,CHECKPOINT BATCH 91940,7.3627,,,
12:57:06,91945,10.0119,20.5195,5000,0.0501
,CHECKPOINT BATCH 91945,10.0119,,,
,CHECKPOINT BATCH 91950,5.3161,,,
,CHECKPOINT BATCH 91955,5.8729,,,
,CHECKPOINT BATCH 91960,5.9330,,,
12:57:08,91964,12.6418,19.7905,5000,0.0501
,CHECKPOINT BATCH 91965,6.4906,,,
,CHECKPOINT BATCH 91970,7.2853,,,
,CHECKPOINT BATCH 91975,9.4664,,,
,CHECKPOINT BATCH 91980,5.2579,,,
12:57:10,91983,9.2774,21.9415,5000,0.0501
,CHECKPOINT BATCH 91985,7.9852,,,
,CHECKPOINT BATCH 91990,7.2549,,,
,CHECKPOINT BATCH 91995,8.0390,,,
,CHECKPOINT BATCH 92000,6.3791,,,
12:57:12,92001,6.9244,22.1225,5000,0.0501
,CHECKPOINT BATCH 92005,6.2043,,,
,CHECKPOINT BATCH 92010,7.4674,,,
,CHECKPOINT BATCH 92015,9.1934,,,
12:57:14,92020,5.9903,19.8350,5000,0.0501
,CHECKPOINT BATCH 92020,5.9903,,,
,CHECKPOINT BATCH 92025,6.4874,,,
,CHECKPOINT BATCH 92030,10.3921,,,
,CHECKPOINT BATCH 92035,6.2023,,,
12:57:16,92039,6.8753,18.3085,5000,0.0501
,CHECKPOINT BATCH 92040,12.0827,,,
,CHECKPOINT BATCH 92045,11.5574,,,
,CHECKPOINT BATCH 92050,5.0986,,,
,CHECKPOINT BATCH 92055,6.3157,,,
12:57:21,92057,5.4379,19.4090,5000,0.0501
,CHECKPOINT BATCH 92060,4.7452,,,
,CHECKPOINT BATCH 92065,5.9686,,,
,CHECKPOINT BATCH 92070,5.8571,,,
12:57:23,92075,13.0998,18.4375,5000,0.0501
,CHECKPOINT BATCH 92075,13.0998,,,
,CHECKPOINT BATCH 92080,8.8658,,,
,CHECKPOINT BATCH 92085,9.5537,,,
,CHECKPOINT BATCH 92090,7.3970,,,
12:57:25,92094,9.5551,18.0025,5000,0.0501
,CHECKPOINT BATCH 92095,8.5225,,,
,CHECKPOINT BATCH 92100,7.6832,,,
,CHECKPOINT BATCH 92105,19.7778,,,
,CHECKPOINT BATCH 92110,9.6133,,,
12:57:27,92113,19.2233,17.9745,5000,0.0501
,CHECKPOINT BATCH 92115,6.4989,,,
,CHECKPOINT BATCH 92120,6.3734,,,
,CHECKPOINT BATCH 92125,5.4300,,,
,CHECKPOINT BATCH 92130,7.6871,,,
12:57:29,92132,8.1309,18.4380,5000,0.0501
,CHECKPOINT BATCH 92135,8.3772,,,
,CHECKPOINT BATCH 92140,7.3477,,,
,CHECKPOINT BATCH 92145,5.7355,,,
,CHECKPOINT BATCH 92150,10.2060,,,
12:57:31,92151,6.6203,19.6910,5000,0.0501
12:57:34,92153,6.9206,19.5400,5000,0.0501
,CHECKPOINT BATCH 92155,5.9795,,,
,CHECKPOINT BATCH 92160,6.1266,,,
,CHECKPOINT BATCH 92165,8.5335,,,
,CHECKPOINT BATCH 92170,7.1969,,,
12:57:36,92172,6.4280,16.2875,5000,0.0501
,CHECKPOINT BATCH 92175,17.2038,,,
,CHECKPOINT BATCH 92180,7.7280,,,
,CHECKPOINT BATCH 92185,6.5947,,,
,CHECKPOINT BATCH 92190,7.8214,,,
12:57:38,92191,5.8409,16.4655,5000,0.0501
,CHECKPOINT BATCH 92195,11.1348,,,
,CHECKPOINT BATCH 92200,6.9881,,,
,CHECKPOINT BATCH 92205,7.5651,,,
12:57:42,92206,7.1368,17.2255,5000,0.0501
,CHECKPOINT BATCH 92210,9.4940,,,
,CHECKPOINT BATCH 92215,6.4843,,,
,CHECKPOINT BATCH 92220,5.5604,,,
12:57:44,92224,7.2575,18.7285,5000,0.0501
,CHECKPOINT BATCH 92225,10.7393,,,
,CHECKPOINT BATCH 92230,7.1628,,,
,CHECKPOINT BATCH 92235,15.9773,,,
,CHECKPOINT BATCH 92240,5.0780,,,
12:57:46,92243,6.0897,20.6510,5000,0.0501
,CHECKPOINT BATCH 92245,5.5467,,,
,CHECKPOINT BATCH 92250,7.5922,,,
,CHECKPOINT BATCH 92255,10.1148,,,
12:57:50,92256,6.8081,21.5680,5000,0.0501
,CHECKPOINT BATCH 92260,8.4602,,,
,CHECKPOINT BATCH 92265,15.6771,,,
,CHECKPOINT BATCH 92270,10.8645,,,
12:57:52,92274,6.6634,20.4940,5000,0.0501
,CHECKPOINT BATCH 92275,7.9125,,,
,CHECKPOINT BATCH 92280,5.8832,,,
,CHECKPOINT BATCH 92285,6.1333,,,
,CHECKPOINT BATCH 92290,6.7007,,,
12:57:54,92293,9.2305,20.6200,5000,0.0501
,CHECKPOINT BATCH 92295,11.8327,,,
,CHECKPOINT BATCH 92300,6.7181,,,
,CHECKPOINT BATCH 92305,6.8090,,,
,CHECKPOINT BATCH 92310,9.9322,,,
12:57:56,92312,13.3703,20.3300,5000,0.0501
,CHECKPOINT BATCH 92315,4.8308,,,
,CHECKPOINT BATCH 92320,12.4686,,,
,CHECKPOINT BATCH 92325,7.0223,,,
,CHECKPOINT BATCH 92330,9.2695,,,
12:57:58,92331,10.6203,18.7130,5000,0.0501
,CHECKPOINT BATCH 92335,4.9105,,,
,CHECKPOINT BATCH 92340,5.5897,,,
,CHECKPOINT BATCH 92345,5.2806,,,
12:58:00,92350,7.4301,17.2250,5000,0.0501
,CHECKPOINT BATCH 92350,7.4301,,,
,CHECKPOINT BATCH 92355,6.8315,,,
,CHECKPOINT BATCH 92360,8.3803,,,
12:58:04,92364,6.0316,18.9165,5000,0.0501
,CHECKPOINT BATCH 92365,7.8676,,,
,CHECKPOINT BATCH 92370,8.1738,,,
,CHECKPOINT BATCH 92375,7.3274,,,
,CHECKPOINT BATCH 92380,7.8268,,,
12:58:06,92382,6.6361,19.9440,5000,0.0501
,CHECKPOINT BATCH 92385,7.1174,,,
12:58:09,92386,8.6915,19.4825,5000,0.0501
,CHECKPOINT BATCH 92390,8.8288,,,
,CHECKPOINT BATCH 92395,5.3474,,,
,CHECKPOINT BATCH 92400,4.1804,,,
12:58:11,92405,6.2776,16.7300,5000,0.0501
,CHECKPOINT BATCH 92405,6.2776,,,
,CHECKPOINT BATCH 92410,5.5042,,,
,CHECKPOINT BATCH 92415,13.3269,,,
,CHECKPOINT BATCH 92420,7.8764,,,
12:58:13,92424,8.1081,17.1390,5000,0.0501
,CHECKPOINT BATCH 92425,5.0258,,,
,CHECKPOINT BATCH 92430,5.9984,,,
,CHECKPOINT BATCH 92435,3.6510,,,
,CHECKPOINT BATCH 92440,4.9705,,,
12:58:15,92443,9.7703,18.3450,5000,0.0501
,CHECKPOINT BATCH 92445,8.5673,,,
,CHECKPOINT BATCH 92450,6.7641,,,
,CHECKPOINT BATCH 92455,16.9445,,,
,CHECKPOINT BATCH 92460,6.7874,,,
12:58:17,92462,4.2397,20.0400,5000,0.0501
,CHECKPOINT BATCH 92465,12.6724,,,
,CHECKPOINT BATCH 92470,6.0002,,,
,CHECKPOINT BATCH 92475,6.3196,,,
,CHECKPOINT BATCH 92480,5.7401,,,
12:58:19,92481,8.8260,18.1045,5000,0.0501
,CHECKPOINT BATCH 92485,9.2626,,,
12:58:22,92487,7.4016,17.9610,5000,0.0501
,CHECKPOINT BATCH 92490,7.1774,,,
,CHECKPOINT BATCH 92495,7.2810,,,
,CHECKPOINT BATCH 92500,9.0428,,,
,CHECKPOINT BATCH 92505,8.9770,,,
12:58:24,92506,6.6855,19.2180,5000,0.0501
,CHECKPOINT BATCH 92510,6.1597,,,
,CHECKPOINT BATCH 92515,5.8921,,,
,CHECKPOINT BATCH 92520,4.5661,,,
12:58:26,92524,8.0439,20.0090,5000,0.0501
,CHECKPOINT BATCH 92525,13.7917,,,
,CHECKPOINT BATCH 92530,6.4942,,,
,CHECKPOINT BATCH 92535,4.3811,,,
,CHECKPOINT BATCH 92540,5.8169,,,
12:58:28,92543,6.4354,19.2370,5000,0.0501
,CHECKPOINT BATCH 92545,3.9629,,,
,CHECKPOINT BATCH 92550,6.1191,,,
,CHECKPOINT BATCH 92555,4.9910,,,
,CHECKPOINT BATCH 92560,5.2706,,,
12:58:30,92562,6.1915,18.6425,5000,0.0501
,CHECKPOINT BATCH 92565,7.4464,,,
,CHECKPOINT BATCH 92570,10.7220,,,
,CHECKPOINT BATCH 92575,5.6042,,,
,CHECKPOINT BATCH 92580,5.6282,,,
12:58:32,92581,5.9492,19.4055,5000,0.0501
12:58:35,92584,14.5283,20.1035,5000,0.0501
,CHECKPOINT BATCH 92585,7.6582,,,
,CHECKPOINT BATCH 92590,5.8773,,,
,CHECKPOINT BATCH 92595,5.7345,,,
,CHECKPOINT BATCH 92600,5.8900,,,
12:58:37,92603,8.0595,21.0325,5000,0.0501
,CHECKPOINT BATCH 92605,6.4463,,,
,CHECKPOINT BATCH 92610,6.7543,,,
,CHECKPOINT BATCH 92615,6.9924,,,
,CHECKPOINT BATCH 92620,5.0283,,,
12:58:39,92622,6.9120,20.9385,5000,0.0501
,CHECKPOINT BATCH 92625,4.8750,,,
,CHECKPOINT BATCH 92630,15.1132,,,
,CHECKPOINT BATCH 92635,8.0728,,,
,CHECKPOINT BATCH 92640,6.4736,,,
12:58:41,92641,7.5656,22.6155,5000,0.0501
,CHECKPOINT BATCH 92645,5.8000,,,
,CHECKPOINT BATCH 92650,6.8091,,,
,CHECKPOINT BATCH 92655,7.2742,,,
12:58:43,92660,7.3334,20.9170,5000,0.0501
,CHECKPOINT BATCH 92660,7.3334,,,
,CHECKPOINT BATCH 92665,6.8606,,,
,CHECKPOINT BATCH 92670,5.4326,,,
,CHECKPOINT BATCH 92675,8.2855,,,
12:58:46,92679,7.4057,21.7745,5000,0.0501
12:58:48,92680,7.2452,21.4710,5000,0.0501
,CHECKPOINT BATCH 92680,7.2452,,,
,CHECKPOINT BATCH 92685,10.0224,,,
,CHECKPOINT BATCH 92690,7.7066,,,
,CHECKPOINT BATCH 92695,10.7971,,,
12:58:50,92699,8.9109,18.7580,5000,0.0501
,CHECKPOINT BATCH 92700,9.9199,,,
,CHECKPOINT BATCH 92705,6.5351,,,
,CHECKPOINT BATCH 92710,8.2489,,,
,CHECKPOINT BATCH 92715,5.8782,,,
12:58:52,92718,7.7756,18.7460,5000,0.0501
,CHECKPOINT BATCH 92720,9.2117,,,
,CHECKPOINT BATCH 92725,10.0631,,,
,CHECKPOINT BATCH 92730,6.1707,,,
,CHECKPOINT BATCH 92735,10.1594,,,
12:58:54,92737,6.5552,18.2690,5000,0.0501
,CHECKPOINT BATCH 92740,7.8406,,,
,CHECKPOINT BATCH 92745,8.3622,,,
,CHECKPOINT BATCH 92750,9.1128,,,
,CHECKPOINT BATCH 92755,5.3856,,,
12:58:56,92756,8.1898,17.3235,5000,0.0501
,CHECKPOINT BATCH 92760,7.0164,,,
,CHECKPOINT BATCH 92765,8.4318,,,
,CHECKPOINT BATCH 92770,8.7733,,,
12:58:58,92775,5.6335,17.0175,5000,0.0501
,CHECKPOINT BATCH 92775,5.6335,,,
,CHECKPOINT BATCH 92780,5.2091,,,
,CHECKPOINT BATCH 92785,11.1048,,,
,CHECKPOINT BATCH 92790,13.2702,,,
12:59:00,92794,11.2103,18.1955,5000,0.0501
,CHECKPOINT BATCH 92795,5.8763,,,
,CHECKPOINT BATCH 92800,5.5935,,,
12:59:04,92804,6.7151,18.1150,5000,0.0501
,CHECKPOINT BATCH 92805,7.4026,,,
,CHECKPOINT BATCH 92810,6.3874,,,
,CHECKPOINT BATCH 92815,9.2894,,,
,CHECKPOINT BATCH 92820,10.1144,,,
12:59:06,92822,8.1112,17.9025,5000,0.0501
,CHECKPOINT BATCH 92825,8.6274,,,
,CHECKPOINT BATCH 92830,7.8509,,,
,CHECKPOINT BATCH 92835,6.8139,,,
,CHECKPOINT BATCH 92840,6.4543,,,
12:59:08,92841,9.3384,17.9145,5000,0.0501
,CHECKPOINT BATCH 92845,11.5558,,,
,CHECKPOINT BATCH 92850,7.8068,,,
,CHECKPOINT BATCH 92855,6.5992,,,
12:59:10,92860,5.0341,18.9850,5000,0.0501
,CHECKPOINT BATCH 92860,5.0341,,,
,CHECKPOINT BATCH 92865,7.5111,,,
,CHECKPOINT BATCH 92870,6.7724,,,
,CHECKPOINT BATCH 92875,7.1060,,,
12:59:12,92879,5.5956,19.1205,5000,0.0501
,CHECKPOINT BATCH 92880,8.6574,,,
,CHECKPOINT BATCH 92885,9.8090,,,
,CHECKPOINT BATCH 92890,10.2252,,,
,CHECKPOINT BATCH 92895,9.0854,,,
12:59:14,92898,7.5639,20.1860,5000,0.0501
12:59:17,92900,6.6557,21.0305,5000,0.0501
,CHECKPOINT BATCH 92900,6.6557,,,
,CHECKPOINT BATCH 92905,5.8413,,,
,CHECKPOINT BATCH 92910,6.4262,,,
,CHECKPOINT BATCH 92915,7.9752,,,
12:59:19,92919,10.2056,19.4800,5000,0.0501
,CHECKPOINT BATCH 92920,7.6845,,,
,CHECKPOINT BATCH 92925,6.9304,,,
,CHECKPOINT BATCH 92930,7.7841,,,
,CHECKPOINT BATCH 92935,6.1750,,,
12:59:21,92938,7.1130,19.8260,5000,0.0501
,CHECKPOINT BATCH 92940,7.0611,,,
,CHECKPOINT BATCH 92945,5.6447,,,
,CHECKPOINT BATCH 92950,9.1851,,,
12:59:25,92953,8.1812,20.8750,5000,0.0501
,CHECKPOINT BATCH 92955,9.5145,,,
,CHECKPOINT BATCH 92960,7.6189,,,
,CHECKPOINT BATCH 92965,6.7937,,,
,CHECKPOINT BATCH 92970,6.9874,,,
12:59:27,92972,7.1595,21.8290,5000,0.0501
,CHECKPOINT BATCH 92975,5.5390,,,
,CHECKPOINT BATCH 92980,12.4474,,,
,CHECKPOINT BATCH 92985,8.4678,,,
,CHECKPOINT BATCH 92990,8.8071,,,
12:59:29,92991,7.4022,22.7000,5000,0.0501
,CHECKPOINT BATCH 92995,6.3029,,,
,CHECKPOINT BATCH 93000,6.7894,,,
,CHECKPOINT BATCH 93005,6.7301,,,
12:59:31,93010,5.8485,22.5985,5000,0.0501
,CHECKPOINT BATCH 93010,5.8485,,,
,CHECKPOINT BATCH 93015,6.0790,,,
,CHECKPOINT BATCH 93020,7.1929,,,
,CHECKPOINT BATCH 93025,6.9146,,,
12:59:33,93029,6.9908,20.2725,5000,0.0501
,CHECKPOINT BATCH 93030,8.2067,,,
,CHECKPOINT BATCH 93035,9.8340,,,
,CHECKPOINT BATCH 93040,8.0188,,,
,CHECKPOINT BATCH 93045,6.1279,,,
12:59:35,93048,6.3050,15.8545,5000,0.0501
,CHECKPOINT BATCH 93050,6.6041,,,
,CHECKPOINT BATCH 93055,11.0841,,,
,CHECKPOINT BATCH 93060,6.8126,,,
,CHECKPOINT BATCH 93065,7.1010,,,
12:59:37,93067,11.3972,15.8685,5000,0.0501
,CHECKPOINT BATCH 93070,11.7011,,,
,CHECKPOINT BATCH 93075,10.6905,,,
12:59:41,93079,18.2137,15.0190,5000,0.0501
,CHECKPOINT BATCH 93080,10.3268,,,
,CHECKPOINT BATCH 93085,9.5115,,,
,CHECKPOINT BATCH 93090,5.9998,,,
,CHECKPOINT BATCH 93095,10.0904,,,
12:59:43,93098,8.0724,13.5200,5000,0.0501
,CHECKPOINT BATCH 93100,9.0783,,,
,CHECKPOINT BATCH 93105,6.1755,,,
,CHECKPOINT BATCH 93110,7.6549,,,
,CHECKPOINT BATCH 93115,6.8473,,,
12:59:45,93117,16.5135,15.0480,5000,0.0501
,CHECKPOINT BATCH 93120,7.5028,,,
,CHECKPOINT BATCH 93125,18.0364,,,
,CHECKPOINT BATCH 93130,7.2325,,,
12:59:47,93135,9.1404,15.9605,5000,0.0501
,CHECKPOINT BATCH 93135,9.1404,,,
,CHECKPOINT BATCH 93140,7.1660,,,
,CHECKPOINT BATCH 93145,7.9753,,,
,CHECKPOINT BATCH 93150,13.1945,,,
12:59:49,93154,12.5029,17.1495,5000,0.0501
,CHECKPOINT BATCH 93155,5.5548,,,
,CHECKPOINT BATCH 93160,11.6165,,,
,CHECKPOINT BATCH 93165,9.1947,,,
,CHECKPOINT BATCH 93170,9.0300,,,
12:59:51,93173,8.7235,17.9060,5000,0.0501
,CHECKPOINT BATCH 93175,5.9743,,,
,CHECKPOINT BATCH 93180,8.3100,,,
,CHECKPOINT BATCH 93185,10.0775,,,
12:59:55,93187,7.1084,19.5605,5000,0.0501
,CHECKPOINT BATCH 93190,8.3885,,,
,CHECKPOINT BATCH 93195,6.9559,,,
,CHECKPOINT BATCH 93200,7.6569,,,
,CHECKPOINT BATCH 93205,7.5602,,,
12:59:57,93206,6.4621,16.8195,5000,0.0501
,CHECKPOINT BATCH 93210,8.5509,,,
,CHECKPOINT BATCH 93215,8.7525,,,
,CHECKPOINT BATCH 93220,5.0071,,,
12:59:59,93225,12.2921,17.1020,5000,0.0501
,CHECKPOINT BATCH 93225,12.2921,,,
,CHECKPOINT BATCH 93230,8.3205,,,
,CHECKPOINT BATCH 93235,6.3142,,,
,CHECKPOINT BATCH 93240,6.5780,,,
13:00:02,93244,5.7652,17.2560,5000,0.0501
,CHECKPOINT BATCH 93245,8.7577,,,
,CHECKPOINT BATCH 93250,5.8453,,,
,CHECKPOINT BATCH 93255,6.7970,,,
,CHECKPOINT BATCH 93260,10.1038,,,
13:00:04,93263,9.7323,16.7760,5000,0.0501
,CHECKPOINT BATCH 93265,8.1314,,,
,CHECKPOINT BATCH 93270,6.4522,,,
,CHECKPOINT BATCH 93275,6.5038,,,
,CHECKPOINT BATCH 93280,6.9516,,,
13:00:06,93281,5.0826,16.0225,5000,0.0501
,CHECKPOINT BATCH 93285,9.1238,,,
,CHECKPOINT BATCH 93290,6.4937,,,
,CHECKPOINT BATCH 93295,4.4878,,,
13:00:08,93300,6.9393,16.4365,5000,0.0501
,CHECKPOINT BATCH 93300,6.9393,,,
,CHECKPOINT BATCH 93305,10.5657,,,
,CHECKPOINT BATCH 93310,10.4300,,,
,CHECKPOINT BATCH 93315,10.2158,,,
13:00:12,93319,6.3049,15.6445,5000,0.0501
,CHECKPOINT BATCH 93320,5.1089,,,
,CHECKPOINT BATCH 93325,6.9451,,,
,CHECKPOINT BATCH 93330,13.0217,,,
,CHECKPOINT BATCH 93335,6.5789,,,
13:00:14,93338,8.0168,12.2705,5000,0.0501
,CHECKPOINT BATCH 93340,7.6910,,,
,CHECKPOINT BATCH 93345,9.6445,,,
,CHECKPOINT BATCH 93350,11.2350,,,
,CHECKPOINT BATCH 93355,6.0804,,,
13:00:16,93357,7.5410,14.1410,5000,0.0501
,CHECKPOINT BATCH 93360,9.0410,,,
,CHECKPOINT BATCH 93365,6.3833,,,
,CHECKPOINT BATCH 93370,8.4004,,,
,CHECKPOINT BATCH 93375,10.7992,,,
13:00:18,93376,6.9838,15.9255,5000,0.0501
,CHECKPOINT BATCH 93380,4.7656,,,
,CHECKPOINT BATCH 93385,8.3682,,,
,CHECKPOINT BATCH 93390,12.4687,,,
13:00:20,93395,5.7059,17.5590,5000,0.0501
,CHECKPOINT BATCH 93395,5.7059,,,
,CHECKPOINT BATCH 93400,5.7308,,,
,CHECKPOINT BATCH 93405,8.4548,,,
,CHECKPOINT BATCH 93410,9.9901,,,
13:00:23,93414,8.5427,17.2720,5000,0.0501
,CHECKPOINT BATCH 93415,5.3104,,,
,CHECKPOINT BATCH 93420,5.7762,,,
,CHECKPOINT BATCH 93425,7.5351,,,
,CHECKPOINT BATCH 93430,4.3567,,,
13:00:25,93433,4.0503,17.8200,5000,0.0501
,CHECKPOINT BATCH 93435,7.0533,,,
,CHECKPOINT BATCH 93440,6.0568,,,
,CHECKPOINT BATCH 93445,7.7317,,,
,CHECKPOINT BATCH 93450,7.2872,,,
13:00:27,93452,6.7666,14.2770,5000,0.0501
,CHECKPOINT BATCH 93455,9.1646,,,
13:00:30,93460,6.6895,12.4350,5000,0.0501
,CHECKPOINT BATCH 93460,6.6895,,,
,CHECKPOINT BATCH 93465,18.6762,,,
,CHECKPOINT BATCH 93470,7.9494,,,
,CHECKPOINT BATCH 93475,8.0369,,,
13:00:32,93479,9.3959,11.4230,5000,0.0501
,CHECKPOINT BATCH 93480,8.5510,,,
,CHECKPOINT BATCH 93485,10.5929,,,
,CHECKPOINT BATCH 93490,10.1051,,,
,CHECKPOINT BATCH 93495,6.5559,,,
13:00:34,93498,5.9524,12.3270,5000,0.0501
,CHECKPOINT BATCH 93500,8.1023,,,
,CHECKPOINT BATCH 93505,11.6235,,,
,CHECKPOINT BATCH 93510,8.7669,,,
,CHECKPOINT BATCH 93515,7.7170,,,
13:00:36,93517,6.7685,13.6315,5000,0.0501
,CHECKPOINT BATCH 93520,6.3929,,,
,CHECKPOINT BATCH 93525,6.9225,,,
,CHECKPOINT BATCH 93530,8.8285,,,
,CHECKPOINT BATCH 93535,4.7926,,,
13:00:38,93536,4.5391,15.4940,5000,0.0501
,CHECKPOINT BATCH 93540,6.1517,,,
,CHECKPOINT BATCH 93545,6.6683,,,
,CHECKPOINT BATCH 93550,4.6062,,,
13:00:42,93552,5.5740,18.1125,5000,0.0501
,CHECKPOINT BATCH 93555,5.4968,,,
,CHECKPOINT BATCH 93560,8.6637,,,
,CHECKPOINT BATCH 93565,6.8724,,,
,CHECKPOINT BATCH 93570,4.6033,,,
13:00:45,93571,9.0680,18.4085,5000,0.0501
,CHECKPOINT BATCH 93575,13.1324,,,
,CHECKPOINT BATCH 93580,5.2885,,,
,CHECKPOINT BATCH 93585,7.0253,,,
13:00:47,93590,10.3696,18.2655,5000,0.0501
,CHECKPOINT BATCH 93590,10.3696,,,
,CHECKPOINT BATCH 93595,5.7698,,,
,CHECKPOINT BATCH 93600,7.8285,,,
,CHECKPOINT BATCH 93605,12.4631,,,
13:00:49,93609,10.4438,19.0445,5000,0.0501
,CHECKPOINT BATCH 93610,6.5647,,,
,CHECKPOINT BATCH 93615,6.8838,,,
,CHECKPOINT BATCH 93620,7.7965,,,
,CHECKPOINT BATCH 93625,5.2631,,,
13:00:51,93628,4.0318,19.2015,5000,0.0501
,CHECKPOINT BATCH 93630,6.2764,,,
,CHECKPOINT BATCH 93635,6.3446,,,
,CHECKPOINT BATCH 93640,5.3070,,,
,CHECKPOINT BATCH 93645,18.4264,,,
13:00:53,93647,9.6488,20.3645,5000,0.0501
13:00:55,93648,8.0374,20.2110,5000,0.0501
,CHECKPOINT BATCH 93650,7.9057,,,
,CHECKPOINT BATCH 93655,7.8238,,,
,CHECKPOINT BATCH 93660,7.8177,,,
,CHECKPOINT BATCH 93665,7.5354,,,
13:00:57,93667,6.6937,20.8205,5000,0.0501
,CHECKPOINT BATCH 93670,8.7494,,,
,CHECKPOINT BATCH 93675,6.0082,,,
,CHECKPOINT BATCH 93680,6.2582,,,
,CHECKPOINT BATCH 93685,7.8857,,,
13:01:00,93686,5.8071,21.1305,5000,0.0501
,CHECKPOINT BATCH 93690,5.6979,,,
,CHECKPOINT BATCH 93695,7.9958,,,
,CHECKPOINT BATCH 93700,5.7818,,,
13:01:02,93705,5.1525,20.0425,5000,0.0501
,CHECKPOINT BATCH 93705,5.1525,,,
,CHECKPOINT BATCH 93710,5.7328,,,
,CHECKPOINT BATCH 93715,7.7957,,,
,CHECKPOINT BATCH 93720,6.3888,,,
13:01:04,93723,5.2304,20.5025,5000,0.0501
,CHECKPOINT BATCH 93725,6.9380,,,
,CHECKPOINT BATCH 93730,8.4183,,,
,CHECKPOINT BATCH 93735,4.7011,,,
,CHECKPOINT BATCH 93740,10.6085,,,
13:01:06,93742,6.0641,19.5435,5000,0.0501
,CHECKPOINT BATCH 93745,7.2328,,,
,CHECKPOINT BATCH 93750,8.1565,,,
13:01:09,93752,8.0606,20.0060,5000,0.0501
,CHECKPOINT BATCH 93755,8.4211,,,
,CHECKPOINT BATCH 93760,8.3776,,,
,CHECKPOINT BATCH 93765,13.7285,,,
,CHECKPOINT BATCH 93770,7.5580,,,
13:01:11,93771,4.5575,18.6170,5000,0.0501
,CHECKPOINT BATCH 93775,6.4542,,,
,CHECKPOINT BATCH 93780,7.3922,,,
,CHECKPOINT BATCH 93785,7.4935,,,
13:01:13,93790,8.3281,18.9190,5000,0.0501
,CHECKPOINT BATCH 93790,8.3281,,,
,CHECKPOINT BATCH 93795,8.8725,,,
,CHECKPOINT BATCH 93800,7.9304,,,
,CHECKPOINT BATCH 93805,7.7149,,,
13:01:15,93809,6.4110,19.2180,5000,0.0501
,CHECKPOINT BATCH 93810,7.2798,,,
,CHECKPOINT BATCH 93815,7.4899,,,
,CHECKPOINT BATCH 93820,7.5216,,,
,CHECKPOINT BATCH 93825,7.4095,,,
13:01:17,93828,7.0796,18.1665,5000,0.0501
,CHECKPOINT BATCH 93830,9.3091,,,
,CHECKPOINT BATCH 93835,5.5760,,,
,CHECKPOINT BATCH 93840,15.3364,,,
,CHECKPOINT BATCH 93845,4.9393,,,
13:01:20,93847,6.9310,18.5035,5000,0.0501
,CHECKPOINT BATCH 93850,7.7850,,,
,CHECKPOINT BATCH 93855,8.2733,,,
,CHECKPOINT BATCH 93860,6.4406,,,
13:01:24,93864,5.5182,20.0330,5000,0.0501
,CHECKPOINT BATCH 93865,8.8941,,,
,CHECKPOINT BATCH 93870,4.7006,,,
,CHECKPOINT BATCH 93875,6.1803,,,
,CHECKPOINT BATCH 93880,6.7767,,,
13:01:26,93883,9.0524,16.6610,5000,0.0501
,CHECKPOINT BATCH 93885,7.5995,,,
,CHECKPOINT BATCH 93890,6.7928,,,
,CHECKPOINT BATCH 93895,4.5516,,,
,CHECKPOINT BATCH 93900,7.4546,,,
13:01:28,93902,4.7548,16.8430,5000,0.0501
,CHECKPOINT BATCH 93905,7.8171,,,
,CHECKPOINT BATCH 93910,13.5236,,,
,CHECKPOINT BATCH 93915,9.2154,,,
,CHECKPOINT BATCH 93920,7.2084,,,
13:01:30,93921,15.1795,19.2925,5000,0.0501
,CHECKPOINT BATCH 93925,5.3605,,,
,CHECKPOINT BATCH 93930,10.3711,,,
,CHECKPOINT BATCH 93935,13.1163,,,
13:01:32,93940,7.1135,18.1780,5000,0.0501
,CHECKPOINT BATCH 93940,7.1135,,,
,CHECKPOINT BATCH 93945,5.4238,,,
,CHECKPOINT BATCH 93950,8.8118,,,
,CHECKPOINT BATCH 93955,7.1582,,,
13:01:34,93959,8.8718,17.8765,5000,0.0501
,CHECKPOINT BATCH 93960,3.7155,,,
,CHECKPOINT BATCH 93965,7.0636,,,
,CHECKPOINT BATCH 93970,7.3071,,,
,CHECKPOINT BATCH 93975,6.8865,,,
13:01:36,93978,9.3888,18.7330,5000,0.0501
,CHECKPOINT BATCH 93980,6.3388,,,
13:01:39,93981,10.9108,19.2715,5000,0.0501
,CHECKPOINT BATCH 93985,9.8601,,,
,CHECKPOINT BATCH 93990,6.4023,,,
,CHECKPOINT BATCH 93995,9.1719,,,
13:01:41,94000,7.1834,15.7380,5000,0.0501
,CHECKPOINT BATCH 94000,7.1834,,,
,CHECKPOINT BATCH 94005,6.3912,,,
,CHECKPOINT BATCH 94010,7.2034,,,
,CHECKPOINT BATCH 94015,7.3040,,,
13:01:43,94019,7.1873,15.5960,5000,0.0501
,CHECKPOINT BATCH 94020,7.0685,,,
,CHECKPOINT BATCH 94025,6.4739,,,
,CHECKPOINT BATCH 94030,9.3137,,,
,CHECKPOINT BATCH 94035,9.4441,,,
13:01:45,94037,8.7360,17.1310,5000,0.0501
,CHECKPOINT BATCH 94040,8.0477,,,
,CHECKPOINT BATCH 94045,5.7685,,,
,CHECKPOINT BATCH 94050,5.4036,,,
,CHECKPOINT BATCH 94055,9.1334,,,
13:01:47,94056,11.1534,18.9775,5000,0.0501
,CHECKPOINT BATCH 94060,11.3271,,,
,CHECKPOINT BATCH 94065,7.1238,,,
,CHECKPOINT BATCH 94070,9.0064,,,
13:01:52,94075,7.2387,21.2035,5000,0.0501
,CHECKPOINT BATCH 94075,7.2387,,,
,CHECKPOINT BATCH 94080,6.8467,,,
,CHECKPOINT BATCH 94085,7.4001,,,
,CHECKPOINT BATCH 94090,9.5183,,,
13:01:54,94094,7.7799,21.1250,5000,0.0501
,CHECKPOINT BATCH 94095,5.7448,,,
,CHECKPOINT BATCH 94100,4.9125,,,
,CHECKPOINT BATCH 94105,7.3592,,,
,CHECKPOINT BATCH 94110,7.6548,,,
13:01:56,94113,7.0544,21.2960,5000,0.0501
,CHECKPOINT BATCH 94115,8.7069,,,
13:01:59,94120,6.8940,20.8400,5000,0.0501
,CHECKPOINT BATCH 94120,6.8940,,,
,CHECKPOINT BATCH 94125,10.3178,,,
,CHECKPOINT BATCH 94130,7.1469,,,
,CHECKPOINT BATCH 94135,9.1156,,,
13:02:01,94139,4.4101,21.5745,5000,0.0501
,CHECKPOINT BATCH 94140,8.4701,,,
,CHECKPOINT BATCH 94145,6.6270,,,
,CHECKPOINT BATCH 94150,6.3773,,,
,CHECKPOINT BATCH 94155,7.3231,,,
13:02:03,94158,5.4229,22.4595,5000,0.0501
,CHECKPOINT BATCH 94160,5.2795,,,
,CHECKPOINT BATCH 94165,6.5962,,,
13:02:06,94167,6.4670,21.3685,5000,0.0501
,CHECKPOINT BATCH 94170,10.9691,,,
,CHECKPOINT BATCH 94175,5.9091,,,
,CHECKPOINT BATCH 94180,10.8180,,,
13:02:08,94185,7.1588,19.9000,5000,0.0501
,CHECKPOINT BATCH 94185,7.1588,,,
,CHECKPOINT BATCH 94190,9.5855,,,
,CHECKPOINT BATCH 94195,7.4178,,,
,CHECKPOINT BATCH 94200,6.3959,,,
13:02:10,94204,6.5662,20.6810,5000,0.0501
,CHECKPOINT BATCH 94205,9.0315,,,
,CHECKPOINT BATCH 94210,10.3228,,,
,CHECKPOINT BATCH 94215,7.1366,,,
,CHECKPOINT BATCH 94220,8.0968,,,
13:02:13,94223,6.5071,21.6115,5000,0.0501
,CHECKPOINT BATCH 94225,10.3437,,,
,CHECKPOINT BATCH 94230,7.9410,,,
,CHECKPOINT BATCH 94235,9.8003,,,
,CHECKPOINT BATCH 94240,8.8060,,,
13:02:15,94242,7.9955,21.0235,5000,0.0501
,CHECKPOINT BATCH 94245,9.2682,,,
,CHECKPOINT BATCH 94250,7.9007,,,
,CHECKPOINT BATCH 94255,7.9451,,,
13:02:19,94260,8.5271,19.0670,5000,0.0501
,CHECKPOINT BATCH 94260,8.5271,,,
,CHECKPOINT BATCH 94265,5.5363,,,
,CHECKPOINT BATCH 94270,7.5179,,,
,CHECKPOINT BATCH 94275,6.2548,,,
13:02:21,94279,7.1386,19.5350,5000,0.0501
,CHECKPOINT BATCH 94280,6.5881,,,
,CHECKPOINT BATCH 94285,7.3160,,,
,CHECKPOINT BATCH 94290,10.1158,,,
,CHECKPOINT BATCH 94295,9.5840,,,
13:02:23,94298,9.2638,19.6495,5000,0.0501
,CHECKPOINT BATCH 94300,6.7890,,,
,CHECKPOINT BATCH 94305,7.9146,,,
,CHECKPOINT BATCH 94310,6.5359,,,
,CHECKPOINT BATCH 94315,5.5589,,,
13:02:25,94317,18.5000,19.3175,5000,0.0501
,CHECKPOINT BATCH 94320,15.4025,,,
,CHECKPOINT BATCH 94325,6.7060,,,
,CHECKPOINT BATCH 94330,6.4562,,,
,CHECKPOINT BATCH 94335,10.2144,,,
13:02:27,94336,7.2742,19.3335,5000,0.0501
,CHECKPOINT BATCH 94340,6.2838,,,
,CHECKPOINT BATCH 94345,5.4997,,,
13:02:31,94347,6.6856,19.7515,5000,0.0501
,CHECKPOINT BATCH 94350,7.8183,,,
,CHECKPOINT BATCH 94355,5.3996,,,
,CHECKPOINT BATCH 94360,6.8248,,,
,CHECKPOINT BATCH 94365,7.6205,,,
13:02:33,94366,14.6569,22.3460,5000,0.0501
,CHECKPOINT BATCH 94370,5.7006,,,
,CHECKPOINT BATCH 94375,8.3128,,,
,CHECKPOINT BATCH 94380,5.6405,,,
13:02:35,94385,7.5061,24.0700,5000,0.0501
,CHECKPOINT BATCH 94385,7.5061,,,
,CHECKPOINT BATCH 94390,5.8043,,,
,CHECKPOINT BATCH 94395,7.0722,,,
,CHECKPOINT BATCH 94400,9.4621,,,
13:02:37,94404,6.6901,24.6740,5000,0.0501
,CHECKPOINT BATCH 94405,9.2552,,,
,CHECKPOINT BATCH 94410,10.9632,,,
,CHECKPOINT BATCH 94415,5.8533,,,
,CHECKPOINT BATCH 94420,7.0711,,,
13:02:39,94423,5.9747,23.7540,5000,0.0501
,CHECKPOINT BATCH 94425,6.9921,,,
13:02:42,94426,7.4610,24.1390,5000,0.0501
,CHECKPOINT BATCH 94430,5.3384,,,
,CHECKPOINT BATCH 94435,13.9753,,,
,CHECKPOINT BATCH 94440,5.8404,,,
13:02:44,94445,8.7861,23.4175,5000,0.0501
,CHECKPOINT BATCH 94445,8.7861,,,
,CHECKPOINT BATCH 94450,5.4431,,,
,CHECKPOINT BATCH 94455,7.1280,,,
,CHECKPOINT BATCH 94460,7.6332,,,
13:02:46,94464,5.3286,23.9295,5000,0.0501
,CHECKPOINT BATCH 94465,6.6761,,,
,CHECKPOINT BATCH 94470,6.4197,,,
,CHECKPOINT BATCH 94475,9.4580,,,
,CHECKPOINT BATCH 94480,5.2753,,,
13:02:48,94482,16.7355,24.9835,5000,0.0501
,CHECKPOINT BATCH 94485,8.7507,,,
,CHECKPOINT BATCH 94490,15.0440,,,
,CHECKPOINT BATCH 94495,7.8123,,,
,CHECKPOINT BATCH 94500,7.8400,,,
13:02:50,94501,5.4518,24.3375,5000,0.0501
,CHECKPOINT BATCH 94505,4.6466,,,
13:02:53,94510,6.5933,24.2765,5000,0.0501
,CHECKPOINT BATCH 94510,6.5933,,,
,CHECKPOINT BATCH 94515,6.0498,,,
,CHECKPOINT BATCH 94520,4.4802,,,
,CHECKPOINT BATCH 94525,6.5014,,,
13:02:55,94529,8.8111,21.1425,5000,0.0501
,CHECKPOINT BATCH 94530,6.7017,,,
,CHECKPOINT BATCH 94535,7.0911,,,
,CHECKPOINT BATCH 94540,6.3902,,,
,CHECKPOINT BATCH 94545,6.6244,,,
13:02:57,94548,6.1266,21.8650,5000,0.0501
,CHECKPOINT BATCH 94550,6.4673,,,
,CHECKPOINT BATCH 94555,8.8084,,,
,CHECKPOINT BATCH 94560,6.1485,,,
,CHECKPOINT BATCH 94565,7.6569,,,
13:03:00,94567,13.3337,22.4330,5000,0.0501
,CHECKPOINT BATCH 94570,6.1206,,,
,CHECKPOINT BATCH 94575,5.6903,,,
,CHECKPOINT BATCH 94580,7.8503,,,
,CHECKPOINT BATCH 94585,5.1672,,,
13:03:02,94586,12.6492,22.2800,5000,0.0501
,CHECKPOINT BATCH 94590,6.6296,,,
13:03:04,94591,6.9827,21.8165,5000,0.0501
,CHECKPOINT BATCH 94595,6.9580,,,
,CHECKPOINT BATCH 94600,6.1537,,,
,CHECKPOINT BATCH 94605,8.9170,,,
13:03:07,94610,5.6948,18.3595,5000,0.0501
,CHECKPOINT BATCH 94610,5.6948,,,
,CHECKPOINT BATCH 94615,7.4945,,,
,CHECKPOINT BATCH 94620,6.6008,,,
,CHECKPOINT BATCH 94625,13.0479,,,
13:03:09,94628,6.1995,22.2045,5000,0.0501
,CHECKPOINT BATCH 94630,11.3623,,,
,CHECKPOINT BATCH 94635,8.1033,,,
,CHECKPOINT BATCH 94640,7.7309,,,
,CHECKPOINT BATCH 94645,6.2135,,,
13:03:11,94647,8.4272,22.9815,5000,0.0501
,CHECKPOINT BATCH 94650,6.6686,,,
,CHECKPOINT BATCH 94655,7.1193,,,
,CHECKPOINT BATCH 94660,6.6922,,,
,CHECKPOINT BATCH 94665,10.1422,,,
13:03:13,94666,3.5070,21.6125,5000,0.0501
,CHECKPOINT BATCH 94670,9.7258,,,
,CHECKPOINT BATCH 94675,6.6938,,,
,CHECKPOINT BATCH 94680,5.5710,,,
13:03:17,94681,6.7023,19.3150,5000,0.0501
,CHECKPOINT BATCH 94685,5.1787,,,
,CHECKPOINT BATCH 94690,8.1908,,,
,CHECKPOINT BATCH 94695,9.0770,,,
13:03:19,94700,8.7635,18.5775,5000,0.0501
,CHECKPOINT BATCH 94700,8.7635,,,
,CHECKPOINT BATCH 94705,9.5833,,,
,CHECKPOINT BATCH 94710,7.9350,,,
,CHECKPOINT BATCH 94715,5.6703,,,
13:03:21,94719,10.5391,20.8430,5000,0.0501
,CHECKPOINT BATCH 94720,8.5602,,,
,CHECKPOINT BATCH 94725,8.0318,,,
,CHECKPOINT BATCH 94730,11.0116,,,
,CHECKPOINT BATCH 94735,8.5016,,,
13:03:23,94738,6.6639,20.2130,5000,0.0501
,CHECKPOINT BATCH 94740,8.1022,,,
,CHECKPOINT BATCH 94745,8.9692,,,
,CHECKPOINT BATCH 94750,17.0996,,,
,CHECKPOINT BATCH 94755,7.6063,,,
13:03:25,94757,9.9322,19.2000,5000,0.0501
,CHECKPOINT BATCH 94760,7.8612,,,
,CHECKPOINT BATCH 94765,6.4217,,,
,CHECKPOINT BATCH 94770,7.2507,,,
,CHECKPOINT BATCH 94775,6.9603,,,
13:03:27,94776,7.4385,19.0780,5000,0.0501
,CHECKPOINT BATCH 94780,7.0422,,,
13:03:30,94781,4.9449,20.0955,5000,0.0501
,CHECKPOINT BATCH 94785,9.0567,,,
,CHECKPOINT BATCH 94790,6.3020,,,
,CHECKPOINT BATCH 94795,7.4071,,,
13:03:32,94800,6.7211,22.5565,5000,0.0501
,CHECKPOINT BATCH 94800,6.7211,,,
,CHECKPOINT BATCH 94805,9.9791,,,
,CHECKPOINT BATCH 94810,8.0067,,,
,CHECKPOINT BATCH 94815,9.1563,,,
13:03:34,94819,10.1392,22.2765,5000,0.0501
,CHECKPOINT BATCH 94820,9.0862,,,
,CHECKPOINT BATCH 94825,5.6950,,,
,CHECKPOINT BATCH 94830,7.4274,,,
,CHECKPOINT BATCH 94835,7.3182,,,
13:03:36,94838,7.0069,22.2425,5000,0.0501
,CHECKPOINT BATCH 94840,8.3819,,,
,CHECKPOINT BATCH 94845,7.5001,,,
,CHECKPOINT BATCH 94850,9.3515,,,
,CHECKPOINT BATCH 94855,11.6257,,,
13:03:38,94857,10.4901,20.7090,5000,0.0501
,CHECKPOINT BATCH 94860,5.7442,,,
,CHECKPOINT BATCH 94865,4.9419,,,
,CHECKPOINT BATCH 94870,5.7786,,,
,CHECKPOINT BATCH 94875,8.6765,,,
13:03:43,94876,6.9542,20.3860,5000,0.0501
,CHECKPOINT BATCH 94880,6.1251,,,
,CHECKPOINT BATCH 94885,6.5890,,,
,CHECKPOINT BATCH 94890,8.8386,,,
13:03:45,94895,6.7929,20.3040,5000,0.0501
,CHECKPOINT BATCH 94895,6.7929,,,
,CHECKPOINT BATCH 94900,11.1101,,,
,CHECKPOINT BATCH 94905,6.6369,,,
13:03:49,94908,6.4454,19.5400,5000,0.0501
,CHECKPOINT BATCH 94910,7.7319,,,
,CHECKPOINT BATCH 94915,5.1157,,,
,CHECKPOINT BATCH 94920,6.3468,,,
,CHECKPOINT BATCH 94925,6.5820,,,
13:03:51,94927,8.3826,17.9065,5000,0.0501
,CHECKPOINT BATCH 94930,6.2600,,,
,CHECKPOINT BATCH 94935,6.4000,,,
,CHECKPOINT BATCH 94940,5.3544,,,
,CHECKPOINT BATCH 94945,7.8055,,,
13:03:53,94946,7.0826,19.2665,5000,0.0501
,CHECKPOINT BATCH 94950,11.2762,,,
,CHECKPOINT BATCH 94955,6.8027,,,
,CHECKPOINT BATCH 94960,4.8135,,,
13:03:55,94965,6.6900,21.6490,5000,0.0501
,CHECKPOINT BATCH 94965,6.6900,,,
,CHECKPOINT BATCH 94970,7.2459,,,
,CHECKPOINT BATCH 94975,5.9871,,,
,CHECKPOINT BATCH 94980,7.7688,,,
13:03:59,94981,6.5435,22.8765,5000,0.0501
,CHECKPOINT BATCH 94985,5.9728,,,
,CHECKPOINT BATCH 94990,7.5662,,,
,CHECKPOINT BATCH 94995,6.4476,,,
13:04:01,95000,8.4597,22.5405,5000,0.0501
,CHECKPOINT BATCH 95000,8.4597,,,
,CHECKPOINT BATCH 95005,5.5898,,,
,CHECKPOINT BATCH 95010,6.3867,,,
,CHECKPOINT BATCH 95015,7.5864,,,
13:04:03,95019,8.3712,23.7440,5000,0.0501
,CHECKPOINT BATCH 95020,9.2312,,,
,CHECKPOINT BATCH 95025,7.0118,,,
,CHECKPOINT BATCH 95030,5.9779,,,
,CHECKPOINT BATCH 95035,5.9715,,,
13:04:05,95038,11.1275,22.1970,5000,0.0501
,CHECKPOINT BATCH 95040,7.4883,,,
,CHECKPOINT BATCH 95045,5.7953,,,
,CHECKPOINT BATCH 95050,8.0626,,,
,CHECKPOINT BATCH 95055,7.9576,,,
13:04:07,95057,7.8234,19.8155,5000,0.0501
,CHECKPOINT BATCH 95060,5.9529,,,
,CHECKPOINT BATCH 95065,8.1885,,,
,CHECKPOINT BATCH 95070,12.1959,,,
13:04:09,95075,6.8563,17.8265,5000,0.0501
,CHECKPOINT BATCH 95075,6.8563,,,
,CHECKPOINT BATCH 95080,5.5646,,,
,CHECKPOINT BATCH 95085,11.9282,,,
,CHECKPOINT BATCH 95090,5.4075,,,
13:04:11,95094,6.2334,15.6000,5000,0.0501
,CHECKPOINT BATCH 95095,7.0985,,,
,CHECKPOINT BATCH 95100,6.0755,,,
,CHECKPOINT BATCH 95105,5.0273,,,
13:04:15,95110,7.4905,13.0630,5000,0.0501
,CHECKPOINT BATCH 95110,7.4905,,,
,CHECKPOINT BATCH 95115,6.5799,,,
,CHECKPOINT BATCH 95120,5.9992,,,
,CHECKPOINT BATCH 95125,6.8160,,,
13:04:17,95129,10.5372,11.4090,5000,0.0501
,CHECKPOINT BATCH 95130,8.6825,,,
,CHECKPOINT BATCH 95135,7.4499,,,
,CHECKPOINT BATCH 95140,13.3691,,,
,CHECKPOINT BATCH 95145,8.3126,,,
13:04:20,95148,6.2434,13.0640,5000,0.0501
,CHECKPOINT BATCH 95150,6.9828,,,
,CHECKPOINT BATCH 95155,7.2123,,,
,CHECKPOINT BATCH 95160,6.0029,,,
,CHECKPOINT BATCH 95165,9.3161,,,
13:04:22,95167,6.7750,14.8630,5000,0.0501
,CHECKPOINT BATCH 95170,8.6284,,,
,CHECKPOINT BATCH 95175,6.5740,,,
,CHECKPOINT BATCH 95180,7.1524,,,
,CHECKPOINT BATCH 95185,5.3488,,,
13:04:24,95186,5.6044,16.3635,5000,0.0501
,CHECKPOINT BATCH 95190,4.6458,,,
,CHECKPOINT BATCH 95195,17.8114,,,
,CHECKPOINT BATCH 95200,7.0351,,,
13:04:26,95205,4.7608,18.2335,5000,0.0501
,CHECKPOINT BATCH 95205,4.7608,,,
,CHECKPOINT BATCH 95210,5.3703,,,
,CHECKPOINT BATCH 95215,14.1371,,,
,CHECKPOINT BATCH 95220,7.5500,,,
13:04:28,95224,9.2769,18.1540,5000,0.0501
,CHECKPOINT BATCH 95225,6.1064,,,
,CHECKPOINT BATCH 95230,8.0111,,,
,CHECKPOINT BATCH 95235,9.6290,,,
,CHECKPOINT BATCH 95240,8.3859,,,
13:04:32,95242,7.9303,14.9115,5000,0.0501
,CHECKPOINT BATCH 95245,6.2322,,,
,CHECKPOINT BATCH 95250,10.7528,,,
,CHECKPOINT BATCH 95255,7.0892,,,
,CHECKPOINT BATCH 95260,6.5870,,,
13:04:34,95261,4.6545,11.8415,5000,0.0501
,CHECKPOINT BATCH 95265,9.7272,,,
,CHECKPOINT BATCH 95270,6.4443,,,
,CHECKPOINT BATCH 95275,8.0254,,,
13:04:36,95280,6.5901,13.2295,5000,0.0501
,CHECKPOINT BATCH 95280,6.5901,,,
,CHECKPOINT BATCH 95285,4.0087,,,
,CHECKPOINT BATCH 95290,5.4071,,,
,CHECKPOINT BATCH 95295,4.8661,,,
13:04:38,95299,9.5088,16.0720,5000,0.0501
,CHECKPOINT BATCH 95300,8.4060,,,
,CHECKPOINT BATCH 95305,7.7095,,,
,CHECKPOINT BATCH 95310,7.4083,,,
,CHECKPOINT BATCH 95315,5.4274,,,
13:04:41,95318,5.5194,17.8810,5000,0.0501
,CHECKPOINT BATCH 95320,7.2588,,,
,CHECKPOINT BATCH 95325,6.1528,,,
,CHECKPOINT BATCH 95330,7.9149,,,
,CHECKPOINT BATCH 95335,5.1919,,,
13:04:45,95337,6.0890,21.4400,5000,0.0501
,CHECKPOINT BATCH 95340,4.2011,,,
,CHECKPOINT BATCH 95345,7.3189,,,
,CHECKPOINT BATCH 95350,5.5185,,,
,CHECKPOINT BATCH 95355,5.7471,,,
13:04:47,95356,7.5185,24.8940,5000,0.0501
,CHECKPOINT BATCH 95360,7.9727,,,
,CHECKPOINT BATCH 95365,10.3588,,,
,CHECKPOINT BATCH 95370,9.4241,,,
13:04:49,95375,5.4001,25.0720,5000,0.0501
,CHECKPOINT BATCH 95375,5.4001,,,
,CHECKPOINT BATCH 95380,6.4693,,,
,CHECKPOINT BATCH 95385,5.8786,,,
,CHECKPOINT BATCH 95390,6.2363,,,
13:04:51,95394,5.1835,23.1230,5000,0.0501
,CHECKPOINT BATCH 95395,7.3584,,,
,CHECKPOINT BATCH 95400,6.4323,,,
,CHECKPOINT BATCH 95405,8.5041,,,
,CHECKPOINT BATCH 95410,7.9858,,,
13:04:53,95413,5.3010,21.3125,5000,0.0501
13:04:56,95414,6.3290,21.1635,5000,0.0501
,CHECKPOINT BATCH 95415,8.3034,,,
,CHECKPOINT BATCH 95420,6.4301,,,
,CHECKPOINT BATCH 95425,5.7545,,,
,CHECKPOINT BATCH 95430,6.6894,,,
13:04:58,95433,7.3645,21.8120,5000,0.0501
,CHECKPOINT BATCH 95435,5.3410,,,
,CHECKPOINT BATCH 95440,5.9331,,,
,CHECKPOINT BATCH 95445,5.8421,,,
,CHECKPOINT BATCH 95450,9.2496,,,
13:05:00,95452,5.3293,20.7930,5000,0.0501
,CHECKPOINT BATCH 95455,10.0081,,,
,CHECKPOINT BATCH 95460,7.4684,,,
,CHECKPOINT BATCH 95465,6.7732,,,
,CHECKPOINT BATCH 95470,6.7150,,,
13:05:02,95471,8.3734,21.0580,5000,0.0501
,CHECKPOINT BATCH 95475,8.5467,,,
,CHECKPOINT BATCH 95480,6.2657,,,
,CHECKPOINT BATCH 95485,8.8560,,,
13:05:04,95490,7.5640,20.4155,5000,0.0501
,CHECKPOINT BATCH 95490,7.5640,,,
,CHECKPOINT BATCH 95495,6.1769,,,
,CHECKPOINT BATCH 95500,6.0941,,,
,CHECKPOINT BATCH 95505,4.3567,,,
13:05:08,95506,5.6296,20.9490,5000,0.0501
,CHECKPOINT BATCH 95510,6.7421,,,
,CHECKPOINT BATCH 95515,7.8258,,,
,CHECKPOINT BATCH 95520,8.4814,,,
13:05:10,95524,7.7080,22.3320,5000,0.0501
,CHECKPOINT BATCH 95525,7.5803,,,
,CHECKPOINT BATCH 95530,7.4753,,,
,CHECKPOINT BATCH 95535,4.5085,,,
,CHECKPOINT BATCH 95540,5.3626,,,
13:05:12,95543,12.0730,22.0200,5000,0.0501
,CHECKPOINT BATCH 95545,5.9080,,,
,CHECKPOINT BATCH 95550,7.2382,,,
,CHECKPOINT BATCH 95555,8.5948,,,
,CHECKPOINT BATCH 95560,9.5920,,,
13:05:14,95562,6.9210,20.6580,5000,0.0501
,CHECKPOINT BATCH 95565,5.3289,,,
,CHECKPOINT BATCH 95570,6.2784,,,
,CHECKPOINT BATCH 95575,3.8920,,,
13:05:16,95580,9.5127,19.2750,5000,0.0501
,CHECKPOINT BATCH 95580,9.5127,,,
,CHECKPOINT BATCH 95585,6.7932,,,
,CHECKPOINT BATCH 95590,4.4944,,,
,CHECKPOINT BATCH 95595,6.3715,,,
13:05:20,95596,5.0094,19.7230,5000,0.0501
,CHECKPOINT BATCH 95600,5.4503,,,
,CHECKPOINT BATCH 95605,5.9568,,,
,CHECKPOINT BATCH 95610,5.8076,,,
13:05:23,95615,7.1704,20.8055,5000,0.0501
,CHECKPOINT BATCH 95615,7.1704,,,
,CHECKPOINT BATCH 95620,20.7205,,,
,CHECKPOINT BATCH 95625,6.0224,,,
,CHECKPOINT BATCH 95630,8.0270,,,
13:05:25,95634,6.4338,20.4675,5000,0.0501
13:05:27,95635,6.3763,20.7675,5000,0.0501
,CHECKPOINT BATCH 95635,6.3763,,,
,CHECKPOINT BATCH 95640,8.6108,,,
,CHECKPOINT BATCH 95645,7.5914,,,
,CHECKPOINT BATCH 95650,12.1267,,,
13:05:29,95654,8.9799,20.3240,5000,0.0501
,CHECKPOINT BATCH 95655,8.3677,,,
13:05:32,95659,14.5486,20.1530,5000,0.0501
,CHECKPOINT BATCH 95660,5.4128,,,
,CHECKPOINT BATCH 95665,6.8015,,,
,CHECKPOINT BATCH 95670,7.9657,,,
,CHECKPOINT BATCH 95675,7.6598,,,
13:05:34,95677,8.5938,20.0365,5000,0.0501
,CHECKPOINT BATCH 95680,8.0113,,,
,CHECKPOINT BATCH 95685,7.0312,,,
,CHECKPOINT BATCH 95690,8.7691,,,
,CHECKPOINT BATCH 95695,5.9096,,,
13:05:36,95696,7.9373,21.2765,5000,0.0501
,CHECKPOINT BATCH 95700,8.0288,,,
,CHECKPOINT BATCH 95705,9.2625,,,
,CHECKPOINT BATCH 95710,6.4037,,,
13:05:38,95715,6.6235,21.6150,5000,0.0501
,CHECKPOINT BATCH 95715,6.6235,,,
,CHECKPOINT BATCH 95720,4.4863,,,
,CHECKPOINT BATCH 95725,11.3230,,,
,CHECKPOINT BATCH 95730,9.8099,,,
13:05:40,95734,5.4167,20.2430,5000,0.0501
,CHECKPOINT BATCH 95735,10.6603,,,
,CHECKPOINT BATCH 95740,5.2697,,,
,CHECKPOINT BATCH 95745,8.4765,,,
,CHECKPOINT BATCH 95750,5.4345,,,
13:05:42,95753,6.7425,19.3345,5000,0.0501
,CHECKPOINT BATCH 95755,9.4637,,,
13:05:45,95757,6.7440,20.6335,5000,0.0501
,CHECKPOINT BATCH 95760,5.9678,,,
,CHECKPOINT BATCH 95765,11.6262,,,
,CHECKPOINT BATCH 95770,9.3322,,,
,CHECKPOINT BATCH 95775,6.8240,,,
13:05:47,95776,8.1207,22.6040,5000,0.0501
,CHECKPOINT BATCH 95780,5.9948,,,
,CHECKPOINT BATCH 95785,5.8525,,,
,CHECKPOINT BATCH 95790,6.7657,,,
13:05:49,95795,6.7376,22.4570,5000,0.0501
,CHECKPOINT BATCH 95795,6.7376,,,
,CHECKPOINT BATCH 95800,7.1788,,,
,CHECKPOINT BATCH 95805,7.9913,,,
,CHECKPOINT BATCH 95810,14.0627,,,
13:05:51,95814,3.9998,20.4440,5000,0.0501
,CHECKPOINT BATCH 95815,7.8206,,,
,CHECKPOINT BATCH 95820,5.2596,,,
,CHECKPOINT BATCH 95825,6.5823,,,
,CHECKPOINT BATCH 95830,7.1408,,,
13:05:53,95833,8.1249,20.1570,5000,0.0501
,CHECKPOINT BATCH 95835,5.8666,,,
,CHECKPOINT BATCH 95840,6.4188,,,
,CHECKPOINT BATCH 95845,7.4223,,,
,CHECKPOINT BATCH 95850,11.8375,,,
13:05:56,95852,5.0555,20.0100,5000,0.0501
,CHECKPOINT BATCH 95855,5.9412,,,
13:05:58,95857,8.8660,19.8670,5000,0.0501
,CHECKPOINT BATCH 95860,5.9957,,,
,CHECKPOINT BATCH 95865,13.7290,,,
,CHECKPOINT BATCH 95870,3.7939,,,
,CHECKPOINT BATCH 95875,6.8789,,,
13:06:01,95876,7.8316,20.8000,5000,0.0501
,CHECKPOINT BATCH 95880,8.0733,,,
,CHECKPOINT BATCH 95885,6.1058,,,
,CHECKPOINT BATCH 95890,9.4627,,,
13:06:03,95895,7.4531,21.5620,5000,0.0501
,CHECKPOINT BATCH 95895,7.4531,,,
,CHECKPOINT BATCH 95900,6.5031,,,
,CHECKPOINT BATCH 95905,8.4237,,,
,CHECKPOINT BATCH 95910,12.5444,,,
13:06:05,95914,5.6852,24.3120,5000,0.0501
,CHECKPOINT BATCH 95915,7.7950,,,
,CHECKPOINT BATCH 95920,8.0496,,,
,CHECKPOINT BATCH 95925,6.3953,,,
13:06:08,95927,8.8245,26.1040,5000,0.0501
,CHECKPOINT BATCH 95930,10.0303,,,
,CHECKPOINT BATCH 95935,8.0819,,,
,CHECKPOINT BATCH 95940,7.0729,,,
,CHECKPOINT BATCH 95945,7.6860,,,
13:06:11,95946,7.1675,26.8445,5000,0.0501
,CHECKPOINT BATCH 95950,7.3380,,,
,CHECKPOINT BATCH 95955,5.7066,,,
,CHECKPOINT BATCH 95960,8.1163,,,
13:06:13,95965,4.3870,26.2995,5000,0.0501
,CHECKPOINT BATCH 95965,4.3870,,,
,CHECKPOINT BATCH 95970,8.6637,,,
,CHECKPOINT BATCH 95975,3.9695,,,
,CHECKPOINT BATCH 95980,7.3093,,,
13:06:15,95984,12.3108,26.8445,5000,0.0501
,CHECKPOINT BATCH 95985,5.7955,,,
,CHECKPOINT BATCH 95990,3.9990,,,
,CHECKPOINT BATCH 95995,3.9635,,,
,CHECKPOINT BATCH 96000,5.2195,,,
13:06:17,96003,9.7963,24.7265,5000,0.0501
,CHECKPOINT BATCH 96005,7.9435,,,
13:06:20,96008,5.6788,25.7305,5000,0.0501
,CHECKPOINT BATCH 96010,13.1673,,,
,CHECKPOINT BATCH 96015,6.3699,,,
,CHECKPOINT BATCH 96020,4.8852,,,
,CHECKPOINT BATCH 96025,7.9412,,,
13:06:22,96027,6.6186,24.5490,5000,0.0501
,CHECKPOINT BATCH 96030,8.4583,,,
,CHECKPOINT BATCH 96035,9.4937,,,
13:06:26,96040,6.1065,24.6880,5000,0.0501
,CHECKPOINT BATCH 96040,6.1065,,,
,CHECKPOINT BATCH 96045,6.8131,,,
,CHECKPOINT BATCH 96050,5.3886,,,
,CHECKPOINT BATCH 96055,3.3740,,,
13:06:28,96059,5.7361,21.3310,5000,0.0501
,CHECKPOINT BATCH 96060,6.1553,,,
,CHECKPOINT BATCH 96065,5.6918,,,
,CHECKPOINT BATCH 96070,6.5258,,,
,CHECKPOINT BATCH 96075,6.3642,,,
13:06:30,96078,6.2421,21.1990,5000,0.0501
,CHECKPOINT BATCH 96080,7.3795,,,
,CHECKPOINT BATCH 96085,5.4259,,,
,CHECKPOINT BATCH 96090,5.2976,,,
,CHECKPOINT BATCH 96095,5.8646,,,
13:06:32,96097,7.0656,21.0450,5000,0.0501
,CHECKPOINT BATCH 96100,8.4771,,,
,CHECKPOINT BATCH 96105,8.8328,,,
,CHECKPOINT BATCH 96110,7.8098,,,
,CHECKPOINT BATCH 96115,7.1822,,,
13:06:34,96116,5.5464,19.8995,5000,0.0501
,CHECKPOINT BATCH 96120,8.6824,,,
,CHECKPOINT BATCH 96125,12.4781,,,
,CHECKPOINT BATCH 96130,7.1527,,,
13:06:36,96134,10.3500,18.6985,5000,0.0501
,CHECKPOINT BATCH 96135,7.5719,,,
,CHECKPOINT BATCH 96140,8.8800,,,
13:06:39,96142,5.4537,19.8665,5000,0.0501
,CHECKPOINT BATCH 96145,8.2372,,,
,CHECKPOINT BATCH 96150,7.6507,,,
,CHECKPOINT BATCH 96155,11.4775,,,
,CHECKPOINT BATCH 96160,10.8443,,,
13:06:41,96161,7.3662,19.0830,5000,0.0501
,CHECKPOINT BATCH 96165,5.7214,,,
,CHECKPOINT BATCH 96170,5.3596,,,
,CHECKPOINT BATCH 96175,6.6783,,,
13:06:43,96180,4.6936,18.9650,5000,0.0501
,CHECKPOINT BATCH 96180,4.6936,,,
,CHECKPOINT BATCH 96185,11.7636,,,
,CHECKPOINT BATCH 96190,4.2531,,,
,CHECKPOINT BATCH 96195,13.4081,,,
13:06:45,96199,6.6663,19.4210,5000,0.0501
,CHECKPOINT BATCH 96200,7.4838,,,
,CHECKPOINT BATCH 96205,4.2413,,,
13:06:49,96210,9.4202,18.8320,5000,0.0501
,CHECKPOINT BATCH 96210,9.4202,,,
,CHECKPOINT BATCH 96215,6.2829,,,
,CHECKPOINT BATCH 96220,5.6238,,,
,CHECKPOINT BATCH 96225,7.2719,,,
13:06:51,96229,7.9655,18.0950,5000,0.0501
,CHECKPOINT BATCH 96230,7.4243,,,
,CHECKPOINT BATCH 96235,7.0907,,,
,CHECKPOINT BATCH 96240,7.9053,,,
,CHECKPOINT BATCH 96245,8.8252,,,
13:06:53,96248,8.8604,19.3880,5000,0.0501
,CHECKPOINT BATCH 96250,6.9714,,,
,CHECKPOINT BATCH 96255,6.5637,,,
,CHECKPOINT BATCH 96260,13.7983,,,
,CHECKPOINT BATCH 96265,8.9176,,,
13:06:55,96267,7.1625,20.7440,5000,0.0501
,CHECKPOINT BATCH 96270,6.3489,,,
,CHECKPOINT BATCH 96275,12.3240,,,
,CHECKPOINT BATCH 96280,7.0525,,,
,CHECKPOINT BATCH 96285,7.4329,,,
13:06:57,96286,7.0745,20.1220,5000,0.0501
,CHECKPOINT BATCH 96290,5.1730,,,
,CHECKPOINT BATCH 96295,7.6733,,,
,CHECKPOINT BATCH 96300,6.3730,,,
13:07:02,96305,9.1417,20.5430,5000,0.0501
,CHECKPOINT BATCH 96305,9.1417,,,
,CHECKPOINT BATCH 96310,6.3938,,,
,CHECKPOINT BATCH 96315,8.7433,,,
,CHECKPOINT BATCH 96320,4.6941,,,
13:07:04,96324,9.4437,21.9115,5000,0.0501
,CHECKPOINT BATCH 96325,10.0258,,,
,CHECKPOINT BATCH 96330,19.6195,,,
,CHECKPOINT BATCH 96335,7.8760,,,
,CHECKPOINT BATCH 96340,8.7320,,,
13:07:06,96343,7.5786,22.8495,5000,0.0501
,CHECKPOINT BATCH 96345,5.5901,,,
,CHECKPOINT BATCH 96350,11.1834,,,
,CHECKPOINT BATCH 96355,7.0840,,,
13:07:10,96360,6.5319,22.9970,5000,0.0501
,CHECKPOINT BATCH 96360,6.5319,,,
,CHECKPOINT BATCH 96365,9.5478,,,
,CHECKPOINT BATCH 96370,8.9121,,,
,CHECKPOINT BATCH 96375,6.4342,,,
13:07:12,96379,16.6001,19.9105,5000,0.0501
,CHECKPOINT BATCH 96380,9.7118,,,
,CHECKPOINT BATCH 96385,12.7578,,,
,CHECKPOINT BATCH 96390,7.6789,,,
,CHECKPOINT BATCH 96395,6.7202,,,
13:07:14,96398,12.7574,20.3415,5000,0.0501
,CHECKPOINT BATCH 96400,7.8524,,,
,CHECKPOINT BATCH 96405,11.3654,,,
,CHECKPOINT BATCH 96410,8.6293,,,
,CHECKPOINT BATCH 96415,6.9265,,,
13:07:16,96417,9.0056,20.6930,5000,0.0501
,CHECKPOINT BATCH 96420,8.6434,,,
,CHECKPOINT BATCH 96425,7.9050,,,
,CHECKPOINT BATCH 96430,8.0384,,,
,CHECKPOINT BATCH 96435,7.0875,,,
13:07:18,96436,11.3091,18.7960,5000,0.0501
,CHECKPOINT BATCH 96440,6.2215,,,
,CHECKPOINT BATCH 96445,7.8104,,,
,CHECKPOINT BATCH 96450,6.1056,,,
13:07:20,96455,7.9922,16.8385,5000,0.0501
,CHECKPOINT BATCH 96455,7.9922,,,
,CHECKPOINT BATCH 96460,8.2363,,,
,CHECKPOINT BATCH 96465,7.6671,,,
,CHECKPOINT BATCH 96470,7.6074,,,
13:07:25,96471,6.4822,19.8455,5000,0.0501
,CHECKPOINT BATCH 96475,6.9371,,,
,CHECKPOINT BATCH 96480,9.1838,,,
,CHECKPOINT BATCH 96485,8.2087,,,
13:07:27,96490,7.8382,19.2850,5000,0.0501
,CHECKPOINT BATCH 96490,7.8382,,,
,CHECKPOINT BATCH 96495,7.9798,,,
,CHECKPOINT BATCH 96500,5.8877,,,
,CHECKPOINT BATCH 96505,4.9359,,,
13:07:29,96509,9.0364,20.1940,5000,0.0501
,CHECKPOINT BATCH 96510,7.8289,,,
,CHECKPOINT BATCH 96515,16.1954,,,
,CHECKPOINT BATCH 96520,6.4855,,,
,CHECKPOINT BATCH 96525,7.2475,,,
13:07:31,96528,6.2410,19.7440,5000,0.0501
,CHECKPOINT BATCH 96530,7.7952,,,
,CHECKPOINT BATCH 96535,6.4911,,,
,CHECKPOINT BATCH 96540,18.7650,,,
,CHECKPOINT BATCH 96545,6.5032,,,
13:07:33,96547,7.5609,19.4320,5000,0.0501
,CHECKPOINT BATCH 96550,8.8878,,,
,CHECKPOINT BATCH 96555,5.5962,,,
,CHECKPOINT BATCH 96560,7.7647,,,
,CHECKPOINT BATCH 96565,9.6062,,,
13:07:35,96566,6.6709,18.9560,5000,0.0501
,CHECKPOINT BATCH 96570,8.8770,,,
,CHECKPOINT BATCH 96575,15.0663,,,
13:07:38,96576,7.2661,20.0375,5000,0.0501
,CHECKPOINT BATCH 96580,7.1631,,,
,CHECKPOINT BATCH 96585,6.1854,,,
,CHECKPOINT BATCH 96590,8.3152,,,
13:07:40,96595,8.6391,19.8285,5000,0.0501
,CHECKPOINT BATCH 96595,8.6391,,,
,CHECKPOINT BATCH 96600,9.8232,,,
,CHECKPOINT BATCH 96605,8.1225,,,
,CHECKPOINT BATCH 96610,4.5251,,,
13:07:42,96614,9.1522,20.4285,5000,0.0501
,CHECKPOINT BATCH 96615,7.3242,,,
,CHECKPOINT BATCH 96620,5.2073,,,
13:07:46,96621,5.2110,20.5620,5000,0.0501
,CHECKPOINT BATCH 96625,6.5021,,,
,CHECKPOINT BATCH 96630,8.8117,,,
,CHECKPOINT BATCH 96635,10.6867,,,
13:07:48,96640,7.5409,20.2975,5000,0.0501
,CHECKPOINT BATCH 96640,7.5409,,,
,CHECKPOINT BATCH 96645,7.3828,,,
,CHECKPOINT BATCH 96650,9.9446,,,
,CHECKPOINT BATCH 96655,4.7468,,,
13:07:50,96659,5.7574,21.6590,5000,0.0501
,CHECKPOINT BATCH 96660,7.9574,,,
,CHECKPOINT BATCH 96665,5.3156,,,
,CHECKPOINT BATCH 96670,9.2995,,,
,CHECKPOINT BATCH 96675,11.4373,,,
13:07:52,96678,8.1958,22.7610,5000,0.0501
,CHECKPOINT BATCH 96680,8.4504,,,
,CHECKPOINT BATCH 96685,6.3805,,,
,CHECKPOINT BATCH 96690,6.3220,,,
,CHECKPOINT BATCH 96695,10.0584,,,
13:07:54,96697,7.0204,21.5850,5000,0.0501
,CHECKPOINT BATCH 96700,7.1657,,,
,CHECKPOINT BATCH 96705,5.1914,,,
,CHECKPOINT BATCH 96710,5.5778,,,
,CHECKPOINT BATCH 96715,10.0801,,,
13:07:56,96716,6.2997,19.0150,5000,0.0501
,CHECKPOINT BATCH 96720,5.9829,,,
13:07:59,96723,7.0416,19.8710,5000,0.0501
,CHECKPOINT BATCH 96725,6.5025,,,
,CHECKPOINT BATCH 96730,9.4366,,,
,CHECKPOINT BATCH 96735,11.8415,,,
,CHECKPOINT BATCH 96740,8.2070,,,
13:08:01,96742,7.4538,19.1045,5000,0.0501
,CHECKPOINT BATCH 96745,7.9213,,,
,CHECKPOINT BATCH 96750,6.9583,,,
,CHECKPOINT BATCH 96755,6.8735,,,
,CHECKPOINT BATCH 96760,7.2440,,,
13:08:03,96761,8.7188,18.9665,5000,0.0501
,CHECKPOINT BATCH 96765,6.3105,,,
,CHECKPOINT BATCH 96770,16.6297,,,
,CHECKPOINT BATCH 96775,7.3931,,,
13:08:05,96780,6.4911,18.3685,5000,0.0501
,CHECKPOINT BATCH 96780,6.4911,,,
,CHECKPOINT BATCH 96785,8.2679,,,
,CHECKPOINT BATCH 96790,6.9756,,,
,CHECKPOINT BATCH 96795,6.5540,,,
13:08:08,96799,7.7564,19.9075,5000,0.0501
,CHECKPOINT BATCH 96800,9.5852,,,
,CHECKPOINT BATCH 96805,5.8419,,,
,CHECKPOINT BATCH 96810,6.1300,,,
,CHECKPOINT BATCH 96815,6.0448,,,
13:08:10,96818,10.8497,19.9330,5000,0.0501
,CHECKPOINT BATCH 96820,6.8720,,,
13:08:13,96825,10.0831,20.1025,5000,0.0501
,CHECKPOINT BATCH 96825,10.0831,,,
,CHECKPOINT BATCH 96830,6.2405,,,
,CHECKPOINT BATCH 96835,8.7645,,,
,CHECKPOINT BATCH 96840,10.6993,,,
13:08:15,96844,6.7471,19.7810,5000,0.0501
,CHECKPOINT BATCH 96845,10.6122,,,
,CHECKPOINT BATCH 96850,8.6516,,,
,CHECKPOINT BATCH 96855,11.6915,,,
,CHECKPOINT BATCH 96860,5.6459,,,
13:08:17,96863,8.2428,20.3620,5000,0.0501
,CHECKPOINT BATCH 96865,4.8312,,,
,CHECKPOINT BATCH 96870,6.0342,,,
,CHECKPOINT BATCH 96875,6.0720,,,
,CHECKPOINT BATCH 96880,6.5095,,,
13:08:19,96882,5.6752,21.1240,5000,0.0501
,CHECKPOINT BATCH 96885,7.8718,,,
,CHECKPOINT BATCH 96890,9.0643,,,
,CHECKPOINT BATCH 96895,8.7675,,,
,CHECKPOINT BATCH 96900,5.6975,,,
13:08:21,96901,7.9921,21.3790,5000,0.0501
,CHECKPOINT BATCH 96905,6.7237,,,
13:08:24,96909,9.4192,23.1210,5000,0.0501
,CHECKPOINT BATCH 96910,5.9134,,,
,CHECKPOINT BATCH 96915,9.4549,,,
,CHECKPOINT BATCH 96920,10.6210,,,
,CHECKPOINT BATCH 96925,7.9539,,,
13:08:29,96928,8.2099,24.3560,5000,0.0501
,CHECKPOINT BATCH 96930,9.6507,,,
,CHECKPOINT BATCH 96935,6.3035,,,
,CHECKPOINT BATCH 96940,6.8286,,,
,CHECKPOINT BATCH 96945,9.4446,,,
13:08:31,96947,10.5401,25.1525,5000,0.0501
,CHECKPOINT BATCH 96950,6.2370,,,
,CHECKPOINT BATCH 96955,5.1820,,,
,CHECKPOINT BATCH 96960,6.2806,,,
,CHECKPOINT BATCH 96965,6.3515,,,
13:08:33,96966,5.8503,25.0025,5000,0.0501
,CHECKPOINT BATCH 96970,7.6127,,,
,CHECKPOINT BATCH 96975,5.7342,,,
,CHECKPOINT BATCH 96980,12.2937,,,
13:08:35,96985,8.0665,24.1225,5000,0.0501
,CHECKPOINT BATCH 96985,8.0665,,,
,CHECKPOINT BATCH 96990,11.9112,,,
,CHECKPOINT BATCH 96995,9.1084,,,
,CHECKPOINT BATCH 97000,7.5284,,,
13:08:37,97004,9.9857,23.8435,5000,0.0501
,CHECKPOINT BATCH 97005,5.9328,,,
,CHECKPOINT BATCH 97010,4.9561,,,
13:08:40,97012,6.5134,23.5410,5000,0.0501
,CHECKPOINT BATCH 97015,7.4327,,,
,CHECKPOINT BATCH 97020,8.5049,,,
,CHECKPOINT BATCH 97025,9.6808,,,
,CHECKPOINT BATCH 97030,5.9574,,,
13:08:42,97031,6.2980,21.2635,5000,0.0501
,CHECKPOINT BATCH 97035,9.1957,,,
,CHECKPOINT BATCH 97040,10.1702,,,
,CHECKPOINT BATCH 97045,6.9315,,,
13:08:44,97050,10.2215,21.7450,5000,0.0501
,CHECKPOINT BATCH 97050,10.2215,,,
,CHECKPOINT BATCH 97055,7.7255,,,
,CHECKPOINT BATCH 97060,8.5051,,,
,CHECKPOINT BATCH 97065,8.5632,,,
13:08:47,97069,8.3314,20.9860,5000,0.0501
,CHECKPOINT BATCH 97070,11.3196,,,
,CHECKPOINT BATCH 97075,6.4604,,,
,CHECKPOINT BATCH 97080,8.6884,,,
,CHECKPOINT BATCH 97085,6.6933,,,
13:08:49,97088,9.5194,19.4250,5000,0.0501
,CHECKPOINT BATCH 97090,7.4275,,,
,CHECKPOINT BATCH 97095,6.1473,,,
,CHECKPOINT BATCH 97100,5.5483,,,
,CHECKPOINT BATCH 97105,4.1711,,,
13:08:51,97107,5.8077,18.0630,5000,0.0501
,CHECKPOINT BATCH 97110,8.1050,,,
,CHECKPOINT BATCH 97115,7.3100,,,
,CHECKPOINT BATCH 97120,4.8134,,,
13:08:55,97123,9.1844,19.9220,5000,0.0501
,CHECKPOINT BATCH 97125,8.2563,,,
,CHECKPOINT BATCH 97130,5.3631,,,
,CHECKPOINT BATCH 97135,10.7951,,,
,CHECKPOINT BATCH 97140,6.7300,,,
13:08:57,97142,10.0975,16.2160,5000,0.0501
,CHECKPOINT BATCH 97145,6.6326,,,
,CHECKPOINT BATCH 97150,7.8236,,,
,CHECKPOINT BATCH 97155,7.0640,,,
,CHECKPOINT BATCH 97160,7.3695,,,
13:08:59,97161,6.7316,17.4070,5000,0.0501
,CHECKPOINT BATCH 97165,6.8630,,,
,CHECKPOINT BATCH 97170,7.1149,,,
,CHECKPOINT BATCH 97175,5.9007,,,
13:09:01,97180,8.3862,17.4270,5000,0.0501
,CHECKPOINT BATCH 97180,8.3862,,,
,CHECKPOINT BATCH 97185,7.7302,,,
,CHECKPOINT BATCH 97190,7.6176,,,
,CHECKPOINT BATCH 97195,8.6020,,,
13:09:03,97199,8.7874,16.3460,5000,0.0501
,CHECKPOINT BATCH 97200,5.7891,,,
,CHECKPOINT BATCH 97205,7.1990,,,
,CHECKPOINT BATCH 97210,8.1399,,,
,CHECKPOINT BATCH 97215,8.1350,,,
13:09:05,97218,8.1270,15.1220,5000,0.0501
,CHECKPOINT BATCH 97220,7.2373,,,
,CHECKPOINT BATCH 97225,5.6892,,,
,CHECKPOINT BATCH 97230,7.4612,,,
,CHECKPOINT BATCH 97235,6.2991,,,
13:09:07,97237,5.4647,16.4935,5000,0.0501
,CHECKPOINT BATCH 97240,6.1755,,,
,CHECKPOINT BATCH 97245,8.8940,,,
,CHECKPOINT BATCH 97250,6.2791,,,
,CHECKPOINT BATCH 97255,7.9967,,,
13:09:09,97256,6.6794,14.0630,5000,0.0501
,CHECKPOINT BATCH 97260,8.2796,,,
,CHECKPOINT BATCH 97265,5.2278,,,
,CHECKPOINT BATCH 97270,4.7840,,,
13:09:11,97275,10.9827,10.6390,5000,0.0501
,CHECKPOINT BATCH 97275,10.9827,,,
13:09:14,97278,9.8898,11.1860,5000,0.0501
,CHECKPOINT BATCH 97280,6.1884,,,
,CHECKPOINT BATCH 97285,5.5112,,,
,CHECKPOINT BATCH 97290,6.8669,,,
,CHECKPOINT BATCH 97295,7.0714,,,
13:09:16,97297,6.2817,12.7375,5000,0.0501
,CHECKPOINT BATCH 97300,4.6679,,,
,CHECKPOINT BATCH 97305,8.8499,,,
,CHECKPOINT BATCH 97310,7.2809,,,
,CHECKPOINT BATCH 97315,6.4276,,,
13:09:18,97316,7.8869,14.9070,5000,0.0501
,CHECKPOINT BATCH 97320,6.4663,,,
,CHECKPOINT BATCH 97325,5.2024,,,
,CHECKPOINT BATCH 97330,7.9058,,,
13:09:20,97335,6.9519,15.8905,5000,0.0501
,CHECKPOINT BATCH 97335,6.9519,,,
,CHECKPOINT BATCH 97340,5.6479,,,
,CHECKPOINT BATCH 97345,6.5900,,,
,CHECKPOINT BATCH 97350,8.0407,,,
13:09:22,97354,6.1435,14.5195,5000,0.0501
,CHECKPOINT BATCH 97355,5.1605,,,
,CHECKPOINT BATCH 97360,5.7422,,,
,CHECKPOINT BATCH 97365,6.5631,,,
,CHECKPOINT BATCH 97370,6.9541,,,
13:09:25,97373,6.4188,16.5800,5000,0.0501
,CHECKPOINT BATCH 97375,6.6404,,,
,CHECKPOINT BATCH 97380,5.1258,,,
,CHECKPOINT BATCH 97385,7.4931,,,
,CHECKPOINT BATCH 97390,5.0428,,,
13:09:27,97392,6.6936,15.5700,5000,0.0501
,CHECKPOINT BATCH 97395,10.5166,,,
,CHECKPOINT BATCH 97400,7.1367,,,
,CHECKPOINT BATCH 97405,6.5692,,,
,CHECKPOINT BATCH 97410,6.4621,,,
13:09:29,97411,5.4975,11.2295,5000,0.0501
,CHECKPOINT BATCH 97415,5.7430,,,
,CHECKPOINT BATCH 97420,10.5103,,,
,CHECKPOINT BATCH 97425,9.2643,,,
13:09:31,97430,8.4358,6.6435,5000,0.0501
,CHECKPOINT BATCH 97430,8.4358,,,
,CHECKPOINT BATCH 97435,8.9687,,,
,CHECKPOINT BATCH 97440,6.8055,,,
,CHECKPOINT BATCH 97445,6.0930,,,
13:09:33,97449,6.5493,5.6215,5000,0.0501
,CHECKPOINT BATCH 97450,7.7509,,,
,CHECKPOINT BATCH 97455,6.0763,,,
,CHECKPOINT BATCH 97460,5.1770,,,
,CHECKPOINT BATCH 97465,10.2783,,,
13:09:35,97468,6.8951,3.4160,5000,0.0501
,CHECKPOINT BATCH 97470,7.9828,,,
,CHECKPOINT BATCH 97475,4.8733,,,
13:09:38,97478,5.1149,2.6150,5000,0.0501
,CHECKPOINT BATCH 97480,5.7390,,,
,CHECKPOINT BATCH 97485,6.7875,,,
,CHECKPOINT BATCH 97490,5.4637,,,
,CHECKPOINT BATCH 97495,7.4023,,,
13:09:40,97497,5.1034,2.1295,5000,0.0501
,CHECKPOINT BATCH 97500,9.2176,,,
,CHECKPOINT BATCH 97505,4.5829,,,
,CHECKPOINT BATCH 97510,5.2912,,,
,CHECKPOINT BATCH 97515,6.2865,,,
13:09:43,97516,7.4017,6.1330,5000,0.0501
,CHECKPOINT BATCH 97520,7.4438,,,
,CHECKPOINT BATCH 97525,7.6226,,,
,CHECKPOINT BATCH 97530,6.9208,,,
13:09:45,97535,5.8820,9.9440,5000,0.0501
,CHECKPOINT BATCH 97535,5.8820,,,
,CHECKPOINT BATCH 97540,6.3303,,,
,CHECKPOINT BATCH 97545,6.0889,,,
,CHECKPOINT BATCH 97550,5.0692,,,
13:09:47,97554,7.2487,13.8920,5000,0.0501
,CHECKPOINT BATCH 97555,6.4246,,,
,CHECKPOINT BATCH 97560,7.5567,,,
,CHECKPOINT BATCH 97565,7.5149,,,
13:09:51,97567,7.1487,16.3565,5000,0.0501
,CHECKPOINT BATCH 97570,4.6973,,,
,CHECKPOINT BATCH 97575,9.0348,,,
,CHECKPOINT BATCH 97580,6.2552,,,
,CHECKPOINT BATCH 97585,10.6378,,,
13:09:53,97586,11.6942,16.6740,5000,0.0501
,CHECKPOINT BATCH 97590,6.3406,,,
,CHECKPOINT BATCH 97595,9.7863,,,
,CHECKPOINT BATCH 97600,11.8628,,,
13:09:57,97602,8.5852,18.3850,5000,0.0501
,CHECKPOINT BATCH 97605,6.7398,,,
,CHECKPOINT BATCH 97610,7.3252,,,
,CHECKPOINT BATCH 97615,9.4450,,,
,CHECKPOINT BATCH 97620,5.9092,,,
13:09:59,97621,6.5671,18.1825,5000,0.0501
,CHECKPOINT BATCH 97625,5.8758,,,
,CHECKPOINT BATCH 97630,7.4214,,,
,CHECKPOINT BATCH 97635,6.3946,,,
13:10:01,97640,9.4217,19.7225,5000,0.0501
,CHECKPOINT BATCH 97640,9.4217,,,
,CHECKPOINT BATCH 97645,5.3166,,,
,CHECKPOINT BATCH 97650,8.1238,,,
,CHECKPOINT BATCH 97655,12.5106,,,
13:10:03,97659,6.2919,18.9430,5000,0.0501
,CHECKPOINT BATCH 97660,5.7769,,,
,CHECKPOINT BATCH 97665,9.2532,,,
,CHECKPOINT BATCH 97670,11.2695,,,
,CHECKPOINT BATCH 97675,7.1261,,,
13:10:05,97678,5.4098,19.4160,5000,0.0501
,CHECKPOINT BATCH 97680,7.8080,,,
,CHECKPOINT BATCH 97685,10.0232,,,
,CHECKPOINT BATCH 97690,10.7307,,,
,CHECKPOINT BATCH 97695,9.2774,,,
13:10:07,97697,7.8343,17.9315,5000,0.0501
,CHECKPOINT BATCH 97700,5.4147,,,
,CHECKPOINT BATCH 97705,9.1246,,,
,CHECKPOINT BATCH 97710,7.9543,,,
13:10:11,97713,10.2950,18.0540,5000,0.0501
,CHECKPOINT BATCH 97715,7.3520,,,
,CHECKPOINT BATCH 97720,7.7272,,,
,CHECKPOINT BATCH 97725,8.0161,,,
,CHECKPOINT BATCH 97730,5.5868,,,
13:10:13,97732,3.7338,17.6000,5000,0.0501
,CHECKPOINT BATCH 97735,4.2821,,,
,CHECKPOINT BATCH 97740,6.8384,,,
,CHECKPOINT BATCH 97745,7.8357,,,
,CHECKPOINT BATCH 97750,8.9266,,,
13:10:15,97751,12.7331,17.9290,5000,0.0501
,CHECKPOINT BATCH 97755,5.9800,,,
,CHECKPOINT BATCH 97760,7.7797,,,
,CHECKPOINT BATCH 97765,7.0985,,,
13:10:18,97770,7.5424,19.9255,5000,0.0501
,CHECKPOINT BATCH 97770,7.5424,,,
,CHECKPOINT BATCH 97775,12.1730,,,
,CHECKPOINT BATCH 97780,5.7006,,,
,CHECKPOINT BATCH 97785,7.6419,,,
13:10:20,97789,6.1933,21.3005,5000,0.0501
,CHECKPOINT BATCH 97790,9.9823,,,
,CHECKPOINT BATCH 97795,7.9123,,,
,CHECKPOINT BATCH 97800,6.0734,,,
13:10:23,97803,6.3560,21.6605,5000,0.0501
,CHECKPOINT BATCH 97805,10.7943,,,
,CHECKPOINT BATCH 97810,7.1167,,,
,CHECKPOINT BATCH 97815,8.1370,,,
,CHECKPOINT BATCH 97820,6.7198,,,
13:10:26,97822,10.3378,18.2175,5000,0.0501
,CHECKPOINT BATCH 97825,7.1073,,,
,CHECKPOINT BATCH 97830,5.1274,,,
13:10:29,97833,7.3689,18.1995,5000,0.0501
,CHECKPOINT BATCH 97835,6.0768,,,
,CHECKPOINT BATCH 97840,7.2727,,,
,CHECKPOINT BATCH 97845,5.0726,,,
,CHECKPOINT BATCH 97850,9.8103,,,
13:10:31,97852,6.4920,16.9880,5000,0.0501
,CHECKPOINT BATCH 97855,7.3928,,,
,CHECKPOINT BATCH 97860,11.2407,,,
,CHECKPOINT BATCH 97865,7.0091,,,
,CHECKPOINT BATCH 97870,8.2005,,,
13:10:33,97871,7.5489,17.3030,5000,0.0501
,CHECKPOINT BATCH 97875,7.6618,,,
,CHECKPOINT BATCH 97880,5.3288,,,
,CHECKPOINT BATCH 97885,8.9356,,,
13:10:35,97890,8.3562,17.9105,5000,0.0501
,CHECKPOINT BATCH 97890,8.3562,,,
13:10:38,97895,6.1732,18.0590,5000,0.0501
,CHECKPOINT BATCH 97895,6.1732,,,
,CHECKPOINT BATCH 97900,5.8582,,,
,CHECKPOINT BATCH 97905,7.0380,,,
,CHECKPOINT BATCH 97910,8.3788,,,
13:10:40,97914,7.4169,19.5590,5000,0.0501
,CHECKPOINT BATCH 97915,6.6413,,,
,CHECKPOINT BATCH 97920,6.5723,,,
,CHECKPOINT BATCH 97925,8.4834,,,
,CHECKPOINT BATCH 97930,7.1344,,,
13:10:42,97933,6.6471,20.4585,5000,0.0501
,CHECKPOINT BATCH 97935,6.0846,,,
,CHECKPOINT BATCH 97940,7.2032,,,
,CHECKPOINT BATCH 97945,7.4934,,,
,CHECKPOINT BATCH 97950,8.2552,,,
13:10:44,97952,8.8839,21.2020,5000,0.0501
,CHECKPOINT BATCH 97955,5.9295,,,
,CHECKPOINT BATCH 97960,6.5768,,,
,CHECKPOINT BATCH 97965,8.1250,,,
,CHECKPOINT BATCH 97970,9.8814,,,
13:10:47,97971,5.9006,21.2310,5000,0.0501
,CHECKPOINT BATCH 97975,6.2216,,,
,CHECKPOINT BATCH 97980,5.3818,,,
13:10:50,97983,6.7811,23.1030,5000,0.0501
,CHECKPOINT BATCH 97985,7.6355,,,
,CHECKPOINT BATCH 97990,7.3785,,,
,CHECKPOINT BATCH 97995,11.3841,,,
,CHECKPOINT BATCH 98000,9.7382,,,
13:10:52,98002,8.2233,24.6010,5000,0.0501
,CHECKPOINT BATCH 98005,9.3952,,,
,CHECKPOINT BATCH 98010,8.3742,,,
,CHECKPOINT BATCH 98015,8.5273,,,
,CHECKPOINT BATCH 98020,12.3071,,,
13:10:54,98021,9.4982,24.3185,5000,0.0501
,CHECKPOINT BATCH 98025,8.5680,,,
,CHECKPOINT BATCH 98030,8.3209,,,
,CHECKPOINT BATCH 98035,7.2482,,,
13:10:56,98040,6.6442,23.5275,5000,0.0501
,CHECKPOINT BATCH 98040,6.6442,,,
,CHECKPOINT BATCH 98045,6.4327,,,
,CHECKPOINT BATCH 98050,7.2562,,,
,CHECKPOINT BATCH 98055,6.1397,,,
13:10:59,98059,6.9832,22.1475,5000,0.0501
,CHECKPOINT BATCH 98060,6.7236,,,
,CHECKPOINT BATCH 98065,7.8200,,,
,CHECKPOINT BATCH 98070,6.5031,,,
,CHECKPOINT BATCH 98075,7.9398,,,
13:11:01,98077,6.6765,20.1485,5000,0.0501
,CHECKPOINT BATCH 98080,11.5598,,,
,CHECKPOINT BATCH 98085,10.2394,,,
13:11:04,98090,12.3144,18.3205,5000,0.0501
,CHECKPOINT BATCH 98090,12.3144,,,
,CHECKPOINT BATCH 98095,7.6005,,,
,CHECKPOINT BATCH 98100,6.9295,,,
,CHECKPOINT BATCH 98105,8.0080,,,
13:11:06,98109,5.4144,18.6425,5000,0.0501
,CHECKPOINT BATCH 98110,7.2166,,,
,CHECKPOINT BATCH 98115,6.6272,,,
,CHECKPOINT BATCH 98120,5.4459,,,
,CHECKPOINT BATCH 98125,6.8665,,,
13:11:09,98128,8.5984,20.1685,5000,0.0501
,CHECKPOINT BATCH 98130,8.1309,,,
,CHECKPOINT BATCH 98135,4.4472,,,
,CHECKPOINT BATCH 98140,6.3408,,,
,CHECKPOINT BATCH 98145,11.1409,,,
13:11:11,98147,11.8658,21.4160,5000,0.0501
,CHECKPOINT BATCH 98150,7.3033,,,
,CHECKPOINT BATCH 98155,7.3262,,,
,CHECKPOINT BATCH 98160,6.6017,,,
,CHECKPOINT BATCH 98165,10.1230,,,
13:11:13,98166,10.8415,21.1360,5000,0.0501
,CHECKPOINT BATCH 98170,7.1227,,,
,CHECKPOINT BATCH 98175,5.6888,,,
,CHECKPOINT BATCH 98180,5.7331,,,
13:11:15,98185,8.7039,20.1060,5000,0.0501
,CHECKPOINT BATCH 98185,8.7039,,,
,CHECKPOINT BATCH 98190,5.6320,,,
,CHECKPOINT BATCH 98195,11.4143,,,
,CHECKPOINT BATCH 98200,6.9783,,,
13:11:17,98204,7.6245,14.7265,5000,0.0501
,CHECKPOINT BATCH 98205,4.9362,,,
,CHECKPOINT BATCH 98210,9.7509,,,
,CHECKPOINT BATCH 98215,6.0047,,,
,CHECKPOINT BATCH 98220,6.7817,,,
13:11:19,98223,7.1549,9.8440,5000,0.0501
,CHECKPOINT BATCH 98225,5.2713,,,
,CHECKPOINT BATCH 98230,6.5323,,,
,CHECKPOINT BATCH 98235,6.8227,,,
,CHECKPOINT BATCH 98240,6.8859,,,
13:11:21,98242,5.0659,4.9635,5000,0.0501
,CHECKPOINT BATCH 98245,6.4143,,,
,CHECKPOINT BATCH 98250,8.0021,,,
,CHECKPOINT BATCH 98255,7.4883,,,
,CHECKPOINT BATCH 98260,6.0655,,,
13:11:23,98261,12.3501,1.9140,5000,0.0501
,CHECKPOINT BATCH 98265,4.0272,,,
,CHECKPOINT BATCH 98270,8.4514,,,
,CHECKPOINT BATCH 98275,8.2110,,,
13:11:25,98280,8.7515,0.1660,5000,0.0501
,CHECKPOINT BATCH 98280,8.7515,,,
,CHECKPOINT BATCH 98285,9.4514,,,
13:11:28,98286,11.9744,0.7410,5000,0.0501
,CHECKPOINT BATCH 98290,13.0978,,,
,CHECKPOINT BATCH 98295,8.8396,,,
,CHECKPOINT BATCH 98300,7.6450,,,
13:11:30,98305,7.9065,5.0820,5000,0.0501
,CHECKPOINT BATCH 98305,7.9065,,,
,CHECKPOINT BATCH 98310,7.1497,,,
,CHECKPOINT BATCH 98315,7.5005,,,
,CHECKPOINT BATCH 98320,7.3812,,,
13:11:32,98324,15.5789,9.6400,5000,0.0501
,CHECKPOINT BATCH 98325,6.0456,,,
,CHECKPOINT BATCH 98330,4.8367,,,
,CHECKPOINT BATCH 98335,5.5772,,,
,CHECKPOINT BATCH 98340,8.5750,,,
13:11:34,98343,8.9764,12.8475,5000,0.0501
,CHECKPOINT BATCH 98345,7.2128,,,
,CHECKPOINT BATCH 98350,6.2154,,,
,CHECKPOINT BATCH 98355,9.6374,,,
,CHECKPOINT BATCH 98360,5.8632,,,
13:11:37,98362,5.2920,15.6090,5000,0.0501
,CHECKPOINT BATCH 98365,8.0382,,,
,CHECKPOINT BATCH 98370,7.3192,,,
,CHECKPOINT BATCH 98375,10.8230,,,
,CHECKPOINT BATCH 98380,6.3749,,,
13:11:39,98381,11.9027,17.7965,5000,0.0501
,CHECKPOINT BATCH 98385,7.1618,,,
,CHECKPOINT BATCH 98390,5.7728,,,
,CHECKPOINT BATCH 98395,6.0683,,,
13:11:43,98398,5.9654,16.8620,5000,0.0501
,CHECKPOINT BATCH 98400,9.0356,,,
,CHECKPOINT BATCH 98405,6.8821,,,
,CHECKPOINT BATCH 98410,5.9455,,,
,CHECKPOINT BATCH 98415,7.9103,,,
13:11:45,98417,7.0451,13.1890,5000,0.0501
,CHECKPOINT BATCH 98420,11.0246,,,
,CHECKPOINT BATCH 98425,7.4374,,,
,CHECKPOINT BATCH 98430,10.6029,,,
,CHECKPOINT BATCH 98435,4.6901,,,
13:11:47,98436,6.8025,14.7305,5000,0.0501
,CHECKPOINT BATCH 98440,7.7542,,,
,CHECKPOINT BATCH 98445,6.1274,,,
,CHECKPOINT BATCH 98450,7.2323,,,
13:11:49,98455,5.3376,17.1265,5000,0.0501
,CHECKPOINT BATCH 98455,5.3376,,,
,CHECKPOINT BATCH 98460,7.5319,,,
,CHECKPOINT BATCH 98465,8.3374,,,
,CHECKPOINT BATCH 98470,7.4705,,,
13:11:51,98474,8.3694,18.1615,5000,0.0501
,CHECKPOINT BATCH 98475,5.2041,,,
,CHECKPOINT BATCH 98480,8.2975,,,
,CHECKPOINT BATCH 98485,7.9995,,,
,CHECKPOINT BATCH 98490,10.4013,,,
13:11:53,98493,7.4983,19.7995,5000,0.0501
13:11:56,98494,8.6459,20.1045,5000,0.0501
,CHECKPOINT BATCH 98495,6.5240,,,
,CHECKPOINT BATCH 98500,5.5460,,,
,CHECKPOINT BATCH 98505,5.0243,,,
,CHECKPOINT BATCH 98510,6.9876,,,
13:11:58,98513,10.6966,22.5910,5000,0.0501
,CHECKPOINT BATCH 98515,7.7597,,,
,CHECKPOINT BATCH 98520,11.9858,,,
,CHECKPOINT BATCH 98525,8.8152,,,
,CHECKPOINT BATCH 98530,6.6228,,,
13:12:00,98532,5.0230,22.1290,5000,0.0500
,CHECKPOINT BATCH 98535,7.2646,,,
,CHECKPOINT BATCH 98540,12.9230,,,
,CHECKPOINT BATCH 98545,5.1722,,,
,CHECKPOINT BATCH 98550,6.4713,,,
13:12:02,98551,6.2602,19.7120,5000,0.0500
,CHECKPOINT BATCH 98555,5.4404,,,
,CHECKPOINT BATCH 98560,7.7129,,,
,CHECKPOINT BATCH 98565,10.4860,,,
13:12:04,98570,8.0067,19.1355,5000,0.0500
,CHECKPOINT BATCH 98570,8.0067,,,
,CHECKPOINT BATCH 98575,11.0964,,,
,CHECKPOINT BATCH 98580,6.8220,,,
,CHECKPOINT BATCH 98585,7.3995,,,
13:12:06,98589,5.7287,18.2635,5000,0.0500
,CHECKPOINT BATCH 98590,6.1870,,,
,CHECKPOINT BATCH 98595,5.4801,,,
,CHECKPOINT BATCH 98600,6.1100,,,
13:12:10,98604,12.7916,17.6085,5000,0.0500
,CHECKPOINT BATCH 98605,10.6653,,,
,CHECKPOINT BATCH 98610,9.4992,,,
,CHECKPOINT BATCH 98615,5.5930,,,
,CHECKPOINT BATCH 98620,6.0696,,,
13:12:12,98623,7.3538,16.4270,5000,0.0500
,CHECKPOINT BATCH 98625,6.3040,,,
,CHECKPOINT BATCH 98630,7.6513,,,
,CHECKPOINT BATCH 98635,7.4336,,,
,CHECKPOINT BATCH 98640,8.0156,,,
13:12:14,98642,6.8403,17.1910,5000,0.0500
,CHECKPOINT BATCH 98645,6.0594,,,
,CHECKPOINT BATCH 98650,6.2790,,,
,CHECKPOINT BATCH 98655,6.1052,,,
,CHECKPOINT BATCH 98660,7.2065,,,
13:12:16,98661,5.4075,17.6240,5000,0.0500
,CHECKPOINT BATCH 98665,5.3145,,,
,CHECKPOINT BATCH 98670,5.7442,,,
,CHECKPOINT BATCH 98675,6.0986,,,
13:12:18,98680,8.0061,17.4400,5000,0.0500
,CHECKPOINT BATCH 98680,8.0061,,,
,CHECKPOINT BATCH 98685,13.9321,,,
,CHECKPOINT BATCH 98690,5.8039,,,
,CHECKPOINT BATCH 98695,7.1597,,,
13:12:21,98699,8.2900,19.0060,5000,0.0500
,CHECKPOINT BATCH 98700,11.5079,,,
,CHECKPOINT BATCH 98705,10.6881,,,
13:12:24,98709,5.1936,19.6125,5000,0.0500
,CHECKPOINT BATCH 98710,15.1269,,,
,CHECKPOINT BATCH 98715,7.3163,,,
,CHECKPOINT BATCH 98720,4.2875,,,
,CHECKPOINT BATCH 98725,9.0306,,,
13:12:26,98728,5.3814,18.5690,5000,0.0500
,CHECKPOINT BATCH 98730,7.8262,,,
,CHECKPOINT BATCH 98735,4.9509,,,
,CHECKPOINT BATCH 98740,6.9056,,,
,CHECKPOINT BATCH 98745,10.9488,,,
13:12:28,98747,7.8154,19.3120,5000,0.0500
,CHECKPOINT BATCH 98750,6.9531,,,
,CHECKPOINT BATCH 98755,6.2637,,,
,CHECKPOINT BATCH 98760,6.7428,,,
,CHECKPOINT BATCH 98765,7.3570,,,
13:12:30,98766,7.1929,20.4075,5000,0.0500
,CHECKPOINT BATCH 98770,8.6739,,,
,CHECKPOINT BATCH 98775,5.2677,,,
,CHECKPOINT BATCH 98780,8.6975,,,
13:12:32,98785,8.3354,20.6965,5000,0.0500
,CHECKPOINT BATCH 98785,8.3354,,,
13:12:35,98787,7.1333,20.2350,5000,0.0500
,CHECKPOINT BATCH 98790,7.8602,,,
,CHECKPOINT BATCH 98795,7.7320,,,
,CHECKPOINT BATCH 98800,8.6559,,,
,CHECKPOINT BATCH 98805,7.3497,,,
13:12:37,98806,9.1778,18.0745,5000,0.0500
,CHECKPOINT BATCH 98810,4.8976,,,
,CHECKPOINT BATCH 98815,9.4592,,,
,CHECKPOINT BATCH 98820,5.1145,,,
13:12:39,98824,6.0509,19.8135,5000,0.0500
,CHECKPOINT BATCH 98825,6.3819,,,
,CHECKPOINT BATCH 98830,5.3034,,,
,CHECKPOINT BATCH 98835,4.1869,,,
,CHECKPOINT BATCH 98840,7.1664,,,
13:12:41,98843,6.2328,20.8685,5000,0.0500
,CHECKPOINT BATCH 98845,7.7127,,,
,CHECKPOINT BATCH 98850,7.6473,,,
,CHECKPOINT BATCH 98855,6.0223,,,
,CHECKPOINT BATCH 98860,5.6804,,,
13:12:43,98862,6.4327,19.3480,5000,0.0500
,CHECKPOINT BATCH 98865,5.7606,,,
,CHECKPOINT BATCH 98870,6.8859,,,
,CHECKPOINT BATCH 98875,5.1358,,,
,CHECKPOINT BATCH 98880,7.5808,,,
13:12:45,98881,8.2182,18.7290,5000,0.0500
,CHECKPOINT BATCH 98885,6.1114,,,
,CHECKPOINT BATCH 98890,9.8581,,,
,CHECKPOINT BATCH 98895,4.3646,,,
13:12:50,98900,9.5697,18.7280,5000,0.0500
,CHECKPOINT BATCH 98900,9.5697,,,
,CHECKPOINT BATCH 98905,8.6936,,,
,CHECKPOINT BATCH 98910,7.0146,,,
,CHECKPOINT BATCH 98915,8.1452,,,
13:12:52,98919,8.1488,17.3585,5000,0.0500
,CHECKPOINT BATCH 98920,8.0606,,,
,CHECKPOINT BATCH 98925,7.1899,,,
,CHECKPOINT BATCH 98930,9.4980,,,
,CHECKPOINT BATCH 98935,7.0390,,,
13:12:54,98938,7.5596,15.6785,5000,0.0500
,CHECKPOINT BATCH 98940,7.6327,,,
,CHECKPOINT BATCH 98945,5.7618,,,
,CHECKPOINT BATCH 98950,7.3827,,,
,CHECKPOINT BATCH 98955,6.8156,,,
13:12:56,98957,6.5751,15.0925,5000,0.0500
,CHECKPOINT BATCH 98960,8.7678,,,
,CHECKPOINT BATCH 98965,6.7960,,,
,CHECKPOINT BATCH 98970,9.2965,,,
,CHECKPOINT BATCH 98975,9.0859,,,
13:12:58,98976,7.3250,15.3445,5000,0.0500
,CHECKPOINT BATCH 98980,7.1219,,,
,CHECKPOINT BATCH 98985,6.7119,,,
,CHECKPOINT BATCH 98990,6.1208,,,
13:13:00,98995,8.2199,17.9815,5000,0.0500
,CHECKPOINT BATCH 98995,8.2199,,,
,CHECKPOINT BATCH 99000,12.2355,,,
13:13:03,99005,5.2040,20.1925,5000,0.0500
,CHECKPOINT BATCH 99005,5.2040,,,
,CHECKPOINT BATCH 99010,7.4901,,,
,CHECKPOINT BATCH 99015,12.1679,,,
,CHECKPOINT BATCH 99020,7.5323,,,
13:13:06,99024,5.2979,20.6445,5000,0.0500
,CHECKPOINT BATCH 99025,9.5701,,,
,CHECKPOINT BATCH 99030,4.8343,,,
,CHECKPOINT BATCH 99035,5.8945,,,
,CHECKPOINT BATCH 99040,5.1103,,,
13:13:08,99043,10.7706,21.5895,5000,0.0500
,CHECKPOINT BATCH 99045,6.8108,,,
,CHECKPOINT BATCH 99050,5.5594,,,
,CHECKPOINT BATCH 99055,5.2841,,,
,CHECKPOINT BATCH 99060,5.4828,,,
13:13:10,99062,9.8052,23.2705,5000,0.0500
,CHECKPOINT BATCH 99065,8.9731,,,
,CHECKPOINT BATCH 99070,6.3422,,,
,CHECKPOINT BATCH 99075,6.2943,,,
13:13:12,99080,9.5727,24.1845,5000,0.0500
,CHECKPOINT BATCH 99080,9.5727,,,
13:13:14,99082,6.1096,24.8680,5000,0.0500
,CHECKPOINT BATCH 99085,6.5847,,,
,CHECKPOINT BATCH 99090,6.6185,,,
,CHECKPOINT BATCH 99095,4.3726,,,
,CHECKPOINT BATCH 99100,7.6950,,,
13:13:16,99101,5.9840,22.5530,5000,0.0500
,CHECKPOINT BATCH 99105,6.8177,,,
,CHECKPOINT BATCH 99110,7.2066,,,
,CHECKPOINT BATCH 99115,8.2714,,,
13:13:18,99120,9.4700,22.6390,5000,0.0500
,CHECKPOINT BATCH 99120,9.4700,,,
,CHECKPOINT BATCH 99125,5.5557,,,
,CHECKPOINT BATCH 99130,8.6855,,,
,CHECKPOINT BATCH 99135,6.2657,,,
13:13:21,99139,8.4370,23.3550,5000,0.0500
,CHECKPOINT BATCH 99140,3.8320,,,
,CHECKPOINT BATCH 99145,8.0859,,,
,CHECKPOINT BATCH 99150,4.4918,,,
,CHECKPOINT BATCH 99155,5.1570,,,
13:13:23,99158,4.9069,21.2195,5000,0.0500
,CHECKPOINT BATCH 99160,5.8592,,,
,CHECKPOINT BATCH 99165,7.4876,,,
,CHECKPOINT BATCH 99170,9.1397,,,
,CHECKPOINT BATCH 99175,6.8466,,,
13:13:25,99177,8.9869,20.1685,5000,0.0500
,CHECKPOINT BATCH 99180,10.4617,,,
13:13:28,99182,8.5191,19.8700,5000,0.0500
,CHECKPOINT BATCH 99185,8.9505,,,
,CHECKPOINT BATCH 99190,6.4617,,,
,CHECKPOINT BATCH 99195,5.6641,,,
,CHECKPOINT BATCH 99200,5.7628,,,
13:13:30,99201,9.8421,19.5460,5000,0.0500
,CHECKPOINT BATCH 99205,7.4673,,,
,CHECKPOINT BATCH 99210,5.7457,,,
,CHECKPOINT BATCH 99215,7.2283,,,
13:13:32,99220,8.0773,19.5350,5000,0.0500
,CHECKPOINT BATCH 99220,8.0773,,,
,CHECKPOINT BATCH 99225,11.9463,,,
,CHECKPOINT BATCH 99230,6.5931,,,
,CHECKPOINT BATCH 99235,10.0955,,,
13:13:34,99239,7.9636,16.7920,5000,0.0500
,CHECKPOINT BATCH 99240,10.0522,,,
,CHECKPOINT BATCH 99245,9.3724,,,
,CHECKPOINT BATCH 99250,8.1455,,,
,CHECKPOINT BATCH 99255,6.3295,,,
13:13:36,99258,8.2831,16.9945,5000,0.0500
,CHECKPOINT BATCH 99260,10.8401,,,
,CHECKPOINT BATCH 99265,6.9007,,,
,CHECKPOINT BATCH 99270,17.6443,,,
,CHECKPOINT BATCH 99275,7.0495,,,
13:13:38,99277,7.3676,17.4345,5000,0.0500
,CHECKPOINT BATCH 99280,8.3230,,,
,CHECKPOINT BATCH 99285,4.8176,,,
,CHECKPOINT BATCH 99290,7.2390,,,
13:13:42,99295,6.7245,20.0565,5000,0.0500
,CHECKPOINT BATCH 99295,6.7245,,,
,CHECKPOINT BATCH 99300,5.6038,,,
,CHECKPOINT BATCH 99305,5.1655,,,
,CHECKPOINT BATCH 99310,6.8301,,,
13:13:44,99314,8.9875,18.1090,5000,0.0500
,CHECKPOINT BATCH 99315,5.3714,,,
,CHECKPOINT BATCH 99320,7.5699,,,
,CHECKPOINT BATCH 99325,8.5398,,,
,CHECKPOINT BATCH 99330,7.4792,,,
13:13:47,99333,5.3140,19.2020,5000,0.0500
,CHECKPOINT BATCH 99335,6.1787,,,
,CHECKPOINT BATCH 99340,7.5814,,,
,CHECKPOINT BATCH 99345,7.0009,,,
,CHECKPOINT BATCH 99350,9.5313,,,
13:13:49,99352,5.6455,21.0030,5000,0.0500
,CHECKPOINT BATCH 99355,6.0846,,,
,CHECKPOINT BATCH 99360,5.3279,,,
,CHECKPOINT BATCH 99365,6.5393,,,
,CHECKPOINT BATCH 99370,4.7637,,,
13:13:51,99371,5.2641,20.6950,5000,0.0500
,CHECKPOINT BATCH 99375,8.4357,,,
,CHECKPOINT BATCH 99380,4.6308,,,
,CHECKPOINT BATCH 99385,6.8212,,,
13:13:53,99390,6.3102,21.6845,5000,0.0500
,CHECKPOINT BATCH 99390,6.3102,,,
13:13:55,99391,7.2216,21.9865,5000,0.0500
,CHECKPOINT BATCH 99395,9.6631,,,
,CHECKPOINT BATCH 99400,7.8954,,,
,CHECKPOINT BATCH 99405,5.8204,,,
13:13:57,99410,9.8056,23.3910,5000,0.0500
,CHECKPOINT BATCH 99410,9.8056,,,
,CHECKPOINT BATCH 99415,8.2447,,,
,CHECKPOINT BATCH 99420,7.3890,,,
,CHECKPOINT BATCH 99425,9.8263,,,
13:13:59,99428,9.6169,23.5410,5000,0.0500
,CHECKPOINT BATCH 99430,5.4558,,,
,CHECKPOINT BATCH 99435,7.8063,,,
,CHECKPOINT BATCH 99440,7.9373,,,
,CHECKPOINT BATCH 99445,7.6058,,,
13:14:01,99447,6.3925,23.2205,5000,0.0500
13:14:04,99448,5.6942,22.9165,5000,0.0500
,CHECKPOINT BATCH 99450,6.4770,,,
,CHECKPOINT BATCH 99455,7.3737,,,
,CHECKPOINT BATCH 99460,5.1332,,,
,CHECKPOINT BATCH 99465,7.8970,,,
13:14:06,99467,5.7207,22.6090,5000,0.0500
,CHECKPOINT BATCH 99470,6.2495,,,
,CHECKPOINT BATCH 99475,7.1995,,,
,CHECKPOINT BATCH 99480,7.5426,,,
,CHECKPOINT BATCH 99485,5.0855,,,
13:14:08,99486,4.9335,23.8485,5000,0.0500
,CHECKPOINT BATCH 99490,6.9667,,,
,CHECKPOINT BATCH 99495,6.2128,,,
,CHECKPOINT BATCH 99500,4.4881,,,
13:14:10,99505,5.0480,23.3280,5000,0.0500
,CHECKPOINT BATCH 99505,5.0480,,,
,CHECKPOINT BATCH 99510,9.1637,,,
,CHECKPOINT BATCH 99515,6.3252,,,
,CHECKPOINT BATCH 99520,8.2595,,,
13:14:12,99524,3.7601,21.3680,5000,0.0500
,CHECKPOINT BATCH 99525,9.2319,,,
13:14:15,99526,8.8082,21.2100,5000,0.0500
,CHECKPOINT BATCH 99530,6.4513,,,
,CHECKPOINT BATCH 99535,8.0009,,,
,CHECKPOINT BATCH 99540,6.5445,,,
13:14:17,99545,5.9722,20.8815,5000,0.0500
,CHECKPOINT BATCH 99545,5.9722,,,
,CHECKPOINT BATCH 99550,5.2593,,,
,CHECKPOINT BATCH 99555,5.7700,,,
,CHECKPOINT BATCH 99560,8.0081,,,
13:14:19,99564,5.9384,23.4510,5000,0.0500
,CHECKPOINT BATCH 99565,9.9563,,,
,CHECKPOINT BATCH 99570,5.6496,,,
,CHECKPOINT BATCH 99575,4.4136,,,
,CHECKPOINT BATCH 99580,7.2858,,,
13:14:21,99582,3.3281,22.5010,5000,0.0500
,CHECKPOINT BATCH 99585,6.7220,,,
,CHECKPOINT BATCH 99590,7.5891,,,
,CHECKPOINT BATCH 99595,8.5516,,,
,CHECKPOINT BATCH 99600,7.6064,,,
13:14:23,99601,4.9258,21.4450,5000,0.0500
,CHECKPOINT BATCH 99605,4.4239,,,
13:14:26,99608,5.8464,22.4195,5000,0.0500
,CHECKPOINT BATCH 99610,7.7829,,,
,CHECKPOINT BATCH 99615,9.3459,,,
,CHECKPOINT BATCH 99620,5.4854,,,
,CHECKPOINT BATCH 99625,4.9529,,,
13:14:28,99627,5.0276,20.5680,5000,0.0500
,CHECKPOINT BATCH 99630,4.4148,,,
,CHECKPOINT BATCH 99635,7.9926,,,
,CHECKPOINT BATCH 99640,5.0951,,,
,CHECKPOINT BATCH 99645,7.5288,,,
13:14:30,99646,6.4146,21.2230,5000,0.0500
,CHECKPOINT BATCH 99650,6.7203,,,
,CHECKPOINT BATCH 99655,4.4992,,,
,CHECKPOINT BATCH 99660,18.5401,,,
13:14:32,99665,6.8756,21.8510,5000,0.0500
,CHECKPOINT BATCH 99665,6.8756,,,
,CHECKPOINT BATCH 99670,8.4086,,,
,CHECKPOINT BATCH 99675,5.1663,,,
,CHECKPOINT BATCH 99680,5.3573,,,
13:14:34,99684,14.8326,21.4055,5000,0.0500
,CHECKPOINT BATCH 99685,5.5078,,,
,CHECKPOINT BATCH 99690,6.2381,,,
,CHECKPOINT BATCH 99695,7.1342,,,
,CHECKPOINT BATCH 99700,6.1828,,,
13:14:37,99703,8.3599,19.8600,5000,0.0500
,CHECKPOINT BATCH 99705,8.1465,,,
,CHECKPOINT BATCH 99710,8.5753,,,
13:14:40,99711,5.7790,20.0290,5000,0.0500
,CHECKPOINT BATCH 99715,5.5400,,,
,CHECKPOINT BATCH 99720,7.2544,,,
,CHECKPOINT BATCH 99725,8.8489,,,
13:14:42,99730,6.8141,18.8080,5000,0.0500
,CHECKPOINT BATCH 99730,6.8141,,,
,CHECKPOINT BATCH 99735,7.0555,,,
,CHECKPOINT BATCH 99740,9.8574,,,
,CHECKPOINT BATCH 99745,7.3706,,,
13:14:44,99749,6.7000,18.7750,5000,0.0500
,CHECKPOINT BATCH 99750,7.2084,,,
,CHECKPOINT BATCH 99755,8.8597,,,
,CHECKPOINT BATCH 99760,8.1548,,,
,CHECKPOINT BATCH 99765,6.8875,,,
13:14:46,99768,6.6910,18.4790,5000,0.0500
,CHECKPOINT BATCH 99770,7.6503,,,
,CHECKPOINT BATCH 99775,5.7658,,,
,CHECKPOINT BATCH 99780,8.0925,,,
,CHECKPOINT BATCH 99785,6.4585,,,
13:14:48,99787,6.0565,17.9145,5000,0.0500
,CHECKPOINT BATCH 99790,5.8551,,,
,CHECKPOINT BATCH 99795,7.2578,,,
,CHECKPOINT BATCH 99800,8.5513,,,
,CHECKPOINT BATCH 99805,7.2952,,,
13:14:50,99806,15.7875,18.2815,5000,0.0500
,CHECKPOINT BATCH 99810,7.7049,,,
,CHECKPOINT BATCH 99815,7.7991,,,
13:14:54,99820,4.4703,19.9925,5000,0.0500
,CHECKPOINT BATCH 99820,4.4703,,,
,CHECKPOINT BATCH 99825,7.6907,,,
,CHECKPOINT BATCH 99830,7.0897,,,
,CHECKPOINT BATCH 99835,8.0711,,,
13:14:56,99839,5.4281,19.5555,5000,0.0500
,CHECKPOINT BATCH 99840,8.5231,,,
,CHECKPOINT BATCH 99845,4.9319,,,
,CHECKPOINT BATCH 99850,6.2836,,,
,CHECKPOINT BATCH 99855,5.3363,,,
13:14:58,99858,11.7124,19.2315,5000,0.0500
,CHECKPOINT BATCH 99860,6.2298,,,
,CHECKPOINT BATCH 99865,7.7750,,,
,CHECKPOINT BATCH 99870,8.5128,,,
13:15:00,99873,6.7811,17.7300,5000,0.0500
,CHECKPOINT BATCH 99875,4.7834,,,
,CHECKPOINT BATCH 99880,5.0266,,,
